[RESULT] [ 83124.242868] Action name :RVS-GPUP-TC1
[RESULT] [ 83124.283880] Module name :gpup
[INFO  ] [ 83124.283899] Missing 'device_index' key.
[RESULT] [ 83124.284100] [RVS-GPUP-TC1] gpup 17010 cpu_cores_count 0
[RESULT] [ 83124.284101] [RVS-GPUP-TC1] gpup 17010 simd_count 1024
[RESULT] [ 83124.284101] [RVS-GPUP-TC1] gpup 17010 mem_banks_count 1
[RESULT] [ 83124.284101] [RVS-GPUP-TC1] gpup 17010 caches_count 548
[RESULT] [ 83124.284102] [RVS-GPUP-TC1] gpup 17010 io_links_count 8
[RESULT] [ 83124.284102] [RVS-GPUP-TC1] gpup 17010 p2p_links_count 1
[RESULT] [ 83124.284103] [RVS-GPUP-TC1] gpup 17010 cpu_core_id_base 0
[RESULT] [ 83124.284103] [RVS-GPUP-TC1] gpup 17010 simd_id_base 2147487744
[RESULT] [ 83124.284103] [RVS-GPUP-TC1] gpup 17010 max_waves_per_simd 8
[RESULT] [ 83124.284104] [RVS-GPUP-TC1] gpup 17010 lds_size_in_kb 160
[RESULT] [ 83124.284104] [RVS-GPUP-TC1] gpup 17010 gds_size_in_kb 0
[RESULT] [ 83124.284104] [RVS-GPUP-TC1] gpup 17010 num_gws 64
[RESULT] [ 83124.284105] [RVS-GPUP-TC1] gpup 17010 wave_front_size 64
[RESULT] [ 83124.284105] [RVS-GPUP-TC1] gpup 17010 array_count 32
[RESULT] [ 83124.284105] [RVS-GPUP-TC1] gpup 17010 simd_arrays_per_engine 1
[RESULT] [ 83124.284106] [RVS-GPUP-TC1] gpup 17010 cu_per_simd_array 9
[RESULT] [ 83124.284106] [RVS-GPUP-TC1] gpup 17010 simd_per_cu 4
[RESULT] [ 83124.284106] [RVS-GPUP-TC1] gpup 17010 max_slots_scratch_cu 32
[RESULT] [ 83124.284107] [RVS-GPUP-TC1] gpup 17010 gfx_target_version 90500
[RESULT] [ 83124.284107] [RVS-GPUP-TC1] gpup 17010 vendor_id 4098
[RESULT] [ 83124.284107] [RVS-GPUP-TC1] gpup 17010 device_id 30115
[RESULT] [ 83124.284108] [RVS-GPUP-TC1] gpup 17010 location_id 29952
[RESULT] [ 83124.284108] [RVS-GPUP-TC1] gpup 17010 domain 0
[RESULT] [ 83124.284108] [RVS-GPUP-TC1] gpup 17010 drm_render_minor 128
[RESULT] [ 83124.284109] [RVS-GPUP-TC1] gpup 17010 hive_id 15543770012376183955
[RESULT] [ 83124.284109] [RVS-GPUP-TC1] gpup 17010 num_sdma_engines 2
[RESULT] [ 83124.284109] [RVS-GPUP-TC1] gpup 17010 num_sdma_xgmi_engines 14
[RESULT] [ 83124.284110] [RVS-GPUP-TC1] gpup 17010 num_sdma_queues_per_engine 8
[RESULT] [ 83124.284110] [RVS-GPUP-TC1] gpup 17010 num_cp_queues 24
[RESULT] [ 83124.284110] [RVS-GPUP-TC1] gpup 17010 cwsr_size 22687744
[RESULT] [ 83124.284111] [RVS-GPUP-TC1] gpup 17010 ctl_stack_size 12288
[RESULT] [ 83124.284111] [RVS-GPUP-TC1] gpup 17010 max_engine_clk_fcompute 2400
[RESULT] [ 83124.284111] [RVS-GPUP-TC1] gpup 17010 local_mem_size 0
[RESULT] [ 83124.284112] [RVS-GPUP-TC1] gpup 17010 fw_version 34
[RESULT] [ 83124.284112] [RVS-GPUP-TC1] gpup 17010 capability 2889327296
[RESULT] [ 83124.284112] [RVS-GPUP-TC1] gpup 17010 capability2 1
[RESULT] [ 83124.284112] [RVS-GPUP-TC1] gpup 17010 debug_prop 1494
[RESULT] [ 83124.284113] [RVS-GPUP-TC1] gpup 17010 sdma_fw_version 12
[RESULT] [ 83124.284113] [RVS-GPUP-TC1] gpup 17010 unique_id 14972926718452068356
[RESULT] [ 83124.284113] [RVS-GPUP-TC1] gpup 17010 num_xcc 8
[RESULT] [ 83124.284114] [RVS-GPUP-TC1] gpup 17010 max_engine_clk_ccompute 3300
[RESULT] [ 83124.284128] [RVS-GPUP-TC1] gpup 17010 0 type 2
[RESULT] [ 83124.284129] [RVS-GPUP-TC1] gpup 17010 0 version_major 0
[RESULT] [ 83124.284129] [RVS-GPUP-TC1] gpup 17010 0 version_minor 0
[RESULT] [ 83124.284129] [RVS-GPUP-TC1] gpup 17010 0 node_from 2
[RESULT] [ 83124.284130] [RVS-GPUP-TC1] gpup 17010 0 node_to 0
[RESULT] [ 83124.284130] [RVS-GPUP-TC1] gpup 17010 0 weight 20
[RESULT] [ 83124.284130] [RVS-GPUP-TC1] gpup 17010 0 min_latency 0
[RESULT] [ 83124.284131] [RVS-GPUP-TC1] gpup 17010 0 max_latency 0
[RESULT] [ 83124.284131] [RVS-GPUP-TC1] gpup 17010 0 min_bandwidth 0
[RESULT] [ 83124.284131] [RVS-GPUP-TC1] gpup 17010 0 max_bandwidth 64000
[RESULT] [ 83124.284132] [RVS-GPUP-TC1] gpup 17010 0 recommended_transfer_size 0
[RESULT] [ 83124.284132] [RVS-GPUP-TC1] gpup 17010 0 recommended_sdma_engine_id_mask 3
[RESULT] [ 83124.284132] [RVS-GPUP-TC1] gpup 17010 0 flags 1
[RESULT] [ 83124.284136] [RVS-GPUP-TC1] gpup 17010 1 type 11
[RESULT] [ 83124.284137] [RVS-GPUP-TC1] gpup 17010 1 version_major 0
[RESULT] [ 83124.284137] [RVS-GPUP-TC1] gpup 17010 1 version_minor 0
[RESULT] [ 83124.284161] [RVS-GPUP-TC1] gpup 17010 1 node_from 2
[RESULT] [ 83124.284161] [RVS-GPUP-TC1] gpup 17010 1 node_to 3
[RESULT] [ 83124.284161] [RVS-GPUP-TC1] gpup 17010 1 weight 15
[RESULT] [ 83124.284162] [RVS-GPUP-TC1] gpup 17010 1 min_latency 0
[RESULT] [ 83124.284162] [RVS-GPUP-TC1] gpup 17010 1 max_latency 0
[RESULT] [ 83124.284162] [RVS-GPUP-TC1] gpup 17010 1 min_bandwidth 76000
[RESULT] [ 83124.284162] [RVS-GPUP-TC1] gpup 17010 1 max_bandwidth 76000
[RESULT] [ 83124.284163] [RVS-GPUP-TC1] gpup 17010 1 recommended_transfer_size 0
[RESULT] [ 83124.284163] [RVS-GPUP-TC1] gpup 17010 1 recommended_sdma_engine_id_mask 4096
[RESULT] [ 83124.284163] [RVS-GPUP-TC1] gpup 17010 1 flags 1
[RESULT] [ 83124.284167] [RVS-GPUP-TC1] gpup 17010 2 type 11
[RESULT] [ 83124.284168] [RVS-GPUP-TC1] gpup 17010 2 version_major 0
[RESULT] [ 83124.284168] [RVS-GPUP-TC1] gpup 17010 2 version_minor 0
[RESULT] [ 83124.284168] [RVS-GPUP-TC1] gpup 17010 2 node_from 2
[RESULT] [ 83124.284169] [RVS-GPUP-TC1] gpup 17010 2 node_to 4
[RESULT] [ 83124.284169] [RVS-GPUP-TC1] gpup 17010 2 weight 15
[RESULT] [ 83124.284169] [RVS-GPUP-TC1] gpup 17010 2 min_latency 0
[RESULT] [ 83124.284169] [RVS-GPUP-TC1] gpup 17010 2 max_latency 0
[RESULT] [ 83124.284170] [RVS-GPUP-TC1] gpup 17010 2 min_bandwidth 76000
[RESULT] [ 83124.284170] [RVS-GPUP-TC1] gpup 17010 2 max_bandwidth 76000
[RESULT] [ 83124.284170] [RVS-GPUP-TC1] gpup 17010 2 recommended_transfer_size 0
[RESULT] [ 83124.284170] [RVS-GPUP-TC1] gpup 17010 2 recommended_sdma_engine_id_mask 1024
[RESULT] [ 83124.284171] [RVS-GPUP-TC1] gpup 17010 2 flags 1
[RESULT] [ 83124.284174] [RVS-GPUP-TC1] gpup 17010 3 type 11
[RESULT] [ 83124.284175] [RVS-GPUP-TC1] gpup 17010 3 version_major 0
[RESULT] [ 83124.284175] [RVS-GPUP-TC1] gpup 17010 3 version_minor 0
[RESULT] [ 83124.284175] [RVS-GPUP-TC1] gpup 17010 3 node_from 2
[RESULT] [ 83124.284176] [RVS-GPUP-TC1] gpup 17010 3 node_to 5
[RESULT] [ 83124.284176] [RVS-GPUP-TC1] gpup 17010 3 weight 15
[RESULT] [ 83124.284176] [RVS-GPUP-TC1] gpup 17010 3 min_latency 0
[RESULT] [ 83124.284176] [RVS-GPUP-TC1] gpup 17010 3 max_latency 0
[RESULT] [ 83124.284177] [RVS-GPUP-TC1] gpup 17010 3 min_bandwidth 76000
[RESULT] [ 83124.284177] [RVS-GPUP-TC1] gpup 17010 3 max_bandwidth 76000
[RESULT] [ 83124.284177] [RVS-GPUP-TC1] gpup 17010 3 recommended_transfer_size 0
[RESULT] [ 83124.284177] [RVS-GPUP-TC1] gpup 17010 3 recommended_sdma_engine_id_mask 4
[RESULT] [ 83124.284178] [RVS-GPUP-TC1] gpup 17010 3 flags 1
[RESULT] [ 83124.284181] [RVS-GPUP-TC1] gpup 17010 4 type 11
[RESULT] [ 83124.284182] [RVS-GPUP-TC1] gpup 17010 4 version_major 0
[RESULT] [ 83124.284182] [RVS-GPUP-TC1] gpup 17010 4 version_minor 0
[RESULT] [ 83124.284182] [RVS-GPUP-TC1] gpup 17010 4 node_from 2
[RESULT] [ 83124.284182] [RVS-GPUP-TC1] gpup 17010 4 node_to 6
[RESULT] [ 83124.284183] [RVS-GPUP-TC1] gpup 17010 4 weight 15
[RESULT] [ 83124.284183] [RVS-GPUP-TC1] gpup 17010 4 min_latency 0
[RESULT] [ 83124.284183] [RVS-GPUP-TC1] gpup 17010 4 max_latency 0
[RESULT] [ 83124.284183] [RVS-GPUP-TC1] gpup 17010 4 min_bandwidth 76000
[RESULT] [ 83124.284184] [RVS-GPUP-TC1] gpup 17010 4 max_bandwidth 76000
[RESULT] [ 83124.284184] [RVS-GPUP-TC1] gpup 17010 4 recommended_transfer_size 0
[RESULT] [ 83124.284184] [RVS-GPUP-TC1] gpup 17010 4 recommended_sdma_engine_id_mask 16
[RESULT] [ 83124.284184] [RVS-GPUP-TC1] gpup 17010 4 flags 1
[RESULT] [ 83124.284188] [RVS-GPUP-TC1] gpup 17010 5 type 11
[RESULT] [ 83124.284188] [RVS-GPUP-TC1] gpup 17010 5 version_major 0
[RESULT] [ 83124.284188] [RVS-GPUP-TC1] gpup 17010 5 version_minor 0
[RESULT] [ 83124.284189] [RVS-GPUP-TC1] gpup 17010 5 node_from 2
[RESULT] [ 83124.284189] [RVS-GPUP-TC1] gpup 17010 5 node_to 7
[RESULT] [ 83124.284189] [RVS-GPUP-TC1] gpup 17010 5 weight 15
[RESULT] [ 83124.284190] [RVS-GPUP-TC1] gpup 17010 5 min_latency 0
[RESULT] [ 83124.284190] [RVS-GPUP-TC1] gpup 17010 5 max_latency 0
[RESULT] [ 83124.284190] [RVS-GPUP-TC1] gpup 17010 5 min_bandwidth 76000
[RESULT] [ 83124.284190] [RVS-GPUP-TC1] gpup 17010 5 max_bandwidth 76000
[RESULT] [ 83124.284194] [RVS-GPUP-TC1] gpup 17010 5 recommended_transfer_size 0
[RESULT] [ 83124.284194] [RVS-GPUP-TC1] gpup 17010 5 recommended_sdma_engine_id_mask 16384
[RESULT] [ 83124.284194] [RVS-GPUP-TC1] gpup 17010 5 flags 1
[RESULT] [ 83124.284198] [RVS-GPUP-TC1] gpup 17010 6 type 11
[RESULT] [ 83124.284199] [RVS-GPUP-TC1] gpup 17010 6 version_major 0
[RESULT] [ 83124.284199] [RVS-GPUP-TC1] gpup 17010 6 version_minor 0
[RESULT] [ 83124.284199] [RVS-GPUP-TC1] gpup 17010 6 node_from 2
[RESULT] [ 83124.284199] [RVS-GPUP-TC1] gpup 17010 6 node_to 8
[RESULT] [ 83124.284200] [RVS-GPUP-TC1] gpup 17010 6 weight 15
[RESULT] [ 83124.284200] [RVS-GPUP-TC1] gpup 17010 6 min_latency 0
[RESULT] [ 83124.284200] [RVS-GPUP-TC1] gpup 17010 6 max_latency 0
[RESULT] [ 83124.284200] [RVS-GPUP-TC1] gpup 17010 6 min_bandwidth 76000
[RESULT] [ 83124.284201] [RVS-GPUP-TC1] gpup 17010 6 max_bandwidth 76000
[RESULT] [ 83124.284201] [RVS-GPUP-TC1] gpup 17010 6 recommended_transfer_size 0
[RESULT] [ 83124.284201] [RVS-GPUP-TC1] gpup 17010 6 recommended_sdma_engine_id_mask 256
[RESULT] [ 83124.284201] [RVS-GPUP-TC1] gpup 17010 6 flags 1
[RESULT] [ 83124.284205] [RVS-GPUP-TC1] gpup 17010 7 type 11
[RESULT] [ 83124.284205] [RVS-GPUP-TC1] gpup 17010 7 version_major 0
[RESULT] [ 83124.284206] [RVS-GPUP-TC1] gpup 17010 7 version_minor 0
[RESULT] [ 83124.284206] [RVS-GPUP-TC1] gpup 17010 7 node_from 2
[RESULT] [ 83124.284206] [RVS-GPUP-TC1] gpup 17010 7 node_to 9
[RESULT] [ 83124.284206] [RVS-GPUP-TC1] gpup 17010 7 weight 15
[RESULT] [ 83124.284207] [RVS-GPUP-TC1] gpup 17010 7 min_latency 0
[RESULT] [ 83124.284207] [RVS-GPUP-TC1] gpup 17010 7 max_latency 0
[RESULT] [ 83124.284207] [RVS-GPUP-TC1] gpup 17010 7 min_bandwidth 76000
[RESULT] [ 83124.284207] [RVS-GPUP-TC1] gpup 17010 7 max_bandwidth 76000
[RESULT] [ 83124.284208] [RVS-GPUP-TC1] gpup 17010 7 recommended_transfer_size 0
[RESULT] [ 83124.284208] [RVS-GPUP-TC1] gpup 17010 7 recommended_sdma_engine_id_mask 64
[RESULT] [ 83124.284208] [RVS-GPUP-TC1] gpup 17010 7 flags 1
[RESULT] [ 83124.284213] [RVS-GPUP-TC1] gpup 42583 cpu_cores_count 0
[RESULT] [ 83124.284214] [RVS-GPUP-TC1] gpup 42583 simd_count 1024
[RESULT] [ 83124.284214] [RVS-GPUP-TC1] gpup 42583 mem_banks_count 1
[RESULT] [ 83124.284214] [RVS-GPUP-TC1] gpup 42583 caches_count 548
[RESULT] [ 83124.284215] [RVS-GPUP-TC1] gpup 42583 io_links_count 8
[RESULT] [ 83124.284215] [RVS-GPUP-TC1] gpup 42583 p2p_links_count 1
[RESULT] [ 83124.284215] [RVS-GPUP-TC1] gpup 42583 cpu_core_id_base 0
[RESULT] [ 83124.284216] [RVS-GPUP-TC1] gpup 42583 simd_id_base 2147487780
[RESULT] [ 83124.284216] [RVS-GPUP-TC1] gpup 42583 max_waves_per_simd 8
[RESULT] [ 83124.284216] [RVS-GPUP-TC1] gpup 42583 lds_size_in_kb 160
[RESULT] [ 83124.284216] [RVS-GPUP-TC1] gpup 42583 gds_size_in_kb 0
[RESULT] [ 83124.284217] [RVS-GPUP-TC1] gpup 42583 num_gws 64
[RESULT] [ 83124.284217] [RVS-GPUP-TC1] gpup 42583 wave_front_size 64
[RESULT] [ 83124.284217] [RVS-GPUP-TC1] gpup 42583 array_count 32
[RESULT] [ 83124.284218] [RVS-GPUP-TC1] gpup 42583 simd_arrays_per_engine 1
[RESULT] [ 83124.284218] [RVS-GPUP-TC1] gpup 42583 cu_per_simd_array 9
[RESULT] [ 83124.284218] [RVS-GPUP-TC1] gpup 42583 simd_per_cu 4
[RESULT] [ 83124.284218] [RVS-GPUP-TC1] gpup 42583 max_slots_scratch_cu 32
[RESULT] [ 83124.284219] [RVS-GPUP-TC1] gpup 42583 gfx_target_version 90500
[RESULT] [ 83124.284219] [RVS-GPUP-TC1] gpup 42583 vendor_id 4098
[RESULT] [ 83124.284219] [RVS-GPUP-TC1] gpup 42583 device_id 30115
[RESULT] [ 83124.284220] [RVS-GPUP-TC1] gpup 42583 location_id 1280
[RESULT] [ 83124.284220] [RVS-GPUP-TC1] gpup 42583 domain 0
[RESULT] [ 83124.284220] [RVS-GPUP-TC1] gpup 42583 drm_render_minor 136
[RESULT] [ 83124.284221] [RVS-GPUP-TC1] gpup 42583 hive_id 15543770012376183955
[RESULT] [ 83124.284221] [RVS-GPUP-TC1] gpup 42583 num_sdma_engines 2
[RESULT] [ 83124.284221] [RVS-GPUP-TC1] gpup 42583 num_sdma_xgmi_engines 14
[RESULT] [ 83124.284222] [RVS-GPUP-TC1] gpup 42583 num_sdma_queues_per_engine 8
[RESULT] [ 83124.284222] [RVS-GPUP-TC1] gpup 42583 num_cp_queues 24
[RESULT] [ 83124.284222] [RVS-GPUP-TC1] gpup 42583 cwsr_size 22687744
[RESULT] [ 83124.284224] [RVS-GPUP-TC1] gpup 42583 ctl_stack_size 12288
[RESULT] [ 83124.284224] [RVS-GPUP-TC1] gpup 42583 max_engine_clk_fcompute 2400
[RESULT] [ 83124.284225] [RVS-GPUP-TC1] gpup 42583 local_mem_size 0
[RESULT] [ 83124.284225] [RVS-GPUP-TC1] gpup 42583 fw_version 34
[RESULT] [ 83124.284225] [RVS-GPUP-TC1] gpup 42583 capability 2889327296
[RESULT] [ 83124.284226] [RVS-GPUP-TC1] gpup 42583 capability2 1
[RESULT] [ 83124.284226] [RVS-GPUP-TC1] gpup 42583 debug_prop 1494
[RESULT] [ 83124.284226] [RVS-GPUP-TC1] gpup 42583 sdma_fw_version 12
[RESULT] [ 83124.284227] [RVS-GPUP-TC1] gpup 42583 unique_id 16941990701433615045
[RESULT] [ 83124.284227] [RVS-GPUP-TC1] gpup 42583 num_xcc 8
[RESULT] [ 83124.284227] [RVS-GPUP-TC1] gpup 42583 max_engine_clk_ccompute 3300
[RESULT] [ 83124.284235] [RVS-GPUP-TC1] gpup 42583 0 type 2
[RESULT] [ 83124.284235] [RVS-GPUP-TC1] gpup 42583 0 version_major 0
[RESULT] [ 83124.284235] [RVS-GPUP-TC1] gpup 42583 0 version_minor 0
[RESULT] [ 83124.284236] [RVS-GPUP-TC1] gpup 42583 0 node_from 3
[RESULT] [ 83124.284236] [RVS-GPUP-TC1] gpup 42583 0 node_to 0
[RESULT] [ 83124.284236] [RVS-GPUP-TC1] gpup 42583 0 weight 20
[RESULT] [ 83124.284236] [RVS-GPUP-TC1] gpup 42583 0 min_latency 0
[RESULT] [ 83124.284237] [RVS-GPUP-TC1] gpup 42583 0 max_latency 0
[RESULT] [ 83124.284237] [RVS-GPUP-TC1] gpup 42583 0 min_bandwidth 0
[RESULT] [ 83124.284237] [RVS-GPUP-TC1] gpup 42583 0 max_bandwidth 64000
[RESULT] [ 83124.284237] [RVS-GPUP-TC1] gpup 42583 0 recommended_transfer_size 0
[RESULT] [ 83124.284238] [RVS-GPUP-TC1] gpup 42583 0 recommended_sdma_engine_id_mask 3
[RESULT] [ 83124.284238] [RVS-GPUP-TC1] gpup 42583 0 flags 1
[RESULT] [ 83124.284241] [RVS-GPUP-TC1] gpup 42583 1 type 11
[RESULT] [ 83124.284242] [RVS-GPUP-TC1] gpup 42583 1 version_major 0
[RESULT] [ 83124.284242] [RVS-GPUP-TC1] gpup 42583 1 version_minor 0
[RESULT] [ 83124.284242] [RVS-GPUP-TC1] gpup 42583 1 node_from 3
[RESULT] [ 83124.284242] [RVS-GPUP-TC1] gpup 42583 1 node_to 2
[RESULT] [ 83124.284243] [RVS-GPUP-TC1] gpup 42583 1 weight 15
[RESULT] [ 83124.284243] [RVS-GPUP-TC1] gpup 42583 1 min_latency 0
[RESULT] [ 83124.284243] [RVS-GPUP-TC1] gpup 42583 1 max_latency 0
[RESULT] [ 83124.284243] [RVS-GPUP-TC1] gpup 42583 1 min_bandwidth 76000
[RESULT] [ 83124.284244] [RVS-GPUP-TC1] gpup 42583 1 max_bandwidth 76000
[RESULT] [ 83124.284244] [RVS-GPUP-TC1] gpup 42583 1 recommended_transfer_size 0
[RESULT] [ 83124.284244] [RVS-GPUP-TC1] gpup 42583 1 recommended_sdma_engine_id_mask 4096
[RESULT] [ 83124.284244] [RVS-GPUP-TC1] gpup 42583 1 flags 1
[RESULT] [ 83124.284248] [RVS-GPUP-TC1] gpup 42583 2 type 11
[RESULT] [ 83124.284248] [RVS-GPUP-TC1] gpup 42583 2 version_major 0
[RESULT] [ 83124.284248] [RVS-GPUP-TC1] gpup 42583 2 version_minor 0
[RESULT] [ 83124.284249] [RVS-GPUP-TC1] gpup 42583 2 node_from 3
[RESULT] [ 83124.284249] [RVS-GPUP-TC1] gpup 42583 2 node_to 4
[RESULT] [ 83124.284249] [RVS-GPUP-TC1] gpup 42583 2 weight 15
[RESULT] [ 83124.284249] [RVS-GPUP-TC1] gpup 42583 2 min_latency 0
[RESULT] [ 83124.284250] [RVS-GPUP-TC1] gpup 42583 2 max_latency 0
[RESULT] [ 83124.284250] [RVS-GPUP-TC1] gpup 42583 2 min_bandwidth 76000
[RESULT] [ 83124.284250] [RVS-GPUP-TC1] gpup 42583 2 max_bandwidth 76000
[RESULT] [ 83124.284251] [RVS-GPUP-TC1] gpup 42583 2 recommended_transfer_size 0
[RESULT] [ 83124.284251] [RVS-GPUP-TC1] gpup 42583 2 recommended_sdma_engine_id_mask 4
[RESULT] [ 83124.284251] [RVS-GPUP-TC1] gpup 42583 2 flags 1
[RESULT] [ 83124.284254] [RVS-GPUP-TC1] gpup 42583 3 type 11
[RESULT] [ 83124.284255] [RVS-GPUP-TC1] gpup 42583 3 version_major 0
[RESULT] [ 83124.284255] [RVS-GPUP-TC1] gpup 42583 3 version_minor 0
[RESULT] [ 83124.284255] [RVS-GPUP-TC1] gpup 42583 3 node_from 3
[RESULT] [ 83124.284255] [RVS-GPUP-TC1] gpup 42583 3 node_to 5
[RESULT] [ 83124.284256] [RVS-GPUP-TC1] gpup 42583 3 weight 15
[RESULT] [ 83124.284256] [RVS-GPUP-TC1] gpup 42583 3 min_latency 0
[RESULT] [ 83124.284256] [RVS-GPUP-TC1] gpup 42583 3 max_latency 0
[RESULT] [ 83124.284256] [RVS-GPUP-TC1] gpup 42583 3 min_bandwidth 76000
[RESULT] [ 83124.284258] [RVS-GPUP-TC1] gpup 42583 3 max_bandwidth 76000
[RESULT] [ 83124.284258] [RVS-GPUP-TC1] gpup 42583 3 recommended_transfer_size 0
[RESULT] [ 83124.284259] [RVS-GPUP-TC1] gpup 42583 3 recommended_sdma_engine_id_mask 16384
[RESULT] [ 83124.284259] [RVS-GPUP-TC1] gpup 42583 3 flags 1
[RESULT] [ 83124.284262] [RVS-GPUP-TC1] gpup 42583 4 type 11
[RESULT] [ 83124.284263] [RVS-GPUP-TC1] gpup 42583 4 version_major 0
[RESULT] [ 83124.284263] [RVS-GPUP-TC1] gpup 42583 4 version_minor 0
[RESULT] [ 83124.284263] [RVS-GPUP-TC1] gpup 42583 4 node_from 3
[RESULT] [ 83124.284263] [RVS-GPUP-TC1] gpup 42583 4 node_to 6
[RESULT] [ 83124.284264] [RVS-GPUP-TC1] gpup 42583 4 weight 15
[RESULT] [ 83124.284264] [RVS-GPUP-TC1] gpup 42583 4 min_latency 0
[RESULT] [ 83124.284264] [RVS-GPUP-TC1] gpup 42583 4 max_latency 0
[RESULT] [ 83124.284264] [RVS-GPUP-TC1] gpup 42583 4 min_bandwidth 76000
[RESULT] [ 83124.284265] [RVS-GPUP-TC1] gpup 42583 4 max_bandwidth 76000
[RESULT] [ 83124.284265] [RVS-GPUP-TC1] gpup 42583 4 recommended_transfer_size 0
[RESULT] [ 83124.284265] [RVS-GPUP-TC1] gpup 42583 4 recommended_sdma_engine_id_mask 1024
[RESULT] [ 83124.284265] [RVS-GPUP-TC1] gpup 42583 4 flags 1
[RESULT] [ 83124.284269] [RVS-GPUP-TC1] gpup 42583 5 type 11
[RESULT] [ 83124.284269] [RVS-GPUP-TC1] gpup 42583 5 version_major 0
[RESULT] [ 83124.284270] [RVS-GPUP-TC1] gpup 42583 5 version_minor 0
[RESULT] [ 83124.284270] [RVS-GPUP-TC1] gpup 42583 5 node_from 3
[RESULT] [ 83124.284270] [RVS-GPUP-TC1] gpup 42583 5 node_to 7
[RESULT] [ 83124.284270] [RVS-GPUP-TC1] gpup 42583 5 weight 15
[RESULT] [ 83124.284271] [RVS-GPUP-TC1] gpup 42583 5 min_latency 0
[RESULT] [ 83124.284271] [RVS-GPUP-TC1] gpup 42583 5 max_latency 0
[RESULT] [ 83124.284271] [RVS-GPUP-TC1] gpup 42583 5 min_bandwidth 76000
[RESULT] [ 83124.284271] [RVS-GPUP-TC1] gpup 42583 5 max_bandwidth 76000
[RESULT] [ 83124.284272] [RVS-GPUP-TC1] gpup 42583 5 recommended_transfer_size 0
[RESULT] [ 83124.284272] [RVS-GPUP-TC1] gpup 42583 5 recommended_sdma_engine_id_mask 16
[RESULT] [ 83124.284272] [RVS-GPUP-TC1] gpup 42583 5 flags 1
[RESULT] [ 83124.284275] [RVS-GPUP-TC1] gpup 42583 6 type 11
[RESULT] [ 83124.284276] [RVS-GPUP-TC1] gpup 42583 6 version_major 0
[RESULT] [ 83124.284276] [RVS-GPUP-TC1] gpup 42583 6 version_minor 0
[RESULT] [ 83124.284276] [RVS-GPUP-TC1] gpup 42583 6 node_from 3
[RESULT] [ 83124.284276] [RVS-GPUP-TC1] gpup 42583 6 node_to 8
[RESULT] [ 83124.284277] [RVS-GPUP-TC1] gpup 42583 6 weight 15
[RESULT] [ 83124.284277] [RVS-GPUP-TC1] gpup 42583 6 min_latency 0
[RESULT] [ 83124.284277] [RVS-GPUP-TC1] gpup 42583 6 max_latency 0
[RESULT] [ 83124.284278] [RVS-GPUP-TC1] gpup 42583 6 min_bandwidth 76000
[RESULT] [ 83124.284278] [RVS-GPUP-TC1] gpup 42583 6 max_bandwidth 76000
[RESULT] [ 83124.284278] [RVS-GPUP-TC1] gpup 42583 6 recommended_transfer_size 0
[RESULT] [ 83124.284278] [RVS-GPUP-TC1] gpup 42583 6 recommended_sdma_engine_id_mask 64
[RESULT] [ 83124.284279] [RVS-GPUP-TC1] gpup 42583 6 flags 1
[RESULT] [ 83124.284282] [RVS-GPUP-TC1] gpup 42583 7 type 11
[RESULT] [ 83124.284282] [RVS-GPUP-TC1] gpup 42583 7 version_major 0
[RESULT] [ 83124.284282] [RVS-GPUP-TC1] gpup 42583 7 version_minor 0
[RESULT] [ 83124.284283] [RVS-GPUP-TC1] gpup 42583 7 node_from 3
[RESULT] [ 83124.284283] [RVS-GPUP-TC1] gpup 42583 7 node_to 9
[RESULT] [ 83124.284283] [RVS-GPUP-TC1] gpup 42583 7 weight 15
[RESULT] [ 83124.284283] [RVS-GPUP-TC1] gpup 42583 7 min_latency 0
[RESULT] [ 83124.284284] [RVS-GPUP-TC1] gpup 42583 7 max_latency 0
[RESULT] [ 83124.284284] [RVS-GPUP-TC1] gpup 42583 7 min_bandwidth 76000
[RESULT] [ 83124.284284] [RVS-GPUP-TC1] gpup 42583 7 max_bandwidth 76000
[RESULT] [ 83124.284284] [RVS-GPUP-TC1] gpup 42583 7 recommended_transfer_size 0
[RESULT] [ 83124.284285] [RVS-GPUP-TC1] gpup 42583 7 recommended_sdma_engine_id_mask 256
[RESULT] [ 83124.284285] [RVS-GPUP-TC1] gpup 42583 7 flags 1
[RESULT] [ 83124.284290] [RVS-GPUP-TC1] gpup 36479 cpu_cores_count 0
[RESULT] [ 83124.284290] [RVS-GPUP-TC1] gpup 36479 simd_count 1024
[RESULT] [ 83124.284290] [RVS-GPUP-TC1] gpup 36479 mem_banks_count 1
[RESULT] [ 83124.284292] [RVS-GPUP-TC1] gpup 36479 caches_count 546
[RESULT] [ 83124.284292] [RVS-GPUP-TC1] gpup 36479 io_links_count 8
[RESULT] [ 83124.284292] [RVS-GPUP-TC1] gpup 36479 p2p_links_count 1
[RESULT] [ 83124.284293] [RVS-GPUP-TC1] gpup 36479 cpu_core_id_base 0
[RESULT] [ 83124.284293] [RVS-GPUP-TC1] gpup 36479 simd_id_base 2147487816
[RESULT] [ 83124.284293] [RVS-GPUP-TC1] gpup 36479 max_waves_per_simd 8
[RESULT] [ 83124.284294] [RVS-GPUP-TC1] gpup 36479 lds_size_in_kb 160
[RESULT] [ 83124.284294] [RVS-GPUP-TC1] gpup 36479 gds_size_in_kb 0
[RESULT] [ 83124.284294] [RVS-GPUP-TC1] gpup 36479 num_gws 64
[RESULT] [ 83124.284294] [RVS-GPUP-TC1] gpup 36479 wave_front_size 64
[RESULT] [ 83124.284295] [RVS-GPUP-TC1] gpup 36479 array_count 32
[RESULT] [ 83124.284295] [RVS-GPUP-TC1] gpup 36479 simd_arrays_per_engine 1
[RESULT] [ 83124.284295] [RVS-GPUP-TC1] gpup 36479 cu_per_simd_array 9
[RESULT] [ 83124.284296] [RVS-GPUP-TC1] gpup 36479 simd_per_cu 4
[RESULT] [ 83124.284296] [RVS-GPUP-TC1] gpup 36479 max_slots_scratch_cu 32
[RESULT] [ 83124.284296] [RVS-GPUP-TC1] gpup 36479 gfx_target_version 90500
[RESULT] [ 83124.284297] [RVS-GPUP-TC1] gpup 36479 vendor_id 4098
[RESULT] [ 83124.284297] [RVS-GPUP-TC1] gpup 36479 device_id 30115
[RESULT] [ 83124.284297] [RVS-GPUP-TC1] gpup 36479 location_id 25856
[RESULT] [ 83124.284297] [RVS-GPUP-TC1] gpup 36479 domain 0
[RESULT] [ 83124.284298] [RVS-GPUP-TC1] gpup 36479 drm_render_minor 144
[RESULT] [ 83124.284298] [RVS-GPUP-TC1] gpup 36479 hive_id 15543770012376183955
[RESULT] [ 83124.284298] [RVS-GPUP-TC1] gpup 36479 num_sdma_engines 2
[RESULT] [ 83124.284299] [RVS-GPUP-TC1] gpup 36479 num_sdma_xgmi_engines 14
[RESULT] [ 83124.284299] [RVS-GPUP-TC1] gpup 36479 num_sdma_queues_per_engine 8
[RESULT] [ 83124.284299] [RVS-GPUP-TC1] gpup 36479 num_cp_queues 24
[RESULT] [ 83124.284300] [RVS-GPUP-TC1] gpup 36479 cwsr_size 22687744
[RESULT] [ 83124.284300] [RVS-GPUP-TC1] gpup 36479 ctl_stack_size 12288
[RESULT] [ 83124.284300] [RVS-GPUP-TC1] gpup 36479 max_engine_clk_fcompute 2400
[RESULT] [ 83124.284301] [RVS-GPUP-TC1] gpup 36479 local_mem_size 0
[RESULT] [ 83124.284301] [RVS-GPUP-TC1] gpup 36479 fw_version 34
[RESULT] [ 83124.284301] [RVS-GPUP-TC1] gpup 36479 capability 2889327296
[RESULT] [ 83124.284301] [RVS-GPUP-TC1] gpup 36479 capability2 1
[RESULT] [ 83124.284302] [RVS-GPUP-TC1] gpup 36479 debug_prop 1494
[RESULT] [ 83124.284302] [RVS-GPUP-TC1] gpup 36479 sdma_fw_version 12
[RESULT] [ 83124.284302] [RVS-GPUP-TC1] gpup 36479 unique_id 2502263933217101247
[RESULT] [ 83124.284303] [RVS-GPUP-TC1] gpup 36479 num_xcc 8
[RESULT] [ 83124.284303] [RVS-GPUP-TC1] gpup 36479 max_engine_clk_ccompute 3300
[RESULT] [ 83124.284310] [RVS-GPUP-TC1] gpup 36479 0 type 2
[RESULT] [ 83124.284311] [RVS-GPUP-TC1] gpup 36479 0 version_major 0
[RESULT] [ 83124.284311] [RVS-GPUP-TC1] gpup 36479 0 version_minor 0
[RESULT] [ 83124.284311] [RVS-GPUP-TC1] gpup 36479 0 node_from 4
[RESULT] [ 83124.284312] [RVS-GPUP-TC1] gpup 36479 0 node_to 0
[RESULT] [ 83124.284312] [RVS-GPUP-TC1] gpup 36479 0 weight 20
[RESULT] [ 83124.284312] [RVS-GPUP-TC1] gpup 36479 0 min_latency 0
[RESULT] [ 83124.284312] [RVS-GPUP-TC1] gpup 36479 0 max_latency 0
[RESULT] [ 83124.284313] [RVS-GPUP-TC1] gpup 36479 0 min_bandwidth 0
[RESULT] [ 83124.284313] [RVS-GPUP-TC1] gpup 36479 0 max_bandwidth 64000
[RESULT] [ 83124.284313] [RVS-GPUP-TC1] gpup 36479 0 recommended_transfer_size 0
[RESULT] [ 83124.284313] [RVS-GPUP-TC1] gpup 36479 0 recommended_sdma_engine_id_mask 3
[RESULT] [ 83124.284314] [RVS-GPUP-TC1] gpup 36479 0 flags 1
[RESULT] [ 83124.284317] [RVS-GPUP-TC1] gpup 36479 1 type 11
[RESULT] [ 83124.284318] [RVS-GPUP-TC1] gpup 36479 1 version_major 0
[RESULT] [ 83124.284318] [RVS-GPUP-TC1] gpup 36479 1 version_minor 0
[RESULT] [ 83124.284318] [RVS-GPUP-TC1] gpup 36479 1 node_from 4
[RESULT] [ 83124.284318] [RVS-GPUP-TC1] gpup 36479 1 node_to 2
[RESULT] [ 83124.284319] [RVS-GPUP-TC1] gpup 36479 1 weight 15
[RESULT] [ 83124.284319] [RVS-GPUP-TC1] gpup 36479 1 min_latency 0
[RESULT] [ 83124.284319] [RVS-GPUP-TC1] gpup 36479 1 max_latency 0
[RESULT] [ 83124.284320] [RVS-GPUP-TC1] gpup 36479 1 min_bandwidth 76000
[RESULT] [ 83124.284321] [RVS-GPUP-TC1] gpup 36479 1 max_bandwidth 76000
[RESULT] [ 83124.284321] [RVS-GPUP-TC1] gpup 36479 1 recommended_transfer_size 0
[RESULT] [ 83124.284321] [RVS-GPUP-TC1] gpup 36479 1 recommended_sdma_engine_id_mask 4096
[RESULT] [ 83124.284322] [RVS-GPUP-TC1] gpup 36479 1 flags 1
[RESULT] [ 83124.284325] [RVS-GPUP-TC1] gpup 36479 2 type 11
[RESULT] [ 83124.284325] [RVS-GPUP-TC1] gpup 36479 2 version_major 0
[RESULT] [ 83124.284326] [RVS-GPUP-TC1] gpup 36479 2 version_minor 0
[RESULT] [ 83124.284326] [RVS-GPUP-TC1] gpup 36479 2 node_from 4
[RESULT] [ 83124.284326] [RVS-GPUP-TC1] gpup 36479 2 node_to 3
[RESULT] [ 83124.284326] [RVS-GPUP-TC1] gpup 36479 2 weight 15
[RESULT] [ 83124.284327] [RVS-GPUP-TC1] gpup 36479 2 min_latency 0
[RESULT] [ 83124.284327] [RVS-GPUP-TC1] gpup 36479 2 max_latency 0
[RESULT] [ 83124.284327] [RVS-GPUP-TC1] gpup 36479 2 min_bandwidth 76000
[RESULT] [ 83124.284327] [RVS-GPUP-TC1] gpup 36479 2 max_bandwidth 76000
[RESULT] [ 83124.284328] [RVS-GPUP-TC1] gpup 36479 2 recommended_transfer_size 0
[RESULT] [ 83124.284328] [RVS-GPUP-TC1] gpup 36479 2 recommended_sdma_engine_id_mask 4
[RESULT] [ 83124.284328] [RVS-GPUP-TC1] gpup 36479 2 flags 1
[RESULT] [ 83124.284332] [RVS-GPUP-TC1] gpup 36479 3 type 11
[RESULT] [ 83124.284332] [RVS-GPUP-TC1] gpup 36479 3 version_major 0
[RESULT] [ 83124.284333] [RVS-GPUP-TC1] gpup 36479 3 version_minor 0
[RESULT] [ 83124.284333] [RVS-GPUP-TC1] gpup 36479 3 node_from 4
[RESULT] [ 83124.284333] [RVS-GPUP-TC1] gpup 36479 3 node_to 5
[RESULT] [ 83124.284333] [RVS-GPUP-TC1] gpup 36479 3 weight 15
[RESULT] [ 83124.284334] [RVS-GPUP-TC1] gpup 36479 3 min_latency 0
[RESULT] [ 83124.284334] [RVS-GPUP-TC1] gpup 36479 3 max_latency 0
[RESULT] [ 83124.284334] [RVS-GPUP-TC1] gpup 36479 3 min_bandwidth 76000
[RESULT] [ 83124.284335] [RVS-GPUP-TC1] gpup 36479 3 max_bandwidth 76000
[RESULT] [ 83124.284335] [RVS-GPUP-TC1] gpup 36479 3 recommended_transfer_size 0
[RESULT] [ 83124.284335] [RVS-GPUP-TC1] gpup 36479 3 recommended_sdma_engine_id_mask 1024
[RESULT] [ 83124.284335] [RVS-GPUP-TC1] gpup 36479 3 flags 1
[RESULT] [ 83124.284339] [RVS-GPUP-TC1] gpup 36479 4 type 11
[RESULT] [ 83124.284339] [RVS-GPUP-TC1] gpup 36479 4 version_major 0
[RESULT] [ 83124.284339] [RVS-GPUP-TC1] gpup 36479 4 version_minor 0
[RESULT] [ 83124.284340] [RVS-GPUP-TC1] gpup 36479 4 node_from 4
[RESULT] [ 83124.284340] [RVS-GPUP-TC1] gpup 36479 4 node_to 6
[RESULT] [ 83124.284340] [RVS-GPUP-TC1] gpup 36479 4 weight 15
[RESULT] [ 83124.284340] [RVS-GPUP-TC1] gpup 36479 4 min_latency 0
[RESULT] [ 83124.284341] [RVS-GPUP-TC1] gpup 36479 4 max_latency 0
[RESULT] [ 83124.284341] [RVS-GPUP-TC1] gpup 36479 4 min_bandwidth 76000
[RESULT] [ 83124.284341] [RVS-GPUP-TC1] gpup 36479 4 max_bandwidth 76000
[RESULT] [ 83124.284341] [RVS-GPUP-TC1] gpup 36479 4 recommended_transfer_size 0
[RESULT] [ 83124.284342] [RVS-GPUP-TC1] gpup 36479 4 recommended_sdma_engine_id_mask 256
[RESULT] [ 83124.284342] [RVS-GPUP-TC1] gpup 36479 4 flags 1
[RESULT] [ 83124.284345] [RVS-GPUP-TC1] gpup 36479 5 type 11
[RESULT] [ 83124.284346] [RVS-GPUP-TC1] gpup 36479 5 version_major 0
[RESULT] [ 83124.284346] [RVS-GPUP-TC1] gpup 36479 5 version_minor 0
[RESULT] [ 83124.284346] [RVS-GPUP-TC1] gpup 36479 5 node_from 4
[RESULT] [ 83124.284346] [RVS-GPUP-TC1] gpup 36479 5 node_to 7
[RESULT] [ 83124.284347] [RVS-GPUP-TC1] gpup 36479 5 weight 15
[RESULT] [ 83124.284347] [RVS-GPUP-TC1] gpup 36479 5 min_latency 0
[RESULT] [ 83124.284347] [RVS-GPUP-TC1] gpup 36479 5 max_latency 0
[RESULT] [ 83124.284347] [RVS-GPUP-TC1] gpup 36479 5 min_bandwidth 76000
[RESULT] [ 83124.284348] [RVS-GPUP-TC1] gpup 36479 5 max_bandwidth 76000
[RESULT] [ 83124.284348] [RVS-GPUP-TC1] gpup 36479 5 recommended_transfer_size 0
[RESULT] [ 83124.284348] [RVS-GPUP-TC1] gpup 36479 5 recommended_sdma_engine_id_mask 64
[RESULT] [ 83124.284348] [RVS-GPUP-TC1] gpup 36479 5 flags 1
[RESULT] [ 83124.284352] [RVS-GPUP-TC1] gpup 36479 6 type 11
[RESULT] [ 83124.284352] [RVS-GPUP-TC1] gpup 36479 6 version_major 0
[RESULT] [ 83124.284354] [RVS-GPUP-TC1] gpup 36479 6 version_minor 0
[RESULT] [ 83124.284354] [RVS-GPUP-TC1] gpup 36479 6 node_from 4
[RESULT] [ 83124.284354] [RVS-GPUP-TC1] gpup 36479 6 node_to 8
[RESULT] [ 83124.284355] [RVS-GPUP-TC1] gpup 36479 6 weight 15
[RESULT] [ 83124.284355] [RVS-GPUP-TC1] gpup 36479 6 min_latency 0
[RESULT] [ 83124.284355] [RVS-GPUP-TC1] gpup 36479 6 max_latency 0
[RESULT] [ 83124.284355] [RVS-GPUP-TC1] gpup 36479 6 min_bandwidth 76000
[RESULT] [ 83124.284356] [RVS-GPUP-TC1] gpup 36479 6 max_bandwidth 76000
[RESULT] [ 83124.284356] [RVS-GPUP-TC1] gpup 36479 6 recommended_transfer_size 0
[RESULT] [ 83124.284356] [RVS-GPUP-TC1] gpup 36479 6 recommended_sdma_engine_id_mask 16
[RESULT] [ 83124.284356] [RVS-GPUP-TC1] gpup 36479 6 flags 1
[RESULT] [ 83124.284360] [RVS-GPUP-TC1] gpup 36479 7 type 11
[RESULT] [ 83124.284360] [RVS-GPUP-TC1] gpup 36479 7 version_major 0
[RESULT] [ 83124.284360] [RVS-GPUP-TC1] gpup 36479 7 version_minor 0
[RESULT] [ 83124.284360] [RVS-GPUP-TC1] gpup 36479 7 node_from 4
[RESULT] [ 83124.284361] [RVS-GPUP-TC1] gpup 36479 7 node_to 9
[RESULT] [ 83124.284361] [RVS-GPUP-TC1] gpup 36479 7 weight 15
[RESULT] [ 83124.284361] [RVS-GPUP-TC1] gpup 36479 7 min_latency 0
[RESULT] [ 83124.284361] [RVS-GPUP-TC1] gpup 36479 7 max_latency 0
[RESULT] [ 83124.284362] [RVS-GPUP-TC1] gpup 36479 7 min_bandwidth 76000
[RESULT] [ 83124.284362] [RVS-GPUP-TC1] gpup 36479 7 max_bandwidth 76000
[RESULT] [ 83124.284362] [RVS-GPUP-TC1] gpup 36479 7 recommended_transfer_size 0
[RESULT] [ 83124.284363] [RVS-GPUP-TC1] gpup 36479 7 recommended_sdma_engine_id_mask 16384
[RESULT] [ 83124.284363] [RVS-GPUP-TC1] gpup 36479 7 flags 1
[RESULT] [ 83124.284367] [RVS-GPUP-TC1] gpup 27226 cpu_cores_count 0
[RESULT] [ 83124.284368] [RVS-GPUP-TC1] gpup 27226 simd_count 1024
[RESULT] [ 83124.284368] [RVS-GPUP-TC1] gpup 27226 mem_banks_count 1
[RESULT] [ 83124.284368] [RVS-GPUP-TC1] gpup 27226 caches_count 546
[RESULT] [ 83124.284368] [RVS-GPUP-TC1] gpup 27226 io_links_count 8
[RESULT] [ 83124.284369] [RVS-GPUP-TC1] gpup 27226 p2p_links_count 1
[RESULT] [ 83124.284369] [RVS-GPUP-TC1] gpup 27226 cpu_core_id_base 0
[RESULT] [ 83124.284369] [RVS-GPUP-TC1] gpup 27226 simd_id_base 2147487852
[RESULT] [ 83124.284370] [RVS-GPUP-TC1] gpup 27226 max_waves_per_simd 8
[RESULT] [ 83124.284370] [RVS-GPUP-TC1] gpup 27226 lds_size_in_kb 160
[RESULT] [ 83124.284370] [RVS-GPUP-TC1] gpup 27226 gds_size_in_kb 0
[RESULT] [ 83124.284371] [RVS-GPUP-TC1] gpup 27226 num_gws 64
[RESULT] [ 83124.284371] [RVS-GPUP-TC1] gpup 27226 wave_front_size 64
[RESULT] [ 83124.284371] [RVS-GPUP-TC1] gpup 27226 array_count 32
[RESULT] [ 83124.284371] [RVS-GPUP-TC1] gpup 27226 simd_arrays_per_engine 1
[RESULT] [ 83124.284372] [RVS-GPUP-TC1] gpup 27226 cu_per_simd_array 9
[RESULT] [ 83124.284372] [RVS-GPUP-TC1] gpup 27226 simd_per_cu 4
[RESULT] [ 83124.284372] [RVS-GPUP-TC1] gpup 27226 max_slots_scratch_cu 32
[RESULT] [ 83124.284373] [RVS-GPUP-TC1] gpup 27226 gfx_target_version 90500
[RESULT] [ 83124.284373] [RVS-GPUP-TC1] gpup 27226 vendor_id 4098
[RESULT] [ 83124.284373] [RVS-GPUP-TC1] gpup 27226 device_id 30115
[RESULT] [ 83124.284373] [RVS-GPUP-TC1] gpup 27226 location_id 5376
[RESULT] [ 83124.284374] [RVS-GPUP-TC1] gpup 27226 domain 0
[RESULT] [ 83124.284374] [RVS-GPUP-TC1] gpup 27226 drm_render_minor 152
[RESULT] [ 83124.284374] [RVS-GPUP-TC1] gpup 27226 hive_id 15543770012376183955
[RESULT] [ 83124.284375] [RVS-GPUP-TC1] gpup 27226 num_sdma_engines 2
[RESULT] [ 83124.284375] [RVS-GPUP-TC1] gpup 27226 num_sdma_xgmi_engines 14
[RESULT] [ 83124.284375] [RVS-GPUP-TC1] gpup 27226 num_sdma_queues_per_engine 8
[RESULT] [ 83124.284376] [RVS-GPUP-TC1] gpup 27226 num_cp_queues 24
[RESULT] [ 83124.284376] [RVS-GPUP-TC1] gpup 27226 cwsr_size 22687744
[RESULT] [ 83124.284376] [RVS-GPUP-TC1] gpup 27226 ctl_stack_size 12288
[RESULT] [ 83124.284377] [RVS-GPUP-TC1] gpup 27226 max_engine_clk_fcompute 2400
[RESULT] [ 83124.284377] [RVS-GPUP-TC1] gpup 27226 local_mem_size 0
[RESULT] [ 83124.284377] [RVS-GPUP-TC1] gpup 27226 fw_version 34
[RESULT] [ 83124.284379] [RVS-GPUP-TC1] gpup 27226 capability 2889327296
[RESULT] [ 83124.284379] [RVS-GPUP-TC1] gpup 27226 capability2 1
[RESULT] [ 83124.284379] [RVS-GPUP-TC1] gpup 27226 debug_prop 1494
[RESULT] [ 83124.284380] [RVS-GPUP-TC1] gpup 27226 sdma_fw_version 12
[RESULT] [ 83124.284380] [RVS-GPUP-TC1] gpup 27226 unique_id 632985837543358530
[RESULT] [ 83124.284380] [RVS-GPUP-TC1] gpup 27226 num_xcc 8
[RESULT] [ 83124.284381] [RVS-GPUP-TC1] gpup 27226 max_engine_clk_ccompute 3300
[RESULT] [ 83124.284388] [RVS-GPUP-TC1] gpup 27226 0 type 2
[RESULT] [ 83124.284388] [RVS-GPUP-TC1] gpup 27226 0 version_major 0
[RESULT] [ 83124.284388] [RVS-GPUP-TC1] gpup 27226 0 version_minor 0
[RESULT] [ 83124.284388] [RVS-GPUP-TC1] gpup 27226 0 node_from 5
[RESULT] [ 83124.284389] [RVS-GPUP-TC1] gpup 27226 0 node_to 0
[RESULT] [ 83124.284389] [RVS-GPUP-TC1] gpup 27226 0 weight 20
[RESULT] [ 83124.284389] [RVS-GPUP-TC1] gpup 27226 0 min_latency 0
[RESULT] [ 83124.284390] [RVS-GPUP-TC1] gpup 27226 0 max_latency 0
[RESULT] [ 83124.284390] [RVS-GPUP-TC1] gpup 27226 0 min_bandwidth 0
[RESULT] [ 83124.284390] [RVS-GPUP-TC1] gpup 27226 0 max_bandwidth 64000
[RESULT] [ 83124.284390] [RVS-GPUP-TC1] gpup 27226 0 recommended_transfer_size 0
[RESULT] [ 83124.284391] [RVS-GPUP-TC1] gpup 27226 0 recommended_sdma_engine_id_mask 3
[RESULT] [ 83124.284391] [RVS-GPUP-TC1] gpup 27226 0 flags 1
[RESULT] [ 83124.284394] [RVS-GPUP-TC1] gpup 27226 1 type 11
[RESULT] [ 83124.284395] [RVS-GPUP-TC1] gpup 27226 1 version_major 0
[RESULT] [ 83124.284395] [RVS-GPUP-TC1] gpup 27226 1 version_minor 0
[RESULT] [ 83124.284395] [RVS-GPUP-TC1] gpup 27226 1 node_from 5
[RESULT] [ 83124.284395] [RVS-GPUP-TC1] gpup 27226 1 node_to 2
[RESULT] [ 83124.284396] [RVS-GPUP-TC1] gpup 27226 1 weight 15
[RESULT] [ 83124.284396] [RVS-GPUP-TC1] gpup 27226 1 min_latency 0
[RESULT] [ 83124.284396] [RVS-GPUP-TC1] gpup 27226 1 max_latency 0
[RESULT] [ 83124.284396] [RVS-GPUP-TC1] gpup 27226 1 min_bandwidth 76000
[RESULT] [ 83124.284397] [RVS-GPUP-TC1] gpup 27226 1 max_bandwidth 76000
[RESULT] [ 83124.284397] [RVS-GPUP-TC1] gpup 27226 1 recommended_transfer_size 0
[RESULT] [ 83124.284397] [RVS-GPUP-TC1] gpup 27226 1 recommended_sdma_engine_id_mask 4
[RESULT] [ 83124.284398] [RVS-GPUP-TC1] gpup 27226 1 flags 1
[RESULT] [ 83124.284401] [RVS-GPUP-TC1] gpup 27226 2 type 11
[RESULT] [ 83124.284401] [RVS-GPUP-TC1] gpup 27226 2 version_major 0
[RESULT] [ 83124.284401] [RVS-GPUP-TC1] gpup 27226 2 version_minor 0
[RESULT] [ 83124.284402] [RVS-GPUP-TC1] gpup 27226 2 node_from 5
[RESULT] [ 83124.284402] [RVS-GPUP-TC1] gpup 27226 2 node_to 3
[RESULT] [ 83124.284402] [RVS-GPUP-TC1] gpup 27226 2 weight 15
[RESULT] [ 83124.284402] [RVS-GPUP-TC1] gpup 27226 2 min_latency 0
[RESULT] [ 83124.284403] [RVS-GPUP-TC1] gpup 27226 2 max_latency 0
[RESULT] [ 83124.284403] [RVS-GPUP-TC1] gpup 27226 2 min_bandwidth 76000
[RESULT] [ 83124.284403] [RVS-GPUP-TC1] gpup 27226 2 max_bandwidth 76000
[RESULT] [ 83124.284404] [RVS-GPUP-TC1] gpup 27226 2 recommended_transfer_size 0
[RESULT] [ 83124.284404] [RVS-GPUP-TC1] gpup 27226 2 recommended_sdma_engine_id_mask 16384
[RESULT] [ 83124.284404] [RVS-GPUP-TC1] gpup 27226 2 flags 1
[RESULT] [ 83124.284408] [RVS-GPUP-TC1] gpup 27226 3 type 11
[RESULT] [ 83124.284408] [RVS-GPUP-TC1] gpup 27226 3 version_major 0
[RESULT] [ 83124.284408] [RVS-GPUP-TC1] gpup 27226 3 version_minor 0
[RESULT] [ 83124.284408] [RVS-GPUP-TC1] gpup 27226 3 node_from 5
[RESULT] [ 83124.284409] [RVS-GPUP-TC1] gpup 27226 3 node_to 4
[RESULT] [ 83124.284409] [RVS-GPUP-TC1] gpup 27226 3 weight 15
[RESULT] [ 83124.284409] [RVS-GPUP-TC1] gpup 27226 3 min_latency 0
[RESULT] [ 83124.284409] [RVS-GPUP-TC1] gpup 27226 3 max_latency 0
[RESULT] [ 83124.284410] [RVS-GPUP-TC1] gpup 27226 3 min_bandwidth 76000
[RESULT] [ 83124.284410] [RVS-GPUP-TC1] gpup 27226 3 max_bandwidth 76000
[RESULT] [ 83124.284410] [RVS-GPUP-TC1] gpup 27226 3 recommended_transfer_size 0
[RESULT] [ 83124.284410] [RVS-GPUP-TC1] gpup 27226 3 recommended_sdma_engine_id_mask 1024
[RESULT] [ 83124.284411] [RVS-GPUP-TC1] gpup 27226 3 flags 1
[RESULT] [ 83124.284415] [RVS-GPUP-TC1] gpup 27226 4 type 11
[RESULT] [ 83124.284415] [RVS-GPUP-TC1] gpup 27226 4 version_major 0
[RESULT] [ 83124.284416] [RVS-GPUP-TC1] gpup 27226 4 version_minor 0
[RESULT] [ 83124.284416] [RVS-GPUP-TC1] gpup 27226 4 node_from 5
[RESULT] [ 83124.284416] [RVS-GPUP-TC1] gpup 27226 4 node_to 6
[RESULT] [ 83124.284417] [RVS-GPUP-TC1] gpup 27226 4 weight 15
[RESULT] [ 83124.284417] [RVS-GPUP-TC1] gpup 27226 4 min_latency 0
[RESULT] [ 83124.284417] [RVS-GPUP-TC1] gpup 27226 4 max_latency 0
[RESULT] [ 83124.284417] [RVS-GPUP-TC1] gpup 27226 4 min_bandwidth 76000
[RESULT] [ 83124.284418] [RVS-GPUP-TC1] gpup 27226 4 max_bandwidth 76000
[RESULT] [ 83124.284418] [RVS-GPUP-TC1] gpup 27226 4 recommended_transfer_size 0
[RESULT] [ 83124.284418] [RVS-GPUP-TC1] gpup 27226 4 recommended_sdma_engine_id_mask 64
[RESULT] [ 83124.284418] [RVS-GPUP-TC1] gpup 27226 4 flags 1
[RESULT] [ 83124.284421] [RVS-GPUP-TC1] gpup 27226 5 type 11
[RESULT] [ 83124.284422] [RVS-GPUP-TC1] gpup 27226 5 version_major 0
[RESULT] [ 83124.284422] [RVS-GPUP-TC1] gpup 27226 5 version_minor 0
[RESULT] [ 83124.284422] [RVS-GPUP-TC1] gpup 27226 5 node_from 5
[RESULT] [ 83124.284423] [RVS-GPUP-TC1] gpup 27226 5 node_to 7
[RESULT] [ 83124.284423] [RVS-GPUP-TC1] gpup 27226 5 weight 15
[RESULT] [ 83124.284423] [RVS-GPUP-TC1] gpup 27226 5 min_latency 0
[RESULT] [ 83124.284423] [RVS-GPUP-TC1] gpup 27226 5 max_latency 0
[RESULT] [ 83124.284424] [RVS-GPUP-TC1] gpup 27226 5 min_bandwidth 76000
[RESULT] [ 83124.284424] [RVS-GPUP-TC1] gpup 27226 5 max_bandwidth 76000
[RESULT] [ 83124.284424] [RVS-GPUP-TC1] gpup 27226 5 recommended_transfer_size 0
[RESULT] [ 83124.284424] [RVS-GPUP-TC1] gpup 27226 5 recommended_sdma_engine_id_mask 256
[RESULT] [ 83124.284425] [RVS-GPUP-TC1] gpup 27226 5 flags 1
[RESULT] [ 83124.284428] [RVS-GPUP-TC1] gpup 27226 6 type 11
[RESULT] [ 83124.284428] [RVS-GPUP-TC1] gpup 27226 6 version_major 0
[RESULT] [ 83124.284429] [RVS-GPUP-TC1] gpup 27226 6 version_minor 0
[RESULT] [ 83124.284429] [RVS-GPUP-TC1] gpup 27226 6 node_from 5
[RESULT] [ 83124.284429] [RVS-GPUP-TC1] gpup 27226 6 node_to 8
[RESULT] [ 83124.284429] [RVS-GPUP-TC1] gpup 27226 6 weight 15
[RESULT] [ 83124.284430] [RVS-GPUP-TC1] gpup 27226 6 min_latency 0
[RESULT] [ 83124.284430] [RVS-GPUP-TC1] gpup 27226 6 max_latency 0
[RESULT] [ 83124.284430] [RVS-GPUP-TC1] gpup 27226 6 min_bandwidth 76000
[RESULT] [ 83124.284430] [RVS-GPUP-TC1] gpup 27226 6 max_bandwidth 76000
[RESULT] [ 83124.284431] [RVS-GPUP-TC1] gpup 27226 6 recommended_transfer_size 0
[RESULT] [ 83124.284431] [RVS-GPUP-TC1] gpup 27226 6 recommended_sdma_engine_id_mask 4096
[RESULT] [ 83124.284431] [RVS-GPUP-TC1] gpup 27226 6 flags 1
[RESULT] [ 83124.284435] [RVS-GPUP-TC1] gpup 27226 7 type 11
[RESULT] [ 83124.284435] [RVS-GPUP-TC1] gpup 27226 7 version_major 0
[RESULT] [ 83124.284435] [RVS-GPUP-TC1] gpup 27226 7 version_minor 0
[RESULT] [ 83124.284435] [RVS-GPUP-TC1] gpup 27226 7 node_from 5
[RESULT] [ 83124.284436] [RVS-GPUP-TC1] gpup 27226 7 node_to 9
[RESULT] [ 83124.284436] [RVS-GPUP-TC1] gpup 27226 7 weight 15
[RESULT] [ 83124.284436] [RVS-GPUP-TC1] gpup 27226 7 min_latency 0
[RESULT] [ 83124.284436] [RVS-GPUP-TC1] gpup 27226 7 max_latency 0
[RESULT] [ 83124.284437] [RVS-GPUP-TC1] gpup 27226 7 min_bandwidth 76000
[RESULT] [ 83124.284437] [RVS-GPUP-TC1] gpup 27226 7 max_bandwidth 76000
[RESULT] [ 83124.284437] [RVS-GPUP-TC1] gpup 27226 7 recommended_transfer_size 0
[RESULT] [ 83124.284438] [RVS-GPUP-TC1] gpup 27226 7 recommended_sdma_engine_id_mask 16
[RESULT] [ 83124.284438] [RVS-GPUP-TC1] gpup 27226 7 flags 1
[RESULT] [ 83124.284442] [RVS-GPUP-TC1] gpup 57875 cpu_cores_count 0
[RESULT] [ 83124.284442] [RVS-GPUP-TC1] gpup 57875 simd_count 1024
[RESULT] [ 83124.284443] [RVS-GPUP-TC1] gpup 57875 mem_banks_count 1
[RESULT] [ 83124.284443] [RVS-GPUP-TC1] gpup 57875 caches_count 558
[RESULT] [ 83124.284443] [RVS-GPUP-TC1] gpup 57875 io_links_count 8
[RESULT] [ 83124.284444] [RVS-GPUP-TC1] gpup 57875 p2p_links_count 1
[RESULT] [ 83124.284444] [RVS-GPUP-TC1] gpup 57875 cpu_core_id_base 0
[RESULT] [ 83124.284445] [RVS-GPUP-TC1] gpup 57875 simd_id_base 2147487888
[RESULT] [ 83124.284446] [RVS-GPUP-TC1] gpup 57875 max_waves_per_simd 8
[RESULT] [ 83124.284446] [RVS-GPUP-TC1] gpup 57875 lds_size_in_kb 160
[RESULT] [ 83124.284446] [RVS-GPUP-TC1] gpup 57875 gds_size_in_kb 0
[RESULT] [ 83124.284447] [RVS-GPUP-TC1] gpup 57875 num_gws 64
[RESULT] [ 83124.284447] [RVS-GPUP-TC1] gpup 57875 wave_front_size 64
[RESULT] [ 83124.284447] [RVS-GPUP-TC1] gpup 57875 array_count 32
[RESULT] [ 83124.284447] [RVS-GPUP-TC1] gpup 57875 simd_arrays_per_engine 1
[RESULT] [ 83124.284448] [RVS-GPUP-TC1] gpup 57875 cu_per_simd_array 9
[RESULT] [ 83124.284448] [RVS-GPUP-TC1] gpup 57875 simd_per_cu 4
[RESULT] [ 83124.284448] [RVS-GPUP-TC1] gpup 57875 max_slots_scratch_cu 32
[RESULT] [ 83124.284449] [RVS-GPUP-TC1] gpup 57875 gfx_target_version 90500
[RESULT] [ 83124.284449] [RVS-GPUP-TC1] gpup 57875 vendor_id 4098
[RESULT] [ 83124.284449] [RVS-GPUP-TC1] gpup 57875 device_id 30115
[RESULT] [ 83124.284449] [RVS-GPUP-TC1] gpup 57875 location_id 62720
[RESULT] [ 83124.284450] [RVS-GPUP-TC1] gpup 57875 domain 0
[RESULT] [ 83124.284450] [RVS-GPUP-TC1] gpup 57875 drm_render_minor 160
[RESULT] [ 83124.284450] [RVS-GPUP-TC1] gpup 57875 hive_id 15543770012376183955
[RESULT] [ 83124.284451] [RVS-GPUP-TC1] gpup 57875 num_sdma_engines 2
[RESULT] [ 83124.284451] [RVS-GPUP-TC1] gpup 57875 num_sdma_xgmi_engines 14
[RESULT] [ 83124.284451] [RVS-GPUP-TC1] gpup 57875 num_sdma_queues_per_engine 8
[RESULT] [ 83124.284452] [RVS-GPUP-TC1] gpup 57875 num_cp_queues 24
[RESULT] [ 83124.284452] [RVS-GPUP-TC1] gpup 57875 cwsr_size 22687744
[RESULT] [ 83124.284452] [RVS-GPUP-TC1] gpup 57875 ctl_stack_size 12288
[RESULT] [ 83124.284453] [RVS-GPUP-TC1] gpup 57875 max_engine_clk_fcompute 2400
[RESULT] [ 83124.284453] [RVS-GPUP-TC1] gpup 57875 local_mem_size 0
[RESULT] [ 83124.284453] [RVS-GPUP-TC1] gpup 57875 fw_version 34
[RESULT] [ 83124.284453] [RVS-GPUP-TC1] gpup 57875 capability 2889327296
[RESULT] [ 83124.284454] [RVS-GPUP-TC1] gpup 57875 capability2 1
[RESULT] [ 83124.284454] [RVS-GPUP-TC1] gpup 57875 debug_prop 1494
[RESULT] [ 83124.284454] [RVS-GPUP-TC1] gpup 57875 sdma_fw_version 12
[RESULT] [ 83124.284455] [RVS-GPUP-TC1] gpup 57875 unique_id 14270588561418100719
[RESULT] [ 83124.284455] [RVS-GPUP-TC1] gpup 57875 num_xcc 8
[RESULT] [ 83124.284455] [RVS-GPUP-TC1] gpup 57875 max_engine_clk_ccompute 3300
[RESULT] [ 83124.284462] [RVS-GPUP-TC1] gpup 57875 0 type 2
[RESULT] [ 83124.284462] [RVS-GPUP-TC1] gpup 57875 0 version_major 0
[RESULT] [ 83124.284462] [RVS-GPUP-TC1] gpup 57875 0 version_minor 0
[RESULT] [ 83124.284463] [RVS-GPUP-TC1] gpup 57875 0 node_from 6
[RESULT] [ 83124.284463] [RVS-GPUP-TC1] gpup 57875 0 node_to 1
[RESULT] [ 83124.284463] [RVS-GPUP-TC1] gpup 57875 0 weight 20
[RESULT] [ 83124.284464] [RVS-GPUP-TC1] gpup 57875 0 min_latency 0
[RESULT] [ 83124.284464] [RVS-GPUP-TC1] gpup 57875 0 max_latency 0
[RESULT] [ 83124.284464] [RVS-GPUP-TC1] gpup 57875 0 min_bandwidth 0
[RESULT] [ 83124.284464] [RVS-GPUP-TC1] gpup 57875 0 max_bandwidth 64000
[RESULT] [ 83124.284465] [RVS-GPUP-TC1] gpup 57875 0 recommended_transfer_size 0
[RESULT] [ 83124.284465] [RVS-GPUP-TC1] gpup 57875 0 recommended_sdma_engine_id_mask 3
[RESULT] [ 83124.284465] [RVS-GPUP-TC1] gpup 57875 0 flags 1
[RESULT] [ 83124.284469] [RVS-GPUP-TC1] gpup 57875 1 type 11
[RESULT] [ 83124.284469] [RVS-GPUP-TC1] gpup 57875 1 version_major 0
[RESULT] [ 83124.284469] [RVS-GPUP-TC1] gpup 57875 1 version_minor 0
[RESULT] [ 83124.284469] [RVS-GPUP-TC1] gpup 57875 1 node_from 6
[RESULT] [ 83124.284470] [RVS-GPUP-TC1] gpup 57875 1 node_to 2
[RESULT] [ 83124.284470] [RVS-GPUP-TC1] gpup 57875 1 weight 15
[RESULT] [ 83124.284470] [RVS-GPUP-TC1] gpup 57875 1 min_latency 0
[RESULT] [ 83124.284470] [RVS-GPUP-TC1] gpup 57875 1 max_latency 0
[RESULT] [ 83124.284471] [RVS-GPUP-TC1] gpup 57875 1 min_bandwidth 76000
[RESULT] [ 83124.284471] [RVS-GPUP-TC1] gpup 57875 1 max_bandwidth 76000
[RESULT] [ 83124.284471] [RVS-GPUP-TC1] gpup 57875 1 recommended_transfer_size 0
[RESULT] [ 83124.284471] [RVS-GPUP-TC1] gpup 57875 1 recommended_sdma_engine_id_mask 16
[RESULT] [ 83124.284473] [RVS-GPUP-TC1] gpup 57875 1 flags 1
[RESULT] [ 83124.284477] [RVS-GPUP-TC1] gpup 57875 2 type 11
[RESULT] [ 83124.284477] [RVS-GPUP-TC1] gpup 57875 2 version_major 0
[RESULT] [ 83124.284477] [RVS-GPUP-TC1] gpup 57875 2 version_minor 0
[RESULT] [ 83124.284477] [RVS-GPUP-TC1] gpup 57875 2 node_from 6
[RESULT] [ 83124.284478] [RVS-GPUP-TC1] gpup 57875 2 node_to 3
[RESULT] [ 83124.284478] [RVS-GPUP-TC1] gpup 57875 2 weight 15
[RESULT] [ 83124.284478] [RVS-GPUP-TC1] gpup 57875 2 min_latency 0
[RESULT] [ 83124.284478] [RVS-GPUP-TC1] gpup 57875 2 max_latency 0
[RESULT] [ 83124.284479] [RVS-GPUP-TC1] gpup 57875 2 min_bandwidth 76000
[RESULT] [ 83124.284479] [RVS-GPUP-TC1] gpup 57875 2 max_bandwidth 76000
[RESULT] [ 83124.284479] [RVS-GPUP-TC1] gpup 57875 2 recommended_transfer_size 0
[RESULT] [ 83124.284479] [RVS-GPUP-TC1] gpup 57875 2 recommended_sdma_engine_id_mask 1024
[RESULT] [ 83124.284480] [RVS-GPUP-TC1] gpup 57875 2 flags 1
[RESULT] [ 83124.284483] [RVS-GPUP-TC1] gpup 57875 3 type 11
[RESULT] [ 83124.284484] [RVS-GPUP-TC1] gpup 57875 3 version_major 0
[RESULT] [ 83124.284484] [RVS-GPUP-TC1] gpup 57875 3 version_minor 0
[RESULT] [ 83124.284484] [RVS-GPUP-TC1] gpup 57875 3 node_from 6
[RESULT] [ 83124.284485] [RVS-GPUP-TC1] gpup 57875 3 node_to 4
[RESULT] [ 83124.284485] [RVS-GPUP-TC1] gpup 57875 3 weight 15
[RESULT] [ 83124.284485] [RVS-GPUP-TC1] gpup 57875 3 min_latency 0
[RESULT] [ 83124.284485] [RVS-GPUP-TC1] gpup 57875 3 max_latency 0
[RESULT] [ 83124.284486] [RVS-GPUP-TC1] gpup 57875 3 min_bandwidth 76000
[RESULT] [ 83124.284486] [RVS-GPUP-TC1] gpup 57875 3 max_bandwidth 76000
[RESULT] [ 83124.284486] [RVS-GPUP-TC1] gpup 57875 3 recommended_transfer_size 0
[RESULT] [ 83124.284486] [RVS-GPUP-TC1] gpup 57875 3 recommended_sdma_engine_id_mask 256
[RESULT] [ 83124.284487] [RVS-GPUP-TC1] gpup 57875 3 flags 1
[RESULT] [ 83124.284490] [RVS-GPUP-TC1] gpup 57875 4 type 11
[RESULT] [ 83124.284491] [RVS-GPUP-TC1] gpup 57875 4 version_major 0
[RESULT] [ 83124.284491] [RVS-GPUP-TC1] gpup 57875 4 version_minor 0
[RESULT] [ 83124.284491] [RVS-GPUP-TC1] gpup 57875 4 node_from 6
[RESULT] [ 83124.284491] [RVS-GPUP-TC1] gpup 57875 4 node_to 5
[RESULT] [ 83124.284492] [RVS-GPUP-TC1] gpup 57875 4 weight 15
[RESULT] [ 83124.284492] [RVS-GPUP-TC1] gpup 57875 4 min_latency 0
[RESULT] [ 83124.284492] [RVS-GPUP-TC1] gpup 57875 4 max_latency 0
[RESULT] [ 83124.284492] [RVS-GPUP-TC1] gpup 57875 4 min_bandwidth 76000
[RESULT] [ 83124.284493] [RVS-GPUP-TC1] gpup 57875 4 max_bandwidth 76000
[RESULT] [ 83124.284493] [RVS-GPUP-TC1] gpup 57875 4 recommended_transfer_size 0
[RESULT] [ 83124.284493] [RVS-GPUP-TC1] gpup 57875 4 recommended_sdma_engine_id_mask 64
[RESULT] [ 83124.284493] [RVS-GPUP-TC1] gpup 57875 4 flags 1
[RESULT] [ 83124.284497] [RVS-GPUP-TC1] gpup 57875 5 type 11
[RESULT] [ 83124.284497] [RVS-GPUP-TC1] gpup 57875 5 version_major 0
[RESULT] [ 83124.284497] [RVS-GPUP-TC1] gpup 57875 5 version_minor 0
[RESULT] [ 83124.284498] [RVS-GPUP-TC1] gpup 57875 5 node_from 6
[RESULT] [ 83124.284498] [RVS-GPUP-TC1] gpup 57875 5 node_to 7
[RESULT] [ 83124.284498] [RVS-GPUP-TC1] gpup 57875 5 weight 15
[RESULT] [ 83124.284498] [RVS-GPUP-TC1] gpup 57875 5 min_latency 0
[RESULT] [ 83124.284499] [RVS-GPUP-TC1] gpup 57875 5 max_latency 0
[RESULT] [ 83124.284499] [RVS-GPUP-TC1] gpup 57875 5 min_bandwidth 76000
[RESULT] [ 83124.284499] [RVS-GPUP-TC1] gpup 57875 5 max_bandwidth 76000
[RESULT] [ 83124.284499] [RVS-GPUP-TC1] gpup 57875 5 recommended_transfer_size 0
[RESULT] [ 83124.284500] [RVS-GPUP-TC1] gpup 57875 5 recommended_sdma_engine_id_mask 4096
[RESULT] [ 83124.284500] [RVS-GPUP-TC1] gpup 57875 5 flags 1
[RESULT] [ 83124.284503] [RVS-GPUP-TC1] gpup 57875 6 type 11
[RESULT] [ 83124.284504] [RVS-GPUP-TC1] gpup 57875 6 version_major 0
[RESULT] [ 83124.284504] [RVS-GPUP-TC1] gpup 57875 6 version_minor 0
[RESULT] [ 83124.284504] [RVS-GPUP-TC1] gpup 57875 6 node_from 6
[RESULT] [ 83124.284505] [RVS-GPUP-TC1] gpup 57875 6 node_to 8
[RESULT] [ 83124.284505] [RVS-GPUP-TC1] gpup 57875 6 weight 15
[RESULT] [ 83124.284507] [RVS-GPUP-TC1] gpup 57875 6 min_latency 0
[RESULT] [ 83124.284508] [RVS-GPUP-TC1] gpup 57875 6 max_latency 0
[RESULT] [ 83124.284508] [RVS-GPUP-TC1] gpup 57875 6 min_bandwidth 76000
[RESULT] [ 83124.284508] [RVS-GPUP-TC1] gpup 57875 6 max_bandwidth 76000
[RESULT] [ 83124.284508] [RVS-GPUP-TC1] gpup 57875 6 recommended_transfer_size 0
[RESULT] [ 83124.284509] [RVS-GPUP-TC1] gpup 57875 6 recommended_sdma_engine_id_mask 16384
[RESULT] [ 83124.284509] [RVS-GPUP-TC1] gpup 57875 6 flags 1
[RESULT] [ 83124.284512] [RVS-GPUP-TC1] gpup 57875 7 type 11
[RESULT] [ 83124.284513] [RVS-GPUP-TC1] gpup 57875 7 version_major 0
[RESULT] [ 83124.284513] [RVS-GPUP-TC1] gpup 57875 7 version_minor 0
[RESULT] [ 83124.284513] [RVS-GPUP-TC1] gpup 57875 7 node_from 6
[RESULT] [ 83124.284513] [RVS-GPUP-TC1] gpup 57875 7 node_to 9
[RESULT] [ 83124.284514] [RVS-GPUP-TC1] gpup 57875 7 weight 15
[RESULT] [ 83124.284514] [RVS-GPUP-TC1] gpup 57875 7 min_latency 0
[RESULT] [ 83124.284514] [RVS-GPUP-TC1] gpup 57875 7 max_latency 0
[RESULT] [ 83124.284514] [RVS-GPUP-TC1] gpup 57875 7 min_bandwidth 76000
[RESULT] [ 83124.284515] [RVS-GPUP-TC1] gpup 57875 7 max_bandwidth 76000
[RESULT] [ 83124.284515] [RVS-GPUP-TC1] gpup 57875 7 recommended_transfer_size 0
[RESULT] [ 83124.284515] [RVS-GPUP-TC1] gpup 57875 7 recommended_sdma_engine_id_mask 4
[RESULT] [ 83124.284516] [RVS-GPUP-TC1] gpup 57875 7 flags 1
[RESULT] [ 83124.284520] [RVS-GPUP-TC1] gpup 1590 cpu_cores_count 0
[RESULT] [ 83124.284520] [RVS-GPUP-TC1] gpup 1590 simd_count 1024
[RESULT] [ 83124.284520] [RVS-GPUP-TC1] gpup 1590 mem_banks_count 1
[RESULT] [ 83124.284521] [RVS-GPUP-TC1] gpup 1590 caches_count 546
[RESULT] [ 83124.284521] [RVS-GPUP-TC1] gpup 1590 io_links_count 8
[RESULT] [ 83124.284521] [RVS-GPUP-TC1] gpup 1590 p2p_links_count 1
[RESULT] [ 83124.284522] [RVS-GPUP-TC1] gpup 1590 cpu_core_id_base 0
[RESULT] [ 83124.284522] [RVS-GPUP-TC1] gpup 1590 simd_id_base 2147487924
[RESULT] [ 83124.284522] [RVS-GPUP-TC1] gpup 1590 max_waves_per_simd 8
[RESULT] [ 83124.284523] [RVS-GPUP-TC1] gpup 1590 lds_size_in_kb 160
[RESULT] [ 83124.284523] [RVS-GPUP-TC1] gpup 1590 gds_size_in_kb 0
[RESULT] [ 83124.284523] [RVS-GPUP-TC1] gpup 1590 num_gws 64
[RESULT] [ 83124.284523] [RVS-GPUP-TC1] gpup 1590 wave_front_size 64
[RESULT] [ 83124.284524] [RVS-GPUP-TC1] gpup 1590 array_count 32
[RESULT] [ 83124.284524] [RVS-GPUP-TC1] gpup 1590 simd_arrays_per_engine 1
[RESULT] [ 83124.284524] [RVS-GPUP-TC1] gpup 1590 cu_per_simd_array 9
[RESULT] [ 83124.284525] [RVS-GPUP-TC1] gpup 1590 simd_per_cu 4
[RESULT] [ 83124.284525] [RVS-GPUP-TC1] gpup 1590 max_slots_scratch_cu 32
[RESULT] [ 83124.284525] [RVS-GPUP-TC1] gpup 1590 gfx_target_version 90500
[RESULT] [ 83124.284526] [RVS-GPUP-TC1] gpup 1590 vendor_id 4098
[RESULT] [ 83124.284526] [RVS-GPUP-TC1] gpup 1590 device_id 30115
[RESULT] [ 83124.284526] [RVS-GPUP-TC1] gpup 1590 location_id 34048
[RESULT] [ 83124.284526] [RVS-GPUP-TC1] gpup 1590 domain 0
[RESULT] [ 83124.284527] [RVS-GPUP-TC1] gpup 1590 drm_render_minor 168
[RESULT] [ 83124.284527] [RVS-GPUP-TC1] gpup 1590 hive_id 15543770012376183955
[RESULT] [ 83124.284527] [RVS-GPUP-TC1] gpup 1590 num_sdma_engines 2
[RESULT] [ 83124.284528] [RVS-GPUP-TC1] gpup 1590 num_sdma_xgmi_engines 14
[RESULT] [ 83124.284528] [RVS-GPUP-TC1] gpup 1590 num_sdma_queues_per_engine 8
[RESULT] [ 83124.284528] [RVS-GPUP-TC1] gpup 1590 num_cp_queues 24
[RESULT] [ 83124.284529] [RVS-GPUP-TC1] gpup 1590 cwsr_size 22687744
[RESULT] [ 83124.284529] [RVS-GPUP-TC1] gpup 1590 ctl_stack_size 12288
[RESULT] [ 83124.284529] [RVS-GPUP-TC1] gpup 1590 max_engine_clk_fcompute 2400
[RESULT] [ 83124.284530] [RVS-GPUP-TC1] gpup 1590 local_mem_size 0
[RESULT] [ 83124.284530] [RVS-GPUP-TC1] gpup 1590 fw_version 34
[RESULT] [ 83124.284530] [RVS-GPUP-TC1] gpup 1590 capability 2889327296
[RESULT] [ 83124.284530] [RVS-GPUP-TC1] gpup 1590 capability2 1
[RESULT] [ 83124.284531] [RVS-GPUP-TC1] gpup 1590 debug_prop 1494
[RESULT] [ 83124.284531] [RVS-GPUP-TC1] gpup 1590 sdma_fw_version 12
[RESULT] [ 83124.284531] [RVS-GPUP-TC1] gpup 1590 unique_id 18342258880017846821
[RESULT] [ 83124.284533] [RVS-GPUP-TC1] gpup 1590 num_xcc 8
[RESULT] [ 83124.284533] [RVS-GPUP-TC1] gpup 1590 max_engine_clk_ccompute 3300
[RESULT] [ 83124.284540] [RVS-GPUP-TC1] gpup 1590 0 type 2
[RESULT] [ 83124.284541] [RVS-GPUP-TC1] gpup 1590 0 version_major 0
[RESULT] [ 83124.284541] [RVS-GPUP-TC1] gpup 1590 0 version_minor 0
[RESULT] [ 83124.284541] [RVS-GPUP-TC1] gpup 1590 0 node_from 7
[RESULT] [ 83124.284541] [RVS-GPUP-TC1] gpup 1590 0 node_to 1
[RESULT] [ 83124.284542] [RVS-GPUP-TC1] gpup 1590 0 weight 20
[RESULT] [ 83124.284542] [RVS-GPUP-TC1] gpup 1590 0 min_latency 0
[RESULT] [ 83124.284542] [RVS-GPUP-TC1] gpup 1590 0 max_latency 0
[RESULT] [ 83124.284542] [RVS-GPUP-TC1] gpup 1590 0 min_bandwidth 0
[RESULT] [ 83124.284543] [RVS-GPUP-TC1] gpup 1590 0 max_bandwidth 64000
[RESULT] [ 83124.284543] [RVS-GPUP-TC1] gpup 1590 0 recommended_transfer_size 0
[RESULT] [ 83124.284543] [RVS-GPUP-TC1] gpup 1590 0 recommended_sdma_engine_id_mask 3
[RESULT] [ 83124.284544] [RVS-GPUP-TC1] gpup 1590 0 flags 1
[RESULT] [ 83124.284547] [RVS-GPUP-TC1] gpup 1590 1 type 11
[RESULT] [ 83124.284547] [RVS-GPUP-TC1] gpup 1590 1 version_major 0
[RESULT] [ 83124.284548] [RVS-GPUP-TC1] gpup 1590 1 version_minor 0
[RESULT] [ 83124.284548] [RVS-GPUP-TC1] gpup 1590 1 node_from 7
[RESULT] [ 83124.284548] [RVS-GPUP-TC1] gpup 1590 1 node_to 2
[RESULT] [ 83124.284548] [RVS-GPUP-TC1] gpup 1590 1 weight 15
[RESULT] [ 83124.284549] [RVS-GPUP-TC1] gpup 1590 1 min_latency 0
[RESULT] [ 83124.284549] [RVS-GPUP-TC1] gpup 1590 1 max_latency 0
[RESULT] [ 83124.284549] [RVS-GPUP-TC1] gpup 1590 1 min_bandwidth 76000
[RESULT] [ 83124.284549] [RVS-GPUP-TC1] gpup 1590 1 max_bandwidth 76000
[RESULT] [ 83124.284550] [RVS-GPUP-TC1] gpup 1590 1 recommended_transfer_size 0
[RESULT] [ 83124.284550] [RVS-GPUP-TC1] gpup 1590 1 recommended_sdma_engine_id_mask 16384
[RESULT] [ 83124.284550] [RVS-GPUP-TC1] gpup 1590 1 flags 1
[RESULT] [ 83124.284553] [RVS-GPUP-TC1] gpup 1590 2 type 11
[RESULT] [ 83124.284554] [RVS-GPUP-TC1] gpup 1590 2 version_major 0
[RESULT] [ 83124.284554] [RVS-GPUP-TC1] gpup 1590 2 version_minor 0
[RESULT] [ 83124.284554] [RVS-GPUP-TC1] gpup 1590 2 node_from 7
[RESULT] [ 83124.284555] [RVS-GPUP-TC1] gpup 1590 2 node_to 3
[RESULT] [ 83124.284555] [RVS-GPUP-TC1] gpup 1590 2 weight 15
[RESULT] [ 83124.284555] [RVS-GPUP-TC1] gpup 1590 2 min_latency 0
[RESULT] [ 83124.284555] [RVS-GPUP-TC1] gpup 1590 2 max_latency 0
[RESULT] [ 83124.284556] [RVS-GPUP-TC1] gpup 1590 2 min_bandwidth 76000
[RESULT] [ 83124.284556] [RVS-GPUP-TC1] gpup 1590 2 max_bandwidth 76000
[RESULT] [ 83124.284556] [RVS-GPUP-TC1] gpup 1590 2 recommended_transfer_size 0
[RESULT] [ 83124.284556] [RVS-GPUP-TC1] gpup 1590 2 recommended_sdma_engine_id_mask 16
[RESULT] [ 83124.284557] [RVS-GPUP-TC1] gpup 1590 2 flags 1
[RESULT] [ 83124.284560] [RVS-GPUP-TC1] gpup 1590 3 type 11
[RESULT] [ 83124.284560] [RVS-GPUP-TC1] gpup 1590 3 version_major 0
[RESULT] [ 83124.284560] [RVS-GPUP-TC1] gpup 1590 3 version_minor 0
[RESULT] [ 83124.284561] [RVS-GPUP-TC1] gpup 1590 3 node_from 7
[RESULT] [ 83124.284561] [RVS-GPUP-TC1] gpup 1590 3 node_to 4
[RESULT] [ 83124.284561] [RVS-GPUP-TC1] gpup 1590 3 weight 15
[RESULT] [ 83124.284561] [RVS-GPUP-TC1] gpup 1590 3 min_latency 0
[RESULT] [ 83124.284562] [RVS-GPUP-TC1] gpup 1590 3 max_latency 0
[RESULT] [ 83124.284562] [RVS-GPUP-TC1] gpup 1590 3 min_bandwidth 76000
[RESULT] [ 83124.284562] [RVS-GPUP-TC1] gpup 1590 3 max_bandwidth 76000
[RESULT] [ 83124.284563] [RVS-GPUP-TC1] gpup 1590 3 recommended_transfer_size 0
[RESULT] [ 83124.284563] [RVS-GPUP-TC1] gpup 1590 3 recommended_sdma_engine_id_mask 64
[RESULT] [ 83124.284563] [RVS-GPUP-TC1] gpup 1590 3 flags 1
[RESULT] [ 83124.284566] [RVS-GPUP-TC1] gpup 1590 4 type 11
[RESULT] [ 83124.284567] [RVS-GPUP-TC1] gpup 1590 4 version_major 0
[RESULT] [ 83124.284567] [RVS-GPUP-TC1] gpup 1590 4 version_minor 0
[RESULT] [ 83124.284567] [RVS-GPUP-TC1] gpup 1590 4 node_from 7
[RESULT] [ 83124.284567] [RVS-GPUP-TC1] gpup 1590 4 node_to 5
[RESULT] [ 83124.284568] [RVS-GPUP-TC1] gpup 1590 4 weight 15
[RESULT] [ 83124.284569] [RVS-GPUP-TC1] gpup 1590 4 min_latency 0
[RESULT] [ 83124.284569] [RVS-GPUP-TC1] gpup 1590 4 max_latency 0
[RESULT] [ 83124.284570] [RVS-GPUP-TC1] gpup 1590 4 min_bandwidth 76000
[RESULT] [ 83124.284570] [RVS-GPUP-TC1] gpup 1590 4 max_bandwidth 76000
[RESULT] [ 83124.284570] [RVS-GPUP-TC1] gpup 1590 4 recommended_transfer_size 0
[RESULT] [ 83124.284571] [RVS-GPUP-TC1] gpup 1590 4 recommended_sdma_engine_id_mask 256
[RESULT] [ 83124.284571] [RVS-GPUP-TC1] gpup 1590 4 flags 1
[RESULT] [ 83124.284574] [RVS-GPUP-TC1] gpup 1590 5 type 11
[RESULT] [ 83124.284575] [RVS-GPUP-TC1] gpup 1590 5 version_major 0
[RESULT] [ 83124.284575] [RVS-GPUP-TC1] gpup 1590 5 version_minor 0
[RESULT] [ 83124.284575] [RVS-GPUP-TC1] gpup 1590 5 node_from 7
[RESULT] [ 83124.284575] [RVS-GPUP-TC1] gpup 1590 5 node_to 6
[RESULT] [ 83124.284576] [RVS-GPUP-TC1] gpup 1590 5 weight 15
[RESULT] [ 83124.284576] [RVS-GPUP-TC1] gpup 1590 5 min_latency 0
[RESULT] [ 83124.284576] [RVS-GPUP-TC1] gpup 1590 5 max_latency 0
[RESULT] [ 83124.284576] [RVS-GPUP-TC1] gpup 1590 5 min_bandwidth 76000
[RESULT] [ 83124.284577] [RVS-GPUP-TC1] gpup 1590 5 max_bandwidth 76000
[RESULT] [ 83124.284577] [RVS-GPUP-TC1] gpup 1590 5 recommended_transfer_size 0
[RESULT] [ 83124.284577] [RVS-GPUP-TC1] gpup 1590 5 recommended_sdma_engine_id_mask 1024
[RESULT] [ 83124.284577] [RVS-GPUP-TC1] gpup 1590 5 flags 1
[RESULT] [ 83124.284581] [RVS-GPUP-TC1] gpup 1590 6 type 11
[RESULT] [ 83124.284581] [RVS-GPUP-TC1] gpup 1590 6 version_major 0
[RESULT] [ 83124.284581] [RVS-GPUP-TC1] gpup 1590 6 version_minor 0
[RESULT] [ 83124.284582] [RVS-GPUP-TC1] gpup 1590 6 node_from 7
[RESULT] [ 83124.284582] [RVS-GPUP-TC1] gpup 1590 6 node_to 8
[RESULT] [ 83124.284582] [RVS-GPUP-TC1] gpup 1590 6 weight 15
[RESULT] [ 83124.284582] [RVS-GPUP-TC1] gpup 1590 6 min_latency 0
[RESULT] [ 83124.284583] [RVS-GPUP-TC1] gpup 1590 6 max_latency 0
[RESULT] [ 83124.284583] [RVS-GPUP-TC1] gpup 1590 6 min_bandwidth 76000
[RESULT] [ 83124.284583] [RVS-GPUP-TC1] gpup 1590 6 max_bandwidth 76000
[RESULT] [ 83124.284583] [RVS-GPUP-TC1] gpup 1590 6 recommended_transfer_size 0
[RESULT] [ 83124.284584] [RVS-GPUP-TC1] gpup 1590 6 recommended_sdma_engine_id_mask 4
[RESULT] [ 83124.284584] [RVS-GPUP-TC1] gpup 1590 6 flags 1
[RESULT] [ 83124.284587] [RVS-GPUP-TC1] gpup 1590 7 type 11
[RESULT] [ 83124.284588] [RVS-GPUP-TC1] gpup 1590 7 version_major 0
[RESULT] [ 83124.284588] [RVS-GPUP-TC1] gpup 1590 7 version_minor 0
[RESULT] [ 83124.284588] [RVS-GPUP-TC1] gpup 1590 7 node_from 7
[RESULT] [ 83124.284588] [RVS-GPUP-TC1] gpup 1590 7 node_to 9
[RESULT] [ 83124.284589] [RVS-GPUP-TC1] gpup 1590 7 weight 15
[RESULT] [ 83124.284589] [RVS-GPUP-TC1] gpup 1590 7 min_latency 0
[RESULT] [ 83124.284589] [RVS-GPUP-TC1] gpup 1590 7 max_latency 0
[RESULT] [ 83124.284589] [RVS-GPUP-TC1] gpup 1590 7 min_bandwidth 76000
[RESULT] [ 83124.284590] [RVS-GPUP-TC1] gpup 1590 7 max_bandwidth 76000
[RESULT] [ 83124.284590] [RVS-GPUP-TC1] gpup 1590 7 recommended_transfer_size 0
[RESULT] [ 83124.284590] [RVS-GPUP-TC1] gpup 1590 7 recommended_sdma_engine_id_mask 4096
[RESULT] [ 83124.284591] [RVS-GPUP-TC1] gpup 1590 7 flags 1
[RESULT] [ 83124.284595] [RVS-GPUP-TC1] gpup 11806 cpu_cores_count 0
[RESULT] [ 83124.284595] [RVS-GPUP-TC1] gpup 11806 simd_count 1024
[RESULT] [ 83124.284595] [RVS-GPUP-TC1] gpup 11806 mem_banks_count 1
[RESULT] [ 83124.284596] [RVS-GPUP-TC1] gpup 11806 caches_count 546
[RESULT] [ 83124.284596] [RVS-GPUP-TC1] gpup 11806 io_links_count 8
[RESULT] [ 83124.284596] [RVS-GPUP-TC1] gpup 11806 p2p_links_count 1
[RESULT] [ 83124.284597] [RVS-GPUP-TC1] gpup 11806 cpu_core_id_base 0
[RESULT] [ 83124.284597] [RVS-GPUP-TC1] gpup 11806 simd_id_base 2147487960
[RESULT] [ 83124.284597] [RVS-GPUP-TC1] gpup 11806 max_waves_per_simd 8
[RESULT] [ 83124.284597] [RVS-GPUP-TC1] gpup 11806 lds_size_in_kb 160
[RESULT] [ 83124.284598] [RVS-GPUP-TC1] gpup 11806 gds_size_in_kb 0
[RESULT] [ 83124.284598] [RVS-GPUP-TC1] gpup 11806 num_gws 64
[RESULT] [ 83124.284598] [RVS-GPUP-TC1] gpup 11806 wave_front_size 64
[RESULT] [ 83124.284599] [RVS-GPUP-TC1] gpup 11806 array_count 32
[RESULT] [ 83124.284600] [RVS-GPUP-TC1] gpup 11806 simd_arrays_per_engine 1
[RESULT] [ 83124.284600] [RVS-GPUP-TC1] gpup 11806 cu_per_simd_array 9
[RESULT] [ 83124.284601] [RVS-GPUP-TC1] gpup 11806 simd_per_cu 4
[RESULT] [ 83124.284601] [RVS-GPUP-TC1] gpup 11806 max_slots_scratch_cu 32
[RESULT] [ 83124.284601] [RVS-GPUP-TC1] gpup 11806 gfx_target_version 90500
[RESULT] [ 83124.284602] [RVS-GPUP-TC1] gpup 11806 vendor_id 4098
[RESULT] [ 83124.284602] [RVS-GPUP-TC1] gpup 11806 device_id 30115
[RESULT] [ 83124.284602] [RVS-GPUP-TC1] gpup 11806 location_id 58624
[RESULT] [ 83124.284602] [RVS-GPUP-TC1] gpup 11806 domain 0
[RESULT] [ 83124.284603] [RVS-GPUP-TC1] gpup 11806 drm_render_minor 176
[RESULT] [ 83124.284603] [RVS-GPUP-TC1] gpup 11806 hive_id 15543770012376183955
[RESULT] [ 83124.284603] [RVS-GPUP-TC1] gpup 11806 num_sdma_engines 2
[RESULT] [ 83124.284604] [RVS-GPUP-TC1] gpup 11806 num_sdma_xgmi_engines 14
[RESULT] [ 83124.284604] [RVS-GPUP-TC1] gpup 11806 num_sdma_queues_per_engine 8
[RESULT] [ 83124.284604] [RVS-GPUP-TC1] gpup 11806 num_cp_queues 24
[RESULT] [ 83124.284605] [RVS-GPUP-TC1] gpup 11806 cwsr_size 22687744
[RESULT] [ 83124.284605] [RVS-GPUP-TC1] gpup 11806 ctl_stack_size 12288
[RESULT] [ 83124.284605] [RVS-GPUP-TC1] gpup 11806 max_engine_clk_fcompute 2400
[RESULT] [ 83124.284606] [RVS-GPUP-TC1] gpup 11806 local_mem_size 0
[RESULT] [ 83124.284606] [RVS-GPUP-TC1] gpup 11806 fw_version 34
[RESULT] [ 83124.284606] [RVS-GPUP-TC1] gpup 11806 capability 2889327296
[RESULT] [ 83124.284606] [RVS-GPUP-TC1] gpup 11806 capability2 1
[RESULT] [ 83124.284607] [RVS-GPUP-TC1] gpup 11806 debug_prop 1494
[RESULT] [ 83124.284607] [RVS-GPUP-TC1] gpup 11806 sdma_fw_version 12
[RESULT] [ 83124.284607] [RVS-GPUP-TC1] gpup 11806 unique_id 2246624143245554942
[RESULT] [ 83124.284608] [RVS-GPUP-TC1] gpup 11806 num_xcc 8
[RESULT] [ 83124.284608] [RVS-GPUP-TC1] gpup 11806 max_engine_clk_ccompute 3300
[RESULT] [ 83124.284615] [RVS-GPUP-TC1] gpup 11806 0 type 2
[RESULT] [ 83124.284615] [RVS-GPUP-TC1] gpup 11806 0 version_major 0
[RESULT] [ 83124.284615] [RVS-GPUP-TC1] gpup 11806 0 version_minor 0
[RESULT] [ 83124.284616] [RVS-GPUP-TC1] gpup 11806 0 node_from 8
[RESULT] [ 83124.284616] [RVS-GPUP-TC1] gpup 11806 0 node_to 1
[RESULT] [ 83124.284616] [RVS-GPUP-TC1] gpup 11806 0 weight 20
[RESULT] [ 83124.284616] [RVS-GPUP-TC1] gpup 11806 0 min_latency 0
[RESULT] [ 83124.284617] [RVS-GPUP-TC1] gpup 11806 0 max_latency 0
[RESULT] [ 83124.284617] [RVS-GPUP-TC1] gpup 11806 0 min_bandwidth 0
[RESULT] [ 83124.284617] [RVS-GPUP-TC1] gpup 11806 0 max_bandwidth 64000
[RESULT] [ 83124.284617] [RVS-GPUP-TC1] gpup 11806 0 recommended_transfer_size 0
[RESULT] [ 83124.284618] [RVS-GPUP-TC1] gpup 11806 0 recommended_sdma_engine_id_mask 3
[RESULT] [ 83124.284618] [RVS-GPUP-TC1] gpup 11806 0 flags 1
[RESULT] [ 83124.284622] [RVS-GPUP-TC1] gpup 11806 1 type 11
[RESULT] [ 83124.284622] [RVS-GPUP-TC1] gpup 11806 1 version_major 0
[RESULT] [ 83124.284622] [RVS-GPUP-TC1] gpup 11806 1 version_minor 0
[RESULT] [ 83124.284622] [RVS-GPUP-TC1] gpup 11806 1 node_from 8
[RESULT] [ 83124.284623] [RVS-GPUP-TC1] gpup 11806 1 node_to 2
[RESULT] [ 83124.284623] [RVS-GPUP-TC1] gpup 11806 1 weight 15
[RESULT] [ 83124.284623] [RVS-GPUP-TC1] gpup 11806 1 min_latency 0
[RESULT] [ 83124.284623] [RVS-GPUP-TC1] gpup 11806 1 max_latency 0
[RESULT] [ 83124.284624] [RVS-GPUP-TC1] gpup 11806 1 min_bandwidth 76000
[RESULT] [ 83124.284624] [RVS-GPUP-TC1] gpup 11806 1 max_bandwidth 76000
[RESULT] [ 83124.284624] [RVS-GPUP-TC1] gpup 11806 1 recommended_transfer_size 0
[RESULT] [ 83124.284624] [RVS-GPUP-TC1] gpup 11806 1 recommended_sdma_engine_id_mask 256
[RESULT] [ 83124.284625] [RVS-GPUP-TC1] gpup 11806 1 flags 1
[RESULT] [ 83124.284629] [RVS-GPUP-TC1] gpup 11806 2 type 11
[RESULT] [ 83124.284629] [RVS-GPUP-TC1] gpup 11806 2 version_major 0
[RESULT] [ 83124.284629] [RVS-GPUP-TC1] gpup 11806 2 version_minor 0
[RESULT] [ 83124.284630] [RVS-GPUP-TC1] gpup 11806 2 node_from 8
[RESULT] [ 83124.284630] [RVS-GPUP-TC1] gpup 11806 2 node_to 3
[RESULT] [ 83124.284630] [RVS-GPUP-TC1] gpup 11806 2 weight 15
[RESULT] [ 83124.284632] [RVS-GPUP-TC1] gpup 11806 2 min_latency 0
[RESULT] [ 83124.284632] [RVS-GPUP-TC1] gpup 11806 2 max_latency 0
[RESULT] [ 83124.284632] [RVS-GPUP-TC1] gpup 11806 2 min_bandwidth 76000
[RESULT] [ 83124.284633] [RVS-GPUP-TC1] gpup 11806 2 max_bandwidth 76000
[RESULT] [ 83124.284633] [RVS-GPUP-TC1] gpup 11806 2 recommended_transfer_size 0
[RESULT] [ 83124.284633] [RVS-GPUP-TC1] gpup 11806 2 recommended_sdma_engine_id_mask 64
[RESULT] [ 83124.284633] [RVS-GPUP-TC1] gpup 11806 2 flags 1
[RESULT] [ 83124.284637] [RVS-GPUP-TC1] gpup 11806 3 type 11
[RESULT] [ 83124.284638] [RVS-GPUP-TC1] gpup 11806 3 version_major 0
[RESULT] [ 83124.284638] [RVS-GPUP-TC1] gpup 11806 3 version_minor 0
[RESULT] [ 83124.284638] [RVS-GPUP-TC1] gpup 11806 3 node_from 8
[RESULT] [ 83124.284638] [RVS-GPUP-TC1] gpup 11806 3 node_to 4
[RESULT] [ 83124.284639] [RVS-GPUP-TC1] gpup 11806 3 weight 15
[RESULT] [ 83124.284639] [RVS-GPUP-TC1] gpup 11806 3 min_latency 0
[RESULT] [ 83124.284639] [RVS-GPUP-TC1] gpup 11806 3 max_latency 0
[RESULT] [ 83124.284639] [RVS-GPUP-TC1] gpup 11806 3 min_bandwidth 76000
[RESULT] [ 83124.284640] [RVS-GPUP-TC1] gpup 11806 3 max_bandwidth 76000
[RESULT] [ 83124.284640] [RVS-GPUP-TC1] gpup 11806 3 recommended_transfer_size 0
[RESULT] [ 83124.284640] [RVS-GPUP-TC1] gpup 11806 3 recommended_sdma_engine_id_mask 16
[RESULT] [ 83124.284641] [RVS-GPUP-TC1] gpup 11806 3 flags 1
[RESULT] [ 83124.284644] [RVS-GPUP-TC1] gpup 11806 4 type 11
[RESULT] [ 83124.284644] [RVS-GPUP-TC1] gpup 11806 4 version_major 0
[RESULT] [ 83124.284645] [RVS-GPUP-TC1] gpup 11806 4 version_minor 0
[RESULT] [ 83124.284645] [RVS-GPUP-TC1] gpup 11806 4 node_from 8
[RESULT] [ 83124.284645] [RVS-GPUP-TC1] gpup 11806 4 node_to 5
[RESULT] [ 83124.284645] [RVS-GPUP-TC1] gpup 11806 4 weight 15
[RESULT] [ 83124.284646] [RVS-GPUP-TC1] gpup 11806 4 min_latency 0
[RESULT] [ 83124.284646] [RVS-GPUP-TC1] gpup 11806 4 max_latency 0
[RESULT] [ 83124.284646] [RVS-GPUP-TC1] gpup 11806 4 min_bandwidth 76000
[RESULT] [ 83124.284646] [RVS-GPUP-TC1] gpup 11806 4 max_bandwidth 76000
[RESULT] [ 83124.284647] [RVS-GPUP-TC1] gpup 11806 4 recommended_transfer_size 0
[RESULT] [ 83124.284647] [RVS-GPUP-TC1] gpup 11806 4 recommended_sdma_engine_id_mask 4096
[RESULT] [ 83124.284647] [RVS-GPUP-TC1] gpup 11806 4 flags 1
[RESULT] [ 83124.284651] [RVS-GPUP-TC1] gpup 11806 5 type 11
[RESULT] [ 83124.284651] [RVS-GPUP-TC1] gpup 11806 5 version_major 0
[RESULT] [ 83124.284651] [RVS-GPUP-TC1] gpup 11806 5 version_minor 0
[RESULT] [ 83124.284652] [RVS-GPUP-TC1] gpup 11806 5 node_from 8
[RESULT] [ 83124.284652] [RVS-GPUP-TC1] gpup 11806 5 node_to 6
[RESULT] [ 83124.284652] [RVS-GPUP-TC1] gpup 11806 5 weight 15
[RESULT] [ 83124.284652] [RVS-GPUP-TC1] gpup 11806 5 min_latency 0
[RESULT] [ 83124.284653] [RVS-GPUP-TC1] gpup 11806 5 max_latency 0
[RESULT] [ 83124.284653] [RVS-GPUP-TC1] gpup 11806 5 min_bandwidth 76000
[RESULT] [ 83124.284653] [RVS-GPUP-TC1] gpup 11806 5 max_bandwidth 76000
[RESULT] [ 83124.284653] [RVS-GPUP-TC1] gpup 11806 5 recommended_transfer_size 0
[RESULT] [ 83124.284654] [RVS-GPUP-TC1] gpup 11806 5 recommended_sdma_engine_id_mask 16384
[RESULT] [ 83124.284654] [RVS-GPUP-TC1] gpup 11806 5 flags 1
[RESULT] [ 83124.284657] [RVS-GPUP-TC1] gpup 11806 6 type 11
[RESULT] [ 83124.284658] [RVS-GPUP-TC1] gpup 11806 6 version_major 0
[RESULT] [ 83124.284658] [RVS-GPUP-TC1] gpup 11806 6 version_minor 0
[RESULT] [ 83124.284658] [RVS-GPUP-TC1] gpup 11806 6 node_from 8
[RESULT] [ 83124.284658] [RVS-GPUP-TC1] gpup 11806 6 node_to 7
[RESULT] [ 83124.284659] [RVS-GPUP-TC1] gpup 11806 6 weight 15
[RESULT] [ 83124.284659] [RVS-GPUP-TC1] gpup 11806 6 min_latency 0
[RESULT] [ 83124.284659] [RVS-GPUP-TC1] gpup 11806 6 max_latency 0
[RESULT] [ 83124.284659] [RVS-GPUP-TC1] gpup 11806 6 min_bandwidth 76000
[RESULT] [ 83124.284660] [RVS-GPUP-TC1] gpup 11806 6 max_bandwidth 76000
[RESULT] [ 83124.284660] [RVS-GPUP-TC1] gpup 11806 6 recommended_transfer_size 0
[RESULT] [ 83124.284660] [RVS-GPUP-TC1] gpup 11806 6 recommended_sdma_engine_id_mask 4
[RESULT] [ 83124.284662] [RVS-GPUP-TC1] gpup 11806 6 flags 1
[RESULT] [ 83124.284665] [RVS-GPUP-TC1] gpup 11806 7 type 11
[RESULT] [ 83124.284665] [RVS-GPUP-TC1] gpup 11806 7 version_major 0
[RESULT] [ 83124.284666] [RVS-GPUP-TC1] gpup 11806 7 version_minor 0
[RESULT] [ 83124.284666] [RVS-GPUP-TC1] gpup 11806 7 node_from 8
[RESULT] [ 83124.284666] [RVS-GPUP-TC1] gpup 11806 7 node_to 9
[RESULT] [ 83124.284667] [RVS-GPUP-TC1] gpup 11806 7 weight 15
[RESULT] [ 83124.284667] [RVS-GPUP-TC1] gpup 11806 7 min_latency 0
[RESULT] [ 83124.284667] [RVS-GPUP-TC1] gpup 11806 7 max_latency 0
[RESULT] [ 83124.284667] [RVS-GPUP-TC1] gpup 11806 7 min_bandwidth 76000
[RESULT] [ 83124.284668] [RVS-GPUP-TC1] gpup 11806 7 max_bandwidth 76000
[RESULT] [ 83124.284668] [RVS-GPUP-TC1] gpup 11806 7 recommended_transfer_size 0
[RESULT] [ 83124.284668] [RVS-GPUP-TC1] gpup 11806 7 recommended_sdma_engine_id_mask 1024
[RESULT] [ 83124.284668] [RVS-GPUP-TC1] gpup 11806 7 flags 1
[RESULT] [ 83124.284673] [RVS-GPUP-TC1] gpup 51771 cpu_cores_count 0
[RESULT] [ 83124.284673] [RVS-GPUP-TC1] gpup 51771 simd_count 1024
[RESULT] [ 83124.284673] [RVS-GPUP-TC1] gpup 51771 mem_banks_count 1
[RESULT] [ 83124.284674] [RVS-GPUP-TC1] gpup 51771 caches_count 546
[RESULT] [ 83124.284674] [RVS-GPUP-TC1] gpup 51771 io_links_count 8
[RESULT] [ 83124.284674] [RVS-GPUP-TC1] gpup 51771 p2p_links_count 1
[RESULT] [ 83124.284675] [RVS-GPUP-TC1] gpup 51771 cpu_core_id_base 0
[RESULT] [ 83124.284675] [RVS-GPUP-TC1] gpup 51771 simd_id_base 2147487996
[RESULT] [ 83124.284675] [RVS-GPUP-TC1] gpup 51771 max_waves_per_simd 8
[RESULT] [ 83124.284675] [RVS-GPUP-TC1] gpup 51771 lds_size_in_kb 160
[RESULT] [ 83124.284676] [RVS-GPUP-TC1] gpup 51771 gds_size_in_kb 0
[RESULT] [ 83124.284676] [RVS-GPUP-TC1] gpup 51771 num_gws 64
[RESULT] [ 83124.284676] [RVS-GPUP-TC1] gpup 51771 wave_front_size 64
[RESULT] [ 83124.284677] [RVS-GPUP-TC1] gpup 51771 array_count 32
[RESULT] [ 83124.284677] [RVS-GPUP-TC1] gpup 51771 simd_arrays_per_engine 1
[RESULT] [ 83124.284677] [RVS-GPUP-TC1] gpup 51771 cu_per_simd_array 9
[RESULT] [ 83124.284677] [RVS-GPUP-TC1] gpup 51771 simd_per_cu 4
[RESULT] [ 83124.284678] [RVS-GPUP-TC1] gpup 51771 max_slots_scratch_cu 32
[RESULT] [ 83124.284678] [RVS-GPUP-TC1] gpup 51771 gfx_target_version 90500
[RESULT] [ 83124.284678] [RVS-GPUP-TC1] gpup 51771 vendor_id 4098
[RESULT] [ 83124.284679] [RVS-GPUP-TC1] gpup 51771 device_id 30115
[RESULT] [ 83124.284679] [RVS-GPUP-TC1] gpup 51771 location_id 38144
[RESULT] [ 83124.284679] [RVS-GPUP-TC1] gpup 51771 domain 0
[RESULT] [ 83124.284679] [RVS-GPUP-TC1] gpup 51771 drm_render_minor 184
[RESULT] [ 83124.284680] [RVS-GPUP-TC1] gpup 51771 hive_id 15543770012376183955
[RESULT] [ 83124.284680] [RVS-GPUP-TC1] gpup 51771 num_sdma_engines 2
[RESULT] [ 83124.284680] [RVS-GPUP-TC1] gpup 51771 num_sdma_xgmi_engines 14
[RESULT] [ 83124.284681] [RVS-GPUP-TC1] gpup 51771 num_sdma_queues_per_engine 8
[RESULT] [ 83124.284681] [RVS-GPUP-TC1] gpup 51771 num_cp_queues 24
[RESULT] [ 83124.284681] [RVS-GPUP-TC1] gpup 51771 cwsr_size 22687744
[RESULT] [ 83124.284682] [RVS-GPUP-TC1] gpup 51771 ctl_stack_size 12288
[RESULT] [ 83124.284682] [RVS-GPUP-TC1] gpup 51771 max_engine_clk_fcompute 2400
[RESULT] [ 83124.284682] [RVS-GPUP-TC1] gpup 51771 local_mem_size 0
[RESULT] [ 83124.284683] [RVS-GPUP-TC1] gpup 51771 fw_version 34
[RESULT] [ 83124.284683] [RVS-GPUP-TC1] gpup 51771 capability 2889327296
[RESULT] [ 83124.284683] [RVS-GPUP-TC1] gpup 51771 capability2 1
[RESULT] [ 83124.284684] [RVS-GPUP-TC1] gpup 51771 debug_prop 1494
[RESULT] [ 83124.284684] [RVS-GPUP-TC1] gpup 51771 sdma_fw_version 12
[RESULT] [ 83124.284684] [RVS-GPUP-TC1] gpup 51771 unique_id 4167359005928280700
[RESULT] [ 83124.284684] [RVS-GPUP-TC1] gpup 51771 num_xcc 8
[RESULT] [ 83124.284685] [RVS-GPUP-TC1] gpup 51771 max_engine_clk_ccompute 3300
[RESULT] [ 83124.284692] [RVS-GPUP-TC1] gpup 51771 0 type 2
[RESULT] [ 83124.284692] [RVS-GPUP-TC1] gpup 51771 0 version_major 0
[RESULT] [ 83124.284693] [RVS-GPUP-TC1] gpup 51771 0 version_minor 0
[RESULT] [ 83124.284693] [RVS-GPUP-TC1] gpup 51771 0 node_from 9
[RESULT] [ 83124.284694] [RVS-GPUP-TC1] gpup 51771 0 node_to 1
[RESULT] [ 83124.284695] [RVS-GPUP-TC1] gpup 51771 0 weight 20
[RESULT] [ 83124.284695] [RVS-GPUP-TC1] gpup 51771 0 min_latency 0
[RESULT] [ 83124.284695] [RVS-GPUP-TC1] gpup 51771 0 max_latency 0
[RESULT] [ 83124.284695] [RVS-GPUP-TC1] gpup 51771 0 min_bandwidth 0
[RESULT] [ 83124.284696] [RVS-GPUP-TC1] gpup 51771 0 max_bandwidth 64000
[RESULT] [ 83124.284696] [RVS-GPUP-TC1] gpup 51771 0 recommended_transfer_size 0
[RESULT] [ 83124.284696] [RVS-GPUP-TC1] gpup 51771 0 recommended_sdma_engine_id_mask 3
[RESULT] [ 83124.284696] [RVS-GPUP-TC1] gpup 51771 0 flags 1
[RESULT] [ 83124.284700] [RVS-GPUP-TC1] gpup 51771 1 type 11
[RESULT] [ 83124.284700] [RVS-GPUP-TC1] gpup 51771 1 version_major 0
[RESULT] [ 83124.284700] [RVS-GPUP-TC1] gpup 51771 1 version_minor 0
[RESULT] [ 83124.284701] [RVS-GPUP-TC1] gpup 51771 1 node_from 9
[RESULT] [ 83124.284701] [RVS-GPUP-TC1] gpup 51771 1 node_to 2
[RESULT] [ 83124.284701] [RVS-GPUP-TC1] gpup 51771 1 weight 15
[RESULT] [ 83124.284701] [RVS-GPUP-TC1] gpup 51771 1 min_latency 0
[RESULT] [ 83124.284702] [RVS-GPUP-TC1] gpup 51771 1 max_latency 0
[RESULT] [ 83124.284702] [RVS-GPUP-TC1] gpup 51771 1 min_bandwidth 76000
[RESULT] [ 83124.284702] [RVS-GPUP-TC1] gpup 51771 1 max_bandwidth 76000
[RESULT] [ 83124.284702] [RVS-GPUP-TC1] gpup 51771 1 recommended_transfer_size 0
[RESULT] [ 83124.284703] [RVS-GPUP-TC1] gpup 51771 1 recommended_sdma_engine_id_mask 64
[RESULT] [ 83124.284703] [RVS-GPUP-TC1] gpup 51771 1 flags 1
[RESULT] [ 83124.284706] [RVS-GPUP-TC1] gpup 51771 2 type 11
[RESULT] [ 83124.284707] [RVS-GPUP-TC1] gpup 51771 2 version_major 0
[RESULT] [ 83124.284707] [RVS-GPUP-TC1] gpup 51771 2 version_minor 0
[RESULT] [ 83124.284707] [RVS-GPUP-TC1] gpup 51771 2 node_from 9
[RESULT] [ 83124.284707] [RVS-GPUP-TC1] gpup 51771 2 node_to 3
[RESULT] [ 83124.284708] [RVS-GPUP-TC1] gpup 51771 2 weight 15
[RESULT] [ 83124.284708] [RVS-GPUP-TC1] gpup 51771 2 min_latency 0
[RESULT] [ 83124.284708] [RVS-GPUP-TC1] gpup 51771 2 max_latency 0
[RESULT] [ 83124.284709] [RVS-GPUP-TC1] gpup 51771 2 min_bandwidth 76000
[RESULT] [ 83124.284709] [RVS-GPUP-TC1] gpup 51771 2 max_bandwidth 76000
[RESULT] [ 83124.284709] [RVS-GPUP-TC1] gpup 51771 2 recommended_transfer_size 0
[RESULT] [ 83124.284709] [RVS-GPUP-TC1] gpup 51771 2 recommended_sdma_engine_id_mask 256
[RESULT] [ 83124.284710] [RVS-GPUP-TC1] gpup 51771 2 flags 1
[RESULT] [ 83124.284713] [RVS-GPUP-TC1] gpup 51771 3 type 11
[RESULT] [ 83124.284713] [RVS-GPUP-TC1] gpup 51771 3 version_major 0
[RESULT] [ 83124.284713] [RVS-GPUP-TC1] gpup 51771 3 version_minor 0
[RESULT] [ 83124.284714] [RVS-GPUP-TC1] gpup 51771 3 node_from 9
[RESULT] [ 83124.284714] [RVS-GPUP-TC1] gpup 51771 3 node_to 4
[RESULT] [ 83124.284714] [RVS-GPUP-TC1] gpup 51771 3 weight 15
[RESULT] [ 83124.284714] [RVS-GPUP-TC1] gpup 51771 3 min_latency 0
[RESULT] [ 83124.284715] [RVS-GPUP-TC1] gpup 51771 3 max_latency 0
[RESULT] [ 83124.284715] [RVS-GPUP-TC1] gpup 51771 3 min_bandwidth 76000
[RESULT] [ 83124.284715] [RVS-GPUP-TC1] gpup 51771 3 max_bandwidth 76000
[RESULT] [ 83124.284716] [RVS-GPUP-TC1] gpup 51771 3 recommended_transfer_size 0
[RESULT] [ 83124.284716] [RVS-GPUP-TC1] gpup 51771 3 recommended_sdma_engine_id_mask 16384
[RESULT] [ 83124.284716] [RVS-GPUP-TC1] gpup 51771 3 flags 1
[RESULT] [ 83124.284720] [RVS-GPUP-TC1] gpup 51771 4 type 11
[RESULT] [ 83124.284720] [RVS-GPUP-TC1] gpup 51771 4 version_major 0
[RESULT] [ 83124.284720] [RVS-GPUP-TC1] gpup 51771 4 version_minor 0
[RESULT] [ 83124.284720] [RVS-GPUP-TC1] gpup 51771 4 node_from 9
[RESULT] [ 83124.284721] [RVS-GPUP-TC1] gpup 51771 4 node_to 5
[RESULT] [ 83124.284721] [RVS-GPUP-TC1] gpup 51771 4 weight 15
[RESULT] [ 83124.284721] [RVS-GPUP-TC1] gpup 51771 4 min_latency 0
[RESULT] [ 83124.284721] [RVS-GPUP-TC1] gpup 51771 4 max_latency 0
[RESULT] [ 83124.284722] [RVS-GPUP-TC1] gpup 51771 4 min_bandwidth 76000
[RESULT] [ 83124.284722] [RVS-GPUP-TC1] gpup 51771 4 max_bandwidth 76000
[RESULT] [ 83124.284722] [RVS-GPUP-TC1] gpup 51771 4 recommended_transfer_size 0
[RESULT] [ 83124.284724] [RVS-GPUP-TC1] gpup 51771 4 recommended_sdma_engine_id_mask 16
[RESULT] [ 83124.284724] [RVS-GPUP-TC1] gpup 51771 4 flags 1
[RESULT] [ 83124.284728] [RVS-GPUP-TC1] gpup 51771 5 type 11
[RESULT] [ 83124.284728] [RVS-GPUP-TC1] gpup 51771 5 version_major 0
[RESULT] [ 83124.284728] [RVS-GPUP-TC1] gpup 51771 5 version_minor 0
[RESULT] [ 83124.284728] [RVS-GPUP-TC1] gpup 51771 5 node_from 9
[RESULT] [ 83124.284729] [RVS-GPUP-TC1] gpup 51771 5 node_to 6
[RESULT] [ 83124.284729] [RVS-GPUP-TC1] gpup 51771 5 weight 15
[RESULT] [ 83124.284729] [RVS-GPUP-TC1] gpup 51771 5 min_latency 0
[RESULT] [ 83124.284729] [RVS-GPUP-TC1] gpup 51771 5 max_latency 0
[RESULT] [ 83124.284730] [RVS-GPUP-TC1] gpup 51771 5 min_bandwidth 76000
[RESULT] [ 83124.284730] [RVS-GPUP-TC1] gpup 51771 5 max_bandwidth 76000
[RESULT] [ 83124.284730] [RVS-GPUP-TC1] gpup 51771 5 recommended_transfer_size 0
[RESULT] [ 83124.284731] [RVS-GPUP-TC1] gpup 51771 5 recommended_sdma_engine_id_mask 4
[RESULT] [ 83124.284731] [RVS-GPUP-TC1] gpup 51771 5 flags 1
[RESULT] [ 83124.284734] [RVS-GPUP-TC1] gpup 51771 6 type 11
[RESULT] [ 83124.284735] [RVS-GPUP-TC1] gpup 51771 6 version_major 0
[RESULT] [ 83124.284735] [RVS-GPUP-TC1] gpup 51771 6 version_minor 0
[RESULT] [ 83124.284735] [RVS-GPUP-TC1] gpup 51771 6 node_from 9
[RESULT] [ 83124.284735] [RVS-GPUP-TC1] gpup 51771 6 node_to 7
[RESULT] [ 83124.284736] [RVS-GPUP-TC1] gpup 51771 6 weight 15
[RESULT] [ 83124.284736] [RVS-GPUP-TC1] gpup 51771 6 min_latency 0
[RESULT] [ 83124.284736] [RVS-GPUP-TC1] gpup 51771 6 max_latency 0
[RESULT] [ 83124.284736] [RVS-GPUP-TC1] gpup 51771 6 min_bandwidth 76000
[RESULT] [ 83124.284737] [RVS-GPUP-TC1] gpup 51771 6 max_bandwidth 76000
[RESULT] [ 83124.284737] [RVS-GPUP-TC1] gpup 51771 6 recommended_transfer_size 0
[RESULT] [ 83124.284737] [RVS-GPUP-TC1] gpup 51771 6 recommended_sdma_engine_id_mask 1024
[RESULT] [ 83124.284737] [RVS-GPUP-TC1] gpup 51771 6 flags 1
[RESULT] [ 83124.284741] [RVS-GPUP-TC1] gpup 51771 7 type 11
[RESULT] [ 83124.284741] [RVS-GPUP-TC1] gpup 51771 7 version_major 0
[RESULT] [ 83124.284742] [RVS-GPUP-TC1] gpup 51771 7 version_minor 0
[RESULT] [ 83124.284742] [RVS-GPUP-TC1] gpup 51771 7 node_from 9
[RESULT] [ 83124.284742] [RVS-GPUP-TC1] gpup 51771 7 node_to 8
[RESULT] [ 83124.284742] [RVS-GPUP-TC1] gpup 51771 7 weight 15
[RESULT] [ 83124.284743] [RVS-GPUP-TC1] gpup 51771 7 min_latency 0
[RESULT] [ 83124.284743] [RVS-GPUP-TC1] gpup 51771 7 max_latency 0
[RESULT] [ 83124.284743] [RVS-GPUP-TC1] gpup 51771 7 min_bandwidth 76000
[RESULT] [ 83124.284743] [RVS-GPUP-TC1] gpup 51771 7 max_bandwidth 76000
[RESULT] [ 83124.284744] [RVS-GPUP-TC1] gpup 51771 7 recommended_transfer_size 0
[RESULT] [ 83124.284744] [RVS-GPUP-TC1] gpup 51771 7 recommended_sdma_engine_id_mask 4096
[RESULT] [ 83124.284744] [RVS-GPUP-TC1] gpup 51771 7 flags 1
[RESULT] [ 83124.284753] Action name :RVS-GPUP-TC2
[RESULT] [ 83124.284754] Module name :gpup
[INFO  ] [ 83124.284763] Missing 'device_index' key.
[RESULT] [ 83124.284939] [RVS-GPUP-TC2] gpup 17010 simd_count 1024
[RESULT] [ 83124.284939] [RVS-GPUP-TC2] gpup 17010 mem_banks_count 1
[RESULT] [ 83124.284940] [RVS-GPUP-TC2] gpup 17010 io_links_count 8
[RESULT] [ 83124.284942] [RVS-GPUP-TC2] gpup 17010 vendor_id 4098
[RESULT] [ 83124.284942] [RVS-GPUP-TC2] gpup 17010 location_id 29952
[RESULT] [ 83124.284944] [RVS-GPUP-TC2] gpup 17010 max_engine_clk_ccompute 3300
[RESULT] [ 83124.284951] [RVS-GPUP-TC2] gpup 17010 0 type 2
[RESULT] [ 83124.284951] [RVS-GPUP-TC2] gpup 17010 0 version_major 0
[RESULT] [ 83124.284951] [RVS-GPUP-TC2] gpup 17010 0 version_minor 0
[RESULT] [ 83124.284952] [RVS-GPUP-TC2] gpup 17010 0 node_from 2
[RESULT] [ 83124.284952] [RVS-GPUP-TC2] gpup 17010 0 node_to 0
[RESULT] [ 83124.284953] [RVS-GPUP-TC2] gpup 17010 0 recommended_transfer_size 0
[RESULT] [ 83124.284953] [RVS-GPUP-TC2] gpup 17010 0 flags 1
[RESULT] [ 83124.284956] [RVS-GPUP-TC2] gpup 17010 1 type 11
[RESULT] [ 83124.284957] [RVS-GPUP-TC2] gpup 17010 1 version_major 0
[RESULT] [ 83124.284957] [RVS-GPUP-TC2] gpup 17010 1 version_minor 0
[RESULT] [ 83124.284959] [RVS-GPUP-TC2] gpup 17010 1 node_from 2
[RESULT] [ 83124.284959] [RVS-GPUP-TC2] gpup 17010 1 node_to 3
[RESULT] [ 83124.284960] [RVS-GPUP-TC2] gpup 17010 1 recommended_transfer_size 0
[RESULT] [ 83124.284960] [RVS-GPUP-TC2] gpup 17010 1 flags 1
[RESULT] [ 83124.284964] [RVS-GPUP-TC2] gpup 17010 2 type 11
[RESULT] [ 83124.284964] [RVS-GPUP-TC2] gpup 17010 2 version_major 0
[RESULT] [ 83124.284964] [RVS-GPUP-TC2] gpup 17010 2 version_minor 0
[RESULT] [ 83124.284964] [RVS-GPUP-TC2] gpup 17010 2 node_from 2
[RESULT] [ 83124.284965] [RVS-GPUP-TC2] gpup 17010 2 node_to 4
[RESULT] [ 83124.284965] [RVS-GPUP-TC2] gpup 17010 2 recommended_transfer_size 0
[RESULT] [ 83124.284966] [RVS-GPUP-TC2] gpup 17010 2 flags 1
[RESULT] [ 83124.284969] [RVS-GPUP-TC2] gpup 17010 3 type 11
[RESULT] [ 83124.284969] [RVS-GPUP-TC2] gpup 17010 3 version_major 0
[RESULT] [ 83124.284969] [RVS-GPUP-TC2] gpup 17010 3 version_minor 0
[RESULT] [ 83124.284970] [RVS-GPUP-TC2] gpup 17010 3 node_from 2
[RESULT] [ 83124.284970] [RVS-GPUP-TC2] gpup 17010 3 node_to 5
[RESULT] [ 83124.284970] [RVS-GPUP-TC2] gpup 17010 3 recommended_transfer_size 0
[RESULT] [ 83124.284971] [RVS-GPUP-TC2] gpup 17010 3 flags 1
[RESULT] [ 83124.284974] [RVS-GPUP-TC2] gpup 17010 4 type 11
[RESULT] [ 83124.284974] [RVS-GPUP-TC2] gpup 17010 4 version_major 0
[RESULT] [ 83124.284975] [RVS-GPUP-TC2] gpup 17010 4 version_minor 0
[RESULT] [ 83124.284975] [RVS-GPUP-TC2] gpup 17010 4 node_from 2
[RESULT] [ 83124.284975] [RVS-GPUP-TC2] gpup 17010 4 node_to 6
[RESULT] [ 83124.284976] [RVS-GPUP-TC2] gpup 17010 4 recommended_transfer_size 0
[RESULT] [ 83124.284976] [RVS-GPUP-TC2] gpup 17010 4 flags 1
[RESULT] [ 83124.284979] [RVS-GPUP-TC2] gpup 17010 5 type 11
[RESULT] [ 83124.284980] [RVS-GPUP-TC2] gpup 17010 5 version_major 0
[RESULT] [ 83124.284980] [RVS-GPUP-TC2] gpup 17010 5 version_minor 0
[RESULT] [ 83124.284980] [RVS-GPUP-TC2] gpup 17010 5 node_from 2
[RESULT] [ 83124.284980] [RVS-GPUP-TC2] gpup 17010 5 node_to 7
[RESULT] [ 83124.284981] [RVS-GPUP-TC2] gpup 17010 5 recommended_transfer_size 0
[RESULT] [ 83124.284981] [RVS-GPUP-TC2] gpup 17010 5 flags 1
[RESULT] [ 83124.284984] [RVS-GPUP-TC2] gpup 17010 6 type 11
[RESULT] [ 83124.284985] [RVS-GPUP-TC2] gpup 17010 6 version_major 0
[RESULT] [ 83124.284985] [RVS-GPUP-TC2] gpup 17010 6 version_minor 0
[RESULT] [ 83124.284985] [RVS-GPUP-TC2] gpup 17010 6 node_from 2
[RESULT] [ 83124.284986] [RVS-GPUP-TC2] gpup 17010 6 node_to 8
[RESULT] [ 83124.284986] [RVS-GPUP-TC2] gpup 17010 6 recommended_transfer_size 0
[RESULT] [ 83124.284986] [RVS-GPUP-TC2] gpup 17010 6 flags 1
[RESULT] [ 83124.284990] [RVS-GPUP-TC2] gpup 17010 7 type 11
[RESULT] [ 83124.284990] [RVS-GPUP-TC2] gpup 17010 7 version_major 0
[RESULT] [ 83124.284990] [RVS-GPUP-TC2] gpup 17010 7 version_minor 0
[RESULT] [ 83124.284990] [RVS-GPUP-TC2] gpup 17010 7 node_from 2
[RESULT] [ 83124.284991] [RVS-GPUP-TC2] gpup 17010 7 node_to 9
[RESULT] [ 83124.284991] [RVS-GPUP-TC2] gpup 17010 7 recommended_transfer_size 0
[RESULT] [ 83124.284992] [RVS-GPUP-TC2] gpup 17010 7 flags 1
[RESULT] [ 83124.284997] [RVS-GPUP-TC2] gpup 42583 simd_count 1024
[RESULT] [ 83124.284998] [RVS-GPUP-TC2] gpup 42583 mem_banks_count 1
[RESULT] [ 83124.284998] [RVS-GPUP-TC2] gpup 42583 io_links_count 8
[RESULT] [ 83124.285005] [RVS-GPUP-TC2] gpup 42583 vendor_id 4098
[RESULT] [ 83124.285005] [RVS-GPUP-TC2] gpup 42583 location_id 1280
[RESULT] [ 83124.285007] [RVS-GPUP-TC2] gpup 42583 max_engine_clk_ccompute 3300
[RESULT] [ 83124.285013] [RVS-GPUP-TC2] gpup 42583 0 type 2
[RESULT] [ 83124.285014] [RVS-GPUP-TC2] gpup 42583 0 version_major 0
[RESULT] [ 83124.285014] [RVS-GPUP-TC2] gpup 42583 0 version_minor 0
[RESULT] [ 83124.285014] [RVS-GPUP-TC2] gpup 42583 0 node_from 3
[RESULT] [ 83124.285015] [RVS-GPUP-TC2] gpup 42583 0 node_to 0
[RESULT] [ 83124.285015] [RVS-GPUP-TC2] gpup 42583 0 recommended_transfer_size 0
[RESULT] [ 83124.285016] [RVS-GPUP-TC2] gpup 42583 0 flags 1
[RESULT] [ 83124.285019] [RVS-GPUP-TC2] gpup 42583 1 type 11
[RESULT] [ 83124.285019] [RVS-GPUP-TC2] gpup 42583 1 version_major 0
[RESULT] [ 83124.285021] [RVS-GPUP-TC2] gpup 42583 1 version_minor 0
[RESULT] [ 83124.285022] [RVS-GPUP-TC2] gpup 42583 1 node_from 3
[RESULT] [ 83124.285022] [RVS-GPUP-TC2] gpup 42583 1 node_to 2
[RESULT] [ 83124.285022] [RVS-GPUP-TC2] gpup 42583 1 recommended_transfer_size 0
[RESULT] [ 83124.285023] [RVS-GPUP-TC2] gpup 42583 1 flags 1
[RESULT] [ 83124.285026] [RVS-GPUP-TC2] gpup 42583 2 type 11
[RESULT] [ 83124.285026] [RVS-GPUP-TC2] gpup 42583 2 version_major 0
[RESULT] [ 83124.285027] [RVS-GPUP-TC2] gpup 42583 2 version_minor 0
[RESULT] [ 83124.285027] [RVS-GPUP-TC2] gpup 42583 2 node_from 3
[RESULT] [ 83124.285027] [RVS-GPUP-TC2] gpup 42583 2 node_to 4
[RESULT] [ 83124.285028] [RVS-GPUP-TC2] gpup 42583 2 recommended_transfer_size 0
[RESULT] [ 83124.285028] [RVS-GPUP-TC2] gpup 42583 2 flags 1
[RESULT] [ 83124.285031] [RVS-GPUP-TC2] gpup 42583 3 type 11
[RESULT] [ 83124.285032] [RVS-GPUP-TC2] gpup 42583 3 version_major 0
[RESULT] [ 83124.285032] [RVS-GPUP-TC2] gpup 42583 3 version_minor 0
[RESULT] [ 83124.285032] [RVS-GPUP-TC2] gpup 42583 3 node_from 3
[RESULT] [ 83124.285032] [RVS-GPUP-TC2] gpup 42583 3 node_to 5
[RESULT] [ 83124.285033] [RVS-GPUP-TC2] gpup 42583 3 recommended_transfer_size 0
[RESULT] [ 83124.285033] [RVS-GPUP-TC2] gpup 42583 3 flags 1
[RESULT] [ 83124.285036] [RVS-GPUP-TC2] gpup 42583 4 type 11
[RESULT] [ 83124.285037] [RVS-GPUP-TC2] gpup 42583 4 version_major 0
[RESULT] [ 83124.285037] [RVS-GPUP-TC2] gpup 42583 4 version_minor 0
[RESULT] [ 83124.285037] [RVS-GPUP-TC2] gpup 42583 4 node_from 3
[RESULT] [ 83124.285038] [RVS-GPUP-TC2] gpup 42583 4 node_to 6
[RESULT] [ 83124.285038] [RVS-GPUP-TC2] gpup 42583 4 recommended_transfer_size 0
[RESULT] [ 83124.285038] [RVS-GPUP-TC2] gpup 42583 4 flags 1
[RESULT] [ 83124.285042] [RVS-GPUP-TC2] gpup 42583 5 type 11
[RESULT] [ 83124.285043] [RVS-GPUP-TC2] gpup 42583 5 version_major 0
[RESULT] [ 83124.285043] [RVS-GPUP-TC2] gpup 42583 5 version_minor 0
[RESULT] [ 83124.285043] [RVS-GPUP-TC2] gpup 42583 5 node_from 3
[RESULT] [ 83124.285044] [RVS-GPUP-TC2] gpup 42583 5 node_to 7
[RESULT] [ 83124.285044] [RVS-GPUP-TC2] gpup 42583 5 recommended_transfer_size 0
[RESULT] [ 83124.285044] [RVS-GPUP-TC2] gpup 42583 5 flags 1
[RESULT] [ 83124.285048] [RVS-GPUP-TC2] gpup 42583 6 type 11
[RESULT] [ 83124.285048] [RVS-GPUP-TC2] gpup 42583 6 version_major 0
[RESULT] [ 83124.285048] [RVS-GPUP-TC2] gpup 42583 6 version_minor 0
[RESULT] [ 83124.285048] [RVS-GPUP-TC2] gpup 42583 6 node_from 3
[RESULT] [ 83124.285049] [RVS-GPUP-TC2] gpup 42583 6 node_to 8
[RESULT] [ 83124.285049] [RVS-GPUP-TC2] gpup 42583 6 recommended_transfer_size 0
[RESULT] [ 83124.285050] [RVS-GPUP-TC2] gpup 42583 6 flags 1
[RESULT] [ 83124.285053] [RVS-GPUP-TC2] gpup 42583 7 type 11
[RESULT] [ 83124.285053] [RVS-GPUP-TC2] gpup 42583 7 version_major 0
[RESULT] [ 83124.285053] [RVS-GPUP-TC2] gpup 42583 7 version_minor 0
[RESULT] [ 83124.285054] [RVS-GPUP-TC2] gpup 42583 7 node_from 3
[RESULT] [ 83124.285054] [RVS-GPUP-TC2] gpup 42583 7 node_to 9
[RESULT] [ 83124.285054] [RVS-GPUP-TC2] gpup 42583 7 recommended_transfer_size 0
[RESULT] [ 83124.285055] [RVS-GPUP-TC2] gpup 42583 7 flags 1
[RESULT] [ 83124.285059] [RVS-GPUP-TC2] gpup 36479 simd_count 1024
[RESULT] [ 83124.285060] [RVS-GPUP-TC2] gpup 36479 mem_banks_count 1
[RESULT] [ 83124.285060] [RVS-GPUP-TC2] gpup 36479 io_links_count 8
[RESULT] [ 83124.285061] [RVS-GPUP-TC2] gpup 36479 vendor_id 4098
[RESULT] [ 83124.285062] [RVS-GPUP-TC2] gpup 36479 location_id 25856
[RESULT] [ 83124.285063] [RVS-GPUP-TC2] gpup 36479 max_engine_clk_ccompute 3300
[RESULT] [ 83124.285069] [RVS-GPUP-TC2] gpup 36479 0 type 2
[RESULT] [ 83124.285070] [RVS-GPUP-TC2] gpup 36479 0 version_major 0
[RESULT] [ 83124.285070] [RVS-GPUP-TC2] gpup 36479 0 version_minor 0
[RESULT] [ 83124.285070] [RVS-GPUP-TC2] gpup 36479 0 node_from 4
[RESULT] [ 83124.285071] [RVS-GPUP-TC2] gpup 36479 0 node_to 0
[RESULT] [ 83124.285071] [RVS-GPUP-TC2] gpup 36479 0 recommended_transfer_size 0
[RESULT] [ 83124.285072] [RVS-GPUP-TC2] gpup 36479 0 flags 1
[RESULT] [ 83124.285075] [RVS-GPUP-TC2] gpup 36479 1 type 11
[RESULT] [ 83124.285076] [RVS-GPUP-TC2] gpup 36479 1 version_major 0
[RESULT] [ 83124.285076] [RVS-GPUP-TC2] gpup 36479 1 version_minor 0
[RESULT] [ 83124.285077] [RVS-GPUP-TC2] gpup 36479 1 node_from 4
[RESULT] [ 83124.285077] [RVS-GPUP-TC2] gpup 36479 1 node_to 2
[RESULT] [ 83124.285078] [RVS-GPUP-TC2] gpup 36479 1 recommended_transfer_size 0
[RESULT] [ 83124.285078] [RVS-GPUP-TC2] gpup 36479 1 flags 1
[RESULT] [ 83124.285081] [RVS-GPUP-TC2] gpup 36479 2 type 11
[RESULT] [ 83124.285082] [RVS-GPUP-TC2] gpup 36479 2 version_major 0
[RESULT] [ 83124.285082] [RVS-GPUP-TC2] gpup 36479 2 version_minor 0
[RESULT] [ 83124.285082] [RVS-GPUP-TC2] gpup 36479 2 node_from 4
[RESULT] [ 83124.285082] [RVS-GPUP-TC2] gpup 36479 2 node_to 3
[RESULT] [ 83124.285083] [RVS-GPUP-TC2] gpup 36479 2 recommended_transfer_size 0
[RESULT] [ 83124.285083] [RVS-GPUP-TC2] gpup 36479 2 flags 1
[RESULT] [ 83124.285086] [RVS-GPUP-TC2] gpup 36479 3 type 11
[RESULT] [ 83124.285087] [RVS-GPUP-TC2] gpup 36479 3 version_major 0
[RESULT] [ 83124.285087] [RVS-GPUP-TC2] gpup 36479 3 version_minor 0
[RESULT] [ 83124.285087] [RVS-GPUP-TC2] gpup 36479 3 node_from 4
[RESULT] [ 83124.285088] [RVS-GPUP-TC2] gpup 36479 3 node_to 5
[RESULT] [ 83124.285088] [RVS-GPUP-TC2] gpup 36479 3 recommended_transfer_size 0
[RESULT] [ 83124.285088] [RVS-GPUP-TC2] gpup 36479 3 flags 1
[RESULT] [ 83124.285092] [RVS-GPUP-TC2] gpup 36479 4 type 11
[RESULT] [ 83124.285092] [RVS-GPUP-TC2] gpup 36479 4 version_major 0
[RESULT] [ 83124.285092] [RVS-GPUP-TC2] gpup 36479 4 version_minor 0
[RESULT] [ 83124.285092] [RVS-GPUP-TC2] gpup 36479 4 node_from 4
[RESULT] [ 83124.285093] [RVS-GPUP-TC2] gpup 36479 4 node_to 6
[RESULT] [ 83124.285093] [RVS-GPUP-TC2] gpup 36479 4 recommended_transfer_size 0
[RESULT] [ 83124.285094] [RVS-GPUP-TC2] gpup 36479 4 flags 1
[RESULT] [ 83124.285097] [RVS-GPUP-TC2] gpup 36479 5 type 11
[RESULT] [ 83124.285097] [RVS-GPUP-TC2] gpup 36479 5 version_major 0
[RESULT] [ 83124.285098] [RVS-GPUP-TC2] gpup 36479 5 version_minor 0
[RESULT] [ 83124.285098] [RVS-GPUP-TC2] gpup 36479 5 node_from 4
[RESULT] [ 83124.285098] [RVS-GPUP-TC2] gpup 36479 5 node_to 7
[RESULT] [ 83124.285099] [RVS-GPUP-TC2] gpup 36479 5 recommended_transfer_size 0
[RESULT] [ 83124.285099] [RVS-GPUP-TC2] gpup 36479 5 flags 1
[RESULT] [ 83124.285102] [RVS-GPUP-TC2] gpup 36479 6 type 11
[RESULT] [ 83124.285103] [RVS-GPUP-TC2] gpup 36479 6 version_major 0
[RESULT] [ 83124.285103] [RVS-GPUP-TC2] gpup 36479 6 version_minor 0
[RESULT] [ 83124.285103] [RVS-GPUP-TC2] gpup 36479 6 node_from 4
[RESULT] [ 83124.285103] [RVS-GPUP-TC2] gpup 36479 6 node_to 8
[RESULT] [ 83124.285104] [RVS-GPUP-TC2] gpup 36479 6 recommended_transfer_size 0
[RESULT] [ 83124.285104] [RVS-GPUP-TC2] gpup 36479 6 flags 1
[RESULT] [ 83124.285107] [RVS-GPUP-TC2] gpup 36479 7 type 11
[RESULT] [ 83124.285108] [RVS-GPUP-TC2] gpup 36479 7 version_major 0
[RESULT] [ 83124.285108] [RVS-GPUP-TC2] gpup 36479 7 version_minor 0
[RESULT] [ 83124.285108] [RVS-GPUP-TC2] gpup 36479 7 node_from 4
[RESULT] [ 83124.285109] [RVS-GPUP-TC2] gpup 36479 7 node_to 9
[RESULT] [ 83124.285109] [RVS-GPUP-TC2] gpup 36479 7 recommended_transfer_size 0
[RESULT] [ 83124.285109] [RVS-GPUP-TC2] gpup 36479 7 flags 1
[RESULT] [ 83124.285114] [RVS-GPUP-TC2] gpup 27226 simd_count 1024
[RESULT] [ 83124.285114] [RVS-GPUP-TC2] gpup 27226 mem_banks_count 1
[RESULT] [ 83124.285115] [RVS-GPUP-TC2] gpup 27226 io_links_count 8
[RESULT] [ 83124.285116] [RVS-GPUP-TC2] gpup 27226 vendor_id 4098
[RESULT] [ 83124.285116] [RVS-GPUP-TC2] gpup 27226 location_id 5376
[RESULT] [ 83124.285118] [RVS-GPUP-TC2] gpup 27226 max_engine_clk_ccompute 3300
[RESULT] [ 83124.285124] [RVS-GPUP-TC2] gpup 27226 0 type 2
[RESULT] [ 83124.285124] [RVS-GPUP-TC2] gpup 27226 0 version_major 0
[RESULT] [ 83124.285125] [RVS-GPUP-TC2] gpup 27226 0 version_minor 0
[RESULT] [ 83124.285125] [RVS-GPUP-TC2] gpup 27226 0 node_from 5
[RESULT] [ 83124.285125] [RVS-GPUP-TC2] gpup 27226 0 node_to 0
[RESULT] [ 83124.285126] [RVS-GPUP-TC2] gpup 27226 0 recommended_transfer_size 0
[RESULT] [ 83124.285126] [RVS-GPUP-TC2] gpup 27226 0 flags 1
[RESULT] [ 83124.285131] [RVS-GPUP-TC2] gpup 27226 1 type 11
[RESULT] [ 83124.285131] [RVS-GPUP-TC2] gpup 27226 1 version_major 0
[RESULT] [ 83124.285131] [RVS-GPUP-TC2] gpup 27226 1 version_minor 0
[RESULT] [ 83124.285131] [RVS-GPUP-TC2] gpup 27226 1 node_from 5
[RESULT] [ 83124.285132] [RVS-GPUP-TC2] gpup 27226 1 node_to 2
[RESULT] [ 83124.285132] [RVS-GPUP-TC2] gpup 27226 1 recommended_transfer_size 0
[RESULT] [ 83124.285133] [RVS-GPUP-TC2] gpup 27226 1 flags 1
[RESULT] [ 83124.285136] [RVS-GPUP-TC2] gpup 27226 2 type 11
[RESULT] [ 83124.285136] [RVS-GPUP-TC2] gpup 27226 2 version_major 0
[RESULT] [ 83124.285136] [RVS-GPUP-TC2] gpup 27226 2 version_minor 0
[RESULT] [ 83124.285137] [RVS-GPUP-TC2] gpup 27226 2 node_from 5
[RESULT] [ 83124.285137] [RVS-GPUP-TC2] gpup 27226 2 node_to 3
[RESULT] [ 83124.285137] [RVS-GPUP-TC2] gpup 27226 2 recommended_transfer_size 0
[RESULT] [ 83124.285138] [RVS-GPUP-TC2] gpup 27226 2 flags 1
[RESULT] [ 83124.285141] [RVS-GPUP-TC2] gpup 27226 3 type 11
[RESULT] [ 83124.285142] [RVS-GPUP-TC2] gpup 27226 3 version_major 0
[RESULT] [ 83124.285142] [RVS-GPUP-TC2] gpup 27226 3 version_minor 0
[RESULT] [ 83124.285142] [RVS-GPUP-TC2] gpup 27226 3 node_from 5
[RESULT] [ 83124.285142] [RVS-GPUP-TC2] gpup 27226 3 node_to 4
[RESULT] [ 83124.285143] [RVS-GPUP-TC2] gpup 27226 3 recommended_transfer_size 0
[RESULT] [ 83124.285143] [RVS-GPUP-TC2] gpup 27226 3 flags 1
[RESULT] [ 83124.285146] [RVS-GPUP-TC2] gpup 27226 4 type 11
[RESULT] [ 83124.285147] [RVS-GPUP-TC2] gpup 27226 4 version_major 0
[RESULT] [ 83124.285147] [RVS-GPUP-TC2] gpup 27226 4 version_minor 0
[RESULT] [ 83124.285147] [RVS-GPUP-TC2] gpup 27226 4 node_from 5
[RESULT] [ 83124.285148] [RVS-GPUP-TC2] gpup 27226 4 node_to 6
[RESULT] [ 83124.285148] [RVS-GPUP-TC2] gpup 27226 4 recommended_transfer_size 0
[RESULT] [ 83124.285148] [RVS-GPUP-TC2] gpup 27226 4 flags 1
[RESULT] [ 83124.285152] [RVS-GPUP-TC2] gpup 27226 5 type 11
[RESULT] [ 83124.285152] [RVS-GPUP-TC2] gpup 27226 5 version_major 0
[RESULT] [ 83124.285152] [RVS-GPUP-TC2] gpup 27226 5 version_minor 0
[RESULT] [ 83124.285153] [RVS-GPUP-TC2] gpup 27226 5 node_from 5
[RESULT] [ 83124.285153] [RVS-GPUP-TC2] gpup 27226 5 node_to 7
[RESULT] [ 83124.285153] [RVS-GPUP-TC2] gpup 27226 5 recommended_transfer_size 0
[RESULT] [ 83124.285154] [RVS-GPUP-TC2] gpup 27226 5 flags 1
[RESULT] [ 83124.285157] [RVS-GPUP-TC2] gpup 27226 6 type 11
[RESULT] [ 83124.285157] [RVS-GPUP-TC2] gpup 27226 6 version_major 0
[RESULT] [ 83124.285157] [RVS-GPUP-TC2] gpup 27226 6 version_minor 0
[RESULT] [ 83124.285158] [RVS-GPUP-TC2] gpup 27226 6 node_from 5
[RESULT] [ 83124.285158] [RVS-GPUP-TC2] gpup 27226 6 node_to 8
[RESULT] [ 83124.285158] [RVS-GPUP-TC2] gpup 27226 6 recommended_transfer_size 0
[RESULT] [ 83124.285159] [RVS-GPUP-TC2] gpup 27226 6 flags 1
[RESULT] [ 83124.285162] [RVS-GPUP-TC2] gpup 27226 7 type 11
[RESULT] [ 83124.285162] [RVS-GPUP-TC2] gpup 27226 7 version_major 0
[RESULT] [ 83124.285163] [RVS-GPUP-TC2] gpup 27226 7 version_minor 0
[RESULT] [ 83124.285163] [RVS-GPUP-TC2] gpup 27226 7 node_from 5
[RESULT] [ 83124.285163] [RVS-GPUP-TC2] gpup 27226 7 node_to 9
[RESULT] [ 83124.285164] [RVS-GPUP-TC2] gpup 27226 7 recommended_transfer_size 0
[RESULT] [ 83124.285164] [RVS-GPUP-TC2] gpup 27226 7 flags 1
[RESULT] [ 83124.285168] [RVS-GPUP-TC2] gpup 57875 simd_count 1024
[RESULT] [ 83124.285169] [RVS-GPUP-TC2] gpup 57875 mem_banks_count 1
[RESULT] [ 83124.285169] [RVS-GPUP-TC2] gpup 57875 io_links_count 8
[RESULT] [ 83124.285170] [RVS-GPUP-TC2] gpup 57875 vendor_id 4098
[RESULT] [ 83124.285171] [RVS-GPUP-TC2] gpup 57875 location_id 62720
[RESULT] [ 83124.285172] [RVS-GPUP-TC2] gpup 57875 max_engine_clk_ccompute 3300
[RESULT] [ 83124.285178] [RVS-GPUP-TC2] gpup 57875 0 type 2
[RESULT] [ 83124.285179] [RVS-GPUP-TC2] gpup 57875 0 version_major 0
[RESULT] [ 83124.285179] [RVS-GPUP-TC2] gpup 57875 0 version_minor 0
[RESULT] [ 83124.285179] [RVS-GPUP-TC2] gpup 57875 0 node_from 6
[RESULT] [ 83124.285180] [RVS-GPUP-TC2] gpup 57875 0 node_to 1
[RESULT] [ 83124.285180] [RVS-GPUP-TC2] gpup 57875 0 recommended_transfer_size 0
[RESULT] [ 83124.285182] [RVS-GPUP-TC2] gpup 57875 0 flags 1
[RESULT] [ 83124.285185] [RVS-GPUP-TC2] gpup 57875 1 type 11
[RESULT] [ 83124.285185] [RVS-GPUP-TC2] gpup 57875 1 version_major 0
[RESULT] [ 83124.285186] [RVS-GPUP-TC2] gpup 57875 1 version_minor 0
[RESULT] [ 83124.285186] [RVS-GPUP-TC2] gpup 57875 1 node_from 6
[RESULT] [ 83124.285186] [RVS-GPUP-TC2] gpup 57875 1 node_to 2
[RESULT] [ 83124.285187] [RVS-GPUP-TC2] gpup 57875 1 recommended_transfer_size 0
[RESULT] [ 83124.285187] [RVS-GPUP-TC2] gpup 57875 1 flags 1
[RESULT] [ 83124.285190] [RVS-GPUP-TC2] gpup 57875 2 type 11
[RESULT] [ 83124.285191] [RVS-GPUP-TC2] gpup 57875 2 version_major 0
[RESULT] [ 83124.285191] [RVS-GPUP-TC2] gpup 57875 2 version_minor 0
[RESULT] [ 83124.285191] [RVS-GPUP-TC2] gpup 57875 2 node_from 6
[RESULT] [ 83124.285191] [RVS-GPUP-TC2] gpup 57875 2 node_to 3
[RESULT] [ 83124.285192] [RVS-GPUP-TC2] gpup 57875 2 recommended_transfer_size 0
[RESULT] [ 83124.285192] [RVS-GPUP-TC2] gpup 57875 2 flags 1
[RESULT] [ 83124.285195] [RVS-GPUP-TC2] gpup 57875 3 type 11
[RESULT] [ 83124.285196] [RVS-GPUP-TC2] gpup 57875 3 version_major 0
[RESULT] [ 83124.285196] [RVS-GPUP-TC2] gpup 57875 3 version_minor 0
[RESULT] [ 83124.285196] [RVS-GPUP-TC2] gpup 57875 3 node_from 6
[RESULT] [ 83124.285197] [RVS-GPUP-TC2] gpup 57875 3 node_to 4
[RESULT] [ 83124.285197] [RVS-GPUP-TC2] gpup 57875 3 recommended_transfer_size 0
[RESULT] [ 83124.285197] [RVS-GPUP-TC2] gpup 57875 3 flags 1
[RESULT] [ 83124.285201] [RVS-GPUP-TC2] gpup 57875 4 type 11
[RESULT] [ 83124.285201] [RVS-GPUP-TC2] gpup 57875 4 version_major 0
[RESULT] [ 83124.285201] [RVS-GPUP-TC2] gpup 57875 4 version_minor 0
[RESULT] [ 83124.285202] [RVS-GPUP-TC2] gpup 57875 4 node_from 6
[RESULT] [ 83124.285202] [RVS-GPUP-TC2] gpup 57875 4 node_to 5
[RESULT] [ 83124.285202] [RVS-GPUP-TC2] gpup 57875 4 recommended_transfer_size 0
[RESULT] [ 83124.285203] [RVS-GPUP-TC2] gpup 57875 4 flags 1
[RESULT] [ 83124.285206] [RVS-GPUP-TC2] gpup 57875 5 type 11
[RESULT] [ 83124.285206] [RVS-GPUP-TC2] gpup 57875 5 version_major 0
[RESULT] [ 83124.285206] [RVS-GPUP-TC2] gpup 57875 5 version_minor 0
[RESULT] [ 83124.285207] [RVS-GPUP-TC2] gpup 57875 5 node_from 6
[RESULT] [ 83124.285207] [RVS-GPUP-TC2] gpup 57875 5 node_to 7
[RESULT] [ 83124.285208] [RVS-GPUP-TC2] gpup 57875 5 recommended_transfer_size 0
[RESULT] [ 83124.285208] [RVS-GPUP-TC2] gpup 57875 5 flags 1
[RESULT] [ 83124.285211] [RVS-GPUP-TC2] gpup 57875 6 type 11
[RESULT] [ 83124.285211] [RVS-GPUP-TC2] gpup 57875 6 version_major 0
[RESULT] [ 83124.285212] [RVS-GPUP-TC2] gpup 57875 6 version_minor 0
[RESULT] [ 83124.285212] [RVS-GPUP-TC2] gpup 57875 6 node_from 6
[RESULT] [ 83124.285212] [RVS-GPUP-TC2] gpup 57875 6 node_to 8
[RESULT] [ 83124.285213] [RVS-GPUP-TC2] gpup 57875 6 recommended_transfer_size 0
[RESULT] [ 83124.285213] [RVS-GPUP-TC2] gpup 57875 6 flags 1
[RESULT] [ 83124.285216] [RVS-GPUP-TC2] gpup 57875 7 type 11
[RESULT] [ 83124.285217] [RVS-GPUP-TC2] gpup 57875 7 version_major 0
[RESULT] [ 83124.285217] [RVS-GPUP-TC2] gpup 57875 7 version_minor 0
[RESULT] [ 83124.285217] [RVS-GPUP-TC2] gpup 57875 7 node_from 6
[RESULT] [ 83124.285217] [RVS-GPUP-TC2] gpup 57875 7 node_to 9
[RESULT] [ 83124.285218] [RVS-GPUP-TC2] gpup 57875 7 recommended_transfer_size 0
[RESULT] [ 83124.285218] [RVS-GPUP-TC2] gpup 57875 7 flags 1
[RESULT] [ 83124.285223] [RVS-GPUP-TC2] gpup 1590 simd_count 1024
[RESULT] [ 83124.285223] [RVS-GPUP-TC2] gpup 1590 mem_banks_count 1
[RESULT] [ 83124.285223] [RVS-GPUP-TC2] gpup 1590 io_links_count 8
[RESULT] [ 83124.285225] [RVS-GPUP-TC2] gpup 1590 vendor_id 4098
[RESULT] [ 83124.285225] [RVS-GPUP-TC2] gpup 1590 location_id 34048
[RESULT] [ 83124.285227] [RVS-GPUP-TC2] gpup 1590 max_engine_clk_ccompute 3300
[RESULT] [ 83124.285233] [RVS-GPUP-TC2] gpup 1590 0 type 2
[RESULT] [ 83124.285233] [RVS-GPUP-TC2] gpup 1590 0 version_major 0
[RESULT] [ 83124.285233] [RVS-GPUP-TC2] gpup 1590 0 version_minor 0
[RESULT] [ 83124.285234] [RVS-GPUP-TC2] gpup 1590 0 node_from 7
[RESULT] [ 83124.285234] [RVS-GPUP-TC2] gpup 1590 0 node_to 1
[RESULT] [ 83124.285236] [RVS-GPUP-TC2] gpup 1590 0 recommended_transfer_size 0
[RESULT] [ 83124.285236] [RVS-GPUP-TC2] gpup 1590 0 flags 1
[RESULT] [ 83124.285239] [RVS-GPUP-TC2] gpup 1590 1 type 11
[RESULT] [ 83124.285240] [RVS-GPUP-TC2] gpup 1590 1 version_major 0
[RESULT] [ 83124.285240] [RVS-GPUP-TC2] gpup 1590 1 version_minor 0
[RESULT] [ 83124.285240] [RVS-GPUP-TC2] gpup 1590 1 node_from 7
[RESULT] [ 83124.285240] [RVS-GPUP-TC2] gpup 1590 1 node_to 2
[RESULT] [ 83124.285241] [RVS-GPUP-TC2] gpup 1590 1 recommended_transfer_size 0
[RESULT] [ 83124.285241] [RVS-GPUP-TC2] gpup 1590 1 flags 1
[RESULT] [ 83124.285245] [RVS-GPUP-TC2] gpup 1590 2 type 11
[RESULT] [ 83124.285245] [RVS-GPUP-TC2] gpup 1590 2 version_major 0
[RESULT] [ 83124.285245] [RVS-GPUP-TC2] gpup 1590 2 version_minor 0
[RESULT] [ 83124.285246] [RVS-GPUP-TC2] gpup 1590 2 node_from 7
[RESULT] [ 83124.285246] [RVS-GPUP-TC2] gpup 1590 2 node_to 3
[RESULT] [ 83124.285246] [RVS-GPUP-TC2] gpup 1590 2 recommended_transfer_size 0
[RESULT] [ 83124.285247] [RVS-GPUP-TC2] gpup 1590 2 flags 1
[RESULT] [ 83124.285250] [RVS-GPUP-TC2] gpup 1590 3 type 11
[RESULT] [ 83124.285250] [RVS-GPUP-TC2] gpup 1590 3 version_major 0
[RESULT] [ 83124.285250] [RVS-GPUP-TC2] gpup 1590 3 version_minor 0
[RESULT] [ 83124.285251] [RVS-GPUP-TC2] gpup 1590 3 node_from 7
[RESULT] [ 83124.285251] [RVS-GPUP-TC2] gpup 1590 3 node_to 4
[RESULT] [ 83124.285251] [RVS-GPUP-TC2] gpup 1590 3 recommended_transfer_size 0
[RESULT] [ 83124.285252] [RVS-GPUP-TC2] gpup 1590 3 flags 1
[RESULT] [ 83124.285255] [RVS-GPUP-TC2] gpup 1590 4 type 11
[RESULT] [ 83124.285255] [RVS-GPUP-TC2] gpup 1590 4 version_major 0
[RESULT] [ 83124.285256] [RVS-GPUP-TC2] gpup 1590 4 version_minor 0
[RESULT] [ 83124.285256] [RVS-GPUP-TC2] gpup 1590 4 node_from 7
[RESULT] [ 83124.285256] [RVS-GPUP-TC2] gpup 1590 4 node_to 5
[RESULT] [ 83124.285257] [RVS-GPUP-TC2] gpup 1590 4 recommended_transfer_size 0
[RESULT] [ 83124.285257] [RVS-GPUP-TC2] gpup 1590 4 flags 1
[RESULT] [ 83124.285260] [RVS-GPUP-TC2] gpup 1590 5 type 11
[RESULT] [ 83124.285261] [RVS-GPUP-TC2] gpup 1590 5 version_major 0
[RESULT] [ 83124.285261] [RVS-GPUP-TC2] gpup 1590 5 version_minor 0
[RESULT] [ 83124.285261] [RVS-GPUP-TC2] gpup 1590 5 node_from 7
[RESULT] [ 83124.285261] [RVS-GPUP-TC2] gpup 1590 5 node_to 6
[RESULT] [ 83124.285262] [RVS-GPUP-TC2] gpup 1590 5 recommended_transfer_size 0
[RESULT] [ 83124.285262] [RVS-GPUP-TC2] gpup 1590 5 flags 1
[RESULT] [ 83124.285265] [RVS-GPUP-TC2] gpup 1590 6 type 11
[RESULT] [ 83124.285266] [RVS-GPUP-TC2] gpup 1590 6 version_major 0
[RESULT] [ 83124.285266] [RVS-GPUP-TC2] gpup 1590 6 version_minor 0
[RESULT] [ 83124.285266] [RVS-GPUP-TC2] gpup 1590 6 node_from 7
[RESULT] [ 83124.285267] [RVS-GPUP-TC2] gpup 1590 6 node_to 8
[RESULT] [ 83124.285267] [RVS-GPUP-TC2] gpup 1590 6 recommended_transfer_size 0
[RESULT] [ 83124.285267] [RVS-GPUP-TC2] gpup 1590 6 flags 1
[RESULT] [ 83124.285271] [RVS-GPUP-TC2] gpup 1590 7 type 11
[RESULT] [ 83124.285271] [RVS-GPUP-TC2] gpup 1590 7 version_major 0
[RESULT] [ 83124.285271] [RVS-GPUP-TC2] gpup 1590 7 version_minor 0
[RESULT] [ 83124.285272] [RVS-GPUP-TC2] gpup 1590 7 node_from 7
[RESULT] [ 83124.285272] [RVS-GPUP-TC2] gpup 1590 7 node_to 9
[RESULT] [ 83124.285272] [RVS-GPUP-TC2] gpup 1590 7 recommended_transfer_size 0
[RESULT] [ 83124.285273] [RVS-GPUP-TC2] gpup 1590 7 flags 1
[RESULT] [ 83124.285277] [RVS-GPUP-TC2] gpup 11806 simd_count 1024
[RESULT] [ 83124.285277] [RVS-GPUP-TC2] gpup 11806 mem_banks_count 1
[RESULT] [ 83124.285278] [RVS-GPUP-TC2] gpup 11806 io_links_count 8
[RESULT] [ 83124.285279] [RVS-GPUP-TC2] gpup 11806 vendor_id 4098
[RESULT] [ 83124.285279] [RVS-GPUP-TC2] gpup 11806 location_id 58624
[RESULT] [ 83124.285281] [RVS-GPUP-TC2] gpup 11806 max_engine_clk_ccompute 3300
[RESULT] [ 83124.285287] [RVS-GPUP-TC2] gpup 11806 0 type 2
[RESULT] [ 83124.285287] [RVS-GPUP-TC2] gpup 11806 0 version_major 0
[RESULT] [ 83124.285288] [RVS-GPUP-TC2] gpup 11806 0 version_minor 0
[RESULT] [ 83124.285288] [RVS-GPUP-TC2] gpup 11806 0 node_from 8
[RESULT] [ 83124.285288] [RVS-GPUP-TC2] gpup 11806 0 node_to 1
[RESULT] [ 83124.285290] [RVS-GPUP-TC2] gpup 11806 0 recommended_transfer_size 0
[RESULT] [ 83124.285290] [RVS-GPUP-TC2] gpup 11806 0 flags 1
[RESULT] [ 83124.285294] [RVS-GPUP-TC2] gpup 11806 1 type 11
[RESULT] [ 83124.285294] [RVS-GPUP-TC2] gpup 11806 1 version_major 0
[RESULT] [ 83124.285294] [RVS-GPUP-TC2] gpup 11806 1 version_minor 0
[RESULT] [ 83124.285295] [RVS-GPUP-TC2] gpup 11806 1 node_from 8
[RESULT] [ 83124.285295] [RVS-GPUP-TC2] gpup 11806 1 node_to 2
[RESULT] [ 83124.285295] [RVS-GPUP-TC2] gpup 11806 1 recommended_transfer_size 0
[RESULT] [ 83124.285296] [RVS-GPUP-TC2] gpup 11806 1 flags 1
[RESULT] [ 83124.285299] [RVS-GPUP-TC2] gpup 11806 2 type 11
[RESULT] [ 83124.285300] [RVS-GPUP-TC2] gpup 11806 2 version_major 0
[RESULT] [ 83124.285300] [RVS-GPUP-TC2] gpup 11806 2 version_minor 0
[RESULT] [ 83124.285300] [RVS-GPUP-TC2] gpup 11806 2 node_from 8
[RESULT] [ 83124.285300] [RVS-GPUP-TC2] gpup 11806 2 node_to 3
[RESULT] [ 83124.285301] [RVS-GPUP-TC2] gpup 11806 2 recommended_transfer_size 0
[RESULT] [ 83124.285301] [RVS-GPUP-TC2] gpup 11806 2 flags 1
[RESULT] [ 83124.285304] [RVS-GPUP-TC2] gpup 11806 3 type 11
[RESULT] [ 83124.285305] [RVS-GPUP-TC2] gpup 11806 3 version_major 0
[RESULT] [ 83124.285305] [RVS-GPUP-TC2] gpup 11806 3 version_minor 0
[RESULT] [ 83124.285305] [RVS-GPUP-TC2] gpup 11806 3 node_from 8
[RESULT] [ 83124.285306] [RVS-GPUP-TC2] gpup 11806 3 node_to 4
[RESULT] [ 83124.285306] [RVS-GPUP-TC2] gpup 11806 3 recommended_transfer_size 0
[RESULT] [ 83124.285306] [RVS-GPUP-TC2] gpup 11806 3 flags 1
[RESULT] [ 83124.285310] [RVS-GPUP-TC2] gpup 11806 4 type 11
[RESULT] [ 83124.285310] [RVS-GPUP-TC2] gpup 11806 4 version_major 0
[RESULT] [ 83124.285310] [RVS-GPUP-TC2] gpup 11806 4 version_minor 0
[RESULT] [ 83124.285311] [RVS-GPUP-TC2] gpup 11806 4 node_from 8
[RESULT] [ 83124.285311] [RVS-GPUP-TC2] gpup 11806 4 node_to 5
[RESULT] [ 83124.285311] [RVS-GPUP-TC2] gpup 11806 4 recommended_transfer_size 0
[RESULT] [ 83124.285312] [RVS-GPUP-TC2] gpup 11806 4 flags 1
[RESULT] [ 83124.285315] [RVS-GPUP-TC2] gpup 11806 5 type 11
[RESULT] [ 83124.285315] [RVS-GPUP-TC2] gpup 11806 5 version_major 0
[RESULT] [ 83124.285315] [RVS-GPUP-TC2] gpup 11806 5 version_minor 0
[RESULT] [ 83124.285316] [RVS-GPUP-TC2] gpup 11806 5 node_from 8
[RESULT] [ 83124.285316] [RVS-GPUP-TC2] gpup 11806 5 node_to 6
[RESULT] [ 83124.285317] [RVS-GPUP-TC2] gpup 11806 5 recommended_transfer_size 0
[RESULT] [ 83124.285317] [RVS-GPUP-TC2] gpup 11806 5 flags 1
[RESULT] [ 83124.285320] [RVS-GPUP-TC2] gpup 11806 6 type 11
[RESULT] [ 83124.285320] [RVS-GPUP-TC2] gpup 11806 6 version_major 0
[RESULT] [ 83124.285321] [RVS-GPUP-TC2] gpup 11806 6 version_minor 0
[RESULT] [ 83124.285321] [RVS-GPUP-TC2] gpup 11806 6 node_from 8
[RESULT] [ 83124.285321] [RVS-GPUP-TC2] gpup 11806 6 node_to 7
[RESULT] [ 83124.285322] [RVS-GPUP-TC2] gpup 11806 6 recommended_transfer_size 0
[RESULT] [ 83124.285322] [RVS-GPUP-TC2] gpup 11806 6 flags 1
[RESULT] [ 83124.285325] [RVS-GPUP-TC2] gpup 11806 7 type 11
[RESULT] [ 83124.285325] [RVS-GPUP-TC2] gpup 11806 7 version_major 0
[RESULT] [ 83124.285326] [RVS-GPUP-TC2] gpup 11806 7 version_minor 0
[RESULT] [ 83124.285326] [RVS-GPUP-TC2] gpup 11806 7 node_from 8
[RESULT] [ 83124.285326] [RVS-GPUP-TC2] gpup 11806 7 node_to 9
[RESULT] [ 83124.285327] [RVS-GPUP-TC2] gpup 11806 7 recommended_transfer_size 0
[RESULT] [ 83124.285327] [RVS-GPUP-TC2] gpup 11806 7 flags 1
[RESULT] [ 83124.285332] [RVS-GPUP-TC2] gpup 51771 simd_count 1024
[RESULT] [ 83124.285332] [RVS-GPUP-TC2] gpup 51771 mem_banks_count 1
[RESULT] [ 83124.285332] [RVS-GPUP-TC2] gpup 51771 io_links_count 8
[RESULT] [ 83124.285334] [RVS-GPUP-TC2] gpup 51771 vendor_id 4098
[RESULT] [ 83124.285334] [RVS-GPUP-TC2] gpup 51771 location_id 38144
[RESULT] [ 83124.285336] [RVS-GPUP-TC2] gpup 51771 max_engine_clk_ccompute 3300
[RESULT] [ 83124.285342] [RVS-GPUP-TC2] gpup 51771 0 type 2
[RESULT] [ 83124.285342] [RVS-GPUP-TC2] gpup 51771 0 version_major 0
[RESULT] [ 83124.285342] [RVS-GPUP-TC2] gpup 51771 0 version_minor 0
[RESULT] [ 83124.285343] [RVS-GPUP-TC2] gpup 51771 0 node_from 9
[RESULT] [ 83124.285345] [RVS-GPUP-TC2] gpup 51771 0 node_to 1
[RESULT] [ 83124.285345] [RVS-GPUP-TC2] gpup 51771 0 recommended_transfer_size 0
[RESULT] [ 83124.285346] [RVS-GPUP-TC2] gpup 51771 0 flags 1
[RESULT] [ 83124.285349] [RVS-GPUP-TC2] gpup 51771 1 type 11
[RESULT] [ 83124.285350] [RVS-GPUP-TC2] gpup 51771 1 version_major 0
[RESULT] [ 83124.285350] [RVS-GPUP-TC2] gpup 51771 1 version_minor 0
[RESULT] [ 83124.285350] [RVS-GPUP-TC2] gpup 51771 1 node_from 9
[RESULT] [ 83124.285351] [RVS-GPUP-TC2] gpup 51771 1 node_to 2
[RESULT] [ 83124.285351] [RVS-GPUP-TC2] gpup 51771 1 recommended_transfer_size 0
[RESULT] [ 83124.285351] [RVS-GPUP-TC2] gpup 51771 1 flags 1
[RESULT] [ 83124.285355] [RVS-GPUP-TC2] gpup 51771 2 type 11
[RESULT] [ 83124.285355] [RVS-GPUP-TC2] gpup 51771 2 version_major 0
[RESULT] [ 83124.285355] [RVS-GPUP-TC2] gpup 51771 2 version_minor 0
[RESULT] [ 83124.285355] [RVS-GPUP-TC2] gpup 51771 2 node_from 9
[RESULT] [ 83124.285356] [RVS-GPUP-TC2] gpup 51771 2 node_to 3
[RESULT] [ 83124.285356] [RVS-GPUP-TC2] gpup 51771 2 recommended_transfer_size 0
[RESULT] [ 83124.285357] [RVS-GPUP-TC2] gpup 51771 2 flags 1
[RESULT] [ 83124.285360] [RVS-GPUP-TC2] gpup 51771 3 type 11
[RESULT] [ 83124.285360] [RVS-GPUP-TC2] gpup 51771 3 version_major 0
[RESULT] [ 83124.285361] [RVS-GPUP-TC2] gpup 51771 3 version_minor 0
[RESULT] [ 83124.285361] [RVS-GPUP-TC2] gpup 51771 3 node_from 9
[RESULT] [ 83124.285361] [RVS-GPUP-TC2] gpup 51771 3 node_to 4
[RESULT] [ 83124.285362] [RVS-GPUP-TC2] gpup 51771 3 recommended_transfer_size 0
[RESULT] [ 83124.285362] [RVS-GPUP-TC2] gpup 51771 3 flags 1
[RESULT] [ 83124.285365] [RVS-GPUP-TC2] gpup 51771 4 type 11
[RESULT] [ 83124.285365] [RVS-GPUP-TC2] gpup 51771 4 version_major 0
[RESULT] [ 83124.285366] [RVS-GPUP-TC2] gpup 51771 4 version_minor 0
[RESULT] [ 83124.285366] [RVS-GPUP-TC2] gpup 51771 4 node_from 9
[RESULT] [ 83124.285366] [RVS-GPUP-TC2] gpup 51771 4 node_to 5
[RESULT] [ 83124.285367] [RVS-GPUP-TC2] gpup 51771 4 recommended_transfer_size 0
[RESULT] [ 83124.285367] [RVS-GPUP-TC2] gpup 51771 4 flags 1
[RESULT] [ 83124.285370] [RVS-GPUP-TC2] gpup 51771 5 type 11
[RESULT] [ 83124.285371] [RVS-GPUP-TC2] gpup 51771 5 version_major 0
[RESULT] [ 83124.285371] [RVS-GPUP-TC2] gpup 51771 5 version_minor 0
[RESULT] [ 83124.285371] [RVS-GPUP-TC2] gpup 51771 5 node_from 9
[RESULT] [ 83124.285372] [RVS-GPUP-TC2] gpup 51771 5 node_to 6
[RESULT] [ 83124.285372] [RVS-GPUP-TC2] gpup 51771 5 recommended_transfer_size 0
[RESULT] [ 83124.285372] [RVS-GPUP-TC2] gpup 51771 5 flags 1
[RESULT] [ 83124.285376] [RVS-GPUP-TC2] gpup 51771 6 type 11
[RESULT] [ 83124.285376] [RVS-GPUP-TC2] gpup 51771 6 version_major 0
[RESULT] [ 83124.285376] [RVS-GPUP-TC2] gpup 51771 6 version_minor 0
[RESULT] [ 83124.285376] [RVS-GPUP-TC2] gpup 51771 6 node_from 9
[RESULT] [ 83124.285377] [RVS-GPUP-TC2] gpup 51771 6 node_to 7
[RESULT] [ 83124.285377] [RVS-GPUP-TC2] gpup 51771 6 recommended_transfer_size 0
[RESULT] [ 83124.285378] [RVS-GPUP-TC2] gpup 51771 6 flags 1
[RESULT] [ 83124.285381] [RVS-GPUP-TC2] gpup 51771 7 type 11
[RESULT] [ 83124.285381] [RVS-GPUP-TC2] gpup 51771 7 version_major 0
[RESULT] [ 83124.285381] [RVS-GPUP-TC2] gpup 51771 7 version_minor 0
[RESULT] [ 83124.285382] [RVS-GPUP-TC2] gpup 51771 7 node_from 9
[RESULT] [ 83124.285382] [RVS-GPUP-TC2] gpup 51771 7 node_to 8
[RESULT] [ 83124.285382] [RVS-GPUP-TC2] gpup 51771 7 recommended_transfer_size 0
[RESULT] [ 83124.285383] [RVS-GPUP-TC2] gpup 51771 7 flags 1
[RESULT] [ 83124.285385] Action name :RVS-GPUP-TC3
[RESULT] [ 83124.285386] Module name :gpup
[INFO  ] [ 83124.285389] Missing 'device_index' key.
[RESULT] [ 83124.285542] [RVS-GPUP-TC3] gpup 17010 cpu_cores_count 0
[RESULT] [ 83124.285542] [RVS-GPUP-TC3] gpup 17010 simd_count 1024
[RESULT] [ 83124.285543] [RVS-GPUP-TC3] gpup 17010 mem_banks_count 1
[RESULT] [ 83124.285543] [RVS-GPUP-TC3] gpup 17010 caches_count 548
[RESULT] [ 83124.285543] [RVS-GPUP-TC3] gpup 17010 io_links_count 8
[RESULT] [ 83124.285544] [RVS-GPUP-TC3] gpup 17010 p2p_links_count 1
[RESULT] [ 83124.285545] [RVS-GPUP-TC3] gpup 17010 cpu_core_id_base 0
[RESULT] [ 83124.285545] [RVS-GPUP-TC3] gpup 17010 simd_id_base 2147487744
[RESULT] [ 83124.285546] [RVS-GPUP-TC3] gpup 17010 max_waves_per_simd 8
[RESULT] [ 83124.285546] [RVS-GPUP-TC3] gpup 17010 lds_size_in_kb 160
[RESULT] [ 83124.285546] [RVS-GPUP-TC3] gpup 17010 gds_size_in_kb 0
[RESULT] [ 83124.285547] [RVS-GPUP-TC3] gpup 17010 num_gws 64
[RESULT] [ 83124.285547] [RVS-GPUP-TC3] gpup 17010 wave_front_size 64
[RESULT] [ 83124.285547] [RVS-GPUP-TC3] gpup 17010 array_count 32
[RESULT] [ 83124.285548] [RVS-GPUP-TC3] gpup 17010 simd_arrays_per_engine 1
[RESULT] [ 83124.285548] [RVS-GPUP-TC3] gpup 17010 cu_per_simd_array 9
[RESULT] [ 83124.285548] [RVS-GPUP-TC3] gpup 17010 simd_per_cu 4
[RESULT] [ 83124.285549] [RVS-GPUP-TC3] gpup 17010 max_slots_scratch_cu 32
[RESULT] [ 83124.285549] [RVS-GPUP-TC3] gpup 17010 gfx_target_version 90500
[RESULT] [ 83124.285549] [RVS-GPUP-TC3] gpup 17010 vendor_id 4098
[RESULT] [ 83124.285549] [RVS-GPUP-TC3] gpup 17010 device_id 30115
[RESULT] [ 83124.285550] [RVS-GPUP-TC3] gpup 17010 location_id 29952
[RESULT] [ 83124.285550] [RVS-GPUP-TC3] gpup 17010 domain 0
[RESULT] [ 83124.285550] [RVS-GPUP-TC3] gpup 17010 drm_render_minor 128
[RESULT] [ 83124.285551] [RVS-GPUP-TC3] gpup 17010 hive_id 15543770012376183955
[RESULT] [ 83124.285551] [RVS-GPUP-TC3] gpup 17010 num_sdma_engines 2
[RESULT] [ 83124.285551] [RVS-GPUP-TC3] gpup 17010 num_sdma_xgmi_engines 14
[RESULT] [ 83124.285552] [RVS-GPUP-TC3] gpup 17010 num_sdma_queues_per_engine 8
[RESULT] [ 83124.285552] [RVS-GPUP-TC3] gpup 17010 num_cp_queues 24
[RESULT] [ 83124.285552] [RVS-GPUP-TC3] gpup 17010 cwsr_size 22687744
[RESULT] [ 83124.285553] [RVS-GPUP-TC3] gpup 17010 ctl_stack_size 12288
[RESULT] [ 83124.285553] [RVS-GPUP-TC3] gpup 17010 max_engine_clk_fcompute 2400
[RESULT] [ 83124.285553] [RVS-GPUP-TC3] gpup 17010 local_mem_size 0
[RESULT] [ 83124.285554] [RVS-GPUP-TC3] gpup 17010 fw_version 34
[RESULT] [ 83124.285554] [RVS-GPUP-TC3] gpup 17010 capability 2889327296
[RESULT] [ 83124.285554] [RVS-GPUP-TC3] gpup 17010 capability2 1
[RESULT] [ 83124.285554] [RVS-GPUP-TC3] gpup 17010 debug_prop 1494
[RESULT] [ 83124.285555] [RVS-GPUP-TC3] gpup 17010 sdma_fw_version 12
[RESULT] [ 83124.285555] [RVS-GPUP-TC3] gpup 17010 unique_id 14972926718452068356
[RESULT] [ 83124.285555] [RVS-GPUP-TC3] gpup 17010 num_xcc 8
[RESULT] [ 83124.285556] [RVS-GPUP-TC3] gpup 17010 max_engine_clk_ccompute 3300
[RESULT] [ 83124.285562] [RVS-GPUP-TC3] gpup 17010 0 type 2
[RESULT] [ 83124.285562] [RVS-GPUP-TC3] gpup 17010 0 version_major 0
[RESULT] [ 83124.285562] [RVS-GPUP-TC3] gpup 17010 0 version_minor 0
[RESULT] [ 83124.285562] [RVS-GPUP-TC3] gpup 17010 0 node_from 2
[RESULT] [ 83124.285563] [RVS-GPUP-TC3] gpup 17010 0 node_to 0
[RESULT] [ 83124.285563] [RVS-GPUP-TC3] gpup 17010 0 weight 20
[RESULT] [ 83124.285563] [RVS-GPUP-TC3] gpup 17010 0 min_latency 0
[RESULT] [ 83124.285564] [RVS-GPUP-TC3] gpup 17010 0 max_latency 0
[RESULT] [ 83124.285564] [RVS-GPUP-TC3] gpup 17010 0 min_bandwidth 0
[RESULT] [ 83124.285564] [RVS-GPUP-TC3] gpup 17010 0 max_bandwidth 64000
[RESULT] [ 83124.285564] [RVS-GPUP-TC3] gpup 17010 0 recommended_transfer_size 0
[RESULT] [ 83124.285565] [RVS-GPUP-TC3] gpup 17010 0 recommended_sdma_engine_id_mask 3
[RESULT] [ 83124.285565] [RVS-GPUP-TC3] gpup 17010 0 flags 1
[RESULT] [ 83124.285568] [RVS-GPUP-TC3] gpup 17010 1 type 11
[RESULT] [ 83124.285568] [RVS-GPUP-TC3] gpup 17010 1 version_major 0
[RESULT] [ 83124.285569] [RVS-GPUP-TC3] gpup 17010 1 version_minor 0
[RESULT] [ 83124.285569] [RVS-GPUP-TC3] gpup 17010 1 node_from 2
[RESULT] [ 83124.285569] [RVS-GPUP-TC3] gpup 17010 1 node_to 3
[RESULT] [ 83124.285569] [RVS-GPUP-TC3] gpup 17010 1 weight 15
[RESULT] [ 83124.285570] [RVS-GPUP-TC3] gpup 17010 1 min_latency 0
[RESULT] [ 83124.285570] [RVS-GPUP-TC3] gpup 17010 1 max_latency 0
[RESULT] [ 83124.285570] [RVS-GPUP-TC3] gpup 17010 1 min_bandwidth 76000
[RESULT] [ 83124.285570] [RVS-GPUP-TC3] gpup 17010 1 max_bandwidth 76000
[RESULT] [ 83124.285571] [RVS-GPUP-TC3] gpup 17010 1 recommended_transfer_size 0
[RESULT] [ 83124.285572] [RVS-GPUP-TC3] gpup 17010 1 recommended_sdma_engine_id_mask 4096
[RESULT] [ 83124.285572] [RVS-GPUP-TC3] gpup 17010 1 flags 1
[RESULT] [ 83124.285576] [RVS-GPUP-TC3] gpup 17010 2 type 11
[RESULT] [ 83124.285576] [RVS-GPUP-TC3] gpup 17010 2 version_major 0
[RESULT] [ 83124.285576] [RVS-GPUP-TC3] gpup 17010 2 version_minor 0
[RESULT] [ 83124.285576] [RVS-GPUP-TC3] gpup 17010 2 node_from 2
[RESULT] [ 83124.285577] [RVS-GPUP-TC3] gpup 17010 2 node_to 4
[RESULT] [ 83124.285577] [RVS-GPUP-TC3] gpup 17010 2 weight 15
[RESULT] [ 83124.285577] [RVS-GPUP-TC3] gpup 17010 2 min_latency 0
[RESULT] [ 83124.285577] [RVS-GPUP-TC3] gpup 17010 2 max_latency 0
[RESULT] [ 83124.285578] [RVS-GPUP-TC3] gpup 17010 2 min_bandwidth 76000
[RESULT] [ 83124.285578] [RVS-GPUP-TC3] gpup 17010 2 max_bandwidth 76000
[RESULT] [ 83124.285578] [RVS-GPUP-TC3] gpup 17010 2 recommended_transfer_size 0
[RESULT] [ 83124.285579] [RVS-GPUP-TC3] gpup 17010 2 recommended_sdma_engine_id_mask 1024
[RESULT] [ 83124.285579] [RVS-GPUP-TC3] gpup 17010 2 flags 1
[RESULT] [ 83124.285582] [RVS-GPUP-TC3] gpup 17010 3 type 11
[RESULT] [ 83124.285582] [RVS-GPUP-TC3] gpup 17010 3 version_major 0
[RESULT] [ 83124.285583] [RVS-GPUP-TC3] gpup 17010 3 version_minor 0
[RESULT] [ 83124.285583] [RVS-GPUP-TC3] gpup 17010 3 node_from 2
[RESULT] [ 83124.285583] [RVS-GPUP-TC3] gpup 17010 3 node_to 5
[RESULT] [ 83124.285583] [RVS-GPUP-TC3] gpup 17010 3 weight 15
[RESULT] [ 83124.285584] [RVS-GPUP-TC3] gpup 17010 3 min_latency 0
[RESULT] [ 83124.285584] [RVS-GPUP-TC3] gpup 17010 3 max_latency 0
[RESULT] [ 83124.285584] [RVS-GPUP-TC3] gpup 17010 3 min_bandwidth 76000
[RESULT] [ 83124.285584] [RVS-GPUP-TC3] gpup 17010 3 max_bandwidth 76000
[RESULT] [ 83124.285585] [RVS-GPUP-TC3] gpup 17010 3 recommended_transfer_size 0
[RESULT] [ 83124.285585] [RVS-GPUP-TC3] gpup 17010 3 recommended_sdma_engine_id_mask 4
[RESULT] [ 83124.285585] [RVS-GPUP-TC3] gpup 17010 3 flags 1
[RESULT] [ 83124.285588] [RVS-GPUP-TC3] gpup 17010 4 type 11
[RESULT] [ 83124.285589] [RVS-GPUP-TC3] gpup 17010 4 version_major 0
[RESULT] [ 83124.285589] [RVS-GPUP-TC3] gpup 17010 4 version_minor 0
[RESULT] [ 83124.285589] [RVS-GPUP-TC3] gpup 17010 4 node_from 2
[RESULT] [ 83124.285589] [RVS-GPUP-TC3] gpup 17010 4 node_to 6
[RESULT] [ 83124.285590] [RVS-GPUP-TC3] gpup 17010 4 weight 15
[RESULT] [ 83124.285590] [RVS-GPUP-TC3] gpup 17010 4 min_latency 0
[RESULT] [ 83124.285590] [RVS-GPUP-TC3] gpup 17010 4 max_latency 0
[RESULT] [ 83124.285591] [RVS-GPUP-TC3] gpup 17010 4 min_bandwidth 76000
[RESULT] [ 83124.285591] [RVS-GPUP-TC3] gpup 17010 4 max_bandwidth 76000
[RESULT] [ 83124.285591] [RVS-GPUP-TC3] gpup 17010 4 recommended_transfer_size 0
[RESULT] [ 83124.285591] [RVS-GPUP-TC3] gpup 17010 4 recommended_sdma_engine_id_mask 16
[RESULT] [ 83124.285592] [RVS-GPUP-TC3] gpup 17010 4 flags 1
[RESULT] [ 83124.285595] [RVS-GPUP-TC3] gpup 17010 5 type 11
[RESULT] [ 83124.285595] [RVS-GPUP-TC3] gpup 17010 5 version_major 0
[RESULT] [ 83124.285595] [RVS-GPUP-TC3] gpup 17010 5 version_minor 0
[RESULT] [ 83124.285596] [RVS-GPUP-TC3] gpup 17010 5 node_from 2
[RESULT] [ 83124.285596] [RVS-GPUP-TC3] gpup 17010 5 node_to 7
[RESULT] [ 83124.285596] [RVS-GPUP-TC3] gpup 17010 5 weight 15
[RESULT] [ 83124.285596] [RVS-GPUP-TC3] gpup 17010 5 min_latency 0
[RESULT] [ 83124.285597] [RVS-GPUP-TC3] gpup 17010 5 max_latency 0
[RESULT] [ 83124.285597] [RVS-GPUP-TC3] gpup 17010 5 min_bandwidth 76000
[RESULT] [ 83124.285597] [RVS-GPUP-TC3] gpup 17010 5 max_bandwidth 76000
[RESULT] [ 83124.285597] [RVS-GPUP-TC3] gpup 17010 5 recommended_transfer_size 0
[RESULT] [ 83124.285598] [RVS-GPUP-TC3] gpup 17010 5 recommended_sdma_engine_id_mask 16384
[RESULT] [ 83124.285598] [RVS-GPUP-TC3] gpup 17010 5 flags 1
[RESULT] [ 83124.285601] [RVS-GPUP-TC3] gpup 17010 6 type 11
[RESULT] [ 83124.285602] [RVS-GPUP-TC3] gpup 17010 6 version_major 0
[RESULT] [ 83124.285602] [RVS-GPUP-TC3] gpup 17010 6 version_minor 0
[RESULT] [ 83124.285602] [RVS-GPUP-TC3] gpup 17010 6 node_from 2
[RESULT] [ 83124.285602] [RVS-GPUP-TC3] gpup 17010 6 node_to 8
[RESULT] [ 83124.285604] [RVS-GPUP-TC3] gpup 17010 6 weight 15
[RESULT] [ 83124.285604] [RVS-GPUP-TC3] gpup 17010 6 min_latency 0
[RESULT] [ 83124.285604] [RVS-GPUP-TC3] gpup 17010 6 max_latency 0
[RESULT] [ 83124.285604] [RVS-GPUP-TC3] gpup 17010 6 min_bandwidth 76000
[RESULT] [ 83124.285605] [RVS-GPUP-TC3] gpup 17010 6 max_bandwidth 76000
[RESULT] [ 83124.285605] [RVS-GPUP-TC3] gpup 17010 6 recommended_transfer_size 0
[RESULT] [ 83124.285605] [RVS-GPUP-TC3] gpup 17010 6 recommended_sdma_engine_id_mask 256
[RESULT] [ 83124.285606] [RVS-GPUP-TC3] gpup 17010 6 flags 1
[RESULT] [ 83124.285609] [RVS-GPUP-TC3] gpup 17010 7 type 11
[RESULT] [ 83124.285609] [RVS-GPUP-TC3] gpup 17010 7 version_major 0
[RESULT] [ 83124.285610] [RVS-GPUP-TC3] gpup 17010 7 version_minor 0
[RESULT] [ 83124.285610] [RVS-GPUP-TC3] gpup 17010 7 node_from 2
[RESULT] [ 83124.285610] [RVS-GPUP-TC3] gpup 17010 7 node_to 9
[RESULT] [ 83124.285610] [RVS-GPUP-TC3] gpup 17010 7 weight 15
[RESULT] [ 83124.285611] [RVS-GPUP-TC3] gpup 17010 7 min_latency 0
[RESULT] [ 83124.285611] [RVS-GPUP-TC3] gpup 17010 7 max_latency 0
[RESULT] [ 83124.285611] [RVS-GPUP-TC3] gpup 17010 7 min_bandwidth 76000
[RESULT] [ 83124.285611] [RVS-GPUP-TC3] gpup 17010 7 max_bandwidth 76000
[RESULT] [ 83124.285612] [RVS-GPUP-TC3] gpup 17010 7 recommended_transfer_size 0
[RESULT] [ 83124.285612] [RVS-GPUP-TC3] gpup 17010 7 recommended_sdma_engine_id_mask 64
[RESULT] [ 83124.285612] [RVS-GPUP-TC3] gpup 17010 7 flags 1
[RESULT] [ 83124.285617] [RVS-GPUP-TC3] gpup 42583 cpu_cores_count 0
[RESULT] [ 83124.285617] [RVS-GPUP-TC3] gpup 42583 simd_count 1024
[RESULT] [ 83124.285617] [RVS-GPUP-TC3] gpup 42583 mem_banks_count 1
[RESULT] [ 83124.285617] [RVS-GPUP-TC3] gpup 42583 caches_count 548
[RESULT] [ 83124.285618] [RVS-GPUP-TC3] gpup 42583 io_links_count 8
[RESULT] [ 83124.285618] [RVS-GPUP-TC3] gpup 42583 p2p_links_count 1
[RESULT] [ 83124.285618] [RVS-GPUP-TC3] gpup 42583 cpu_core_id_base 0
[RESULT] [ 83124.285619] [RVS-GPUP-TC3] gpup 42583 simd_id_base 2147487780
[RESULT] [ 83124.285619] [RVS-GPUP-TC3] gpup 42583 max_waves_per_simd 8
[RESULT] [ 83124.285619] [RVS-GPUP-TC3] gpup 42583 lds_size_in_kb 160
[RESULT] [ 83124.285620] [RVS-GPUP-TC3] gpup 42583 gds_size_in_kb 0
[RESULT] [ 83124.285620] [RVS-GPUP-TC3] gpup 42583 num_gws 64
[RESULT] [ 83124.285620] [RVS-GPUP-TC3] gpup 42583 wave_front_size 64
[RESULT] [ 83124.285620] [RVS-GPUP-TC3] gpup 42583 array_count 32
[RESULT] [ 83124.285621] [RVS-GPUP-TC3] gpup 42583 simd_arrays_per_engine 1
[RESULT] [ 83124.285621] [RVS-GPUP-TC3] gpup 42583 cu_per_simd_array 9
[RESULT] [ 83124.285621] [RVS-GPUP-TC3] gpup 42583 simd_per_cu 4
[RESULT] [ 83124.285622] [RVS-GPUP-TC3] gpup 42583 max_slots_scratch_cu 32
[RESULT] [ 83124.285622] [RVS-GPUP-TC3] gpup 42583 gfx_target_version 90500
[RESULT] [ 83124.285622] [RVS-GPUP-TC3] gpup 42583 vendor_id 4098
[RESULT] [ 83124.285622] [RVS-GPUP-TC3] gpup 42583 device_id 30115
[RESULT] [ 83124.285623] [RVS-GPUP-TC3] gpup 42583 location_id 1280
[RESULT] [ 83124.285623] [RVS-GPUP-TC3] gpup 42583 domain 0
[RESULT] [ 83124.285623] [RVS-GPUP-TC3] gpup 42583 drm_render_minor 136
[RESULT] [ 83124.285624] [RVS-GPUP-TC3] gpup 42583 hive_id 15543770012376183955
[RESULT] [ 83124.285624] [RVS-GPUP-TC3] gpup 42583 num_sdma_engines 2
[RESULT] [ 83124.285624] [RVS-GPUP-TC3] gpup 42583 num_sdma_xgmi_engines 14
[RESULT] [ 83124.285625] [RVS-GPUP-TC3] gpup 42583 num_sdma_queues_per_engine 8
[RESULT] [ 83124.285625] [RVS-GPUP-TC3] gpup 42583 num_cp_queues 24
[RESULT] [ 83124.285625] [RVS-GPUP-TC3] gpup 42583 cwsr_size 22687744
[RESULT] [ 83124.285625] [RVS-GPUP-TC3] gpup 42583 ctl_stack_size 12288
[RESULT] [ 83124.285626] [RVS-GPUP-TC3] gpup 42583 max_engine_clk_fcompute 2400
[RESULT] [ 83124.285626] [RVS-GPUP-TC3] gpup 42583 local_mem_size 0
[RESULT] [ 83124.285626] [RVS-GPUP-TC3] gpup 42583 fw_version 34
[RESULT] [ 83124.285627] [RVS-GPUP-TC3] gpup 42583 capability 2889327296
[RESULT] [ 83124.285627] [RVS-GPUP-TC3] gpup 42583 capability2 1
[RESULT] [ 83124.285627] [RVS-GPUP-TC3] gpup 42583 debug_prop 1494
[RESULT] [ 83124.285627] [RVS-GPUP-TC3] gpup 42583 sdma_fw_version 12
[RESULT] [ 83124.285629] [RVS-GPUP-TC3] gpup 42583 unique_id 16941990701433615045
[RESULT] [ 83124.285629] [RVS-GPUP-TC3] gpup 42583 num_xcc 8
[RESULT] [ 83124.285629] [RVS-GPUP-TC3] gpup 42583 max_engine_clk_ccompute 3300
[RESULT] [ 83124.285635] [RVS-GPUP-TC3] gpup 42583 0 type 2
[RESULT] [ 83124.285636] [RVS-GPUP-TC3] gpup 42583 0 version_major 0
[RESULT] [ 83124.285636] [RVS-GPUP-TC3] gpup 42583 0 version_minor 0
[RESULT] [ 83124.285636] [RVS-GPUP-TC3] gpup 42583 0 node_from 3
[RESULT] [ 83124.285637] [RVS-GPUP-TC3] gpup 42583 0 node_to 0
[RESULT] [ 83124.285637] [RVS-GPUP-TC3] gpup 42583 0 weight 20
[RESULT] [ 83124.285637] [RVS-GPUP-TC3] gpup 42583 0 min_latency 0
[RESULT] [ 83124.285637] [RVS-GPUP-TC3] gpup 42583 0 max_latency 0
[RESULT] [ 83124.285638] [RVS-GPUP-TC3] gpup 42583 0 min_bandwidth 0
[RESULT] [ 83124.285638] [RVS-GPUP-TC3] gpup 42583 0 max_bandwidth 64000
[RESULT] [ 83124.285638] [RVS-GPUP-TC3] gpup 42583 0 recommended_transfer_size 0
[RESULT] [ 83124.285638] [RVS-GPUP-TC3] gpup 42583 0 recommended_sdma_engine_id_mask 3
[RESULT] [ 83124.285639] [RVS-GPUP-TC3] gpup 42583 0 flags 1
[RESULT] [ 83124.285642] [RVS-GPUP-TC3] gpup 42583 1 type 11
[RESULT] [ 83124.285642] [RVS-GPUP-TC3] gpup 42583 1 version_major 0
[RESULT] [ 83124.285642] [RVS-GPUP-TC3] gpup 42583 1 version_minor 0
[RESULT] [ 83124.285643] [RVS-GPUP-TC3] gpup 42583 1 node_from 3
[RESULT] [ 83124.285643] [RVS-GPUP-TC3] gpup 42583 1 node_to 2
[RESULT] [ 83124.285643] [RVS-GPUP-TC3] gpup 42583 1 weight 15
[RESULT] [ 83124.285643] [RVS-GPUP-TC3] gpup 42583 1 min_latency 0
[RESULT] [ 83124.285644] [RVS-GPUP-TC3] gpup 42583 1 max_latency 0
[RESULT] [ 83124.285644] [RVS-GPUP-TC3] gpup 42583 1 min_bandwidth 76000
[RESULT] [ 83124.285644] [RVS-GPUP-TC3] gpup 42583 1 max_bandwidth 76000
[RESULT] [ 83124.285645] [RVS-GPUP-TC3] gpup 42583 1 recommended_transfer_size 0
[RESULT] [ 83124.285645] [RVS-GPUP-TC3] gpup 42583 1 recommended_sdma_engine_id_mask 4096
[RESULT] [ 83124.285645] [RVS-GPUP-TC3] gpup 42583 1 flags 1
[RESULT] [ 83124.285648] [RVS-GPUP-TC3] gpup 42583 2 type 11
[RESULT] [ 83124.285649] [RVS-GPUP-TC3] gpup 42583 2 version_major 0
[RESULT] [ 83124.285649] [RVS-GPUP-TC3] gpup 42583 2 version_minor 0
[RESULT] [ 83124.285649] [RVS-GPUP-TC3] gpup 42583 2 node_from 3
[RESULT] [ 83124.285649] [RVS-GPUP-TC3] gpup 42583 2 node_to 4
[RESULT] [ 83124.285650] [RVS-GPUP-TC3] gpup 42583 2 weight 15
[RESULT] [ 83124.285650] [RVS-GPUP-TC3] gpup 42583 2 min_latency 0
[RESULT] [ 83124.285650] [RVS-GPUP-TC3] gpup 42583 2 max_latency 0
[RESULT] [ 83124.285650] [RVS-GPUP-TC3] gpup 42583 2 min_bandwidth 76000
[RESULT] [ 83124.285651] [RVS-GPUP-TC3] gpup 42583 2 max_bandwidth 76000
[RESULT] [ 83124.285651] [RVS-GPUP-TC3] gpup 42583 2 recommended_transfer_size 0
[RESULT] [ 83124.285651] [RVS-GPUP-TC3] gpup 42583 2 recommended_sdma_engine_id_mask 4
[RESULT] [ 83124.285651] [RVS-GPUP-TC3] gpup 42583 2 flags 1
[RESULT] [ 83124.285655] [RVS-GPUP-TC3] gpup 42583 3 type 11
[RESULT] [ 83124.285655] [RVS-GPUP-TC3] gpup 42583 3 version_major 0
[RESULT] [ 83124.285655] [RVS-GPUP-TC3] gpup 42583 3 version_minor 0
[RESULT] [ 83124.285656] [RVS-GPUP-TC3] gpup 42583 3 node_from 3
[RESULT] [ 83124.285656] [RVS-GPUP-TC3] gpup 42583 3 node_to 5
[RESULT] [ 83124.285656] [RVS-GPUP-TC3] gpup 42583 3 weight 15
[RESULT] [ 83124.285656] [RVS-GPUP-TC3] gpup 42583 3 min_latency 0
[RESULT] [ 83124.285657] [RVS-GPUP-TC3] gpup 42583 3 max_latency 0
[RESULT] [ 83124.285657] [RVS-GPUP-TC3] gpup 42583 3 min_bandwidth 76000
[RESULT] [ 83124.285657] [RVS-GPUP-TC3] gpup 42583 3 max_bandwidth 76000
[RESULT] [ 83124.285657] [RVS-GPUP-TC3] gpup 42583 3 recommended_transfer_size 0
[RESULT] [ 83124.285658] [RVS-GPUP-TC3] gpup 42583 3 recommended_sdma_engine_id_mask 16384
[RESULT] [ 83124.285658] [RVS-GPUP-TC3] gpup 42583 3 flags 1
[RESULT] [ 83124.285661] [RVS-GPUP-TC3] gpup 42583 4 type 11
[RESULT] [ 83124.285661] [RVS-GPUP-TC3] gpup 42583 4 version_major 0
[RESULT] [ 83124.285662] [RVS-GPUP-TC3] gpup 42583 4 version_minor 0
[RESULT] [ 83124.285662] [RVS-GPUP-TC3] gpup 42583 4 node_from 3
[RESULT] [ 83124.285810] [RVS-GPUP-TC3] gpup 42583 4 node_to 6
[RESULT] [ 83124.285810] [RVS-GPUP-TC3] gpup 42583 4 weight 15
[RESULT] [ 83124.285810] [RVS-GPUP-TC3] gpup 42583 4 min_latency 0
[RESULT] [ 83124.285811] [RVS-GPUP-TC3] gpup 42583 4 max_latency 0
[RESULT] [ 83124.285811] [RVS-GPUP-TC3] gpup 42583 4 min_bandwidth 76000
[RESULT] [ 83124.285811] [RVS-GPUP-TC3] gpup 42583 4 max_bandwidth 76000
[RESULT] [ 83124.285811] [RVS-GPUP-TC3] gpup 42583 4 recommended_transfer_size 0
[RESULT] [ 83124.285812] [RVS-GPUP-TC3] gpup 42583 4 recommended_sdma_engine_id_mask 1024
[RESULT] [ 83124.285812] [RVS-GPUP-TC3] gpup 42583 4 flags 1
[RESULT] [ 83124.285816] [RVS-GPUP-TC3] gpup 42583 5 type 11
[RESULT] [ 83124.285816] [RVS-GPUP-TC3] gpup 42583 5 version_major 0
[RESULT] [ 83124.285816] [RVS-GPUP-TC3] gpup 42583 5 version_minor 0
[RESULT] [ 83124.285816] [RVS-GPUP-TC3] gpup 42583 5 node_from 3
[RESULT] [ 83124.285817] [RVS-GPUP-TC3] gpup 42583 5 node_to 7
[RESULT] [ 83124.285817] [RVS-GPUP-TC3] gpup 42583 5 weight 15
[RESULT] [ 83124.285817] [RVS-GPUP-TC3] gpup 42583 5 min_latency 0
[RESULT] [ 83124.285817] [RVS-GPUP-TC3] gpup 42583 5 max_latency 0
[RESULT] [ 83124.285818] [RVS-GPUP-TC3] gpup 42583 5 min_bandwidth 76000
[RESULT] [ 83124.285818] [RVS-GPUP-TC3] gpup 42583 5 max_bandwidth 76000
[RESULT] [ 83124.285818] [RVS-GPUP-TC3] gpup 42583 5 recommended_transfer_size 0
[RESULT] [ 83124.285818] [RVS-GPUP-TC3] gpup 42583 5 recommended_sdma_engine_id_mask 16
[RESULT] [ 83124.285819] [RVS-GPUP-TC3] gpup 42583 5 flags 1
[RESULT] [ 83124.285822] [RVS-GPUP-TC3] gpup 42583 6 type 11
[RESULT] [ 83124.285822] [RVS-GPUP-TC3] gpup 42583 6 version_major 0
[RESULT] [ 83124.285822] [RVS-GPUP-TC3] gpup 42583 6 version_minor 0
[RESULT] [ 83124.285823] [RVS-GPUP-TC3] gpup 42583 6 node_from 3
[RESULT] [ 83124.285823] [RVS-GPUP-TC3] gpup 42583 6 node_to 8
[RESULT] [ 83124.285823] [RVS-GPUP-TC3] gpup 42583 6 weight 15
[RESULT] [ 83124.285824] [RVS-GPUP-TC3] gpup 42583 6 min_latency 0
[RESULT] [ 83124.285824] [RVS-GPUP-TC3] gpup 42583 6 max_latency 0
[RESULT] [ 83124.285824] [RVS-GPUP-TC3] gpup 42583 6 min_bandwidth 76000
[RESULT] [ 83124.285824] [RVS-GPUP-TC3] gpup 42583 6 max_bandwidth 76000
[RESULT] [ 83124.285825] [RVS-GPUP-TC3] gpup 42583 6 recommended_transfer_size 0
[RESULT] [ 83124.285825] [RVS-GPUP-TC3] gpup 42583 6 recommended_sdma_engine_id_mask 64
[RESULT] [ 83124.285825] [RVS-GPUP-TC3] gpup 42583 6 flags 1
[RESULT] [ 83124.285828] [RVS-GPUP-TC3] gpup 42583 7 type 11
[RESULT] [ 83124.285829] [RVS-GPUP-TC3] gpup 42583 7 version_major 0
[RESULT] [ 83124.285829] [RVS-GPUP-TC3] gpup 42583 7 version_minor 0
[RESULT] [ 83124.285829] [RVS-GPUP-TC3] gpup 42583 7 node_from 3
[RESULT] [ 83124.285829] [RVS-GPUP-TC3] gpup 42583 7 node_to 9
[RESULT] [ 83124.285830] [RVS-GPUP-TC3] gpup 42583 7 weight 15
[RESULT] [ 83124.285830] [RVS-GPUP-TC3] gpup 42583 7 min_latency 0
[RESULT] [ 83124.285830] [RVS-GPUP-TC3] gpup 42583 7 max_latency 0
[RESULT] [ 83124.285830] [RVS-GPUP-TC3] gpup 42583 7 min_bandwidth 76000
[RESULT] [ 83124.285831] [RVS-GPUP-TC3] gpup 42583 7 max_bandwidth 76000
[RESULT] [ 83124.285831] [RVS-GPUP-TC3] gpup 42583 7 recommended_transfer_size 0
[RESULT] [ 83124.285831] [RVS-GPUP-TC3] gpup 42583 7 recommended_sdma_engine_id_mask 256
[RESULT] [ 83124.285831] [RVS-GPUP-TC3] gpup 42583 7 flags 1
[RESULT] [ 83124.285836] [RVS-GPUP-TC3] gpup 36479 cpu_cores_count 0
[RESULT] [ 83124.285836] [RVS-GPUP-TC3] gpup 36479 simd_count 1024
[RESULT] [ 83124.285837] [RVS-GPUP-TC3] gpup 36479 mem_banks_count 1
[RESULT] [ 83124.285837] [RVS-GPUP-TC3] gpup 36479 caches_count 546
[RESULT] [ 83124.285837] [RVS-GPUP-TC3] gpup 36479 io_links_count 8
[RESULT] [ 83124.285837] [RVS-GPUP-TC3] gpup 36479 p2p_links_count 1
[RESULT] [ 83124.285838] [RVS-GPUP-TC3] gpup 36479 cpu_core_id_base 0
[RESULT] [ 83124.285838] [RVS-GPUP-TC3] gpup 36479 simd_id_base 2147487816
[RESULT] [ 83124.285838] [RVS-GPUP-TC3] gpup 36479 max_waves_per_simd 8
[RESULT] [ 83124.285839] [RVS-GPUP-TC3] gpup 36479 lds_size_in_kb 160
[RESULT] [ 83124.285839] [RVS-GPUP-TC3] gpup 36479 gds_size_in_kb 0
[RESULT] [ 83124.285841] [RVS-GPUP-TC3] gpup 36479 num_gws 64
[RESULT] [ 83124.285841] [RVS-GPUP-TC3] gpup 36479 wave_front_size 64
[RESULT] [ 83124.285841] [RVS-GPUP-TC3] gpup 36479 array_count 32
[RESULT] [ 83124.285842] [RVS-GPUP-TC3] gpup 36479 simd_arrays_per_engine 1
[RESULT] [ 83124.285842] [RVS-GPUP-TC3] gpup 36479 cu_per_simd_array 9
[RESULT] [ 83124.285842] [RVS-GPUP-TC3] gpup 36479 simd_per_cu 4
[RESULT] [ 83124.285842] [RVS-GPUP-TC3] gpup 36479 max_slots_scratch_cu 32
[RESULT] [ 83124.285843] [RVS-GPUP-TC3] gpup 36479 gfx_target_version 90500
[RESULT] [ 83124.285843] [RVS-GPUP-TC3] gpup 36479 vendor_id 4098
[RESULT] [ 83124.285843] [RVS-GPUP-TC3] gpup 36479 device_id 30115
[RESULT] [ 83124.285844] [RVS-GPUP-TC3] gpup 36479 location_id 25856
[RESULT] [ 83124.285844] [RVS-GPUP-TC3] gpup 36479 domain 0
[RESULT] [ 83124.285844] [RVS-GPUP-TC3] gpup 36479 drm_render_minor 144
[RESULT] [ 83124.285845] [RVS-GPUP-TC3] gpup 36479 hive_id 15543770012376183955
[RESULT] [ 83124.285845] [RVS-GPUP-TC3] gpup 36479 num_sdma_engines 2
[RESULT] [ 83124.285845] [RVS-GPUP-TC3] gpup 36479 num_sdma_xgmi_engines 14
[RESULT] [ 83124.285845] [RVS-GPUP-TC3] gpup 36479 num_sdma_queues_per_engine 8
[RESULT] [ 83124.285846] [RVS-GPUP-TC3] gpup 36479 num_cp_queues 24
[RESULT] [ 83124.285846] [RVS-GPUP-TC3] gpup 36479 cwsr_size 22687744
[RESULT] [ 83124.285846] [RVS-GPUP-TC3] gpup 36479 ctl_stack_size 12288
[RESULT] [ 83124.285847] [RVS-GPUP-TC3] gpup 36479 max_engine_clk_fcompute 2400
[RESULT] [ 83124.285847] [RVS-GPUP-TC3] gpup 36479 local_mem_size 0
[RESULT] [ 83124.285847] [RVS-GPUP-TC3] gpup 36479 fw_version 34
[RESULT] [ 83124.285847] [RVS-GPUP-TC3] gpup 36479 capability 2889327296
[RESULT] [ 83124.285848] [RVS-GPUP-TC3] gpup 36479 capability2 1
[RESULT] [ 83124.285848] [RVS-GPUP-TC3] gpup 36479 debug_prop 1494
[RESULT] [ 83124.285848] [RVS-GPUP-TC3] gpup 36479 sdma_fw_version 12
[RESULT] [ 83124.285849] [RVS-GPUP-TC3] gpup 36479 unique_id 2502263933217101247
[RESULT] [ 83124.285849] [RVS-GPUP-TC3] gpup 36479 num_xcc 8
[RESULT] [ 83124.285849] [RVS-GPUP-TC3] gpup 36479 max_engine_clk_ccompute 3300
[RESULT] [ 83124.285855] [RVS-GPUP-TC3] gpup 36479 0 type 2
[RESULT] [ 83124.285855] [RVS-GPUP-TC3] gpup 36479 0 version_major 0
[RESULT] [ 83124.285856] [RVS-GPUP-TC3] gpup 36479 0 version_minor 0
[RESULT] [ 83124.285856] [RVS-GPUP-TC3] gpup 36479 0 node_from 4
[RESULT] [ 83124.285856] [RVS-GPUP-TC3] gpup 36479 0 node_to 0
[RESULT] [ 83124.285856] [RVS-GPUP-TC3] gpup 36479 0 weight 20
[RESULT] [ 83124.285857] [RVS-GPUP-TC3] gpup 36479 0 min_latency 0
[RESULT] [ 83124.285857] [RVS-GPUP-TC3] gpup 36479 0 max_latency 0
[RESULT] [ 83124.285857] [RVS-GPUP-TC3] gpup 36479 0 min_bandwidth 0
[RESULT] [ 83124.285857] [RVS-GPUP-TC3] gpup 36479 0 max_bandwidth 64000
[RESULT] [ 83124.285858] [RVS-GPUP-TC3] gpup 36479 0 recommended_transfer_size 0
[RESULT] [ 83124.285858] [RVS-GPUP-TC3] gpup 36479 0 recommended_sdma_engine_id_mask 3
[RESULT] [ 83124.285858] [RVS-GPUP-TC3] gpup 36479 0 flags 1
[RESULT] [ 83124.285862] [RVS-GPUP-TC3] gpup 36479 1 type 11
[RESULT] [ 83124.285862] [RVS-GPUP-TC3] gpup 36479 1 version_major 0
[RESULT] [ 83124.285862] [RVS-GPUP-TC3] gpup 36479 1 version_minor 0
[RESULT] [ 83124.285862] [RVS-GPUP-TC3] gpup 36479 1 node_from 4
[RESULT] [ 83124.285863] [RVS-GPUP-TC3] gpup 36479 1 node_to 2
[RESULT] [ 83124.285863] [RVS-GPUP-TC3] gpup 36479 1 weight 15
[RESULT] [ 83124.285863] [RVS-GPUP-TC3] gpup 36479 1 min_latency 0
[RESULT] [ 83124.285863] [RVS-GPUP-TC3] gpup 36479 1 max_latency 0
[RESULT] [ 83124.285864] [RVS-GPUP-TC3] gpup 36479 1 min_bandwidth 76000
[RESULT] [ 83124.285864] [RVS-GPUP-TC3] gpup 36479 1 max_bandwidth 76000
[RESULT] [ 83124.285864] [RVS-GPUP-TC3] gpup 36479 1 recommended_transfer_size 0
[RESULT] [ 83124.285865] [RVS-GPUP-TC3] gpup 36479 1 recommended_sdma_engine_id_mask 4096
[RESULT] [ 83124.285865] [RVS-GPUP-TC3] gpup 36479 1 flags 1
[RESULT] [ 83124.285868] [RVS-GPUP-TC3] gpup 36479 2 type 11
[RESULT] [ 83124.285868] [RVS-GPUP-TC3] gpup 36479 2 version_major 0
[RESULT] [ 83124.285870] [RVS-GPUP-TC3] gpup 36479 2 version_minor 0
[RESULT] [ 83124.285870] [RVS-GPUP-TC3] gpup 36479 2 node_from 4
[RESULT] [ 83124.285870] [RVS-GPUP-TC3] gpup 36479 2 node_to 3
[RESULT] [ 83124.285871] [RVS-GPUP-TC3] gpup 36479 2 weight 15
[RESULT] [ 83124.285871] [RVS-GPUP-TC3] gpup 36479 2 min_latency 0
[RESULT] [ 83124.285871] [RVS-GPUP-TC3] gpup 36479 2 max_latency 0
[RESULT] [ 83124.285871] [RVS-GPUP-TC3] gpup 36479 2 min_bandwidth 76000
[RESULT] [ 83124.285872] [RVS-GPUP-TC3] gpup 36479 2 max_bandwidth 76000
[RESULT] [ 83124.285872] [RVS-GPUP-TC3] gpup 36479 2 recommended_transfer_size 0
[RESULT] [ 83124.285872] [RVS-GPUP-TC3] gpup 36479 2 recommended_sdma_engine_id_mask 4
[RESULT] [ 83124.285872] [RVS-GPUP-TC3] gpup 36479 2 flags 1
[RESULT] [ 83124.285876] [RVS-GPUP-TC3] gpup 36479 3 type 11
[RESULT] [ 83124.285876] [RVS-GPUP-TC3] gpup 36479 3 version_major 0
[RESULT] [ 83124.285876] [RVS-GPUP-TC3] gpup 36479 3 version_minor 0
[RESULT] [ 83124.285877] [RVS-GPUP-TC3] gpup 36479 3 node_from 4
[RESULT] [ 83124.285877] [RVS-GPUP-TC3] gpup 36479 3 node_to 5
[RESULT] [ 83124.285877] [RVS-GPUP-TC3] gpup 36479 3 weight 15
[RESULT] [ 83124.285878] [RVS-GPUP-TC3] gpup 36479 3 min_latency 0
[RESULT] [ 83124.285878] [RVS-GPUP-TC3] gpup 36479 3 max_latency 0
[RESULT] [ 83124.285878] [RVS-GPUP-TC3] gpup 36479 3 min_bandwidth 76000
[RESULT] [ 83124.285878] [RVS-GPUP-TC3] gpup 36479 3 max_bandwidth 76000
[RESULT] [ 83124.285879] [RVS-GPUP-TC3] gpup 36479 3 recommended_transfer_size 0
[RESULT] [ 83124.285879] [RVS-GPUP-TC3] gpup 36479 3 recommended_sdma_engine_id_mask 1024
[RESULT] [ 83124.285879] [RVS-GPUP-TC3] gpup 36479 3 flags 1
[RESULT] [ 83124.285882] [RVS-GPUP-TC3] gpup 36479 4 type 11
[RESULT] [ 83124.285883] [RVS-GPUP-TC3] gpup 36479 4 version_major 0
[RESULT] [ 83124.285883] [RVS-GPUP-TC3] gpup 36479 4 version_minor 0
[RESULT] [ 83124.285883] [RVS-GPUP-TC3] gpup 36479 4 node_from 4
[RESULT] [ 83124.285883] [RVS-GPUP-TC3] gpup 36479 4 node_to 6
[RESULT] [ 83124.285884] [RVS-GPUP-TC3] gpup 36479 4 weight 15
[RESULT] [ 83124.285884] [RVS-GPUP-TC3] gpup 36479 4 min_latency 0
[RESULT] [ 83124.285884] [RVS-GPUP-TC3] gpup 36479 4 max_latency 0
[RESULT] [ 83124.285884] [RVS-GPUP-TC3] gpup 36479 4 min_bandwidth 76000
[RESULT] [ 83124.285885] [RVS-GPUP-TC3] gpup 36479 4 max_bandwidth 76000
[RESULT] [ 83124.285885] [RVS-GPUP-TC3] gpup 36479 4 recommended_transfer_size 0
[RESULT] [ 83124.285885] [RVS-GPUP-TC3] gpup 36479 4 recommended_sdma_engine_id_mask 256
[RESULT] [ 83124.285885] [RVS-GPUP-TC3] gpup 36479 4 flags 1
[RESULT] [ 83124.285889] [RVS-GPUP-TC3] gpup 36479 5 type 11
[RESULT] [ 83124.285889] [RVS-GPUP-TC3] gpup 36479 5 version_major 0
[RESULT] [ 83124.285889] [RVS-GPUP-TC3] gpup 36479 5 version_minor 0
[RESULT] [ 83124.285889] [RVS-GPUP-TC3] gpup 36479 5 node_from 4
[RESULT] [ 83124.285890] [RVS-GPUP-TC3] gpup 36479 5 node_to 7
[RESULT] [ 83124.285890] [RVS-GPUP-TC3] gpup 36479 5 weight 15
[RESULT] [ 83124.285890] [RVS-GPUP-TC3] gpup 36479 5 min_latency 0
[RESULT] [ 83124.285890] [RVS-GPUP-TC3] gpup 36479 5 max_latency 0
[RESULT] [ 83124.285891] [RVS-GPUP-TC3] gpup 36479 5 min_bandwidth 76000
[RESULT] [ 83124.285891] [RVS-GPUP-TC3] gpup 36479 5 max_bandwidth 76000
[RESULT] [ 83124.285891] [RVS-GPUP-TC3] gpup 36479 5 recommended_transfer_size 0
[RESULT] [ 83124.285892] [RVS-GPUP-TC3] gpup 36479 5 recommended_sdma_engine_id_mask 64
[RESULT] [ 83124.285892] [RVS-GPUP-TC3] gpup 36479 5 flags 1
[RESULT] [ 83124.285895] [RVS-GPUP-TC3] gpup 36479 6 type 11
[RESULT] [ 83124.285895] [RVS-GPUP-TC3] gpup 36479 6 version_major 0
[RESULT] [ 83124.285896] [RVS-GPUP-TC3] gpup 36479 6 version_minor 0
[RESULT] [ 83124.285896] [RVS-GPUP-TC3] gpup 36479 6 node_from 4
[RESULT] [ 83124.285896] [RVS-GPUP-TC3] gpup 36479 6 node_to 8
[RESULT] [ 83124.285896] [RVS-GPUP-TC3] gpup 36479 6 weight 15
[RESULT] [ 83124.285897] [RVS-GPUP-TC3] gpup 36479 6 min_latency 0
[RESULT] [ 83124.285897] [RVS-GPUP-TC3] gpup 36479 6 max_latency 0
[RESULT] [ 83124.285897] [RVS-GPUP-TC3] gpup 36479 6 min_bandwidth 76000
[RESULT] [ 83124.285897] [RVS-GPUP-TC3] gpup 36479 6 max_bandwidth 76000
[RESULT] [ 83124.285899] [RVS-GPUP-TC3] gpup 36479 6 recommended_transfer_size 0
[RESULT] [ 83124.285899] [RVS-GPUP-TC3] gpup 36479 6 recommended_sdma_engine_id_mask 16
[RESULT] [ 83124.285899] [RVS-GPUP-TC3] gpup 36479 6 flags 1
[RESULT] [ 83124.285903] [RVS-GPUP-TC3] gpup 36479 7 type 11
[RESULT] [ 83124.285903] [RVS-GPUP-TC3] gpup 36479 7 version_major 0
[RESULT] [ 83124.285903] [RVS-GPUP-TC3] gpup 36479 7 version_minor 0
[RESULT] [ 83124.285904] [RVS-GPUP-TC3] gpup 36479 7 node_from 4
[RESULT] [ 83124.285904] [RVS-GPUP-TC3] gpup 36479 7 node_to 9
[RESULT] [ 83124.285904] [RVS-GPUP-TC3] gpup 36479 7 weight 15
[RESULT] [ 83124.285904] [RVS-GPUP-TC3] gpup 36479 7 min_latency 0
[RESULT] [ 83124.285905] [RVS-GPUP-TC3] gpup 36479 7 max_latency 0
[RESULT] [ 83124.285905] [RVS-GPUP-TC3] gpup 36479 7 min_bandwidth 76000
[RESULT] [ 83124.285905] [RVS-GPUP-TC3] gpup 36479 7 max_bandwidth 76000
[RESULT] [ 83124.285905] [RVS-GPUP-TC3] gpup 36479 7 recommended_transfer_size 0
[RESULT] [ 83124.285906] [RVS-GPUP-TC3] gpup 36479 7 recommended_sdma_engine_id_mask 16384
[RESULT] [ 83124.285906] [RVS-GPUP-TC3] gpup 36479 7 flags 1
[RESULT] [ 83124.285910] [RVS-GPUP-TC3] gpup 27226 cpu_cores_count 0
[RESULT] [ 83124.285911] [RVS-GPUP-TC3] gpup 27226 simd_count 1024
[RESULT] [ 83124.285911] [RVS-GPUP-TC3] gpup 27226 mem_banks_count 1
[RESULT] [ 83124.285911] [RVS-GPUP-TC3] gpup 27226 caches_count 546
[RESULT] [ 83124.285911] [RVS-GPUP-TC3] gpup 27226 io_links_count 8
[RESULT] [ 83124.285912] [RVS-GPUP-TC3] gpup 27226 p2p_links_count 1
[RESULT] [ 83124.285912] [RVS-GPUP-TC3] gpup 27226 cpu_core_id_base 0
[RESULT] [ 83124.285912] [RVS-GPUP-TC3] gpup 27226 simd_id_base 2147487852
[RESULT] [ 83124.285913] [RVS-GPUP-TC3] gpup 27226 max_waves_per_simd 8
[RESULT] [ 83124.285913] [RVS-GPUP-TC3] gpup 27226 lds_size_in_kb 160
[RESULT] [ 83124.285913] [RVS-GPUP-TC3] gpup 27226 gds_size_in_kb 0
[RESULT] [ 83124.285914] [RVS-GPUP-TC3] gpup 27226 num_gws 64
[RESULT] [ 83124.285914] [RVS-GPUP-TC3] gpup 27226 wave_front_size 64
[RESULT] [ 83124.285914] [RVS-GPUP-TC3] gpup 27226 array_count 32
[RESULT] [ 83124.285914] [RVS-GPUP-TC3] gpup 27226 simd_arrays_per_engine 1
[RESULT] [ 83124.285915] [RVS-GPUP-TC3] gpup 27226 cu_per_simd_array 9
[RESULT] [ 83124.285915] [RVS-GPUP-TC3] gpup 27226 simd_per_cu 4
[RESULT] [ 83124.285915] [RVS-GPUP-TC3] gpup 27226 max_slots_scratch_cu 32
[RESULT] [ 83124.285916] [RVS-GPUP-TC3] gpup 27226 gfx_target_version 90500
[RESULT] [ 83124.285916] [RVS-GPUP-TC3] gpup 27226 vendor_id 4098
[RESULT] [ 83124.285916] [RVS-GPUP-TC3] gpup 27226 device_id 30115
[RESULT] [ 83124.285917] [RVS-GPUP-TC3] gpup 27226 location_id 5376
[RESULT] [ 83124.285917] [RVS-GPUP-TC3] gpup 27226 domain 0
[RESULT] [ 83124.285917] [RVS-GPUP-TC3] gpup 27226 drm_render_minor 152
[RESULT] [ 83124.285917] [RVS-GPUP-TC3] gpup 27226 hive_id 15543770012376183955
[RESULT] [ 83124.285918] [RVS-GPUP-TC3] gpup 27226 num_sdma_engines 2
[RESULT] [ 83124.285918] [RVS-GPUP-TC3] gpup 27226 num_sdma_xgmi_engines 14
[RESULT] [ 83124.285918] [RVS-GPUP-TC3] gpup 27226 num_sdma_queues_per_engine 8
[RESULT] [ 83124.285919] [RVS-GPUP-TC3] gpup 27226 num_cp_queues 24
[RESULT] [ 83124.285919] [RVS-GPUP-TC3] gpup 27226 cwsr_size 22687744
[RESULT] [ 83124.285919] [RVS-GPUP-TC3] gpup 27226 ctl_stack_size 12288
[RESULT] [ 83124.285919] [RVS-GPUP-TC3] gpup 27226 max_engine_clk_fcompute 2400
[RESULT] [ 83124.285920] [RVS-GPUP-TC3] gpup 27226 local_mem_size 0
[RESULT] [ 83124.285920] [RVS-GPUP-TC3] gpup 27226 fw_version 34
[RESULT] [ 83124.285920] [RVS-GPUP-TC3] gpup 27226 capability 2889327296
[RESULT] [ 83124.285921] [RVS-GPUP-TC3] gpup 27226 capability2 1
[RESULT] [ 83124.285921] [RVS-GPUP-TC3] gpup 27226 debug_prop 1494
[RESULT] [ 83124.285921] [RVS-GPUP-TC3] gpup 27226 sdma_fw_version 12
[RESULT] [ 83124.285922] [RVS-GPUP-TC3] gpup 27226 unique_id 632985837543358530
[RESULT] [ 83124.285922] [RVS-GPUP-TC3] gpup 27226 num_xcc 8
[RESULT] [ 83124.285922] [RVS-GPUP-TC3] gpup 27226 max_engine_clk_ccompute 3300
[RESULT] [ 83124.285928] [RVS-GPUP-TC3] gpup 27226 0 type 2
[RESULT] [ 83124.285929] [RVS-GPUP-TC3] gpup 27226 0 version_major 0
[RESULT] [ 83124.285930] [RVS-GPUP-TC3] gpup 27226 0 version_minor 0
[RESULT] [ 83124.285930] [RVS-GPUP-TC3] gpup 27226 0 node_from 5
[RESULT] [ 83124.285930] [RVS-GPUP-TC3] gpup 27226 0 node_to 0
[RESULT] [ 83124.285930] [RVS-GPUP-TC3] gpup 27226 0 weight 20
[RESULT] [ 83124.285931] [RVS-GPUP-TC3] gpup 27226 0 min_latency 0
[RESULT] [ 83124.285931] [RVS-GPUP-TC3] gpup 27226 0 max_latency 0
[RESULT] [ 83124.285931] [RVS-GPUP-TC3] gpup 27226 0 min_bandwidth 0
[RESULT] [ 83124.285931] [RVS-GPUP-TC3] gpup 27226 0 max_bandwidth 64000
[RESULT] [ 83124.285932] [RVS-GPUP-TC3] gpup 27226 0 recommended_transfer_size 0
[RESULT] [ 83124.285932] [RVS-GPUP-TC3] gpup 27226 0 recommended_sdma_engine_id_mask 3
[RESULT] [ 83124.285932] [RVS-GPUP-TC3] gpup 27226 0 flags 1
[RESULT] [ 83124.285936] [RVS-GPUP-TC3] gpup 27226 1 type 11
[RESULT] [ 83124.285936] [RVS-GPUP-TC3] gpup 27226 1 version_major 0
[RESULT] [ 83124.285936] [RVS-GPUP-TC3] gpup 27226 1 version_minor 0
[RESULT] [ 83124.285937] [RVS-GPUP-TC3] gpup 27226 1 node_from 5
[RESULT] [ 83124.285937] [RVS-GPUP-TC3] gpup 27226 1 node_to 2
[RESULT] [ 83124.285937] [RVS-GPUP-TC3] gpup 27226 1 weight 15
[RESULT] [ 83124.285937] [RVS-GPUP-TC3] gpup 27226 1 min_latency 0
[RESULT] [ 83124.285938] [RVS-GPUP-TC3] gpup 27226 1 max_latency 0
[RESULT] [ 83124.285938] [RVS-GPUP-TC3] gpup 27226 1 min_bandwidth 76000
[RESULT] [ 83124.285938] [RVS-GPUP-TC3] gpup 27226 1 max_bandwidth 76000
[RESULT] [ 83124.285938] [RVS-GPUP-TC3] gpup 27226 1 recommended_transfer_size 0
[RESULT] [ 83124.285939] [RVS-GPUP-TC3] gpup 27226 1 recommended_sdma_engine_id_mask 4
[RESULT] [ 83124.285939] [RVS-GPUP-TC3] gpup 27226 1 flags 1
[RESULT] [ 83124.285942] [RVS-GPUP-TC3] gpup 27226 2 type 11
[RESULT] [ 83124.285943] [RVS-GPUP-TC3] gpup 27226 2 version_major 0
[RESULT] [ 83124.285943] [RVS-GPUP-TC3] gpup 27226 2 version_minor 0
[RESULT] [ 83124.285943] [RVS-GPUP-TC3] gpup 27226 2 node_from 5
[RESULT] [ 83124.285944] [RVS-GPUP-TC3] gpup 27226 2 node_to 3
[RESULT] [ 83124.285944] [RVS-GPUP-TC3] gpup 27226 2 weight 15
[RESULT] [ 83124.285944] [RVS-GPUP-TC3] gpup 27226 2 min_latency 0
[RESULT] [ 83124.285944] [RVS-GPUP-TC3] gpup 27226 2 max_latency 0
[RESULT] [ 83124.285945] [RVS-GPUP-TC3] gpup 27226 2 min_bandwidth 76000
[RESULT] [ 83124.285945] [RVS-GPUP-TC3] gpup 27226 2 max_bandwidth 76000
[RESULT] [ 83124.285945] [RVS-GPUP-TC3] gpup 27226 2 recommended_transfer_size 0
[RESULT] [ 83124.285945] [RVS-GPUP-TC3] gpup 27226 2 recommended_sdma_engine_id_mask 16384
[RESULT] [ 83124.285946] [RVS-GPUP-TC3] gpup 27226 2 flags 1
[RESULT] [ 83124.285949] [RVS-GPUP-TC3] gpup 27226 3 type 11
[RESULT] [ 83124.285950] [RVS-GPUP-TC3] gpup 27226 3 version_major 0
[RESULT] [ 83124.285950] [RVS-GPUP-TC3] gpup 27226 3 version_minor 0
[RESULT] [ 83124.285950] [RVS-GPUP-TC3] gpup 27226 3 node_from 5
[RESULT] [ 83124.285950] [RVS-GPUP-TC3] gpup 27226 3 node_to 4
[RESULT] [ 83124.285951] [RVS-GPUP-TC3] gpup 27226 3 weight 15
[RESULT] [ 83124.285951] [RVS-GPUP-TC3] gpup 27226 3 min_latency 0
[RESULT] [ 83124.285951] [RVS-GPUP-TC3] gpup 27226 3 max_latency 0
[RESULT] [ 83124.285951] [RVS-GPUP-TC3] gpup 27226 3 min_bandwidth 76000
[RESULT] [ 83124.285952] [RVS-GPUP-TC3] gpup 27226 3 max_bandwidth 76000
[RESULT] [ 83124.285952] [RVS-GPUP-TC3] gpup 27226 3 recommended_transfer_size 0
[RESULT] [ 83124.285952] [RVS-GPUP-TC3] gpup 27226 3 recommended_sdma_engine_id_mask 1024
[RESULT] [ 83124.285953] [RVS-GPUP-TC3] gpup 27226 3 flags 1
[RESULT] [ 83124.285956] [RVS-GPUP-TC3] gpup 27226 4 type 11
[RESULT] [ 83124.285956] [RVS-GPUP-TC3] gpup 27226 4 version_major 0
[RESULT] [ 83124.285956] [RVS-GPUP-TC3] gpup 27226 4 version_minor 0
[RESULT] [ 83124.285957] [RVS-GPUP-TC3] gpup 27226 4 node_from 5
[RESULT] [ 83124.285957] [RVS-GPUP-TC3] gpup 27226 4 node_to 6
[RESULT] [ 83124.285957] [RVS-GPUP-TC3] gpup 27226 4 weight 15
[RESULT] [ 83124.285957] [RVS-GPUP-TC3] gpup 27226 4 min_latency 0
[RESULT] [ 83124.285958] [RVS-GPUP-TC3] gpup 27226 4 max_latency 0
[RESULT] [ 83124.285959] [RVS-GPUP-TC3] gpup 27226 4 min_bandwidth 76000
[RESULT] [ 83124.285959] [RVS-GPUP-TC3] gpup 27226 4 max_bandwidth 76000
[RESULT] [ 83124.285960] [RVS-GPUP-TC3] gpup 27226 4 recommended_transfer_size 0
[RESULT] [ 83124.285960] [RVS-GPUP-TC3] gpup 27226 4 recommended_sdma_engine_id_mask 64
[RESULT] [ 83124.285960] [RVS-GPUP-TC3] gpup 27226 4 flags 1
[RESULT] [ 83124.285963] [RVS-GPUP-TC3] gpup 27226 5 type 11
[RESULT] [ 83124.285964] [RVS-GPUP-TC3] gpup 27226 5 version_major 0
[RESULT] [ 83124.285964] [RVS-GPUP-TC3] gpup 27226 5 version_minor 0
[RESULT] [ 83124.285964] [RVS-GPUP-TC3] gpup 27226 5 node_from 5
[RESULT] [ 83124.285964] [RVS-GPUP-TC3] gpup 27226 5 node_to 7
[RESULT] [ 83124.285965] [RVS-GPUP-TC3] gpup 27226 5 weight 15
[RESULT] [ 83124.285965] [RVS-GPUP-TC3] gpup 27226 5 min_latency 0
[RESULT] [ 83124.285965] [RVS-GPUP-TC3] gpup 27226 5 max_latency 0
[RESULT] [ 83124.285965] [RVS-GPUP-TC3] gpup 27226 5 min_bandwidth 76000
[RESULT] [ 83124.285966] [RVS-GPUP-TC3] gpup 27226 5 max_bandwidth 76000
[RESULT] [ 83124.285966] [RVS-GPUP-TC3] gpup 27226 5 recommended_transfer_size 0
[RESULT] [ 83124.285966] [RVS-GPUP-TC3] gpup 27226 5 recommended_sdma_engine_id_mask 256
[RESULT] [ 83124.285967] [RVS-GPUP-TC3] gpup 27226 5 flags 1
[RESULT] [ 83124.285970] [RVS-GPUP-TC3] gpup 27226 6 type 11
[RESULT] [ 83124.285970] [RVS-GPUP-TC3] gpup 27226 6 version_major 0
[RESULT] [ 83124.285970] [RVS-GPUP-TC3] gpup 27226 6 version_minor 0
[RESULT] [ 83124.285971] [RVS-GPUP-TC3] gpup 27226 6 node_from 5
[RESULT] [ 83124.285971] [RVS-GPUP-TC3] gpup 27226 6 node_to 8
[RESULT] [ 83124.285971] [RVS-GPUP-TC3] gpup 27226 6 weight 15
[RESULT] [ 83124.285972] [RVS-GPUP-TC3] gpup 27226 6 min_latency 0
[RESULT] [ 83124.285972] [RVS-GPUP-TC3] gpup 27226 6 max_latency 0
[RESULT] [ 83124.285972] [RVS-GPUP-TC3] gpup 27226 6 min_bandwidth 76000
[RESULT] [ 83124.285972] [RVS-GPUP-TC3] gpup 27226 6 max_bandwidth 76000
[RESULT] [ 83124.285973] [RVS-GPUP-TC3] gpup 27226 6 recommended_transfer_size 0
[RESULT] [ 83124.285973] [RVS-GPUP-TC3] gpup 27226 6 recommended_sdma_engine_id_mask 4096
[RESULT] [ 83124.285973] [RVS-GPUP-TC3] gpup 27226 6 flags 1
[RESULT] [ 83124.285976] [RVS-GPUP-TC3] gpup 27226 7 type 11
[RESULT] [ 83124.285977] [RVS-GPUP-TC3] gpup 27226 7 version_major 0
[RESULT] [ 83124.285977] [RVS-GPUP-TC3] gpup 27226 7 version_minor 0
[RESULT] [ 83124.285977] [RVS-GPUP-TC3] gpup 27226 7 node_from 5
[RESULT] [ 83124.285977] [RVS-GPUP-TC3] gpup 27226 7 node_to 9
[RESULT] [ 83124.285978] [RVS-GPUP-TC3] gpup 27226 7 weight 15
[RESULT] [ 83124.285978] [RVS-GPUP-TC3] gpup 27226 7 min_latency 0
[RESULT] [ 83124.285978] [RVS-GPUP-TC3] gpup 27226 7 max_latency 0
[RESULT] [ 83124.285978] [RVS-GPUP-TC3] gpup 27226 7 min_bandwidth 76000
[RESULT] [ 83124.285979] [RVS-GPUP-TC3] gpup 27226 7 max_bandwidth 76000
[RESULT] [ 83124.285979] [RVS-GPUP-TC3] gpup 27226 7 recommended_transfer_size 0
[RESULT] [ 83124.285979] [RVS-GPUP-TC3] gpup 27226 7 recommended_sdma_engine_id_mask 16
[RESULT] [ 83124.285979] [RVS-GPUP-TC3] gpup 27226 7 flags 1
[RESULT] [ 83124.285984] [RVS-GPUP-TC3] gpup 57875 cpu_cores_count 0
[RESULT] [ 83124.285984] [RVS-GPUP-TC3] gpup 57875 simd_count 1024
[RESULT] [ 83124.285984] [RVS-GPUP-TC3] gpup 57875 mem_banks_count 1
[RESULT] [ 83124.285985] [RVS-GPUP-TC3] gpup 57875 caches_count 558
[RESULT] [ 83124.285985] [RVS-GPUP-TC3] gpup 57875 io_links_count 8
[RESULT] [ 83124.285985] [RVS-GPUP-TC3] gpup 57875 p2p_links_count 1
[RESULT] [ 83124.285986] [RVS-GPUP-TC3] gpup 57875 cpu_core_id_base 0
[RESULT] [ 83124.285986] [RVS-GPUP-TC3] gpup 57875 simd_id_base 2147487888
[RESULT] [ 83124.285986] [RVS-GPUP-TC3] gpup 57875 max_waves_per_simd 8
[RESULT] [ 83124.285986] [RVS-GPUP-TC3] gpup 57875 lds_size_in_kb 160
[RESULT] [ 83124.285987] [RVS-GPUP-TC3] gpup 57875 gds_size_in_kb 0
[RESULT] [ 83124.285987] [RVS-GPUP-TC3] gpup 57875 num_gws 64
[RESULT] [ 83124.285987] [RVS-GPUP-TC3] gpup 57875 wave_front_size 64
[RESULT] [ 83124.285988] [RVS-GPUP-TC3] gpup 57875 array_count 32
[RESULT] [ 83124.285988] [RVS-GPUP-TC3] gpup 57875 simd_arrays_per_engine 1
[RESULT] [ 83124.285989] [RVS-GPUP-TC3] gpup 57875 cu_per_simd_array 9
[RESULT] [ 83124.285990] [RVS-GPUP-TC3] gpup 57875 simd_per_cu 4
[RESULT] [ 83124.285990] [RVS-GPUP-TC3] gpup 57875 max_slots_scratch_cu 32
[RESULT] [ 83124.285990] [RVS-GPUP-TC3] gpup 57875 gfx_target_version 90500
[RESULT] [ 83124.285991] [RVS-GPUP-TC3] gpup 57875 vendor_id 4098
[RESULT] [ 83124.285991] [RVS-GPUP-TC3] gpup 57875 device_id 30115
[RESULT] [ 83124.285991] [RVS-GPUP-TC3] gpup 57875 location_id 62720
[RESULT] [ 83124.285992] [RVS-GPUP-TC3] gpup 57875 domain 0
[RESULT] [ 83124.285992] [RVS-GPUP-TC3] gpup 57875 drm_render_minor 160
[RESULT] [ 83124.285992] [RVS-GPUP-TC3] gpup 57875 hive_id 15543770012376183955
[RESULT] [ 83124.285992] [RVS-GPUP-TC3] gpup 57875 num_sdma_engines 2
[RESULT] [ 83124.285993] [RVS-GPUP-TC3] gpup 57875 num_sdma_xgmi_engines 14
[RESULT] [ 83124.285993] [RVS-GPUP-TC3] gpup 57875 num_sdma_queues_per_engine 8
[RESULT] [ 83124.285993] [RVS-GPUP-TC3] gpup 57875 num_cp_queues 24
[RESULT] [ 83124.285994] [RVS-GPUP-TC3] gpup 57875 cwsr_size 22687744
[RESULT] [ 83124.285994] [RVS-GPUP-TC3] gpup 57875 ctl_stack_size 12288
[RESULT] [ 83124.285994] [RVS-GPUP-TC3] gpup 57875 max_engine_clk_fcompute 2400
[RESULT] [ 83124.285994] [RVS-GPUP-TC3] gpup 57875 local_mem_size 0
[RESULT] [ 83124.285995] [RVS-GPUP-TC3] gpup 57875 fw_version 34
[RESULT] [ 83124.285995] [RVS-GPUP-TC3] gpup 57875 capability 2889327296
[RESULT] [ 83124.285995] [RVS-GPUP-TC3] gpup 57875 capability2 1
[RESULT] [ 83124.285996] [RVS-GPUP-TC3] gpup 57875 debug_prop 1494
[RESULT] [ 83124.285996] [RVS-GPUP-TC3] gpup 57875 sdma_fw_version 12
[RESULT] [ 83124.285996] [RVS-GPUP-TC3] gpup 57875 unique_id 14270588561418100719
[RESULT] [ 83124.285996] [RVS-GPUP-TC3] gpup 57875 num_xcc 8
[RESULT] [ 83124.285997] [RVS-GPUP-TC3] gpup 57875 max_engine_clk_ccompute 3300
[RESULT] [ 83124.286007] [RVS-GPUP-TC3] gpup 57875 0 type 2
[RESULT] [ 83124.286007] [RVS-GPUP-TC3] gpup 57875 0 version_major 0
[RESULT] [ 83124.286008] [RVS-GPUP-TC3] gpup 57875 0 version_minor 0
[RESULT] [ 83124.286008] [RVS-GPUP-TC3] gpup 57875 0 node_from 6
[RESULT] [ 83124.286008] [RVS-GPUP-TC3] gpup 57875 0 node_to 1
[RESULT] [ 83124.286008] [RVS-GPUP-TC3] gpup 57875 0 weight 20
[RESULT] [ 83124.286009] [RVS-GPUP-TC3] gpup 57875 0 min_latency 0
[RESULT] [ 83124.286009] [RVS-GPUP-TC3] gpup 57875 0 max_latency 0
[RESULT] [ 83124.286009] [RVS-GPUP-TC3] gpup 57875 0 min_bandwidth 0
[RESULT] [ 83124.286009] [RVS-GPUP-TC3] gpup 57875 0 max_bandwidth 64000
[RESULT] [ 83124.286010] [RVS-GPUP-TC3] gpup 57875 0 recommended_transfer_size 0
[RESULT] [ 83124.286010] [RVS-GPUP-TC3] gpup 57875 0 recommended_sdma_engine_id_mask 3
[RESULT] [ 83124.286010] [RVS-GPUP-TC3] gpup 57875 0 flags 1
[RESULT] [ 83124.286014] [RVS-GPUP-TC3] gpup 57875 1 type 11
[RESULT] [ 83124.286014] [RVS-GPUP-TC3] gpup 57875 1 version_major 0
[RESULT] [ 83124.286014] [RVS-GPUP-TC3] gpup 57875 1 version_minor 0
[RESULT] [ 83124.286015] [RVS-GPUP-TC3] gpup 57875 1 node_from 6
[RESULT] [ 83124.286015] [RVS-GPUP-TC3] gpup 57875 1 node_to 2
[RESULT] [ 83124.286015] [RVS-GPUP-TC3] gpup 57875 1 weight 15
[RESULT] [ 83124.286015] [RVS-GPUP-TC3] gpup 57875 1 min_latency 0
[RESULT] [ 83124.286016] [RVS-GPUP-TC3] gpup 57875 1 max_latency 0
[RESULT] [ 83124.286016] [RVS-GPUP-TC3] gpup 57875 1 min_bandwidth 76000
[RESULT] [ 83124.286016] [RVS-GPUP-TC3] gpup 57875 1 max_bandwidth 76000
[RESULT] [ 83124.286016] [RVS-GPUP-TC3] gpup 57875 1 recommended_transfer_size 0
[RESULT] [ 83124.286017] [RVS-GPUP-TC3] gpup 57875 1 recommended_sdma_engine_id_mask 16
[RESULT] [ 83124.286017] [RVS-GPUP-TC3] gpup 57875 1 flags 1
[RESULT] [ 83124.286020] [RVS-GPUP-TC3] gpup 57875 2 type 11
[RESULT] [ 83124.286021] [RVS-GPUP-TC3] gpup 57875 2 version_major 0
[RESULT] [ 83124.286021] [RVS-GPUP-TC3] gpup 57875 2 version_minor 0
[RESULT] [ 83124.286021] [RVS-GPUP-TC3] gpup 57875 2 node_from 6
[RESULT] [ 83124.286021] [RVS-GPUP-TC3] gpup 57875 2 node_to 3
[RESULT] [ 83124.286022] [RVS-GPUP-TC3] gpup 57875 2 weight 15
[RESULT] [ 83124.286022] [RVS-GPUP-TC3] gpup 57875 2 min_latency 0
[RESULT] [ 83124.286024] [RVS-GPUP-TC3] gpup 57875 2 max_latency 0
[RESULT] [ 83124.286025] [RVS-GPUP-TC3] gpup 57875 2 min_bandwidth 76000
[RESULT] [ 83124.286025] [RVS-GPUP-TC3] gpup 57875 2 max_bandwidth 76000
[RESULT] [ 83124.286025] [RVS-GPUP-TC3] gpup 57875 2 recommended_transfer_size 0
[RESULT] [ 83124.286025] [RVS-GPUP-TC3] gpup 57875 2 recommended_sdma_engine_id_mask 1024
[RESULT] [ 83124.286026] [RVS-GPUP-TC3] gpup 57875 2 flags 1
[RESULT] [ 83124.286029] [RVS-GPUP-TC3] gpup 57875 3 type 11
[RESULT] [ 83124.286029] [RVS-GPUP-TC3] gpup 57875 3 version_major 0
[RESULT] [ 83124.286030] [RVS-GPUP-TC3] gpup 57875 3 version_minor 0
[RESULT] [ 83124.286030] [RVS-GPUP-TC3] gpup 57875 3 node_from 6
[RESULT] [ 83124.286030] [RVS-GPUP-TC3] gpup 57875 3 node_to 4
[RESULT] [ 83124.286030] [RVS-GPUP-TC3] gpup 57875 3 weight 15
[RESULT] [ 83124.286031] [RVS-GPUP-TC3] gpup 57875 3 min_latency 0
[RESULT] [ 83124.286031] [RVS-GPUP-TC3] gpup 57875 3 max_latency 0
[RESULT] [ 83124.286031] [RVS-GPUP-TC3] gpup 57875 3 min_bandwidth 76000
[RESULT] [ 83124.286031] [RVS-GPUP-TC3] gpup 57875 3 max_bandwidth 76000
[RESULT] [ 83124.286032] [RVS-GPUP-TC3] gpup 57875 3 recommended_transfer_size 0
[RESULT] [ 83124.286032] [RVS-GPUP-TC3] gpup 57875 3 recommended_sdma_engine_id_mask 256
[RESULT] [ 83124.286032] [RVS-GPUP-TC3] gpup 57875 3 flags 1
[RESULT] [ 83124.286035] [RVS-GPUP-TC3] gpup 57875 4 type 11
[RESULT] [ 83124.286036] [RVS-GPUP-TC3] gpup 57875 4 version_major 0
[RESULT] [ 83124.286036] [RVS-GPUP-TC3] gpup 57875 4 version_minor 0
[RESULT] [ 83124.286036] [RVS-GPUP-TC3] gpup 57875 4 node_from 6
[RESULT] [ 83124.286036] [RVS-GPUP-TC3] gpup 57875 4 node_to 5
[RESULT] [ 83124.286037] [RVS-GPUP-TC3] gpup 57875 4 weight 15
[RESULT] [ 83124.286037] [RVS-GPUP-TC3] gpup 57875 4 min_latency 0
[RESULT] [ 83124.286037] [RVS-GPUP-TC3] gpup 57875 4 max_latency 0
[RESULT] [ 83124.286037] [RVS-GPUP-TC3] gpup 57875 4 min_bandwidth 76000
[RESULT] [ 83124.286038] [RVS-GPUP-TC3] gpup 57875 4 max_bandwidth 76000
[RESULT] [ 83124.286038] [RVS-GPUP-TC3] gpup 57875 4 recommended_transfer_size 0
[RESULT] [ 83124.286038] [RVS-GPUP-TC3] gpup 57875 4 recommended_sdma_engine_id_mask 64
[RESULT] [ 83124.286039] [RVS-GPUP-TC3] gpup 57875 4 flags 1
[RESULT] [ 83124.286042] [RVS-GPUP-TC3] gpup 57875 5 type 11
[RESULT] [ 83124.286042] [RVS-GPUP-TC3] gpup 57875 5 version_major 0
[RESULT] [ 83124.286042] [RVS-GPUP-TC3] gpup 57875 5 version_minor 0
[RESULT] [ 83124.286043] [RVS-GPUP-TC3] gpup 57875 5 node_from 6
[RESULT] [ 83124.286043] [RVS-GPUP-TC3] gpup 57875 5 node_to 7
[RESULT] [ 83124.286043] [RVS-GPUP-TC3] gpup 57875 5 weight 15
[RESULT] [ 83124.286043] [RVS-GPUP-TC3] gpup 57875 5 min_latency 0
[RESULT] [ 83124.286044] [RVS-GPUP-TC3] gpup 57875 5 max_latency 0
[RESULT] [ 83124.286044] [RVS-GPUP-TC3] gpup 57875 5 min_bandwidth 76000
[RESULT] [ 83124.286044] [RVS-GPUP-TC3] gpup 57875 5 max_bandwidth 76000
[RESULT] [ 83124.286044] [RVS-GPUP-TC3] gpup 57875 5 recommended_transfer_size 0
[RESULT] [ 83124.286045] [RVS-GPUP-TC3] gpup 57875 5 recommended_sdma_engine_id_mask 4096
[RESULT] [ 83124.286045] [RVS-GPUP-TC3] gpup 57875 5 flags 1
[RESULT] [ 83124.286048] [RVS-GPUP-TC3] gpup 57875 6 type 11
[RESULT] [ 83124.286048] [RVS-GPUP-TC3] gpup 57875 6 version_major 0
[RESULT] [ 83124.286049] [RVS-GPUP-TC3] gpup 57875 6 version_minor 0
[RESULT] [ 83124.286049] [RVS-GPUP-TC3] gpup 57875 6 node_from 6
[RESULT] [ 83124.286049] [RVS-GPUP-TC3] gpup 57875 6 node_to 8
[RESULT] [ 83124.286049] [RVS-GPUP-TC3] gpup 57875 6 weight 15
[RESULT] [ 83124.286050] [RVS-GPUP-TC3] gpup 57875 6 min_latency 0
[RESULT] [ 83124.286050] [RVS-GPUP-TC3] gpup 57875 6 max_latency 0
[RESULT] [ 83124.286050] [RVS-GPUP-TC3] gpup 57875 6 min_bandwidth 76000
[RESULT] [ 83124.286051] [RVS-GPUP-TC3] gpup 57875 6 max_bandwidth 76000
[RESULT] [ 83124.286051] [RVS-GPUP-TC3] gpup 57875 6 recommended_transfer_size 0
[RESULT] [ 83124.286051] [RVS-GPUP-TC3] gpup 57875 6 recommended_sdma_engine_id_mask 16384
[RESULT] [ 83124.286051] [RVS-GPUP-TC3] gpup 57875 6 flags 1
[RESULT] [ 83124.286055] [RVS-GPUP-TC3] gpup 57875 7 type 11
[RESULT] [ 83124.286056] [RVS-GPUP-TC3] gpup 57875 7 version_major 0
[RESULT] [ 83124.286056] [RVS-GPUP-TC3] gpup 57875 7 version_minor 0
[RESULT] [ 83124.286057] [RVS-GPUP-TC3] gpup 57875 7 node_from 6
[RESULT] [ 83124.286057] [RVS-GPUP-TC3] gpup 57875 7 node_to 9
[RESULT] [ 83124.286057] [RVS-GPUP-TC3] gpup 57875 7 weight 15
[RESULT] [ 83124.286057] [RVS-GPUP-TC3] gpup 57875 7 min_latency 0
[RESULT] [ 83124.286058] [RVS-GPUP-TC3] gpup 57875 7 max_latency 0
[RESULT] [ 83124.286058] [RVS-GPUP-TC3] gpup 57875 7 min_bandwidth 76000
[RESULT] [ 83124.286058] [RVS-GPUP-TC3] gpup 57875 7 max_bandwidth 76000
[RESULT] [ 83124.286058] [RVS-GPUP-TC3] gpup 57875 7 recommended_transfer_size 0
[RESULT] [ 83124.286059] [RVS-GPUP-TC3] gpup 57875 7 recommended_sdma_engine_id_mask 4
[RESULT] [ 83124.286059] [RVS-GPUP-TC3] gpup 57875 7 flags 1
[RESULT] [ 83124.286063] [RVS-GPUP-TC3] gpup 1590 cpu_cores_count 0
[RESULT] [ 83124.286064] [RVS-GPUP-TC3] gpup 1590 simd_count 1024
[RESULT] [ 83124.286064] [RVS-GPUP-TC3] gpup 1590 mem_banks_count 1
[RESULT] [ 83124.286064] [RVS-GPUP-TC3] gpup 1590 caches_count 546
[RESULT] [ 83124.286065] [RVS-GPUP-TC3] gpup 1590 io_links_count 8
[RESULT] [ 83124.286065] [RVS-GPUP-TC3] gpup 1590 p2p_links_count 1
[RESULT] [ 83124.286065] [RVS-GPUP-TC3] gpup 1590 cpu_core_id_base 0
[RESULT] [ 83124.286066] [RVS-GPUP-TC3] gpup 1590 simd_id_base 2147487924
[RESULT] [ 83124.286066] [RVS-GPUP-TC3] gpup 1590 max_waves_per_simd 8
[RESULT] [ 83124.286066] [RVS-GPUP-TC3] gpup 1590 lds_size_in_kb 160
[RESULT] [ 83124.286066] [RVS-GPUP-TC3] gpup 1590 gds_size_in_kb 0
[RESULT] [ 83124.286067] [RVS-GPUP-TC3] gpup 1590 num_gws 64
[RESULT] [ 83124.286067] [RVS-GPUP-TC3] gpup 1590 wave_front_size 64
[RESULT] [ 83124.286067] [RVS-GPUP-TC3] gpup 1590 array_count 32
[RESULT] [ 83124.286068] [RVS-GPUP-TC3] gpup 1590 simd_arrays_per_engine 1
[RESULT] [ 83124.286068] [RVS-GPUP-TC3] gpup 1590 cu_per_simd_array 9
[RESULT] [ 83124.286068] [RVS-GPUP-TC3] gpup 1590 simd_per_cu 4
[RESULT] [ 83124.286068] [RVS-GPUP-TC3] gpup 1590 max_slots_scratch_cu 32
[RESULT] [ 83124.286069] [RVS-GPUP-TC3] gpup 1590 gfx_target_version 90500
[RESULT] [ 83124.286069] [RVS-GPUP-TC3] gpup 1590 vendor_id 4098
[RESULT] [ 83124.286069] [RVS-GPUP-TC3] gpup 1590 device_id 30115
[RESULT] [ 83124.286070] [RVS-GPUP-TC3] gpup 1590 location_id 34048
[RESULT] [ 83124.286070] [RVS-GPUP-TC3] gpup 1590 domain 0
[RESULT] [ 83124.286070] [RVS-GPUP-TC3] gpup 1590 drm_render_minor 168
[RESULT] [ 83124.286070] [RVS-GPUP-TC3] gpup 1590 hive_id 15543770012376183955
[RESULT] [ 83124.286071] [RVS-GPUP-TC3] gpup 1590 num_sdma_engines 2
[RESULT] [ 83124.286071] [RVS-GPUP-TC3] gpup 1590 num_sdma_xgmi_engines 14
[RESULT] [ 83124.286071] [RVS-GPUP-TC3] gpup 1590 num_sdma_queues_per_engine 8
[RESULT] [ 83124.286072] [RVS-GPUP-TC3] gpup 1590 num_cp_queues 24
[RESULT] [ 83124.286072] [RVS-GPUP-TC3] gpup 1590 cwsr_size 22687744
[RESULT] [ 83124.286072] [RVS-GPUP-TC3] gpup 1590 ctl_stack_size 12288
[RESULT] [ 83124.286073] [RVS-GPUP-TC3] gpup 1590 max_engine_clk_fcompute 2400
[RESULT] [ 83124.286073] [RVS-GPUP-TC3] gpup 1590 local_mem_size 0
[RESULT] [ 83124.286073] [RVS-GPUP-TC3] gpup 1590 fw_version 34
[RESULT] [ 83124.286073] [RVS-GPUP-TC3] gpup 1590 capability 2889327296
[RESULT] [ 83124.286074] [RVS-GPUP-TC3] gpup 1590 capability2 1
[RESULT] [ 83124.286074] [RVS-GPUP-TC3] gpup 1590 debug_prop 1494
[RESULT] [ 83124.286074] [RVS-GPUP-TC3] gpup 1590 sdma_fw_version 12
[RESULT] [ 83124.286075] [RVS-GPUP-TC3] gpup 1590 unique_id 18342258880017846821
[RESULT] [ 83124.286075] [RVS-GPUP-TC3] gpup 1590 num_xcc 8
[RESULT] [ 83124.286075] [RVS-GPUP-TC3] gpup 1590 max_engine_clk_ccompute 3300
[RESULT] [ 83124.286082] [RVS-GPUP-TC3] gpup 1590 0 type 2
[RESULT] [ 83124.286082] [RVS-GPUP-TC3] gpup 1590 0 version_major 0
[RESULT] [ 83124.286082] [RVS-GPUP-TC3] gpup 1590 0 version_minor 0
[RESULT] [ 83124.286082] [RVS-GPUP-TC3] gpup 1590 0 node_from 7
[RESULT] [ 83124.286083] [RVS-GPUP-TC3] gpup 1590 0 node_to 1
[RESULT] [ 83124.286083] [RVS-GPUP-TC3] gpup 1590 0 weight 20
[RESULT] [ 83124.286085] [RVS-GPUP-TC3] gpup 1590 0 min_latency 0
[RESULT] [ 83124.286085] [RVS-GPUP-TC3] gpup 1590 0 max_latency 0
[RESULT] [ 83124.286085] [RVS-GPUP-TC3] gpup 1590 0 min_bandwidth 0
[RESULT] [ 83124.286085] [RVS-GPUP-TC3] gpup 1590 0 max_bandwidth 64000
[RESULT] [ 83124.286086] [RVS-GPUP-TC3] gpup 1590 0 recommended_transfer_size 0
[RESULT] [ 83124.286086] [RVS-GPUP-TC3] gpup 1590 0 recommended_sdma_engine_id_mask 3
[RESULT] [ 83124.286086] [RVS-GPUP-TC3] gpup 1590 0 flags 1
[RESULT] [ 83124.286090] [RVS-GPUP-TC3] gpup 1590 1 type 11
[RESULT] [ 83124.286090] [RVS-GPUP-TC3] gpup 1590 1 version_major 0
[RESULT] [ 83124.286090] [RVS-GPUP-TC3] gpup 1590 1 version_minor 0
[RESULT] [ 83124.286091] [RVS-GPUP-TC3] gpup 1590 1 node_from 7
[RESULT] [ 83124.286091] [RVS-GPUP-TC3] gpup 1590 1 node_to 2
[RESULT] [ 83124.286091] [RVS-GPUP-TC3] gpup 1590 1 weight 15
[RESULT] [ 83124.286091] [RVS-GPUP-TC3] gpup 1590 1 min_latency 0
[RESULT] [ 83124.286092] [RVS-GPUP-TC3] gpup 1590 1 max_latency 0
[RESULT] [ 83124.286092] [RVS-GPUP-TC3] gpup 1590 1 min_bandwidth 76000
[RESULT] [ 83124.286092] [RVS-GPUP-TC3] gpup 1590 1 max_bandwidth 76000
[RESULT] [ 83124.286092] [RVS-GPUP-TC3] gpup 1590 1 recommended_transfer_size 0
[RESULT] [ 83124.286093] [RVS-GPUP-TC3] gpup 1590 1 recommended_sdma_engine_id_mask 16384
[RESULT] [ 83124.286093] [RVS-GPUP-TC3] gpup 1590 1 flags 1
[RESULT] [ 83124.286096] [RVS-GPUP-TC3] gpup 1590 2 type 11
[RESULT] [ 83124.286097] [RVS-GPUP-TC3] gpup 1590 2 version_major 0
[RESULT] [ 83124.286097] [RVS-GPUP-TC3] gpup 1590 2 version_minor 0
[RESULT] [ 83124.286097] [RVS-GPUP-TC3] gpup 1590 2 node_from 7
[RESULT] [ 83124.286097] [RVS-GPUP-TC3] gpup 1590 2 node_to 3
[RESULT] [ 83124.286098] [RVS-GPUP-TC3] gpup 1590 2 weight 15
[RESULT] [ 83124.286098] [RVS-GPUP-TC3] gpup 1590 2 min_latency 0
[RESULT] [ 83124.286098] [RVS-GPUP-TC3] gpup 1590 2 max_latency 0
[RESULT] [ 83124.286098] [RVS-GPUP-TC3] gpup 1590 2 min_bandwidth 76000
[RESULT] [ 83124.286099] [RVS-GPUP-TC3] gpup 1590 2 max_bandwidth 76000
[RESULT] [ 83124.286099] [RVS-GPUP-TC3] gpup 1590 2 recommended_transfer_size 0
[RESULT] [ 83124.286099] [RVS-GPUP-TC3] gpup 1590 2 recommended_sdma_engine_id_mask 16
[RESULT] [ 83124.286099] [RVS-GPUP-TC3] gpup 1590 2 flags 1
[RESULT] [ 83124.286103] [RVS-GPUP-TC3] gpup 1590 3 type 11
[RESULT] [ 83124.286103] [RVS-GPUP-TC3] gpup 1590 3 version_major 0
[RESULT] [ 83124.286103] [RVS-GPUP-TC3] gpup 1590 3 version_minor 0
[RESULT] [ 83124.286103] [RVS-GPUP-TC3] gpup 1590 3 node_from 7
[RESULT] [ 83124.286104] [RVS-GPUP-TC3] gpup 1590 3 node_to 4
[RESULT] [ 83124.286104] [RVS-GPUP-TC3] gpup 1590 3 weight 15
[RESULT] [ 83124.286104] [RVS-GPUP-TC3] gpup 1590 3 min_latency 0
[RESULT] [ 83124.286104] [RVS-GPUP-TC3] gpup 1590 3 max_latency 0
[RESULT] [ 83124.286105] [RVS-GPUP-TC3] gpup 1590 3 min_bandwidth 76000
[RESULT] [ 83124.286105] [RVS-GPUP-TC3] gpup 1590 3 max_bandwidth 76000
[RESULT] [ 83124.286105] [RVS-GPUP-TC3] gpup 1590 3 recommended_transfer_size 0
[RESULT] [ 83124.286105] [RVS-GPUP-TC3] gpup 1590 3 recommended_sdma_engine_id_mask 64
[RESULT] [ 83124.286106] [RVS-GPUP-TC3] gpup 1590 3 flags 1
[RESULT] [ 83124.286109] [RVS-GPUP-TC3] gpup 1590 4 type 11
[RESULT] [ 83124.286109] [RVS-GPUP-TC3] gpup 1590 4 version_major 0
[RESULT] [ 83124.286110] [RVS-GPUP-TC3] gpup 1590 4 version_minor 0
[RESULT] [ 83124.286110] [RVS-GPUP-TC3] gpup 1590 4 node_from 7
[RESULT] [ 83124.286110] [RVS-GPUP-TC3] gpup 1590 4 node_to 5
[RESULT] [ 83124.286110] [RVS-GPUP-TC3] gpup 1590 4 weight 15
[RESULT] [ 83124.286111] [RVS-GPUP-TC3] gpup 1590 4 min_latency 0
[RESULT] [ 83124.286111] [RVS-GPUP-TC3] gpup 1590 4 max_latency 0
[RESULT] [ 83124.286111] [RVS-GPUP-TC3] gpup 1590 4 min_bandwidth 76000
[RESULT] [ 83124.286111] [RVS-GPUP-TC3] gpup 1590 4 max_bandwidth 76000
[RESULT] [ 83124.286112] [RVS-GPUP-TC3] gpup 1590 4 recommended_transfer_size 0
[RESULT] [ 83124.286112] [RVS-GPUP-TC3] gpup 1590 4 recommended_sdma_engine_id_mask 256
[RESULT] [ 83124.286112] [RVS-GPUP-TC3] gpup 1590 4 flags 1
[RESULT] [ 83124.286115] [RVS-GPUP-TC3] gpup 1590 5 type 11
[RESULT] [ 83124.286117] [RVS-GPUP-TC3] gpup 1590 5 version_major 0
[RESULT] [ 83124.286117] [RVS-GPUP-TC3] gpup 1590 5 version_minor 0
[RESULT] [ 83124.286118] [RVS-GPUP-TC3] gpup 1590 5 node_from 7
[RESULT] [ 83124.286118] [RVS-GPUP-TC3] gpup 1590 5 node_to 6
[RESULT] [ 83124.286118] [RVS-GPUP-TC3] gpup 1590 5 weight 15
[RESULT] [ 83124.286118] [RVS-GPUP-TC3] gpup 1590 5 min_latency 0
[RESULT] [ 83124.286119] [RVS-GPUP-TC3] gpup 1590 5 max_latency 0
[RESULT] [ 83124.286119] [RVS-GPUP-TC3] gpup 1590 5 min_bandwidth 76000
[RESULT] [ 83124.286119] [RVS-GPUP-TC3] gpup 1590 5 max_bandwidth 76000
[RESULT] [ 83124.286119] [RVS-GPUP-TC3] gpup 1590 5 recommended_transfer_size 0
[RESULT] [ 83124.286120] [RVS-GPUP-TC3] gpup 1590 5 recommended_sdma_engine_id_mask 1024
[RESULT] [ 83124.286120] [RVS-GPUP-TC3] gpup 1590 5 flags 1
[RESULT] [ 83124.286124] [RVS-GPUP-TC3] gpup 1590 6 type 11
[RESULT] [ 83124.286124] [RVS-GPUP-TC3] gpup 1590 6 version_major 0
[RESULT] [ 83124.286124] [RVS-GPUP-TC3] gpup 1590 6 version_minor 0
[RESULT] [ 83124.286125] [RVS-GPUP-TC3] gpup 1590 6 node_from 7
[RESULT] [ 83124.286125] [RVS-GPUP-TC3] gpup 1590 6 node_to 8
[RESULT] [ 83124.286125] [RVS-GPUP-TC3] gpup 1590 6 weight 15
[RESULT] [ 83124.286125] [RVS-GPUP-TC3] gpup 1590 6 min_latency 0
[RESULT] [ 83124.286126] [RVS-GPUP-TC3] gpup 1590 6 max_latency 0
[RESULT] [ 83124.286126] [RVS-GPUP-TC3] gpup 1590 6 min_bandwidth 76000
[RESULT] [ 83124.286126] [RVS-GPUP-TC3] gpup 1590 6 max_bandwidth 76000
[RESULT] [ 83124.286127] [RVS-GPUP-TC3] gpup 1590 6 recommended_transfer_size 0
[RESULT] [ 83124.286127] [RVS-GPUP-TC3] gpup 1590 6 recommended_sdma_engine_id_mask 4
[RESULT] [ 83124.286127] [RVS-GPUP-TC3] gpup 1590 6 flags 1
[RESULT] [ 83124.286130] [RVS-GPUP-TC3] gpup 1590 7 type 11
[RESULT] [ 83124.286131] [RVS-GPUP-TC3] gpup 1590 7 version_major 0
[RESULT] [ 83124.286131] [RVS-GPUP-TC3] gpup 1590 7 version_minor 0
[RESULT] [ 83124.286131] [RVS-GPUP-TC3] gpup 1590 7 node_from 7
[RESULT] [ 83124.286131] [RVS-GPUP-TC3] gpup 1590 7 node_to 9
[RESULT] [ 83124.286132] [RVS-GPUP-TC3] gpup 1590 7 weight 15
[RESULT] [ 83124.286132] [RVS-GPUP-TC3] gpup 1590 7 min_latency 0
[RESULT] [ 83124.286132] [RVS-GPUP-TC3] gpup 1590 7 max_latency 0
[RESULT] [ 83124.286132] [RVS-GPUP-TC3] gpup 1590 7 min_bandwidth 76000
[RESULT] [ 83124.286133] [RVS-GPUP-TC3] gpup 1590 7 max_bandwidth 76000
[RESULT] [ 83124.286133] [RVS-GPUP-TC3] gpup 1590 7 recommended_transfer_size 0
[RESULT] [ 83124.286133] [RVS-GPUP-TC3] gpup 1590 7 recommended_sdma_engine_id_mask 4096
[RESULT] [ 83124.286133] [RVS-GPUP-TC3] gpup 1590 7 flags 1
[RESULT] [ 83124.286138] [RVS-GPUP-TC3] gpup 11806 cpu_cores_count 0
[RESULT] [ 83124.286138] [RVS-GPUP-TC3] gpup 11806 simd_count 1024
[RESULT] [ 83124.286138] [RVS-GPUP-TC3] gpup 11806 mem_banks_count 1
[RESULT] [ 83124.286139] [RVS-GPUP-TC3] gpup 11806 caches_count 546
[RESULT] [ 83124.286139] [RVS-GPUP-TC3] gpup 11806 io_links_count 8
[RESULT] [ 83124.286139] [RVS-GPUP-TC3] gpup 11806 p2p_links_count 1
[RESULT] [ 83124.286140] [RVS-GPUP-TC3] gpup 11806 cpu_core_id_base 0
[RESULT] [ 83124.286140] [RVS-GPUP-TC3] gpup 11806 simd_id_base 2147487960
[RESULT] [ 83124.286140] [RVS-GPUP-TC3] gpup 11806 max_waves_per_simd 8
[RESULT] [ 83124.286140] [RVS-GPUP-TC3] gpup 11806 lds_size_in_kb 160
[RESULT] [ 83124.286141] [RVS-GPUP-TC3] gpup 11806 gds_size_in_kb 0
[RESULT] [ 83124.286141] [RVS-GPUP-TC3] gpup 11806 num_gws 64
[RESULT] [ 83124.286141] [RVS-GPUP-TC3] gpup 11806 wave_front_size 64
[RESULT] [ 83124.286142] [RVS-GPUP-TC3] gpup 11806 array_count 32
[RESULT] [ 83124.286142] [RVS-GPUP-TC3] gpup 11806 simd_arrays_per_engine 1
[RESULT] [ 83124.286142] [RVS-GPUP-TC3] gpup 11806 cu_per_simd_array 9
[RESULT] [ 83124.286143] [RVS-GPUP-TC3] gpup 11806 simd_per_cu 4
[RESULT] [ 83124.286143] [RVS-GPUP-TC3] gpup 11806 max_slots_scratch_cu 32
[RESULT] [ 83124.286143] [RVS-GPUP-TC3] gpup 11806 gfx_target_version 90500
[RESULT] [ 83124.286143] [RVS-GPUP-TC3] gpup 11806 vendor_id 4098
[RESULT] [ 83124.286144] [RVS-GPUP-TC3] gpup 11806 device_id 30115
[RESULT] [ 83124.286144] [RVS-GPUP-TC3] gpup 11806 location_id 58624
[RESULT] [ 83124.286146] [RVS-GPUP-TC3] gpup 11806 domain 0
[RESULT] [ 83124.286146] [RVS-GPUP-TC3] gpup 11806 drm_render_minor 176
[RESULT] [ 83124.286146] [RVS-GPUP-TC3] gpup 11806 hive_id 15543770012376183955
[RESULT] [ 83124.286146] [RVS-GPUP-TC3] gpup 11806 num_sdma_engines 2
[RESULT] [ 83124.286147] [RVS-GPUP-TC3] gpup 11806 num_sdma_xgmi_engines 14
[RESULT] [ 83124.286147] [RVS-GPUP-TC3] gpup 11806 num_sdma_queues_per_engine 8
[RESULT] [ 83124.286147] [RVS-GPUP-TC3] gpup 11806 num_cp_queues 24
[RESULT] [ 83124.286148] [RVS-GPUP-TC3] gpup 11806 cwsr_size 22687744
[RESULT] [ 83124.286148] [RVS-GPUP-TC3] gpup 11806 ctl_stack_size 12288
[RESULT] [ 83124.286148] [RVS-GPUP-TC3] gpup 11806 max_engine_clk_fcompute 2400
[RESULT] [ 83124.286149] [RVS-GPUP-TC3] gpup 11806 local_mem_size 0
[RESULT] [ 83124.286149] [RVS-GPUP-TC3] gpup 11806 fw_version 34
[RESULT] [ 83124.286149] [RVS-GPUP-TC3] gpup 11806 capability 2889327296
[RESULT] [ 83124.286149] [RVS-GPUP-TC3] gpup 11806 capability2 1
[RESULT] [ 83124.286150] [RVS-GPUP-TC3] gpup 11806 debug_prop 1494
[RESULT] [ 83124.286150] [RVS-GPUP-TC3] gpup 11806 sdma_fw_version 12
[RESULT] [ 83124.286150] [RVS-GPUP-TC3] gpup 11806 unique_id 2246624143245554942
[RESULT] [ 83124.286151] [RVS-GPUP-TC3] gpup 11806 num_xcc 8
[RESULT] [ 83124.286151] [RVS-GPUP-TC3] gpup 11806 max_engine_clk_ccompute 3300
[RESULT] [ 83124.286157] [RVS-GPUP-TC3] gpup 11806 0 type 2
[RESULT] [ 83124.286157] [RVS-GPUP-TC3] gpup 11806 0 version_major 0
[RESULT] [ 83124.286157] [RVS-GPUP-TC3] gpup 11806 0 version_minor 0
[RESULT] [ 83124.286158] [RVS-GPUP-TC3] gpup 11806 0 node_from 8
[RESULT] [ 83124.286158] [RVS-GPUP-TC3] gpup 11806 0 node_to 1
[RESULT] [ 83124.286158] [RVS-GPUP-TC3] gpup 11806 0 weight 20
[RESULT] [ 83124.286158] [RVS-GPUP-TC3] gpup 11806 0 min_latency 0
[RESULT] [ 83124.286159] [RVS-GPUP-TC3] gpup 11806 0 max_latency 0
[RESULT] [ 83124.286159] [RVS-GPUP-TC3] gpup 11806 0 min_bandwidth 0
[RESULT] [ 83124.286159] [RVS-GPUP-TC3] gpup 11806 0 max_bandwidth 64000
[RESULT] [ 83124.286160] [RVS-GPUP-TC3] gpup 11806 0 recommended_transfer_size 0
[RESULT] [ 83124.286160] [RVS-GPUP-TC3] gpup 11806 0 recommended_sdma_engine_id_mask 3
[RESULT] [ 83124.286160] [RVS-GPUP-TC3] gpup 11806 0 flags 1
[RESULT] [ 83124.286164] [RVS-GPUP-TC3] gpup 11806 1 type 11
[RESULT] [ 83124.286164] [RVS-GPUP-TC3] gpup 11806 1 version_major 0
[RESULT] [ 83124.286164] [RVS-GPUP-TC3] gpup 11806 1 version_minor 0
[RESULT] [ 83124.286165] [RVS-GPUP-TC3] gpup 11806 1 node_from 8
[RESULT] [ 83124.286165] [RVS-GPUP-TC3] gpup 11806 1 node_to 2
[RESULT] [ 83124.286165] [RVS-GPUP-TC3] gpup 11806 1 weight 15
[RESULT] [ 83124.286165] [RVS-GPUP-TC3] gpup 11806 1 min_latency 0
[RESULT] [ 83124.286166] [RVS-GPUP-TC3] gpup 11806 1 max_latency 0
[RESULT] [ 83124.286166] [RVS-GPUP-TC3] gpup 11806 1 min_bandwidth 76000
[RESULT] [ 83124.286166] [RVS-GPUP-TC3] gpup 11806 1 max_bandwidth 76000
[RESULT] [ 83124.286167] [RVS-GPUP-TC3] gpup 11806 1 recommended_transfer_size 0
[RESULT] [ 83124.286167] [RVS-GPUP-TC3] gpup 11806 1 recommended_sdma_engine_id_mask 256
[RESULT] [ 83124.286167] [RVS-GPUP-TC3] gpup 11806 1 flags 1
[RESULT] [ 83124.286171] [RVS-GPUP-TC3] gpup 11806 2 type 11
[RESULT] [ 83124.286171] [RVS-GPUP-TC3] gpup 11806 2 version_major 0
[RESULT] [ 83124.286171] [RVS-GPUP-TC3] gpup 11806 2 version_minor 0
[RESULT] [ 83124.286171] [RVS-GPUP-TC3] gpup 11806 2 node_from 8
[RESULT] [ 83124.286172] [RVS-GPUP-TC3] gpup 11806 2 node_to 3
[RESULT] [ 83124.286172] [RVS-GPUP-TC3] gpup 11806 2 weight 15
[RESULT] [ 83124.286172] [RVS-GPUP-TC3] gpup 11806 2 min_latency 0
[RESULT] [ 83124.286172] [RVS-GPUP-TC3] gpup 11806 2 max_latency 0
[RESULT] [ 83124.286173] [RVS-GPUP-TC3] gpup 11806 2 min_bandwidth 76000
[RESULT] [ 83124.286173] [RVS-GPUP-TC3] gpup 11806 2 max_bandwidth 76000
[RESULT] [ 83124.286173] [RVS-GPUP-TC3] gpup 11806 2 recommended_transfer_size 0
[RESULT] [ 83124.286173] [RVS-GPUP-TC3] gpup 11806 2 recommended_sdma_engine_id_mask 64
[RESULT] [ 83124.286174] [RVS-GPUP-TC3] gpup 11806 2 flags 1
[RESULT] [ 83124.286178] [RVS-GPUP-TC3] gpup 11806 3 type 11
[RESULT] [ 83124.286179] [RVS-GPUP-TC3] gpup 11806 3 version_major 0
[RESULT] [ 83124.286179] [RVS-GPUP-TC3] gpup 11806 3 version_minor 0
[RESULT] [ 83124.286179] [RVS-GPUP-TC3] gpup 11806 3 node_from 8
[RESULT] [ 83124.286179] [RVS-GPUP-TC3] gpup 11806 3 node_to 4
[RESULT] [ 83124.286180] [RVS-GPUP-TC3] gpup 11806 3 weight 15
[RESULT] [ 83124.286180] [RVS-GPUP-TC3] gpup 11806 3 min_latency 0
[RESULT] [ 83124.286180] [RVS-GPUP-TC3] gpup 11806 3 max_latency 0
[RESULT] [ 83124.286180] [RVS-GPUP-TC3] gpup 11806 3 min_bandwidth 76000
[RESULT] [ 83124.286181] [RVS-GPUP-TC3] gpup 11806 3 max_bandwidth 76000
[RESULT] [ 83124.286181] [RVS-GPUP-TC3] gpup 11806 3 recommended_transfer_size 0
[RESULT] [ 83124.286181] [RVS-GPUP-TC3] gpup 11806 3 recommended_sdma_engine_id_mask 16
[RESULT] [ 83124.286182] [RVS-GPUP-TC3] gpup 11806 3 flags 1
[RESULT] [ 83124.286185] [RVS-GPUP-TC3] gpup 11806 4 type 11
[RESULT] [ 83124.286185] [RVS-GPUP-TC3] gpup 11806 4 version_major 0
[RESULT] [ 83124.286186] [RVS-GPUP-TC3] gpup 11806 4 version_minor 0
[RESULT] [ 83124.286186] [RVS-GPUP-TC3] gpup 11806 4 node_from 8
[RESULT] [ 83124.286186] [RVS-GPUP-TC3] gpup 11806 4 node_to 5
[RESULT] [ 83124.286187] [RVS-GPUP-TC3] gpup 11806 4 weight 15
[RESULT] [ 83124.286187] [RVS-GPUP-TC3] gpup 11806 4 min_latency 0
[RESULT] [ 83124.286187] [RVS-GPUP-TC3] gpup 11806 4 max_latency 0
[RESULT] [ 83124.286187] [RVS-GPUP-TC3] gpup 11806 4 min_bandwidth 76000
[RESULT] [ 83124.286188] [RVS-GPUP-TC3] gpup 11806 4 max_bandwidth 76000
[RESULT] [ 83124.286188] [RVS-GPUP-TC3] gpup 11806 4 recommended_transfer_size 0
[RESULT] [ 83124.286188] [RVS-GPUP-TC3] gpup 11806 4 recommended_sdma_engine_id_mask 4096
[RESULT] [ 83124.286188] [RVS-GPUP-TC3] gpup 11806 4 flags 1
[RESULT] [ 83124.286192] [RVS-GPUP-TC3] gpup 11806 5 type 11
[RESULT] [ 83124.286192] [RVS-GPUP-TC3] gpup 11806 5 version_major 0
[RESULT] [ 83124.286192] [RVS-GPUP-TC3] gpup 11806 5 version_minor 0
[RESULT] [ 83124.286193] [RVS-GPUP-TC3] gpup 11806 5 node_from 8
[RESULT] [ 83124.286193] [RVS-GPUP-TC3] gpup 11806 5 node_to 6
[RESULT] [ 83124.286193] [RVS-GPUP-TC3] gpup 11806 5 weight 15
[RESULT] [ 83124.286194] [RVS-GPUP-TC3] gpup 11806 5 min_latency 0
[RESULT] [ 83124.286194] [RVS-GPUP-TC3] gpup 11806 5 max_latency 0
[RESULT] [ 83124.286194] [RVS-GPUP-TC3] gpup 11806 5 min_bandwidth 76000
[RESULT] [ 83124.286194] [RVS-GPUP-TC3] gpup 11806 5 max_bandwidth 76000
[RESULT] [ 83124.286195] [RVS-GPUP-TC3] gpup 11806 5 recommended_transfer_size 0
[RESULT] [ 83124.286195] [RVS-GPUP-TC3] gpup 11806 5 recommended_sdma_engine_id_mask 16384
[RESULT] [ 83124.286195] [RVS-GPUP-TC3] gpup 11806 5 flags 1
[RESULT] [ 83124.286198] [RVS-GPUP-TC3] gpup 11806 6 type 11
[RESULT] [ 83124.286199] [RVS-GPUP-TC3] gpup 11806 6 version_major 0
[RESULT] [ 83124.286199] [RVS-GPUP-TC3] gpup 11806 6 version_minor 0
[RESULT] [ 83124.286199] [RVS-GPUP-TC3] gpup 11806 6 node_from 8
[RESULT] [ 83124.286199] [RVS-GPUP-TC3] gpup 11806 6 node_to 7
[RESULT] [ 83124.286200] [RVS-GPUP-TC3] gpup 11806 6 weight 15
[RESULT] [ 83124.286200] [RVS-GPUP-TC3] gpup 11806 6 min_latency 0
[RESULT] [ 83124.286200] [RVS-GPUP-TC3] gpup 11806 6 max_latency 0
[RESULT] [ 83124.286200] [RVS-GPUP-TC3] gpup 11806 6 min_bandwidth 76000
[RESULT] [ 83124.286201] [RVS-GPUP-TC3] gpup 11806 6 max_bandwidth 76000
[RESULT] [ 83124.286201] [RVS-GPUP-TC3] gpup 11806 6 recommended_transfer_size 0
[RESULT] [ 83124.286201] [RVS-GPUP-TC3] gpup 11806 6 recommended_sdma_engine_id_mask 4
[RESULT] [ 83124.286201] [RVS-GPUP-TC3] gpup 11806 6 flags 1
[RESULT] [ 83124.286205] [RVS-GPUP-TC3] gpup 11806 7 type 11
[RESULT] [ 83124.286205] [RVS-GPUP-TC3] gpup 11806 7 version_major 0
[RESULT] [ 83124.286205] [RVS-GPUP-TC3] gpup 11806 7 version_minor 0
[RESULT] [ 83124.286205] [RVS-GPUP-TC3] gpup 11806 7 node_from 8
[RESULT] [ 83124.286206] [RVS-GPUP-TC3] gpup 11806 7 node_to 9
[RESULT] [ 83124.286206] [RVS-GPUP-TC3] gpup 11806 7 weight 15
[RESULT] [ 83124.286206] [RVS-GPUP-TC3] gpup 11806 7 min_latency 0
[RESULT] [ 83124.286206] [RVS-GPUP-TC3] gpup 11806 7 max_latency 0
[RESULT] [ 83124.286208] [RVS-GPUP-TC3] gpup 11806 7 min_bandwidth 76000
[RESULT] [ 83124.286208] [RVS-GPUP-TC3] gpup 11806 7 max_bandwidth 76000
[RESULT] [ 83124.286209] [RVS-GPUP-TC3] gpup 11806 7 recommended_transfer_size 0
[RESULT] [ 83124.286209] [RVS-GPUP-TC3] gpup 11806 7 recommended_sdma_engine_id_mask 1024
[RESULT] [ 83124.286209] [RVS-GPUP-TC3] gpup 11806 7 flags 1
[RESULT] [ 83124.286214] [RVS-GPUP-TC3] gpup 51771 cpu_cores_count 0
[RESULT] [ 83124.286214] [RVS-GPUP-TC3] gpup 51771 simd_count 1024
[RESULT] [ 83124.286214] [RVS-GPUP-TC3] gpup 51771 mem_banks_count 1
[RESULT] [ 83124.286215] [RVS-GPUP-TC3] gpup 51771 caches_count 546
[RESULT] [ 83124.286215] [RVS-GPUP-TC3] gpup 51771 io_links_count 8
[RESULT] [ 83124.286215] [RVS-GPUP-TC3] gpup 51771 p2p_links_count 1
[RESULT] [ 83124.286215] [RVS-GPUP-TC3] gpup 51771 cpu_core_id_base 0
[RESULT] [ 83124.286216] [RVS-GPUP-TC3] gpup 51771 simd_id_base 2147487996
[RESULT] [ 83124.286216] [RVS-GPUP-TC3] gpup 51771 max_waves_per_simd 8
[RESULT] [ 83124.286216] [RVS-GPUP-TC3] gpup 51771 lds_size_in_kb 160
[RESULT] [ 83124.286217] [RVS-GPUP-TC3] gpup 51771 gds_size_in_kb 0
[RESULT] [ 83124.286217] [RVS-GPUP-TC3] gpup 51771 num_gws 64
[RESULT] [ 83124.286217] [RVS-GPUP-TC3] gpup 51771 wave_front_size 64
[RESULT] [ 83124.286217] [RVS-GPUP-TC3] gpup 51771 array_count 32
[RESULT] [ 83124.286218] [RVS-GPUP-TC3] gpup 51771 simd_arrays_per_engine 1
[RESULT] [ 83124.286218] [RVS-GPUP-TC3] gpup 51771 cu_per_simd_array 9
[RESULT] [ 83124.286218] [RVS-GPUP-TC3] gpup 51771 simd_per_cu 4
[RESULT] [ 83124.286219] [RVS-GPUP-TC3] gpup 51771 max_slots_scratch_cu 32
[RESULT] [ 83124.286219] [RVS-GPUP-TC3] gpup 51771 gfx_target_version 90500
[RESULT] [ 83124.286219] [RVS-GPUP-TC3] gpup 51771 vendor_id 4098
[RESULT] [ 83124.286220] [RVS-GPUP-TC3] gpup 51771 device_id 30115
[RESULT] [ 83124.286220] [RVS-GPUP-TC3] gpup 51771 location_id 38144
[RESULT] [ 83124.286220] [RVS-GPUP-TC3] gpup 51771 domain 0
[RESULT] [ 83124.286220] [RVS-GPUP-TC3] gpup 51771 drm_render_minor 184
[RESULT] [ 83124.286221] [RVS-GPUP-TC3] gpup 51771 hive_id 15543770012376183955
[RESULT] [ 83124.286221] [RVS-GPUP-TC3] gpup 51771 num_sdma_engines 2
[RESULT] [ 83124.286221] [RVS-GPUP-TC3] gpup 51771 num_sdma_xgmi_engines 14
[RESULT] [ 83124.286222] [RVS-GPUP-TC3] gpup 51771 num_sdma_queues_per_engine 8
[RESULT] [ 83124.286222] [RVS-GPUP-TC3] gpup 51771 num_cp_queues 24
[RESULT] [ 83124.286222] [RVS-GPUP-TC3] gpup 51771 cwsr_size 22687744
[RESULT] [ 83124.286223] [RVS-GPUP-TC3] gpup 51771 ctl_stack_size 12288
[RESULT] [ 83124.286223] [RVS-GPUP-TC3] gpup 51771 max_engine_clk_fcompute 2400
[RESULT] [ 83124.286223] [RVS-GPUP-TC3] gpup 51771 local_mem_size 0
[RESULT] [ 83124.286223] [RVS-GPUP-TC3] gpup 51771 fw_version 34
[RESULT] [ 83124.286224] [RVS-GPUP-TC3] gpup 51771 capability 2889327296
[RESULT] [ 83124.286224] [RVS-GPUP-TC3] gpup 51771 capability2 1
[RESULT] [ 83124.286224] [RVS-GPUP-TC3] gpup 51771 debug_prop 1494
[RESULT] [ 83124.286225] [RVS-GPUP-TC3] gpup 51771 sdma_fw_version 12
[RESULT] [ 83124.286225] [RVS-GPUP-TC3] gpup 51771 unique_id 4167359005928280700
[RESULT] [ 83124.286225] [RVS-GPUP-TC3] gpup 51771 num_xcc 8
[RESULT] [ 83124.286225] [RVS-GPUP-TC3] gpup 51771 max_engine_clk_ccompute 3300
[RESULT] [ 83124.286232] [RVS-GPUP-TC3] gpup 51771 0 type 2
[RESULT] [ 83124.286232] [RVS-GPUP-TC3] gpup 51771 0 version_major 0
[RESULT] [ 83124.286232] [RVS-GPUP-TC3] gpup 51771 0 version_minor 0
[RESULT] [ 83124.286233] [RVS-GPUP-TC3] gpup 51771 0 node_from 9
[RESULT] [ 83124.286233] [RVS-GPUP-TC3] gpup 51771 0 node_to 1
[RESULT] [ 83124.286233] [RVS-GPUP-TC3] gpup 51771 0 weight 20
[RESULT] [ 83124.286233] [RVS-GPUP-TC3] gpup 51771 0 min_latency 0
[RESULT] [ 83124.286234] [RVS-GPUP-TC3] gpup 51771 0 max_latency 0
[RESULT] [ 83124.286234] [RVS-GPUP-TC3] gpup 51771 0 min_bandwidth 0
[RESULT] [ 83124.286234] [RVS-GPUP-TC3] gpup 51771 0 max_bandwidth 64000
[RESULT] [ 83124.286234] [RVS-GPUP-TC3] gpup 51771 0 recommended_transfer_size 0
[RESULT] [ 83124.286235] [RVS-GPUP-TC3] gpup 51771 0 recommended_sdma_engine_id_mask 3
[RESULT] [ 83124.286236] [RVS-GPUP-TC3] gpup 51771 0 flags 1
[RESULT] [ 83124.286239] [RVS-GPUP-TC3] gpup 51771 1 type 11
[RESULT] [ 83124.286240] [RVS-GPUP-TC3] gpup 51771 1 version_major 0
[RESULT] [ 83124.286240] [RVS-GPUP-TC3] gpup 51771 1 version_minor 0
[RESULT] [ 83124.286240] [RVS-GPUP-TC3] gpup 51771 1 node_from 9
[RESULT] [ 83124.286240] [RVS-GPUP-TC3] gpup 51771 1 node_to 2
[RESULT] [ 83124.286241] [RVS-GPUP-TC3] gpup 51771 1 weight 15
[RESULT] [ 83124.286241] [RVS-GPUP-TC3] gpup 51771 1 min_latency 0
[RESULT] [ 83124.286241] [RVS-GPUP-TC3] gpup 51771 1 max_latency 0
[RESULT] [ 83124.286242] [RVS-GPUP-TC3] gpup 51771 1 min_bandwidth 76000
[RESULT] [ 83124.286242] [RVS-GPUP-TC3] gpup 51771 1 max_bandwidth 76000
[RESULT] [ 83124.286242] [RVS-GPUP-TC3] gpup 51771 1 recommended_transfer_size 0
[RESULT] [ 83124.286242] [RVS-GPUP-TC3] gpup 51771 1 recommended_sdma_engine_id_mask 64
[RESULT] [ 83124.286243] [RVS-GPUP-TC3] gpup 51771 1 flags 1
[RESULT] [ 83124.286246] [RVS-GPUP-TC3] gpup 51771 2 type 11
[RESULT] [ 83124.286246] [RVS-GPUP-TC3] gpup 51771 2 version_major 0
[RESULT] [ 83124.286246] [RVS-GPUP-TC3] gpup 51771 2 version_minor 0
[RESULT] [ 83124.286247] [RVS-GPUP-TC3] gpup 51771 2 node_from 9
[RESULT] [ 83124.286247] [RVS-GPUP-TC3] gpup 51771 2 node_to 3
[RESULT] [ 83124.286247] [RVS-GPUP-TC3] gpup 51771 2 weight 15
[RESULT] [ 83124.286247] [RVS-GPUP-TC3] gpup 51771 2 min_latency 0
[RESULT] [ 83124.286248] [RVS-GPUP-TC3] gpup 51771 2 max_latency 0
[RESULT] [ 83124.286248] [RVS-GPUP-TC3] gpup 51771 2 min_bandwidth 76000
[RESULT] [ 83124.286248] [RVS-GPUP-TC3] gpup 51771 2 max_bandwidth 76000
[RESULT] [ 83124.286248] [RVS-GPUP-TC3] gpup 51771 2 recommended_transfer_size 0
[RESULT] [ 83124.286249] [RVS-GPUP-TC3] gpup 51771 2 recommended_sdma_engine_id_mask 256
[RESULT] [ 83124.286249] [RVS-GPUP-TC3] gpup 51771 2 flags 1
[RESULT] [ 83124.286252] [RVS-GPUP-TC3] gpup 51771 3 type 11
[RESULT] [ 83124.286253] [RVS-GPUP-TC3] gpup 51771 3 version_major 0
[RESULT] [ 83124.286253] [RVS-GPUP-TC3] gpup 51771 3 version_minor 0
[RESULT] [ 83124.286253] [RVS-GPUP-TC3] gpup 51771 3 node_from 9
[RESULT] [ 83124.286253] [RVS-GPUP-TC3] gpup 51771 3 node_to 4
[RESULT] [ 83124.286254] [RVS-GPUP-TC3] gpup 51771 3 weight 15
[RESULT] [ 83124.286254] [RVS-GPUP-TC3] gpup 51771 3 min_latency 0
[RESULT] [ 83124.286254] [RVS-GPUP-TC3] gpup 51771 3 max_latency 0
[RESULT] [ 83124.286254] [RVS-GPUP-TC3] gpup 51771 3 min_bandwidth 76000
[RESULT] [ 83124.286255] [RVS-GPUP-TC3] gpup 51771 3 max_bandwidth 76000
[RESULT] [ 83124.286255] [RVS-GPUP-TC3] gpup 51771 3 recommended_transfer_size 0
[RESULT] [ 83124.286255] [RVS-GPUP-TC3] gpup 51771 3 recommended_sdma_engine_id_mask 16384
[RESULT] [ 83124.286255] [RVS-GPUP-TC3] gpup 51771 3 flags 1
[RESULT] [ 83124.286259] [RVS-GPUP-TC3] gpup 51771 4 type 11
[RESULT] [ 83124.286259] [RVS-GPUP-TC3] gpup 51771 4 version_major 0
[RESULT] [ 83124.286259] [RVS-GPUP-TC3] gpup 51771 4 version_minor 0
[RESULT] [ 83124.286260] [RVS-GPUP-TC3] gpup 51771 4 node_from 9
[RESULT] [ 83124.286260] [RVS-GPUP-TC3] gpup 51771 4 node_to 5
[RESULT] [ 83124.286260] [RVS-GPUP-TC3] gpup 51771 4 weight 15
[RESULT] [ 83124.286260] [RVS-GPUP-TC3] gpup 51771 4 min_latency 0
[RESULT] [ 83124.286261] [RVS-GPUP-TC3] gpup 51771 4 max_latency 0
[RESULT] [ 83124.286261] [RVS-GPUP-TC3] gpup 51771 4 min_bandwidth 76000
[RESULT] [ 83124.286261] [RVS-GPUP-TC3] gpup 51771 4 max_bandwidth 76000
[RESULT] [ 83124.286261] [RVS-GPUP-TC3] gpup 51771 4 recommended_transfer_size 0
[RESULT] [ 83124.286262] [RVS-GPUP-TC3] gpup 51771 4 recommended_sdma_engine_id_mask 16
[RESULT] [ 83124.286262] [RVS-GPUP-TC3] gpup 51771 4 flags 1
[RESULT] [ 83124.286265] [RVS-GPUP-TC3] gpup 51771 5 type 11
[RESULT] [ 83124.286266] [RVS-GPUP-TC3] gpup 51771 5 version_major 0
[RESULT] [ 83124.286266] [RVS-GPUP-TC3] gpup 51771 5 version_minor 0
[RESULT] [ 83124.286266] [RVS-GPUP-TC3] gpup 51771 5 node_from 9
[RESULT] [ 83124.286266] [RVS-GPUP-TC3] gpup 51771 5 node_to 6
[RESULT] [ 83124.286267] [RVS-GPUP-TC3] gpup 51771 5 weight 15
[RESULT] [ 83124.286268] [RVS-GPUP-TC3] gpup 51771 5 min_latency 0
[RESULT] [ 83124.286268] [RVS-GPUP-TC3] gpup 51771 5 max_latency 0
[RESULT] [ 83124.286269] [RVS-GPUP-TC3] gpup 51771 5 min_bandwidth 76000
[RESULT] [ 83124.286269] [RVS-GPUP-TC3] gpup 51771 5 max_bandwidth 76000
[RESULT] [ 83124.286269] [RVS-GPUP-TC3] gpup 51771 5 recommended_transfer_size 0
[RESULT] [ 83124.286269] [RVS-GPUP-TC3] gpup 51771 5 recommended_sdma_engine_id_mask 4
[RESULT] [ 83124.286270] [RVS-GPUP-TC3] gpup 51771 5 flags 1
[RESULT] [ 83124.286273] [RVS-GPUP-TC3] gpup 51771 6 type 11
[RESULT] [ 83124.286273] [RVS-GPUP-TC3] gpup 51771 6 version_major 0
[RESULT] [ 83124.286274] [RVS-GPUP-TC3] gpup 51771 6 version_minor 0
[RESULT] [ 83124.286274] [RVS-GPUP-TC3] gpup 51771 6 node_from 9
[RESULT] [ 83124.286274] [RVS-GPUP-TC3] gpup 51771 6 node_to 7
[RESULT] [ 83124.286274] [RVS-GPUP-TC3] gpup 51771 6 weight 15
[RESULT] [ 83124.286275] [RVS-GPUP-TC3] gpup 51771 6 min_latency 0
[RESULT] [ 83124.286275] [RVS-GPUP-TC3] gpup 51771 6 max_latency 0
[RESULT] [ 83124.286275] [RVS-GPUP-TC3] gpup 51771 6 min_bandwidth 76000
[RESULT] [ 83124.286275] [RVS-GPUP-TC3] gpup 51771 6 max_bandwidth 76000
[RESULT] [ 83124.286276] [RVS-GPUP-TC3] gpup 51771 6 recommended_transfer_size 0
[RESULT] [ 83124.286276] [RVS-GPUP-TC3] gpup 51771 6 recommended_sdma_engine_id_mask 1024
[RESULT] [ 83124.286276] [RVS-GPUP-TC3] gpup 51771 6 flags 1
[RESULT] [ 83124.286279] [RVS-GPUP-TC3] gpup 51771 7 type 11
[RESULT] [ 83124.286280] [RVS-GPUP-TC3] gpup 51771 7 version_major 0
[RESULT] [ 83124.286280] [RVS-GPUP-TC3] gpup 51771 7 version_minor 0
[RESULT] [ 83124.286280] [RVS-GPUP-TC3] gpup 51771 7 node_from 9
[RESULT] [ 83124.286280] [RVS-GPUP-TC3] gpup 51771 7 node_to 8
[RESULT] [ 83124.286281] [RVS-GPUP-TC3] gpup 51771 7 weight 15
[RESULT] [ 83124.286281] [RVS-GPUP-TC3] gpup 51771 7 min_latency 0
[RESULT] [ 83124.286281] [RVS-GPUP-TC3] gpup 51771 7 max_latency 0
[RESULT] [ 83124.286281] [RVS-GPUP-TC3] gpup 51771 7 min_bandwidth 76000
[RESULT] [ 83124.286282] [RVS-GPUP-TC3] gpup 51771 7 max_bandwidth 76000
[RESULT] [ 83124.286282] [RVS-GPUP-TC3] gpup 51771 7 recommended_transfer_size 0
[RESULT] [ 83124.286282] [RVS-GPUP-TC3] gpup 51771 7 recommended_sdma_engine_id_mask 4096
[RESULT] [ 83124.286283] [RVS-GPUP-TC3] gpup 51771 7 flags 1
[RESULT] [ 83124.286284] Action name :RVS-GPUP-TC4
[RESULT] [ 83124.286285] Module name :gpup
[INFO  ] [ 83124.286289] Missing 'device_index' key.
[RESULT] [ 83124.286459] [RVS-GPUP-TC4] gpup 17010 cpu_cores_count 0
[RESULT] [ 83124.286460] [RVS-GPUP-TC4] gpup 17010 simd_count 1024
[RESULT] [ 83124.286460] [RVS-GPUP-TC4] gpup 17010 mem_banks_count 1
[RESULT] [ 83124.286460] [RVS-GPUP-TC4] gpup 17010 caches_count 548
[RESULT] [ 83124.286461] [RVS-GPUP-TC4] gpup 17010 io_links_count 8
[RESULT] [ 83124.286461] [RVS-GPUP-TC4] gpup 17010 p2p_links_count 1
[RESULT] [ 83124.286461] [RVS-GPUP-TC4] gpup 17010 cpu_core_id_base 0
[RESULT] [ 83124.286462] [RVS-GPUP-TC4] gpup 17010 simd_id_base 2147487744
[RESULT] [ 83124.286462] [RVS-GPUP-TC4] gpup 17010 max_waves_per_simd 8
[RESULT] [ 83124.286462] [RVS-GPUP-TC4] gpup 17010 lds_size_in_kb 160
[RESULT] [ 83124.286463] [RVS-GPUP-TC4] gpup 17010 gds_size_in_kb 0
[RESULT] [ 83124.286463] [RVS-GPUP-TC4] gpup 17010 num_gws 64
[RESULT] [ 83124.286463] [RVS-GPUP-TC4] gpup 17010 wave_front_size 64
[RESULT] [ 83124.286463] [RVS-GPUP-TC4] gpup 17010 array_count 32
[RESULT] [ 83124.286464] [RVS-GPUP-TC4] gpup 17010 simd_arrays_per_engine 1
[RESULT] [ 83124.286464] [RVS-GPUP-TC4] gpup 17010 cu_per_simd_array 9
[RESULT] [ 83124.286464] [RVS-GPUP-TC4] gpup 17010 simd_per_cu 4
[RESULT] [ 83124.286465] [RVS-GPUP-TC4] gpup 17010 max_slots_scratch_cu 32
[RESULT] [ 83124.286465] [RVS-GPUP-TC4] gpup 17010 gfx_target_version 90500
[RESULT] [ 83124.286465] [RVS-GPUP-TC4] gpup 17010 vendor_id 4098
[RESULT] [ 83124.286465] [RVS-GPUP-TC4] gpup 17010 device_id 30115
[RESULT] [ 83124.286466] [RVS-GPUP-TC4] gpup 17010 location_id 29952
[RESULT] [ 83124.286466] [RVS-GPUP-TC4] gpup 17010 domain 0
[RESULT] [ 83124.286466] [RVS-GPUP-TC4] gpup 17010 drm_render_minor 128
[RESULT] [ 83124.286468] [RVS-GPUP-TC4] gpup 17010 hive_id 15543770012376183955
[RESULT] [ 83124.286468] [RVS-GPUP-TC4] gpup 17010 num_sdma_engines 2
[RESULT] [ 83124.286469] [RVS-GPUP-TC4] gpup 17010 num_sdma_xgmi_engines 14
[RESULT] [ 83124.286469] [RVS-GPUP-TC4] gpup 17010 num_sdma_queues_per_engine 8
[RESULT] [ 83124.286469] [RVS-GPUP-TC4] gpup 17010 num_cp_queues 24
[RESULT] [ 83124.286469] [RVS-GPUP-TC4] gpup 17010 cwsr_size 22687744
[RESULT] [ 83124.286470] [RVS-GPUP-TC4] gpup 17010 ctl_stack_size 12288
[RESULT] [ 83124.286470] [RVS-GPUP-TC4] gpup 17010 max_engine_clk_fcompute 2400
[RESULT] [ 83124.286470] [RVS-GPUP-TC4] gpup 17010 local_mem_size 0
[RESULT] [ 83124.286471] [RVS-GPUP-TC4] gpup 17010 fw_version 34
[RESULT] [ 83124.286471] [RVS-GPUP-TC4] gpup 17010 capability 2889327296
[RESULT] [ 83124.286471] [RVS-GPUP-TC4] gpup 17010 capability2 1
[RESULT] [ 83124.286472] [RVS-GPUP-TC4] gpup 17010 debug_prop 1494
[RESULT] [ 83124.286472] [RVS-GPUP-TC4] gpup 17010 sdma_fw_version 12
[RESULT] [ 83124.286472] [RVS-GPUP-TC4] gpup 17010 unique_id 14972926718452068356
[RESULT] [ 83124.286472] [RVS-GPUP-TC4] gpup 17010 num_xcc 8
[RESULT] [ 83124.286473] [RVS-GPUP-TC4] gpup 17010 max_engine_clk_ccompute 3300
[RESULT] [ 83124.286479] [RVS-GPUP-TC4] gpup 17010 0 type 2
[RESULT] [ 83124.286479] [RVS-GPUP-TC4] gpup 17010 0 version_major 0
[RESULT] [ 83124.286480] [RVS-GPUP-TC4] gpup 17010 0 version_minor 0
[RESULT] [ 83124.286480] [RVS-GPUP-TC4] gpup 17010 0 node_from 2
[RESULT] [ 83124.286480] [RVS-GPUP-TC4] gpup 17010 0 node_to 0
[RESULT] [ 83124.286480] [RVS-GPUP-TC4] gpup 17010 0 weight 20
[RESULT] [ 83124.286481] [RVS-GPUP-TC4] gpup 17010 0 min_latency 0
[RESULT] [ 83124.286481] [RVS-GPUP-TC4] gpup 17010 0 max_latency 0
[RESULT] [ 83124.286481] [RVS-GPUP-TC4] gpup 17010 0 min_bandwidth 0
[RESULT] [ 83124.286481] [RVS-GPUP-TC4] gpup 17010 0 max_bandwidth 64000
[RESULT] [ 83124.286482] [RVS-GPUP-TC4] gpup 17010 0 recommended_transfer_size 0
[RESULT] [ 83124.286482] [RVS-GPUP-TC4] gpup 17010 0 recommended_sdma_engine_id_mask 3
[RESULT] [ 83124.286482] [RVS-GPUP-TC4] gpup 17010 0 flags 1
[RESULT] [ 83124.286486] [RVS-GPUP-TC4] gpup 17010 1 type 11
[RESULT] [ 83124.286486] [RVS-GPUP-TC4] gpup 17010 1 version_major 0
[RESULT] [ 83124.286486] [RVS-GPUP-TC4] gpup 17010 1 version_minor 0
[RESULT] [ 83124.286486] [RVS-GPUP-TC4] gpup 17010 1 node_from 2
[RESULT] [ 83124.286487] [RVS-GPUP-TC4] gpup 17010 1 node_to 3
[RESULT] [ 83124.286487] [RVS-GPUP-TC4] gpup 17010 1 weight 15
[RESULT] [ 83124.286487] [RVS-GPUP-TC4] gpup 17010 1 min_latency 0
[RESULT] [ 83124.286487] [RVS-GPUP-TC4] gpup 17010 1 max_latency 0
[RESULT] [ 83124.286488] [RVS-GPUP-TC4] gpup 17010 1 min_bandwidth 76000
[RESULT] [ 83124.286488] [RVS-GPUP-TC4] gpup 17010 1 max_bandwidth 76000
[RESULT] [ 83124.286488] [RVS-GPUP-TC4] gpup 17010 1 recommended_transfer_size 0
[RESULT] [ 83124.286488] [RVS-GPUP-TC4] gpup 17010 1 recommended_sdma_engine_id_mask 4096
[RESULT] [ 83124.286489] [RVS-GPUP-TC4] gpup 17010 1 flags 1
[RESULT] [ 83124.286492] [RVS-GPUP-TC4] gpup 17010 2 type 11
[RESULT] [ 83124.286492] [RVS-GPUP-TC4] gpup 17010 2 version_major 0
[RESULT] [ 83124.286493] [RVS-GPUP-TC4] gpup 17010 2 version_minor 0
[RESULT] [ 83124.286493] [RVS-GPUP-TC4] gpup 17010 2 node_from 2
[RESULT] [ 83124.286493] [RVS-GPUP-TC4] gpup 17010 2 node_to 4
[RESULT] [ 83124.286493] [RVS-GPUP-TC4] gpup 17010 2 weight 15
[RESULT] [ 83124.286494] [RVS-GPUP-TC4] gpup 17010 2 min_latency 0
[RESULT] [ 83124.286494] [RVS-GPUP-TC4] gpup 17010 2 max_latency 0
[RESULT] [ 83124.286494] [RVS-GPUP-TC4] gpup 17010 2 min_bandwidth 76000
[RESULT] [ 83124.286494] [RVS-GPUP-TC4] gpup 17010 2 max_bandwidth 76000
[RESULT] [ 83124.286495] [RVS-GPUP-TC4] gpup 17010 2 recommended_transfer_size 0
[RESULT] [ 83124.286495] [RVS-GPUP-TC4] gpup 17010 2 recommended_sdma_engine_id_mask 1024
[RESULT] [ 83124.286495] [RVS-GPUP-TC4] gpup 17010 2 flags 1
[RESULT] [ 83124.286499] [RVS-GPUP-TC4] gpup 17010 3 type 11
[RESULT] [ 83124.286499] [RVS-GPUP-TC4] gpup 17010 3 version_major 0
[RESULT] [ 83124.286499] [RVS-GPUP-TC4] gpup 17010 3 version_minor 0
[RESULT] [ 83124.286501] [RVS-GPUP-TC4] gpup 17010 3 node_from 2
[RESULT] [ 83124.286501] [RVS-GPUP-TC4] gpup 17010 3 node_to 5
[RESULT] [ 83124.286501] [RVS-GPUP-TC4] gpup 17010 3 weight 15
[RESULT] [ 83124.286501] [RVS-GPUP-TC4] gpup 17010 3 min_latency 0
[RESULT] [ 83124.286502] [RVS-GPUP-TC4] gpup 17010 3 max_latency 0
[RESULT] [ 83124.286502] [RVS-GPUP-TC4] gpup 17010 3 min_bandwidth 76000
[RESULT] [ 83124.286502] [RVS-GPUP-TC4] gpup 17010 3 max_bandwidth 76000
[RESULT] [ 83124.286502] [RVS-GPUP-TC4] gpup 17010 3 recommended_transfer_size 0
[RESULT] [ 83124.286503] [RVS-GPUP-TC4] gpup 17010 3 recommended_sdma_engine_id_mask 4
[RESULT] [ 83124.286503] [RVS-GPUP-TC4] gpup 17010 3 flags 1
[RESULT] [ 83124.286507] [RVS-GPUP-TC4] gpup 17010 4 type 11
[RESULT] [ 83124.286507] [RVS-GPUP-TC4] gpup 17010 4 version_major 0
[RESULT] [ 83124.286507] [RVS-GPUP-TC4] gpup 17010 4 version_minor 0
[RESULT] [ 83124.286508] [RVS-GPUP-TC4] gpup 17010 4 node_from 2
[RESULT] [ 83124.286508] [RVS-GPUP-TC4] gpup 17010 4 node_to 6
[RESULT] [ 83124.286508] [RVS-GPUP-TC4] gpup 17010 4 weight 15
[RESULT] [ 83124.286508] [RVS-GPUP-TC4] gpup 17010 4 min_latency 0
[RESULT] [ 83124.286509] [RVS-GPUP-TC4] gpup 17010 4 max_latency 0
[RESULT] [ 83124.286509] [RVS-GPUP-TC4] gpup 17010 4 min_bandwidth 76000
[RESULT] [ 83124.286509] [RVS-GPUP-TC4] gpup 17010 4 max_bandwidth 76000
[RESULT] [ 83124.286509] [RVS-GPUP-TC4] gpup 17010 4 recommended_transfer_size 0
[RESULT] [ 83124.286510] [RVS-GPUP-TC4] gpup 17010 4 recommended_sdma_engine_id_mask 16
[RESULT] [ 83124.286510] [RVS-GPUP-TC4] gpup 17010 4 flags 1
[RESULT] [ 83124.286513] [RVS-GPUP-TC4] gpup 17010 5 type 11
[RESULT] [ 83124.286513] [RVS-GPUP-TC4] gpup 17010 5 version_major 0
[RESULT] [ 83124.286514] [RVS-GPUP-TC4] gpup 17010 5 version_minor 0
[RESULT] [ 83124.286514] [RVS-GPUP-TC4] gpup 17010 5 node_from 2
[RESULT] [ 83124.286514] [RVS-GPUP-TC4] gpup 17010 5 node_to 7
[RESULT] [ 83124.286514] [RVS-GPUP-TC4] gpup 17010 5 weight 15
[RESULT] [ 83124.286515] [RVS-GPUP-TC4] gpup 17010 5 min_latency 0
[RESULT] [ 83124.286515] [RVS-GPUP-TC4] gpup 17010 5 max_latency 0
[RESULT] [ 83124.286515] [RVS-GPUP-TC4] gpup 17010 5 min_bandwidth 76000
[RESULT] [ 83124.286516] [RVS-GPUP-TC4] gpup 17010 5 max_bandwidth 76000
[RESULT] [ 83124.286516] [RVS-GPUP-TC4] gpup 17010 5 recommended_transfer_size 0
[RESULT] [ 83124.286516] [RVS-GPUP-TC4] gpup 17010 5 recommended_sdma_engine_id_mask 16384
[RESULT] [ 83124.286516] [RVS-GPUP-TC4] gpup 17010 5 flags 1
[RESULT] [ 83124.286520] [RVS-GPUP-TC4] gpup 17010 6 type 11
[RESULT] [ 83124.286520] [RVS-GPUP-TC4] gpup 17010 6 version_major 0
[RESULT] [ 83124.286520] [RVS-GPUP-TC4] gpup 17010 6 version_minor 0
[RESULT] [ 83124.286521] [RVS-GPUP-TC4] gpup 17010 6 node_from 2
[RESULT] [ 83124.286521] [RVS-GPUP-TC4] gpup 17010 6 node_to 8
[RESULT] [ 83124.286521] [RVS-GPUP-TC4] gpup 17010 6 weight 15
[RESULT] [ 83124.286521] [RVS-GPUP-TC4] gpup 17010 6 min_latency 0
[RESULT] [ 83124.286522] [RVS-GPUP-TC4] gpup 17010 6 max_latency 0
[RESULT] [ 83124.286522] [RVS-GPUP-TC4] gpup 17010 6 min_bandwidth 76000
[RESULT] [ 83124.286522] [RVS-GPUP-TC4] gpup 17010 6 max_bandwidth 76000
[RESULT] [ 83124.286522] [RVS-GPUP-TC4] gpup 17010 6 recommended_transfer_size 0
[RESULT] [ 83124.286523] [RVS-GPUP-TC4] gpup 17010 6 recommended_sdma_engine_id_mask 256
[RESULT] [ 83124.286523] [RVS-GPUP-TC4] gpup 17010 6 flags 1
[RESULT] [ 83124.286526] [RVS-GPUP-TC4] gpup 17010 7 type 11
[RESULT] [ 83124.286526] [RVS-GPUP-TC4] gpup 17010 7 version_major 0
[RESULT] [ 83124.286527] [RVS-GPUP-TC4] gpup 17010 7 version_minor 0
[RESULT] [ 83124.286527] [RVS-GPUP-TC4] gpup 17010 7 node_from 2
[RESULT] [ 83124.286527] [RVS-GPUP-TC4] gpup 17010 7 node_to 9
[RESULT] [ 83124.286527] [RVS-GPUP-TC4] gpup 17010 7 weight 15
[RESULT] [ 83124.286528] [RVS-GPUP-TC4] gpup 17010 7 min_latency 0
[RESULT] [ 83124.286528] [RVS-GPUP-TC4] gpup 17010 7 max_latency 0
[RESULT] [ 83124.286528] [RVS-GPUP-TC4] gpup 17010 7 min_bandwidth 76000
[RESULT] [ 83124.286528] [RVS-GPUP-TC4] gpup 17010 7 max_bandwidth 76000
[RESULT] [ 83124.286530] [RVS-GPUP-TC4] gpup 17010 7 recommended_transfer_size 0
[RESULT] [ 83124.286530] [RVS-GPUP-TC4] gpup 17010 7 recommended_sdma_engine_id_mask 64
[RESULT] [ 83124.286530] [RVS-GPUP-TC4] gpup 17010 7 flags 1
[RESULT] [ 83124.286535] [RVS-GPUP-TC4] gpup 42583 cpu_cores_count 0
[RESULT] [ 83124.286535] [RVS-GPUP-TC4] gpup 42583 simd_count 1024
[RESULT] [ 83124.286536] [RVS-GPUP-TC4] gpup 42583 mem_banks_count 1
[RESULT] [ 83124.286536] [RVS-GPUP-TC4] gpup 42583 caches_count 548
[RESULT] [ 83124.286536] [RVS-GPUP-TC4] gpup 42583 io_links_count 8
[RESULT] [ 83124.286536] [RVS-GPUP-TC4] gpup 42583 p2p_links_count 1
[RESULT] [ 83124.286537] [RVS-GPUP-TC4] gpup 42583 cpu_core_id_base 0
[RESULT] [ 83124.286537] [RVS-GPUP-TC4] gpup 42583 simd_id_base 2147487780
[RESULT] [ 83124.286537] [RVS-GPUP-TC4] gpup 42583 max_waves_per_simd 8
[RESULT] [ 83124.286538] [RVS-GPUP-TC4] gpup 42583 lds_size_in_kb 160
[RESULT] [ 83124.286538] [RVS-GPUP-TC4] gpup 42583 gds_size_in_kb 0
[RESULT] [ 83124.286538] [RVS-GPUP-TC4] gpup 42583 num_gws 64
[RESULT] [ 83124.286538] [RVS-GPUP-TC4] gpup 42583 wave_front_size 64
[RESULT] [ 83124.286539] [RVS-GPUP-TC4] gpup 42583 array_count 32
[RESULT] [ 83124.286539] [RVS-GPUP-TC4] gpup 42583 simd_arrays_per_engine 1
[RESULT] [ 83124.286539] [RVS-GPUP-TC4] gpup 42583 cu_per_simd_array 9
[RESULT] [ 83124.286540] [RVS-GPUP-TC4] gpup 42583 simd_per_cu 4
[RESULT] [ 83124.286540] [RVS-GPUP-TC4] gpup 42583 max_slots_scratch_cu 32
[RESULT] [ 83124.286540] [RVS-GPUP-TC4] gpup 42583 gfx_target_version 90500
[RESULT] [ 83124.286541] [RVS-GPUP-TC4] gpup 42583 vendor_id 4098
[RESULT] [ 83124.286541] [RVS-GPUP-TC4] gpup 42583 device_id 30115
[RESULT] [ 83124.286541] [RVS-GPUP-TC4] gpup 42583 location_id 1280
[RESULT] [ 83124.286541] [RVS-GPUP-TC4] gpup 42583 domain 0
[RESULT] [ 83124.286542] [RVS-GPUP-TC4] gpup 42583 drm_render_minor 136
[RESULT] [ 83124.286542] [RVS-GPUP-TC4] gpup 42583 hive_id 15543770012376183955
[RESULT] [ 83124.286542] [RVS-GPUP-TC4] gpup 42583 num_sdma_engines 2
[RESULT] [ 83124.286543] [RVS-GPUP-TC4] gpup 42583 num_sdma_xgmi_engines 14
[RESULT] [ 83124.286543] [RVS-GPUP-TC4] gpup 42583 num_sdma_queues_per_engine 8
[RESULT] [ 83124.286543] [RVS-GPUP-TC4] gpup 42583 num_cp_queues 24
[RESULT] [ 83124.286544] [RVS-GPUP-TC4] gpup 42583 cwsr_size 22687744
[RESULT] [ 83124.286544] [RVS-GPUP-TC4] gpup 42583 ctl_stack_size 12288
[RESULT] [ 83124.286544] [RVS-GPUP-TC4] gpup 42583 max_engine_clk_fcompute 2400
[RESULT] [ 83124.286544] [RVS-GPUP-TC4] gpup 42583 local_mem_size 0
[RESULT] [ 83124.286545] [RVS-GPUP-TC4] gpup 42583 fw_version 34
[RESULT] [ 83124.286545] [RVS-GPUP-TC4] gpup 42583 capability 2889327296
[RESULT] [ 83124.286545] [RVS-GPUP-TC4] gpup 42583 capability2 1
[RESULT] [ 83124.286546] [RVS-GPUP-TC4] gpup 42583 debug_prop 1494
[RESULT] [ 83124.286546] [RVS-GPUP-TC4] gpup 42583 sdma_fw_version 12
[RESULT] [ 83124.286546] [RVS-GPUP-TC4] gpup 42583 unique_id 16941990701433615045
[RESULT] [ 83124.286546] [RVS-GPUP-TC4] gpup 42583 num_xcc 8
[RESULT] [ 83124.286547] [RVS-GPUP-TC4] gpup 42583 max_engine_clk_ccompute 3300
[RESULT] [ 83124.286553] [RVS-GPUP-TC4] gpup 42583 0 type 2
[RESULT] [ 83124.286553] [RVS-GPUP-TC4] gpup 42583 0 version_major 0
[RESULT] [ 83124.286554] [RVS-GPUP-TC4] gpup 42583 0 version_minor 0
[RESULT] [ 83124.286554] [RVS-GPUP-TC4] gpup 42583 0 node_from 3
[RESULT] [ 83124.286554] [RVS-GPUP-TC4] gpup 42583 0 node_to 0
[RESULT] [ 83124.286554] [RVS-GPUP-TC4] gpup 42583 0 weight 20
[RESULT] [ 83124.286555] [RVS-GPUP-TC4] gpup 42583 0 min_latency 0
[RESULT] [ 83124.286555] [RVS-GPUP-TC4] gpup 42583 0 max_latency 0
[RESULT] [ 83124.286555] [RVS-GPUP-TC4] gpup 42583 0 min_bandwidth 0
[RESULT] [ 83124.286555] [RVS-GPUP-TC4] gpup 42583 0 max_bandwidth 64000
[RESULT] [ 83124.286556] [RVS-GPUP-TC4] gpup 42583 0 recommended_transfer_size 0
[RESULT] [ 83124.286556] [RVS-GPUP-TC4] gpup 42583 0 recommended_sdma_engine_id_mask 3
[RESULT] [ 83124.286556] [RVS-GPUP-TC4] gpup 42583 0 flags 1
[RESULT] [ 83124.286559] [RVS-GPUP-TC4] gpup 42583 1 type 11
[RESULT] [ 83124.286561] [RVS-GPUP-TC4] gpup 42583 1 version_major 0
[RESULT] [ 83124.286561] [RVS-GPUP-TC4] gpup 42583 1 version_minor 0
[RESULT] [ 83124.286562] [RVS-GPUP-TC4] gpup 42583 1 node_from 3
[RESULT] [ 83124.286562] [RVS-GPUP-TC4] gpup 42583 1 node_to 2
[RESULT] [ 83124.286562] [RVS-GPUP-TC4] gpup 42583 1 weight 15
[RESULT] [ 83124.286562] [RVS-GPUP-TC4] gpup 42583 1 min_latency 0
[RESULT] [ 83124.286563] [RVS-GPUP-TC4] gpup 42583 1 max_latency 0
[RESULT] [ 83124.286563] [RVS-GPUP-TC4] gpup 42583 1 min_bandwidth 76000
[RESULT] [ 83124.286563] [RVS-GPUP-TC4] gpup 42583 1 max_bandwidth 76000
[RESULT] [ 83124.286563] [RVS-GPUP-TC4] gpup 42583 1 recommended_transfer_size 0
[RESULT] [ 83124.286564] [RVS-GPUP-TC4] gpup 42583 1 recommended_sdma_engine_id_mask 4096
[RESULT] [ 83124.286564] [RVS-GPUP-TC4] gpup 42583 1 flags 1
[RESULT] [ 83124.286567] [RVS-GPUP-TC4] gpup 42583 2 type 11
[RESULT] [ 83124.286568] [RVS-GPUP-TC4] gpup 42583 2 version_major 0
[RESULT] [ 83124.286568] [RVS-GPUP-TC4] gpup 42583 2 version_minor 0
[RESULT] [ 83124.286568] [RVS-GPUP-TC4] gpup 42583 2 node_from 3
[RESULT] [ 83124.286568] [RVS-GPUP-TC4] gpup 42583 2 node_to 4
[RESULT] [ 83124.286569] [RVS-GPUP-TC4] gpup 42583 2 weight 15
[RESULT] [ 83124.286569] [RVS-GPUP-TC4] gpup 42583 2 min_latency 0
[RESULT] [ 83124.286569] [RVS-GPUP-TC4] gpup 42583 2 max_latency 0
[RESULT] [ 83124.286570] [RVS-GPUP-TC4] gpup 42583 2 min_bandwidth 76000
[RESULT] [ 83124.286570] [RVS-GPUP-TC4] gpup 42583 2 max_bandwidth 76000
[RESULT] [ 83124.286570] [RVS-GPUP-TC4] gpup 42583 2 recommended_transfer_size 0
[RESULT] [ 83124.286570] [RVS-GPUP-TC4] gpup 42583 2 recommended_sdma_engine_id_mask 4
[RESULT] [ 83124.286571] [RVS-GPUP-TC4] gpup 42583 2 flags 1
[RESULT] [ 83124.286574] [RVS-GPUP-TC4] gpup 42583 3 type 11
[RESULT] [ 83124.286574] [RVS-GPUP-TC4] gpup 42583 3 version_major 0
[RESULT] [ 83124.286574] [RVS-GPUP-TC4] gpup 42583 3 version_minor 0
[RESULT] [ 83124.286575] [RVS-GPUP-TC4] gpup 42583 3 node_from 3
[RESULT] [ 83124.286575] [RVS-GPUP-TC4] gpup 42583 3 node_to 5
[RESULT] [ 83124.286575] [RVS-GPUP-TC4] gpup 42583 3 weight 15
[RESULT] [ 83124.286575] [RVS-GPUP-TC4] gpup 42583 3 min_latency 0
[RESULT] [ 83124.286576] [RVS-GPUP-TC4] gpup 42583 3 max_latency 0
[RESULT] [ 83124.286576] [RVS-GPUP-TC4] gpup 42583 3 min_bandwidth 76000
[RESULT] [ 83124.286576] [RVS-GPUP-TC4] gpup 42583 3 max_bandwidth 76000
[RESULT] [ 83124.286576] [RVS-GPUP-TC4] gpup 42583 3 recommended_transfer_size 0
[RESULT] [ 83124.286577] [RVS-GPUP-TC4] gpup 42583 3 recommended_sdma_engine_id_mask 16384
[RESULT] [ 83124.286577] [RVS-GPUP-TC4] gpup 42583 3 flags 1
[RESULT] [ 83124.286580] [RVS-GPUP-TC4] gpup 42583 4 type 11
[RESULT] [ 83124.286581] [RVS-GPUP-TC4] gpup 42583 4 version_major 0
[RESULT] [ 83124.286581] [RVS-GPUP-TC4] gpup 42583 4 version_minor 0
[RESULT] [ 83124.286581] [RVS-GPUP-TC4] gpup 42583 4 node_from 3
[RESULT] [ 83124.286581] [RVS-GPUP-TC4] gpup 42583 4 node_to 6
[RESULT] [ 83124.286582] [RVS-GPUP-TC4] gpup 42583 4 weight 15
[RESULT] [ 83124.286582] [RVS-GPUP-TC4] gpup 42583 4 min_latency 0
[RESULT] [ 83124.286582] [RVS-GPUP-TC4] gpup 42583 4 max_latency 0
[RESULT] [ 83124.286582] [RVS-GPUP-TC4] gpup 42583 4 min_bandwidth 76000
[RESULT] [ 83124.286583] [RVS-GPUP-TC4] gpup 42583 4 max_bandwidth 76000
[RESULT] [ 83124.286583] [RVS-GPUP-TC4] gpup 42583 4 recommended_transfer_size 0
[RESULT] [ 83124.286583] [RVS-GPUP-TC4] gpup 42583 4 recommended_sdma_engine_id_mask 1024
[RESULT] [ 83124.286583] [RVS-GPUP-TC4] gpup 42583 4 flags 1
[RESULT] [ 83124.286587] [RVS-GPUP-TC4] gpup 42583 5 type 11
[RESULT] [ 83124.286587] [RVS-GPUP-TC4] gpup 42583 5 version_major 0
[RESULT] [ 83124.286587] [RVS-GPUP-TC4] gpup 42583 5 version_minor 0
[RESULT] [ 83124.286588] [RVS-GPUP-TC4] gpup 42583 5 node_from 3
[RESULT] [ 83124.286588] [RVS-GPUP-TC4] gpup 42583 5 node_to 7
[RESULT] [ 83124.286588] [RVS-GPUP-TC4] gpup 42583 5 weight 15
[RESULT] [ 83124.286588] [RVS-GPUP-TC4] gpup 42583 5 min_latency 0
[RESULT] [ 83124.286589] [RVS-GPUP-TC4] gpup 42583 5 max_latency 0
[RESULT] [ 83124.286589] [RVS-GPUP-TC4] gpup 42583 5 min_bandwidth 76000
[RESULT] [ 83124.286590] [RVS-GPUP-TC4] gpup 42583 5 max_bandwidth 76000
[RESULT] [ 83124.286590] [RVS-GPUP-TC4] gpup 42583 5 recommended_transfer_size 0
[RESULT] [ 83124.286591] [RVS-GPUP-TC4] gpup 42583 5 recommended_sdma_engine_id_mask 16
[RESULT] [ 83124.286591] [RVS-GPUP-TC4] gpup 42583 5 flags 1
[RESULT] [ 83124.286594] [RVS-GPUP-TC4] gpup 42583 6 type 11
[RESULT] [ 83124.286595] [RVS-GPUP-TC4] gpup 42583 6 version_major 0
[RESULT] [ 83124.286595] [RVS-GPUP-TC4] gpup 42583 6 version_minor 0
[RESULT] [ 83124.286595] [RVS-GPUP-TC4] gpup 42583 6 node_from 3
[RESULT] [ 83124.286595] [RVS-GPUP-TC4] gpup 42583 6 node_to 8
[RESULT] [ 83124.286596] [RVS-GPUP-TC4] gpup 42583 6 weight 15
[RESULT] [ 83124.286596] [RVS-GPUP-TC4] gpup 42583 6 min_latency 0
[RESULT] [ 83124.286596] [RVS-GPUP-TC4] gpup 42583 6 max_latency 0
[RESULT] [ 83124.286596] [RVS-GPUP-TC4] gpup 42583 6 min_bandwidth 76000
[RESULT] [ 83124.286597] [RVS-GPUP-TC4] gpup 42583 6 max_bandwidth 76000
[RESULT] [ 83124.286597] [RVS-GPUP-TC4] gpup 42583 6 recommended_transfer_size 0
[RESULT] [ 83124.286597] [RVS-GPUP-TC4] gpup 42583 6 recommended_sdma_engine_id_mask 64
[RESULT] [ 83124.286597] [RVS-GPUP-TC4] gpup 42583 6 flags 1
[RESULT] [ 83124.286601] [RVS-GPUP-TC4] gpup 42583 7 type 11
[RESULT] [ 83124.286601] [RVS-GPUP-TC4] gpup 42583 7 version_major 0
[RESULT] [ 83124.286601] [RVS-GPUP-TC4] gpup 42583 7 version_minor 0
[RESULT] [ 83124.286602] [RVS-GPUP-TC4] gpup 42583 7 node_from 3
[RESULT] [ 83124.286602] [RVS-GPUP-TC4] gpup 42583 7 node_to 9
[RESULT] [ 83124.286602] [RVS-GPUP-TC4] gpup 42583 7 weight 15
[RESULT] [ 83124.286603] [RVS-GPUP-TC4] gpup 42583 7 min_latency 0
[RESULT] [ 83124.286603] [RVS-GPUP-TC4] gpup 42583 7 max_latency 0
[RESULT] [ 83124.286603] [RVS-GPUP-TC4] gpup 42583 7 min_bandwidth 76000
[RESULT] [ 83124.286603] [RVS-GPUP-TC4] gpup 42583 7 max_bandwidth 76000
[RESULT] [ 83124.286604] [RVS-GPUP-TC4] gpup 42583 7 recommended_transfer_size 0
[RESULT] [ 83124.286604] [RVS-GPUP-TC4] gpup 42583 7 recommended_sdma_engine_id_mask 256
[RESULT] [ 83124.286604] [RVS-GPUP-TC4] gpup 42583 7 flags 1
[RESULT] [ 83124.286609] [RVS-GPUP-TC4] gpup 36479 cpu_cores_count 0
[RESULT] [ 83124.286609] [RVS-GPUP-TC4] gpup 36479 simd_count 1024
[RESULT] [ 83124.286609] [RVS-GPUP-TC4] gpup 36479 mem_banks_count 1
[RESULT] [ 83124.286610] [RVS-GPUP-TC4] gpup 36479 caches_count 546
[RESULT] [ 83124.286610] [RVS-GPUP-TC4] gpup 36479 io_links_count 8
[RESULT] [ 83124.286610] [RVS-GPUP-TC4] gpup 36479 p2p_links_count 1
[RESULT] [ 83124.286611] [RVS-GPUP-TC4] gpup 36479 cpu_core_id_base 0
[RESULT] [ 83124.286611] [RVS-GPUP-TC4] gpup 36479 simd_id_base 2147487816
[RESULT] [ 83124.286611] [RVS-GPUP-TC4] gpup 36479 max_waves_per_simd 8
[RESULT] [ 83124.286611] [RVS-GPUP-TC4] gpup 36479 lds_size_in_kb 160
[RESULT] [ 83124.286612] [RVS-GPUP-TC4] gpup 36479 gds_size_in_kb 0
[RESULT] [ 83124.286612] [RVS-GPUP-TC4] gpup 36479 num_gws 64
[RESULT] [ 83124.286612] [RVS-GPUP-TC4] gpup 36479 wave_front_size 64
[RESULT] [ 83124.286613] [RVS-GPUP-TC4] gpup 36479 array_count 32
[RESULT] [ 83124.286613] [RVS-GPUP-TC4] gpup 36479 simd_arrays_per_engine 1
[RESULT] [ 83124.286613] [RVS-GPUP-TC4] gpup 36479 cu_per_simd_array 9
[RESULT] [ 83124.286613] [RVS-GPUP-TC4] gpup 36479 simd_per_cu 4
[RESULT] [ 83124.286614] [RVS-GPUP-TC4] gpup 36479 max_slots_scratch_cu 32
[RESULT] [ 83124.286614] [RVS-GPUP-TC4] gpup 36479 gfx_target_version 90500
[RESULT] [ 83124.286614] [RVS-GPUP-TC4] gpup 36479 vendor_id 4098
[RESULT] [ 83124.286615] [RVS-GPUP-TC4] gpup 36479 device_id 30115
[RESULT] [ 83124.286615] [RVS-GPUP-TC4] gpup 36479 location_id 25856
[RESULT] [ 83124.286615] [RVS-GPUP-TC4] gpup 36479 domain 0
[RESULT] [ 83124.286615] [RVS-GPUP-TC4] gpup 36479 drm_render_minor 144
[RESULT] [ 83124.286616] [RVS-GPUP-TC4] gpup 36479 hive_id 15543770012376183955
[RESULT] [ 83124.286616] [RVS-GPUP-TC4] gpup 36479 num_sdma_engines 2
[RESULT] [ 83124.286616] [RVS-GPUP-TC4] gpup 36479 num_sdma_xgmi_engines 14
[RESULT] [ 83124.286617] [RVS-GPUP-TC4] gpup 36479 num_sdma_queues_per_engine 8
[RESULT] [ 83124.286618] [RVS-GPUP-TC4] gpup 36479 num_cp_queues 24
[RESULT] [ 83124.286618] [RVS-GPUP-TC4] gpup 36479 cwsr_size 22687744
[RESULT] [ 83124.286619] [RVS-GPUP-TC4] gpup 36479 ctl_stack_size 12288
[RESULT] [ 83124.286619] [RVS-GPUP-TC4] gpup 36479 max_engine_clk_fcompute 2400
[RESULT] [ 83124.286619] [RVS-GPUP-TC4] gpup 36479 local_mem_size 0
[RESULT] [ 83124.286619] [RVS-GPUP-TC4] gpup 36479 fw_version 34
[RESULT] [ 83124.286620] [RVS-GPUP-TC4] gpup 36479 capability 2889327296
[RESULT] [ 83124.286620] [RVS-GPUP-TC4] gpup 36479 capability2 1
[RESULT] [ 83124.286620] [RVS-GPUP-TC4] gpup 36479 debug_prop 1494
[RESULT] [ 83124.286621] [RVS-GPUP-TC4] gpup 36479 sdma_fw_version 12
[RESULT] [ 83124.286621] [RVS-GPUP-TC4] gpup 36479 unique_id 2502263933217101247
[RESULT] [ 83124.286621] [RVS-GPUP-TC4] gpup 36479 num_xcc 8
[RESULT] [ 83124.286621] [RVS-GPUP-TC4] gpup 36479 max_engine_clk_ccompute 3300
[RESULT] [ 83124.286628] [RVS-GPUP-TC4] gpup 36479 0 type 2
[RESULT] [ 83124.286628] [RVS-GPUP-TC4] gpup 36479 0 version_major 0
[RESULT] [ 83124.286628] [RVS-GPUP-TC4] gpup 36479 0 version_minor 0
[RESULT] [ 83124.286628] [RVS-GPUP-TC4] gpup 36479 0 node_from 4
[RESULT] [ 83124.286629] [RVS-GPUP-TC4] gpup 36479 0 node_to 0
[RESULT] [ 83124.286629] [RVS-GPUP-TC4] gpup 36479 0 weight 20
[RESULT] [ 83124.286629] [RVS-GPUP-TC4] gpup 36479 0 min_latency 0
[RESULT] [ 83124.286629] [RVS-GPUP-TC4] gpup 36479 0 max_latency 0
[RESULT] [ 83124.286630] [RVS-GPUP-TC4] gpup 36479 0 min_bandwidth 0
[RESULT] [ 83124.286630] [RVS-GPUP-TC4] gpup 36479 0 max_bandwidth 64000
[RESULT] [ 83124.286630] [RVS-GPUP-TC4] gpup 36479 0 recommended_transfer_size 0
[RESULT] [ 83124.286631] [RVS-GPUP-TC4] gpup 36479 0 recommended_sdma_engine_id_mask 3
[RESULT] [ 83124.286631] [RVS-GPUP-TC4] gpup 36479 0 flags 1
[RESULT] [ 83124.286634] [RVS-GPUP-TC4] gpup 36479 1 type 11
[RESULT] [ 83124.286634] [RVS-GPUP-TC4] gpup 36479 1 version_major 0
[RESULT] [ 83124.286635] [RVS-GPUP-TC4] gpup 36479 1 version_minor 0
[RESULT] [ 83124.286635] [RVS-GPUP-TC4] gpup 36479 1 node_from 4
[RESULT] [ 83124.286635] [RVS-GPUP-TC4] gpup 36479 1 node_to 2
[RESULT] [ 83124.286635] [RVS-GPUP-TC4] gpup 36479 1 weight 15
[RESULT] [ 83124.286636] [RVS-GPUP-TC4] gpup 36479 1 min_latency 0
[RESULT] [ 83124.286636] [RVS-GPUP-TC4] gpup 36479 1 max_latency 0
[RESULT] [ 83124.286636] [RVS-GPUP-TC4] gpup 36479 1 min_bandwidth 76000
[RESULT] [ 83124.286636] [RVS-GPUP-TC4] gpup 36479 1 max_bandwidth 76000
[RESULT] [ 83124.286637] [RVS-GPUP-TC4] gpup 36479 1 recommended_transfer_size 0
[RESULT] [ 83124.286637] [RVS-GPUP-TC4] gpup 36479 1 recommended_sdma_engine_id_mask 4096
[RESULT] [ 83124.286637] [RVS-GPUP-TC4] gpup 36479 1 flags 1
[RESULT] [ 83124.286641] [RVS-GPUP-TC4] gpup 36479 2 type 11
[RESULT] [ 83124.286641] [RVS-GPUP-TC4] gpup 36479 2 version_major 0
[RESULT] [ 83124.286641] [RVS-GPUP-TC4] gpup 36479 2 version_minor 0
[RESULT] [ 83124.286641] [RVS-GPUP-TC4] gpup 36479 2 node_from 4
[RESULT] [ 83124.286642] [RVS-GPUP-TC4] gpup 36479 2 node_to 3
[RESULT] [ 83124.286642] [RVS-GPUP-TC4] gpup 36479 2 weight 15
[RESULT] [ 83124.286642] [RVS-GPUP-TC4] gpup 36479 2 min_latency 0
[RESULT] [ 83124.286642] [RVS-GPUP-TC4] gpup 36479 2 max_latency 0
[RESULT] [ 83124.286643] [RVS-GPUP-TC4] gpup 36479 2 min_bandwidth 76000
[RESULT] [ 83124.286643] [RVS-GPUP-TC4] gpup 36479 2 max_bandwidth 76000
[RESULT] [ 83124.286643] [RVS-GPUP-TC4] gpup 36479 2 recommended_transfer_size 0
[RESULT] [ 83124.286644] [RVS-GPUP-TC4] gpup 36479 2 recommended_sdma_engine_id_mask 4
[RESULT] [ 83124.286644] [RVS-GPUP-TC4] gpup 36479 2 flags 1
[RESULT] [ 83124.286647] [RVS-GPUP-TC4] gpup 36479 3 type 11
[RESULT] [ 83124.286647] [RVS-GPUP-TC4] gpup 36479 3 version_major 0
[RESULT] [ 83124.286648] [RVS-GPUP-TC4] gpup 36479 3 version_minor 0
[RESULT] [ 83124.286648] [RVS-GPUP-TC4] gpup 36479 3 node_from 4
[RESULT] [ 83124.286648] [RVS-GPUP-TC4] gpup 36479 3 node_to 5
[RESULT] [ 83124.286648] [RVS-GPUP-TC4] gpup 36479 3 weight 15
[RESULT] [ 83124.286649] [RVS-GPUP-TC4] gpup 36479 3 min_latency 0
[RESULT] [ 83124.286650] [RVS-GPUP-TC4] gpup 36479 3 max_latency 0
[RESULT] [ 83124.286650] [RVS-GPUP-TC4] gpup 36479 3 min_bandwidth 76000
[RESULT] [ 83124.286650] [RVS-GPUP-TC4] gpup 36479 3 max_bandwidth 76000
[RESULT] [ 83124.286651] [RVS-GPUP-TC4] gpup 36479 3 recommended_transfer_size 0
[RESULT] [ 83124.286651] [RVS-GPUP-TC4] gpup 36479 3 recommended_sdma_engine_id_mask 1024
[RESULT] [ 83124.286651] [RVS-GPUP-TC4] gpup 36479 3 flags 1
[RESULT] [ 83124.286655] [RVS-GPUP-TC4] gpup 36479 4 type 11
[RESULT] [ 83124.286655] [RVS-GPUP-TC4] gpup 36479 4 version_major 0
[RESULT] [ 83124.286655] [RVS-GPUP-TC4] gpup 36479 4 version_minor 0
[RESULT] [ 83124.286655] [RVS-GPUP-TC4] gpup 36479 4 node_from 4
[RESULT] [ 83124.286656] [RVS-GPUP-TC4] gpup 36479 4 node_to 6
[RESULT] [ 83124.286656] [RVS-GPUP-TC4] gpup 36479 4 weight 15
[RESULT] [ 83124.286656] [RVS-GPUP-TC4] gpup 36479 4 min_latency 0
[RESULT] [ 83124.286656] [RVS-GPUP-TC4] gpup 36479 4 max_latency 0
[RESULT] [ 83124.286657] [RVS-GPUP-TC4] gpup 36479 4 min_bandwidth 76000
[RESULT] [ 83124.286657] [RVS-GPUP-TC4] gpup 36479 4 max_bandwidth 76000
[RESULT] [ 83124.286657] [RVS-GPUP-TC4] gpup 36479 4 recommended_transfer_size 0
[RESULT] [ 83124.286658] [RVS-GPUP-TC4] gpup 36479 4 recommended_sdma_engine_id_mask 256
[RESULT] [ 83124.286658] [RVS-GPUP-TC4] gpup 36479 4 flags 1
[RESULT] [ 83124.286661] [RVS-GPUP-TC4] gpup 36479 5 type 11
[RESULT] [ 83124.286662] [RVS-GPUP-TC4] gpup 36479 5 version_major 0
[RESULT] [ 83124.286662] [RVS-GPUP-TC4] gpup 36479 5 version_minor 0
[RESULT] [ 83124.286662] [RVS-GPUP-TC4] gpup 36479 5 node_from 4
[RESULT] [ 83124.286662] [RVS-GPUP-TC4] gpup 36479 5 node_to 7
[RESULT] [ 83124.286663] [RVS-GPUP-TC4] gpup 36479 5 weight 15
[RESULT] [ 83124.286663] [RVS-GPUP-TC4] gpup 36479 5 min_latency 0
[RESULT] [ 83124.286663] [RVS-GPUP-TC4] gpup 36479 5 max_latency 0
[RESULT] [ 83124.286663] [RVS-GPUP-TC4] gpup 36479 5 min_bandwidth 76000
[RESULT] [ 83124.286664] [RVS-GPUP-TC4] gpup 36479 5 max_bandwidth 76000
[RESULT] [ 83124.286664] [RVS-GPUP-TC4] gpup 36479 5 recommended_transfer_size 0
[RESULT] [ 83124.286664] [RVS-GPUP-TC4] gpup 36479 5 recommended_sdma_engine_id_mask 64
[RESULT] [ 83124.286664] [RVS-GPUP-TC4] gpup 36479 5 flags 1
[RESULT] [ 83124.286668] [RVS-GPUP-TC4] gpup 36479 6 type 11
[RESULT] [ 83124.286668] [RVS-GPUP-TC4] gpup 36479 6 version_major 0
[RESULT] [ 83124.286668] [RVS-GPUP-TC4] gpup 36479 6 version_minor 0
[RESULT] [ 83124.286668] [RVS-GPUP-TC4] gpup 36479 6 node_from 4
[RESULT] [ 83124.286669] [RVS-GPUP-TC4] gpup 36479 6 node_to 8
[RESULT] [ 83124.286669] [RVS-GPUP-TC4] gpup 36479 6 weight 15
[RESULT] [ 83124.286669] [RVS-GPUP-TC4] gpup 36479 6 min_latency 0
[RESULT] [ 83124.286670] [RVS-GPUP-TC4] gpup 36479 6 max_latency 0
[RESULT] [ 83124.286670] [RVS-GPUP-TC4] gpup 36479 6 min_bandwidth 76000
[RESULT] [ 83124.286670] [RVS-GPUP-TC4] gpup 36479 6 max_bandwidth 76000
[RESULT] [ 83124.286670] [RVS-GPUP-TC4] gpup 36479 6 recommended_transfer_size 0
[RESULT] [ 83124.286671] [RVS-GPUP-TC4] gpup 36479 6 recommended_sdma_engine_id_mask 16
[RESULT] [ 83124.286671] [RVS-GPUP-TC4] gpup 36479 6 flags 1
[RESULT] [ 83124.286674] [RVS-GPUP-TC4] gpup 36479 7 type 11
[RESULT] [ 83124.286674] [RVS-GPUP-TC4] gpup 36479 7 version_major 0
[RESULT] [ 83124.286675] [RVS-GPUP-TC4] gpup 36479 7 version_minor 0
[RESULT] [ 83124.286675] [RVS-GPUP-TC4] gpup 36479 7 node_from 4
[RESULT] [ 83124.286675] [RVS-GPUP-TC4] gpup 36479 7 node_to 9
[RESULT] [ 83124.286675] [RVS-GPUP-TC4] gpup 36479 7 weight 15
[RESULT] [ 83124.286676] [RVS-GPUP-TC4] gpup 36479 7 min_latency 0
[RESULT] [ 83124.286676] [RVS-GPUP-TC4] gpup 36479 7 max_latency 0
[RESULT] [ 83124.286676] [RVS-GPUP-TC4] gpup 36479 7 min_bandwidth 76000
[RESULT] [ 83124.286676] [RVS-GPUP-TC4] gpup 36479 7 max_bandwidth 76000
[RESULT] [ 83124.286677] [RVS-GPUP-TC4] gpup 36479 7 recommended_transfer_size 0
[RESULT] [ 83124.286677] [RVS-GPUP-TC4] gpup 36479 7 recommended_sdma_engine_id_mask 16384
[RESULT] [ 83124.286677] [RVS-GPUP-TC4] gpup 36479 7 flags 1
[RESULT] [ 83124.286682] [RVS-GPUP-TC4] gpup 27226 cpu_cores_count 0
[RESULT] [ 83124.286683] [RVS-GPUP-TC4] gpup 27226 simd_count 1024
[RESULT] [ 83124.286684] [RVS-GPUP-TC4] gpup 27226 mem_banks_count 1
[RESULT] [ 83124.286684] [RVS-GPUP-TC4] gpup 27226 caches_count 546
[RESULT] [ 83124.286684] [RVS-GPUP-TC4] gpup 27226 io_links_count 8
[RESULT] [ 83124.286684] [RVS-GPUP-TC4] gpup 27226 p2p_links_count 1
[RESULT] [ 83124.286685] [RVS-GPUP-TC4] gpup 27226 cpu_core_id_base 0
[RESULT] [ 83124.286685] [RVS-GPUP-TC4] gpup 27226 simd_id_base 2147487852
[RESULT] [ 83124.286685] [RVS-GPUP-TC4] gpup 27226 max_waves_per_simd 8
[RESULT] [ 83124.286686] [RVS-GPUP-TC4] gpup 27226 lds_size_in_kb 160
[RESULT] [ 83124.286686] [RVS-GPUP-TC4] gpup 27226 gds_size_in_kb 0
[RESULT] [ 83124.286686] [RVS-GPUP-TC4] gpup 27226 num_gws 64
[RESULT] [ 83124.286687] [RVS-GPUP-TC4] gpup 27226 wave_front_size 64
[RESULT] [ 83124.286687] [RVS-GPUP-TC4] gpup 27226 array_count 32
[RESULT] [ 83124.286687] [RVS-GPUP-TC4] gpup 27226 simd_arrays_per_engine 1
[RESULT] [ 83124.286687] [RVS-GPUP-TC4] gpup 27226 cu_per_simd_array 9
[RESULT] [ 83124.286688] [RVS-GPUP-TC4] gpup 27226 simd_per_cu 4
[RESULT] [ 83124.286688] [RVS-GPUP-TC4] gpup 27226 max_slots_scratch_cu 32
[RESULT] [ 83124.286688] [RVS-GPUP-TC4] gpup 27226 gfx_target_version 90500
[RESULT] [ 83124.286689] [RVS-GPUP-TC4] gpup 27226 vendor_id 4098
[RESULT] [ 83124.286689] [RVS-GPUP-TC4] gpup 27226 device_id 30115
[RESULT] [ 83124.286689] [RVS-GPUP-TC4] gpup 27226 location_id 5376
[RESULT] [ 83124.286689] [RVS-GPUP-TC4] gpup 27226 domain 0
[RESULT] [ 83124.286690] [RVS-GPUP-TC4] gpup 27226 drm_render_minor 152
[RESULT] [ 83124.286690] [RVS-GPUP-TC4] gpup 27226 hive_id 15543770012376183955
[RESULT] [ 83124.286690] [RVS-GPUP-TC4] gpup 27226 num_sdma_engines 2
[RESULT] [ 83124.286691] [RVS-GPUP-TC4] gpup 27226 num_sdma_xgmi_engines 14
[RESULT] [ 83124.286691] [RVS-GPUP-TC4] gpup 27226 num_sdma_queues_per_engine 8
[RESULT] [ 83124.286691] [RVS-GPUP-TC4] gpup 27226 num_cp_queues 24
[RESULT] [ 83124.286692] [RVS-GPUP-TC4] gpup 27226 cwsr_size 22687744
[RESULT] [ 83124.286692] [RVS-GPUP-TC4] gpup 27226 ctl_stack_size 12288
[RESULT] [ 83124.286692] [RVS-GPUP-TC4] gpup 27226 max_engine_clk_fcompute 2400
[RESULT] [ 83124.286692] [RVS-GPUP-TC4] gpup 27226 local_mem_size 0
[RESULT] [ 83124.286693] [RVS-GPUP-TC4] gpup 27226 fw_version 34
[RESULT] [ 83124.286693] [RVS-GPUP-TC4] gpup 27226 capability 2889327296
[RESULT] [ 83124.286693] [RVS-GPUP-TC4] gpup 27226 capability2 1
[RESULT] [ 83124.286694] [RVS-GPUP-TC4] gpup 27226 debug_prop 1494
[RESULT] [ 83124.286694] [RVS-GPUP-TC4] gpup 27226 sdma_fw_version 12
[RESULT] [ 83124.286694] [RVS-GPUP-TC4] gpup 27226 unique_id 632985837543358530
[RESULT] [ 83124.286695] [RVS-GPUP-TC4] gpup 27226 num_xcc 8
[RESULT] [ 83124.286695] [RVS-GPUP-TC4] gpup 27226 max_engine_clk_ccompute 3300
[RESULT] [ 83124.286701] [RVS-GPUP-TC4] gpup 27226 0 type 2
[RESULT] [ 83124.286701] [RVS-GPUP-TC4] gpup 27226 0 version_major 0
[RESULT] [ 83124.286701] [RVS-GPUP-TC4] gpup 27226 0 version_minor 0
[RESULT] [ 83124.286702] [RVS-GPUP-TC4] gpup 27226 0 node_from 5
[RESULT] [ 83124.286702] [RVS-GPUP-TC4] gpup 27226 0 node_to 0
[RESULT] [ 83124.286702] [RVS-GPUP-TC4] gpup 27226 0 weight 20
[RESULT] [ 83124.286702] [RVS-GPUP-TC4] gpup 27226 0 min_latency 0
[RESULT] [ 83124.286703] [RVS-GPUP-TC4] gpup 27226 0 max_latency 0
[RESULT] [ 83124.286703] [RVS-GPUP-TC4] gpup 27226 0 min_bandwidth 0
[RESULT] [ 83124.286703] [RVS-GPUP-TC4] gpup 27226 0 max_bandwidth 64000
[RESULT] [ 83124.286703] [RVS-GPUP-TC4] gpup 27226 0 recommended_transfer_size 0
[RESULT] [ 83124.286704] [RVS-GPUP-TC4] gpup 27226 0 recommended_sdma_engine_id_mask 3
[RESULT] [ 83124.286704] [RVS-GPUP-TC4] gpup 27226 0 flags 1
[RESULT] [ 83124.286707] [RVS-GPUP-TC4] gpup 27226 1 type 11
[RESULT] [ 83124.286708] [RVS-GPUP-TC4] gpup 27226 1 version_major 0
[RESULT] [ 83124.286708] [RVS-GPUP-TC4] gpup 27226 1 version_minor 0
[RESULT] [ 83124.286708] [RVS-GPUP-TC4] gpup 27226 1 node_from 5
[RESULT] [ 83124.286708] [RVS-GPUP-TC4] gpup 27226 1 node_to 2
[RESULT] [ 83124.286709] [RVS-GPUP-TC4] gpup 27226 1 weight 15
[RESULT] [ 83124.286711] [RVS-GPUP-TC4] gpup 27226 1 min_latency 0
[RESULT] [ 83124.286711] [RVS-GPUP-TC4] gpup 27226 1 max_latency 0
[RESULT] [ 83124.286711] [RVS-GPUP-TC4] gpup 27226 1 min_bandwidth 76000
[RESULT] [ 83124.286712] [RVS-GPUP-TC4] gpup 27226 1 max_bandwidth 76000
[RESULT] [ 83124.286712] [RVS-GPUP-TC4] gpup 27226 1 recommended_transfer_size 0
[RESULT] [ 83124.286712] [RVS-GPUP-TC4] gpup 27226 1 recommended_sdma_engine_id_mask 4
[RESULT] [ 83124.286712] [RVS-GPUP-TC4] gpup 27226 1 flags 1
[RESULT] [ 83124.286716] [RVS-GPUP-TC4] gpup 27226 2 type 11
[RESULT] [ 83124.286716] [RVS-GPUP-TC4] gpup 27226 2 version_major 0
[RESULT] [ 83124.286716] [RVS-GPUP-TC4] gpup 27226 2 version_minor 0
[RESULT] [ 83124.286717] [RVS-GPUP-TC4] gpup 27226 2 node_from 5
[RESULT] [ 83124.286717] [RVS-GPUP-TC4] gpup 27226 2 node_to 3
[RESULT] [ 83124.286717] [RVS-GPUP-TC4] gpup 27226 2 weight 15
[RESULT] [ 83124.286717] [RVS-GPUP-TC4] gpup 27226 2 min_latency 0
[RESULT] [ 83124.286718] [RVS-GPUP-TC4] gpup 27226 2 max_latency 0
[RESULT] [ 83124.286718] [RVS-GPUP-TC4] gpup 27226 2 min_bandwidth 76000
[RESULT] [ 83124.286718] [RVS-GPUP-TC4] gpup 27226 2 max_bandwidth 76000
[RESULT] [ 83124.286718] [RVS-GPUP-TC4] gpup 27226 2 recommended_transfer_size 0
[RESULT] [ 83124.286719] [RVS-GPUP-TC4] gpup 27226 2 recommended_sdma_engine_id_mask 16384
[RESULT] [ 83124.286719] [RVS-GPUP-TC4] gpup 27226 2 flags 1
[RESULT] [ 83124.286722] [RVS-GPUP-TC4] gpup 27226 3 type 11
[RESULT] [ 83124.286723] [RVS-GPUP-TC4] gpup 27226 3 version_major 0
[RESULT] [ 83124.286723] [RVS-GPUP-TC4] gpup 27226 3 version_minor 0
[RESULT] [ 83124.286723] [RVS-GPUP-TC4] gpup 27226 3 node_from 5
[RESULT] [ 83124.286723] [RVS-GPUP-TC4] gpup 27226 3 node_to 4
[RESULT] [ 83124.286724] [RVS-GPUP-TC4] gpup 27226 3 weight 15
[RESULT] [ 83124.286724] [RVS-GPUP-TC4] gpup 27226 3 min_latency 0
[RESULT] [ 83124.286724] [RVS-GPUP-TC4] gpup 27226 3 max_latency 0
[RESULT] [ 83124.286724] [RVS-GPUP-TC4] gpup 27226 3 min_bandwidth 76000
[RESULT] [ 83124.286725] [RVS-GPUP-TC4] gpup 27226 3 max_bandwidth 76000
[RESULT] [ 83124.286725] [RVS-GPUP-TC4] gpup 27226 3 recommended_transfer_size 0
[RESULT] [ 83124.286725] [RVS-GPUP-TC4] gpup 27226 3 recommended_sdma_engine_id_mask 1024
[RESULT] [ 83124.286725] [RVS-GPUP-TC4] gpup 27226 3 flags 1
[RESULT] [ 83124.286729] [RVS-GPUP-TC4] gpup 27226 4 type 11
[RESULT] [ 83124.286729] [RVS-GPUP-TC4] gpup 27226 4 version_major 0
[RESULT] [ 83124.286729] [RVS-GPUP-TC4] gpup 27226 4 version_minor 0
[RESULT] [ 83124.286729] [RVS-GPUP-TC4] gpup 27226 4 node_from 5
[RESULT] [ 83124.286730] [RVS-GPUP-TC4] gpup 27226 4 node_to 6
[RESULT] [ 83124.286730] [RVS-GPUP-TC4] gpup 27226 4 weight 15
[RESULT] [ 83124.286730] [RVS-GPUP-TC4] gpup 27226 4 min_latency 0
[RESULT] [ 83124.286730] [RVS-GPUP-TC4] gpup 27226 4 max_latency 0
[RESULT] [ 83124.286731] [RVS-GPUP-TC4] gpup 27226 4 min_bandwidth 76000
[RESULT] [ 83124.286731] [RVS-GPUP-TC4] gpup 27226 4 max_bandwidth 76000
[RESULT] [ 83124.286731] [RVS-GPUP-TC4] gpup 27226 4 recommended_transfer_size 0
[RESULT] [ 83124.286732] [RVS-GPUP-TC4] gpup 27226 4 recommended_sdma_engine_id_mask 64
[RESULT] [ 83124.286732] [RVS-GPUP-TC4] gpup 27226 4 flags 1
[RESULT] [ 83124.286735] [RVS-GPUP-TC4] gpup 27226 5 type 11
[RESULT] [ 83124.286735] [RVS-GPUP-TC4] gpup 27226 5 version_major 0
[RESULT] [ 83124.286736] [RVS-GPUP-TC4] gpup 27226 5 version_minor 0
[RESULT] [ 83124.286736] [RVS-GPUP-TC4] gpup 27226 5 node_from 5
[RESULT] [ 83124.286736] [RVS-GPUP-TC4] gpup 27226 5 node_to 7
[RESULT] [ 83124.286736] [RVS-GPUP-TC4] gpup 27226 5 weight 15
[RESULT] [ 83124.286737] [RVS-GPUP-TC4] gpup 27226 5 min_latency 0
[RESULT] [ 83124.286737] [RVS-GPUP-TC4] gpup 27226 5 max_latency 0
[RESULT] [ 83124.286737] [RVS-GPUP-TC4] gpup 27226 5 min_bandwidth 76000
[RESULT] [ 83124.286737] [RVS-GPUP-TC4] gpup 27226 5 max_bandwidth 76000
[RESULT] [ 83124.286738] [RVS-GPUP-TC4] gpup 27226 5 recommended_transfer_size 0
[RESULT] [ 83124.286738] [RVS-GPUP-TC4] gpup 27226 5 recommended_sdma_engine_id_mask 256
[RESULT] [ 83124.286738] [RVS-GPUP-TC4] gpup 27226 5 flags 1
[RESULT] [ 83124.286742] [RVS-GPUP-TC4] gpup 27226 6 type 11
[RESULT] [ 83124.286743] [RVS-GPUP-TC4] gpup 27226 6 version_major 0
[RESULT] [ 83124.286743] [RVS-GPUP-TC4] gpup 27226 6 version_minor 0
[RESULT] [ 83124.286743] [RVS-GPUP-TC4] gpup 27226 6 node_from 5
[RESULT] [ 83124.286744] [RVS-GPUP-TC4] gpup 27226 6 node_to 8
[RESULT] [ 83124.286744] [RVS-GPUP-TC4] gpup 27226 6 weight 15
[RESULT] [ 83124.286744] [RVS-GPUP-TC4] gpup 27226 6 min_latency 0
[RESULT] [ 83124.286744] [RVS-GPUP-TC4] gpup 27226 6 max_latency 0
[RESULT] [ 83124.286745] [RVS-GPUP-TC4] gpup 27226 6 min_bandwidth 76000
[RESULT] [ 83124.286745] [RVS-GPUP-TC4] gpup 27226 6 max_bandwidth 76000
[RESULT] [ 83124.286745] [RVS-GPUP-TC4] gpup 27226 6 recommended_transfer_size 0
[RESULT] [ 83124.286745] [RVS-GPUP-TC4] gpup 27226 6 recommended_sdma_engine_id_mask 4096
[RESULT] [ 83124.286746] [RVS-GPUP-TC4] gpup 27226 6 flags 1
[RESULT] [ 83124.286749] [RVS-GPUP-TC4] gpup 27226 7 type 11
[RESULT] [ 83124.286749] [RVS-GPUP-TC4] gpup 27226 7 version_major 0
[RESULT] [ 83124.286749] [RVS-GPUP-TC4] gpup 27226 7 version_minor 0
[RESULT] [ 83124.286750] [RVS-GPUP-TC4] gpup 27226 7 node_from 5
[RESULT] [ 83124.286750] [RVS-GPUP-TC4] gpup 27226 7 node_to 9
[RESULT] [ 83124.286750] [RVS-GPUP-TC4] gpup 27226 7 weight 15
[RESULT] [ 83124.286750] [RVS-GPUP-TC4] gpup 27226 7 min_latency 0
[RESULT] [ 83124.286751] [RVS-GPUP-TC4] gpup 27226 7 max_latency 0
[RESULT] [ 83124.286751] [RVS-GPUP-TC4] gpup 27226 7 min_bandwidth 76000
[RESULT] [ 83124.286751] [RVS-GPUP-TC4] gpup 27226 7 max_bandwidth 76000
[RESULT] [ 83124.286751] [RVS-GPUP-TC4] gpup 27226 7 recommended_transfer_size 0
[RESULT] [ 83124.286752] [RVS-GPUP-TC4] gpup 27226 7 recommended_sdma_engine_id_mask 16
[RESULT] [ 83124.286752] [RVS-GPUP-TC4] gpup 27226 7 flags 1
[RESULT] [ 83124.286756] [RVS-GPUP-TC4] gpup 57875 cpu_cores_count 0
[RESULT] [ 83124.286757] [RVS-GPUP-TC4] gpup 57875 simd_count 1024
[RESULT] [ 83124.286757] [RVS-GPUP-TC4] gpup 57875 mem_banks_count 1
[RESULT] [ 83124.286757] [RVS-GPUP-TC4] gpup 57875 caches_count 558
[RESULT] [ 83124.286758] [RVS-GPUP-TC4] gpup 57875 io_links_count 8
[RESULT] [ 83124.286758] [RVS-GPUP-TC4] gpup 57875 p2p_links_count 1
[RESULT] [ 83124.286758] [RVS-GPUP-TC4] gpup 57875 cpu_core_id_base 0
[RESULT] [ 83124.286758] [RVS-GPUP-TC4] gpup 57875 simd_id_base 2147487888
[RESULT] [ 83124.286759] [RVS-GPUP-TC4] gpup 57875 max_waves_per_simd 8
[RESULT] [ 83124.286759] [RVS-GPUP-TC4] gpup 57875 lds_size_in_kb 160
[RESULT] [ 83124.286759] [RVS-GPUP-TC4] gpup 57875 gds_size_in_kb 0
[RESULT] [ 83124.286760] [RVS-GPUP-TC4] gpup 57875 num_gws 64
[RESULT] [ 83124.286760] [RVS-GPUP-TC4] gpup 57875 wave_front_size 64
[RESULT] [ 83124.286760] [RVS-GPUP-TC4] gpup 57875 array_count 32
[RESULT] [ 83124.286760] [RVS-GPUP-TC4] gpup 57875 simd_arrays_per_engine 1
[RESULT] [ 83124.286761] [RVS-GPUP-TC4] gpup 57875 cu_per_simd_array 9
[RESULT] [ 83124.286761] [RVS-GPUP-TC4] gpup 57875 simd_per_cu 4
[RESULT] [ 83124.286761] [RVS-GPUP-TC4] gpup 57875 max_slots_scratch_cu 32
[RESULT] [ 83124.286762] [RVS-GPUP-TC4] gpup 57875 gfx_target_version 90500
[RESULT] [ 83124.286762] [RVS-GPUP-TC4] gpup 57875 vendor_id 4098
[RESULT] [ 83124.286762] [RVS-GPUP-TC4] gpup 57875 device_id 30115
[RESULT] [ 83124.286763] [RVS-GPUP-TC4] gpup 57875 location_id 62720
[RESULT] [ 83124.286763] [RVS-GPUP-TC4] gpup 57875 domain 0
[RESULT] [ 83124.286763] [RVS-GPUP-TC4] gpup 57875 drm_render_minor 160
[RESULT] [ 83124.286763] [RVS-GPUP-TC4] gpup 57875 hive_id 15543770012376183955
[RESULT] [ 83124.286764] [RVS-GPUP-TC4] gpup 57875 num_sdma_engines 2
[RESULT] [ 83124.286764] [RVS-GPUP-TC4] gpup 57875 num_sdma_xgmi_engines 14
[RESULT] [ 83124.286764] [RVS-GPUP-TC4] gpup 57875 num_sdma_queues_per_engine 8
[RESULT] [ 83124.286765] [RVS-GPUP-TC4] gpup 57875 num_cp_queues 24
[RESULT] [ 83124.286765] [RVS-GPUP-TC4] gpup 57875 cwsr_size 22687744
[RESULT] [ 83124.286765] [RVS-GPUP-TC4] gpup 57875 ctl_stack_size 12288
[RESULT] [ 83124.286765] [RVS-GPUP-TC4] gpup 57875 max_engine_clk_fcompute 2400
[RESULT] [ 83124.286767] [RVS-GPUP-TC4] gpup 57875 local_mem_size 0
[RESULT] [ 83124.286767] [RVS-GPUP-TC4] gpup 57875 fw_version 34
[RESULT] [ 83124.286768] [RVS-GPUP-TC4] gpup 57875 capability 2889327296
[RESULT] [ 83124.286768] [RVS-GPUP-TC4] gpup 57875 capability2 1
[RESULT] [ 83124.286768] [RVS-GPUP-TC4] gpup 57875 debug_prop 1494
[RESULT] [ 83124.286768] [RVS-GPUP-TC4] gpup 57875 sdma_fw_version 12
[RESULT] [ 83124.286769] [RVS-GPUP-TC4] gpup 57875 unique_id 14270588561418100719
[RESULT] [ 83124.286769] [RVS-GPUP-TC4] gpup 57875 num_xcc 8
[RESULT] [ 83124.286769] [RVS-GPUP-TC4] gpup 57875 max_engine_clk_ccompute 3300
[RESULT] [ 83124.286776] [RVS-GPUP-TC4] gpup 57875 0 type 2
[RESULT] [ 83124.286776] [RVS-GPUP-TC4] gpup 57875 0 version_major 0
[RESULT] [ 83124.286776] [RVS-GPUP-TC4] gpup 57875 0 version_minor 0
[RESULT] [ 83124.286776] [RVS-GPUP-TC4] gpup 57875 0 node_from 6
[RESULT] [ 83124.286777] [RVS-GPUP-TC4] gpup 57875 0 node_to 1
[RESULT] [ 83124.286777] [RVS-GPUP-TC4] gpup 57875 0 weight 20
[RESULT] [ 83124.286777] [RVS-GPUP-TC4] gpup 57875 0 min_latency 0
[RESULT] [ 83124.286777] [RVS-GPUP-TC4] gpup 57875 0 max_latency 0
[RESULT] [ 83124.286778] [RVS-GPUP-TC4] gpup 57875 0 min_bandwidth 0
[RESULT] [ 83124.286778] [RVS-GPUP-TC4] gpup 57875 0 max_bandwidth 64000
[RESULT] [ 83124.286778] [RVS-GPUP-TC4] gpup 57875 0 recommended_transfer_size 0
[RESULT] [ 83124.286778] [RVS-GPUP-TC4] gpup 57875 0 recommended_sdma_engine_id_mask 3
[RESULT] [ 83124.286779] [RVS-GPUP-TC4] gpup 57875 0 flags 1
[RESULT] [ 83124.286782] [RVS-GPUP-TC4] gpup 57875 1 type 11
[RESULT] [ 83124.286782] [RVS-GPUP-TC4] gpup 57875 1 version_major 0
[RESULT] [ 83124.286783] [RVS-GPUP-TC4] gpup 57875 1 version_minor 0
[RESULT] [ 83124.286783] [RVS-GPUP-TC4] gpup 57875 1 node_from 6
[RESULT] [ 83124.286783] [RVS-GPUP-TC4] gpup 57875 1 node_to 2
[RESULT] [ 83124.286783] [RVS-GPUP-TC4] gpup 57875 1 weight 15
[RESULT] [ 83124.286784] [RVS-GPUP-TC4] gpup 57875 1 min_latency 0
[RESULT] [ 83124.286784] [RVS-GPUP-TC4] gpup 57875 1 max_latency 0
[RESULT] [ 83124.286784] [RVS-GPUP-TC4] gpup 57875 1 min_bandwidth 76000
[RESULT] [ 83124.286784] [RVS-GPUP-TC4] gpup 57875 1 max_bandwidth 76000
[RESULT] [ 83124.286785] [RVS-GPUP-TC4] gpup 57875 1 recommended_transfer_size 0
[RESULT] [ 83124.286785] [RVS-GPUP-TC4] gpup 57875 1 recommended_sdma_engine_id_mask 16
[RESULT] [ 83124.286785] [RVS-GPUP-TC4] gpup 57875 1 flags 1
[RESULT] [ 83124.286788] [RVS-GPUP-TC4] gpup 57875 2 type 11
[RESULT] [ 83124.286789] [RVS-GPUP-TC4] gpup 57875 2 version_major 0
[RESULT] [ 83124.286789] [RVS-GPUP-TC4] gpup 57875 2 version_minor 0
[RESULT] [ 83124.286789] [RVS-GPUP-TC4] gpup 57875 2 node_from 6
[RESULT] [ 83124.286789] [RVS-GPUP-TC4] gpup 57875 2 node_to 3
[RESULT] [ 83124.286790] [RVS-GPUP-TC4] gpup 57875 2 weight 15
[RESULT] [ 83124.286790] [RVS-GPUP-TC4] gpup 57875 2 min_latency 0
[RESULT] [ 83124.286790] [RVS-GPUP-TC4] gpup 57875 2 max_latency 0
[RESULT] [ 83124.286790] [RVS-GPUP-TC4] gpup 57875 2 min_bandwidth 76000
[RESULT] [ 83124.286791] [RVS-GPUP-TC4] gpup 57875 2 max_bandwidth 76000
[RESULT] [ 83124.286791] [RVS-GPUP-TC4] gpup 57875 2 recommended_transfer_size 0
[RESULT] [ 83124.286791] [RVS-GPUP-TC4] gpup 57875 2 recommended_sdma_engine_id_mask 1024
[RESULT] [ 83124.286792] [RVS-GPUP-TC4] gpup 57875 2 flags 1
[RESULT] [ 83124.286795] [RVS-GPUP-TC4] gpup 57875 3 type 11
[RESULT] [ 83124.286795] [RVS-GPUP-TC4] gpup 57875 3 version_major 0
[RESULT] [ 83124.286795] [RVS-GPUP-TC4] gpup 57875 3 version_minor 0
[RESULT] [ 83124.286796] [RVS-GPUP-TC4] gpup 57875 3 node_from 6
[RESULT] [ 83124.286796] [RVS-GPUP-TC4] gpup 57875 3 node_to 4
[RESULT] [ 83124.286796] [RVS-GPUP-TC4] gpup 57875 3 weight 15
[RESULT] [ 83124.286796] [RVS-GPUP-TC4] gpup 57875 3 min_latency 0
[RESULT] [ 83124.286797] [RVS-GPUP-TC4] gpup 57875 3 max_latency 0
[RESULT] [ 83124.286797] [RVS-GPUP-TC4] gpup 57875 3 min_bandwidth 76000
[RESULT] [ 83124.286797] [RVS-GPUP-TC4] gpup 57875 3 max_bandwidth 76000
[RESULT] [ 83124.286797] [RVS-GPUP-TC4] gpup 57875 3 recommended_transfer_size 0
[RESULT] [ 83124.286799] [RVS-GPUP-TC4] gpup 57875 3 recommended_sdma_engine_id_mask 256
[RESULT] [ 83124.286799] [RVS-GPUP-TC4] gpup 57875 3 flags 1
[RESULT] [ 83124.286802] [RVS-GPUP-TC4] gpup 57875 4 type 11
[RESULT] [ 83124.286803] [RVS-GPUP-TC4] gpup 57875 4 version_major 0
[RESULT] [ 83124.286803] [RVS-GPUP-TC4] gpup 57875 4 version_minor 0
[RESULT] [ 83124.286803] [RVS-GPUP-TC4] gpup 57875 4 node_from 6
[RESULT] [ 83124.286804] [RVS-GPUP-TC4] gpup 57875 4 node_to 5
[RESULT] [ 83124.286804] [RVS-GPUP-TC4] gpup 57875 4 weight 15
[RESULT] [ 83124.286804] [RVS-GPUP-TC4] gpup 57875 4 min_latency 0
[RESULT] [ 83124.286804] [RVS-GPUP-TC4] gpup 57875 4 max_latency 0
[RESULT] [ 83124.286805] [RVS-GPUP-TC4] gpup 57875 4 min_bandwidth 76000
[RESULT] [ 83124.286805] [RVS-GPUP-TC4] gpup 57875 4 max_bandwidth 76000
[RESULT] [ 83124.286805] [RVS-GPUP-TC4] gpup 57875 4 recommended_transfer_size 0
[RESULT] [ 83124.286805] [RVS-GPUP-TC4] gpup 57875 4 recommended_sdma_engine_id_mask 64
[RESULT] [ 83124.286806] [RVS-GPUP-TC4] gpup 57875 4 flags 1
[RESULT] [ 83124.286809] [RVS-GPUP-TC4] gpup 57875 5 type 11
[RESULT] [ 83124.286810] [RVS-GPUP-TC4] gpup 57875 5 version_major 0
[RESULT] [ 83124.286810] [RVS-GPUP-TC4] gpup 57875 5 version_minor 0
[RESULT] [ 83124.286810] [RVS-GPUP-TC4] gpup 57875 5 node_from 6
[RESULT] [ 83124.286810] [RVS-GPUP-TC4] gpup 57875 5 node_to 7
[RESULT] [ 83124.286811] [RVS-GPUP-TC4] gpup 57875 5 weight 15
[RESULT] [ 83124.286811] [RVS-GPUP-TC4] gpup 57875 5 min_latency 0
[RESULT] [ 83124.286811] [RVS-GPUP-TC4] gpup 57875 5 max_latency 0
[RESULT] [ 83124.286811] [RVS-GPUP-TC4] gpup 57875 5 min_bandwidth 76000
[RESULT] [ 83124.286812] [RVS-GPUP-TC4] gpup 57875 5 max_bandwidth 76000
[RESULT] [ 83124.286812] [RVS-GPUP-TC4] gpup 57875 5 recommended_transfer_size 0
[RESULT] [ 83124.286812] [RVS-GPUP-TC4] gpup 57875 5 recommended_sdma_engine_id_mask 4096
[RESULT] [ 83124.286812] [RVS-GPUP-TC4] gpup 57875 5 flags 1
[RESULT] [ 83124.286816] [RVS-GPUP-TC4] gpup 57875 6 type 11
[RESULT] [ 83124.286816] [RVS-GPUP-TC4] gpup 57875 6 version_major 0
[RESULT] [ 83124.286816] [RVS-GPUP-TC4] gpup 57875 6 version_minor 0
[RESULT] [ 83124.286816] [RVS-GPUP-TC4] gpup 57875 6 node_from 6
[RESULT] [ 83124.286817] [RVS-GPUP-TC4] gpup 57875 6 node_to 8
[RESULT] [ 83124.286817] [RVS-GPUP-TC4] gpup 57875 6 weight 15
[RESULT] [ 83124.286817] [RVS-GPUP-TC4] gpup 57875 6 min_latency 0
[RESULT] [ 83124.286817] [RVS-GPUP-TC4] gpup 57875 6 max_latency 0
[RESULT] [ 83124.286818] [RVS-GPUP-TC4] gpup 57875 6 min_bandwidth 76000
[RESULT] [ 83124.286818] [RVS-GPUP-TC4] gpup 57875 6 max_bandwidth 76000
[RESULT] [ 83124.286818] [RVS-GPUP-TC4] gpup 57875 6 recommended_transfer_size 0
[RESULT] [ 83124.286818] [RVS-GPUP-TC4] gpup 57875 6 recommended_sdma_engine_id_mask 16384
[RESULT] [ 83124.286819] [RVS-GPUP-TC4] gpup 57875 6 flags 1
[RESULT] [ 83124.286822] [RVS-GPUP-TC4] gpup 57875 7 type 11
[RESULT] [ 83124.286823] [RVS-GPUP-TC4] gpup 57875 7 version_major 0
[RESULT] [ 83124.286823] [RVS-GPUP-TC4] gpup 57875 7 version_minor 0
[RESULT] [ 83124.286823] [RVS-GPUP-TC4] gpup 57875 7 node_from 6
[RESULT] [ 83124.286824] [RVS-GPUP-TC4] gpup 57875 7 node_to 9
[RESULT] [ 83124.286824] [RVS-GPUP-TC4] gpup 57875 7 weight 15
[RESULT] [ 83124.286824] [RVS-GPUP-TC4] gpup 57875 7 min_latency 0
[RESULT] [ 83124.286824] [RVS-GPUP-TC4] gpup 57875 7 max_latency 0
[RESULT] [ 83124.286825] [RVS-GPUP-TC4] gpup 57875 7 min_bandwidth 76000
[RESULT] [ 83124.286825] [RVS-GPUP-TC4] gpup 57875 7 max_bandwidth 76000
[RESULT] [ 83124.286825] [RVS-GPUP-TC4] gpup 57875 7 recommended_transfer_size 0
[RESULT] [ 83124.286825] [RVS-GPUP-TC4] gpup 57875 7 recommended_sdma_engine_id_mask 4
[RESULT] [ 83124.286826] [RVS-GPUP-TC4] gpup 57875 7 flags 1
[RESULT] [ 83124.286830] [RVS-GPUP-TC4] gpup 1590 cpu_cores_count 0
[RESULT] [ 83124.286830] [RVS-GPUP-TC4] gpup 1590 simd_count 1024
[RESULT] [ 83124.286830] [RVS-GPUP-TC4] gpup 1590 mem_banks_count 1
[RESULT] [ 83124.286831] [RVS-GPUP-TC4] gpup 1590 caches_count 546
[RESULT] [ 83124.286831] [RVS-GPUP-TC4] gpup 1590 io_links_count 8
[RESULT] [ 83124.286831] [RVS-GPUP-TC4] gpup 1590 p2p_links_count 1
[RESULT] [ 83124.286833] [RVS-GPUP-TC4] gpup 1590 cpu_core_id_base 0
[RESULT] [ 83124.286833] [RVS-GPUP-TC4] gpup 1590 simd_id_base 2147487924
[RESULT] [ 83124.286833] [RVS-GPUP-TC4] gpup 1590 max_waves_per_simd 8
[RESULT] [ 83124.286834] [RVS-GPUP-TC4] gpup 1590 lds_size_in_kb 160
[RESULT] [ 83124.286834] [RVS-GPUP-TC4] gpup 1590 gds_size_in_kb 0
[RESULT] [ 83124.286834] [RVS-GPUP-TC4] gpup 1590 num_gws 64
[RESULT] [ 83124.286835] [RVS-GPUP-TC4] gpup 1590 wave_front_size 64
[RESULT] [ 83124.286835] [RVS-GPUP-TC4] gpup 1590 array_count 32
[RESULT] [ 83124.286835] [RVS-GPUP-TC4] gpup 1590 simd_arrays_per_engine 1
[RESULT] [ 83124.286835] [RVS-GPUP-TC4] gpup 1590 cu_per_simd_array 9
[RESULT] [ 83124.286836] [RVS-GPUP-TC4] gpup 1590 simd_per_cu 4
[RESULT] [ 83124.286836] [RVS-GPUP-TC4] gpup 1590 max_slots_scratch_cu 32
[RESULT] [ 83124.286836] [RVS-GPUP-TC4] gpup 1590 gfx_target_version 90500
[RESULT] [ 83124.286837] [RVS-GPUP-TC4] gpup 1590 vendor_id 4098
[RESULT] [ 83124.286837] [RVS-GPUP-TC4] gpup 1590 device_id 30115
[RESULT] [ 83124.286837] [RVS-GPUP-TC4] gpup 1590 location_id 34048
[RESULT] [ 83124.286838] [RVS-GPUP-TC4] gpup 1590 domain 0
[RESULT] [ 83124.286838] [RVS-GPUP-TC4] gpup 1590 drm_render_minor 168
[RESULT] [ 83124.286838] [RVS-GPUP-TC4] gpup 1590 hive_id 15543770012376183955
[RESULT] [ 83124.286838] [RVS-GPUP-TC4] gpup 1590 num_sdma_engines 2
[RESULT] [ 83124.286839] [RVS-GPUP-TC4] gpup 1590 num_sdma_xgmi_engines 14
[RESULT] [ 83124.286839] [RVS-GPUP-TC4] gpup 1590 num_sdma_queues_per_engine 8
[RESULT] [ 83124.286839] [RVS-GPUP-TC4] gpup 1590 num_cp_queues 24
[RESULT] [ 83124.286840] [RVS-GPUP-TC4] gpup 1590 cwsr_size 22687744
[RESULT] [ 83124.286840] [RVS-GPUP-TC4] gpup 1590 ctl_stack_size 12288
[RESULT] [ 83124.286840] [RVS-GPUP-TC4] gpup 1590 max_engine_clk_fcompute 2400
[RESULT] [ 83124.286841] [RVS-GPUP-TC4] gpup 1590 local_mem_size 0
[RESULT] [ 83124.286841] [RVS-GPUP-TC4] gpup 1590 fw_version 34
[RESULT] [ 83124.286841] [RVS-GPUP-TC4] gpup 1590 capability 2889327296
[RESULT] [ 83124.286841] [RVS-GPUP-TC4] gpup 1590 capability2 1
[RESULT] [ 83124.286842] [RVS-GPUP-TC4] gpup 1590 debug_prop 1494
[RESULT] [ 83124.286842] [RVS-GPUP-TC4] gpup 1590 sdma_fw_version 12
[RESULT] [ 83124.286842] [RVS-GPUP-TC4] gpup 1590 unique_id 18342258880017846821
[RESULT] [ 83124.286843] [RVS-GPUP-TC4] gpup 1590 num_xcc 8
[RESULT] [ 83124.286843] [RVS-GPUP-TC4] gpup 1590 max_engine_clk_ccompute 3300
[RESULT] [ 83124.286849] [RVS-GPUP-TC4] gpup 1590 0 type 2
[RESULT] [ 83124.286849] [RVS-GPUP-TC4] gpup 1590 0 version_major 0
[RESULT] [ 83124.286849] [RVS-GPUP-TC4] gpup 1590 0 version_minor 0
[RESULT] [ 83124.286850] [RVS-GPUP-TC4] gpup 1590 0 node_from 7
[RESULT] [ 83124.286850] [RVS-GPUP-TC4] gpup 1590 0 node_to 1
[RESULT] [ 83124.286850] [RVS-GPUP-TC4] gpup 1590 0 weight 20
[RESULT] [ 83124.286851] [RVS-GPUP-TC4] gpup 1590 0 min_latency 0
[RESULT] [ 83124.286851] [RVS-GPUP-TC4] gpup 1590 0 max_latency 0
[RESULT] [ 83124.286851] [RVS-GPUP-TC4] gpup 1590 0 min_bandwidth 0
[RESULT] [ 83124.286851] [RVS-GPUP-TC4] gpup 1590 0 max_bandwidth 64000
[RESULT] [ 83124.286852] [RVS-GPUP-TC4] gpup 1590 0 recommended_transfer_size 0
[RESULT] [ 83124.286852] [RVS-GPUP-TC4] gpup 1590 0 recommended_sdma_engine_id_mask 3
[RESULT] [ 83124.286852] [RVS-GPUP-TC4] gpup 1590 0 flags 1
[RESULT] [ 83124.286856] [RVS-GPUP-TC4] gpup 1590 1 type 11
[RESULT] [ 83124.286856] [RVS-GPUP-TC4] gpup 1590 1 version_major 0
[RESULT] [ 83124.286857] [RVS-GPUP-TC4] gpup 1590 1 version_minor 0
[RESULT] [ 83124.286857] [RVS-GPUP-TC4] gpup 1590 1 node_from 7
[RESULT] [ 83124.286857] [RVS-GPUP-TC4] gpup 1590 1 node_to 2
[RESULT] [ 83124.286857] [RVS-GPUP-TC4] gpup 1590 1 weight 15
[RESULT] [ 83124.286858] [RVS-GPUP-TC4] gpup 1590 1 min_latency 0
[RESULT] [ 83124.286858] [RVS-GPUP-TC4] gpup 1590 1 max_latency 0
[RESULT] [ 83124.286858] [RVS-GPUP-TC4] gpup 1590 1 min_bandwidth 76000
[RESULT] [ 83124.286858] [RVS-GPUP-TC4] gpup 1590 1 max_bandwidth 76000
[RESULT] [ 83124.286859] [RVS-GPUP-TC4] gpup 1590 1 recommended_transfer_size 0
[RESULT] [ 83124.286860] [RVS-GPUP-TC4] gpup 1590 1 recommended_sdma_engine_id_mask 16384
[RESULT] [ 83124.286860] [RVS-GPUP-TC4] gpup 1590 1 flags 1
[RESULT] [ 83124.286864] [RVS-GPUP-TC4] gpup 1590 2 type 11
[RESULT] [ 83124.286864] [RVS-GPUP-TC4] gpup 1590 2 version_major 0
[RESULT] [ 83124.286864] [RVS-GPUP-TC4] gpup 1590 2 version_minor 0
[RESULT] [ 83124.286865] [RVS-GPUP-TC4] gpup 1590 2 node_from 7
[RESULT] [ 83124.286865] [RVS-GPUP-TC4] gpup 1590 2 node_to 3
[RESULT] [ 83124.286865] [RVS-GPUP-TC4] gpup 1590 2 weight 15
[RESULT] [ 83124.286865] [RVS-GPUP-TC4] gpup 1590 2 min_latency 0
[RESULT] [ 83124.286866] [RVS-GPUP-TC4] gpup 1590 2 max_latency 0
[RESULT] [ 83124.286866] [RVS-GPUP-TC4] gpup 1590 2 min_bandwidth 76000
[RESULT] [ 83124.286866] [RVS-GPUP-TC4] gpup 1590 2 max_bandwidth 76000
[RESULT] [ 83124.286866] [RVS-GPUP-TC4] gpup 1590 2 recommended_transfer_size 0
[RESULT] [ 83124.286867] [RVS-GPUP-TC4] gpup 1590 2 recommended_sdma_engine_id_mask 16
[RESULT] [ 83124.286867] [RVS-GPUP-TC4] gpup 1590 2 flags 1
[RESULT] [ 83124.286870] [RVS-GPUP-TC4] gpup 1590 3 type 11
[RESULT] [ 83124.286871] [RVS-GPUP-TC4] gpup 1590 3 version_major 0
[RESULT] [ 83124.286871] [RVS-GPUP-TC4] gpup 1590 3 version_minor 0
[RESULT] [ 83124.286871] [RVS-GPUP-TC4] gpup 1590 3 node_from 7
[RESULT] [ 83124.286871] [RVS-GPUP-TC4] gpup 1590 3 node_to 4
[RESULT] [ 83124.286872] [RVS-GPUP-TC4] gpup 1590 3 weight 15
[RESULT] [ 83124.286872] [RVS-GPUP-TC4] gpup 1590 3 min_latency 0
[RESULT] [ 83124.286872] [RVS-GPUP-TC4] gpup 1590 3 max_latency 0
[RESULT] [ 83124.286872] [RVS-GPUP-TC4] gpup 1590 3 min_bandwidth 76000
[RESULT] [ 83124.286873] [RVS-GPUP-TC4] gpup 1590 3 max_bandwidth 76000
[RESULT] [ 83124.286873] [RVS-GPUP-TC4] gpup 1590 3 recommended_transfer_size 0
[RESULT] [ 83124.286873] [RVS-GPUP-TC4] gpup 1590 3 recommended_sdma_engine_id_mask 64
[RESULT] [ 83124.286873] [RVS-GPUP-TC4] gpup 1590 3 flags 1
[RESULT] [ 83124.286877] [RVS-GPUP-TC4] gpup 1590 4 type 11
[RESULT] [ 83124.286877] [RVS-GPUP-TC4] gpup 1590 4 version_major 0
[RESULT] [ 83124.286877] [RVS-GPUP-TC4] gpup 1590 4 version_minor 0
[RESULT] [ 83124.286877] [RVS-GPUP-TC4] gpup 1590 4 node_from 7
[RESULT] [ 83124.286878] [RVS-GPUP-TC4] gpup 1590 4 node_to 5
[RESULT] [ 83124.286878] [RVS-GPUP-TC4] gpup 1590 4 weight 15
[RESULT] [ 83124.286878] [RVS-GPUP-TC4] gpup 1590 4 min_latency 0
[RESULT] [ 83124.286879] [RVS-GPUP-TC4] gpup 1590 4 max_latency 0
[RESULT] [ 83124.286879] [RVS-GPUP-TC4] gpup 1590 4 min_bandwidth 76000
[RESULT] [ 83124.286879] [RVS-GPUP-TC4] gpup 1590 4 max_bandwidth 76000
[RESULT] [ 83124.286879] [RVS-GPUP-TC4] gpup 1590 4 recommended_transfer_size 0
[RESULT] [ 83124.286880] [RVS-GPUP-TC4] gpup 1590 4 recommended_sdma_engine_id_mask 256
[RESULT] [ 83124.286880] [RVS-GPUP-TC4] gpup 1590 4 flags 1
[RESULT] [ 83124.286883] [RVS-GPUP-TC4] gpup 1590 5 type 11
[RESULT] [ 83124.286883] [RVS-GPUP-TC4] gpup 1590 5 version_major 0
[RESULT] [ 83124.286884] [RVS-GPUP-TC4] gpup 1590 5 version_minor 0
[RESULT] [ 83124.286884] [RVS-GPUP-TC4] gpup 1590 5 node_from 7
[RESULT] [ 83124.286884] [RVS-GPUP-TC4] gpup 1590 5 node_to 6
[RESULT] [ 83124.286884] [RVS-GPUP-TC4] gpup 1590 5 weight 15
[RESULT] [ 83124.286885] [RVS-GPUP-TC4] gpup 1590 5 min_latency 0
[RESULT] [ 83124.286885] [RVS-GPUP-TC4] gpup 1590 5 max_latency 0
[RESULT] [ 83124.286885] [RVS-GPUP-TC4] gpup 1590 5 min_bandwidth 76000
[RESULT] [ 83124.286885] [RVS-GPUP-TC4] gpup 1590 5 max_bandwidth 76000
[RESULT] [ 83124.286886] [RVS-GPUP-TC4] gpup 1590 5 recommended_transfer_size 0
[RESULT] [ 83124.286886] [RVS-GPUP-TC4] gpup 1590 5 recommended_sdma_engine_id_mask 1024
[RESULT] [ 83124.286886] [RVS-GPUP-TC4] gpup 1590 5 flags 1
[RESULT] [ 83124.286889] [RVS-GPUP-TC4] gpup 1590 6 type 11
[RESULT] [ 83124.286890] [RVS-GPUP-TC4] gpup 1590 6 version_major 0
[RESULT] [ 83124.286890] [RVS-GPUP-TC4] gpup 1590 6 version_minor 0
[RESULT] [ 83124.286890] [RVS-GPUP-TC4] gpup 1590 6 node_from 7
[RESULT] [ 83124.286890] [RVS-GPUP-TC4] gpup 1590 6 node_to 8
[RESULT] [ 83124.286891] [RVS-GPUP-TC4] gpup 1590 6 weight 15
[RESULT] [ 83124.286892] [RVS-GPUP-TC4] gpup 1590 6 min_latency 0
[RESULT] [ 83124.286892] [RVS-GPUP-TC4] gpup 1590 6 max_latency 0
[RESULT] [ 83124.286893] [RVS-GPUP-TC4] gpup 1590 6 min_bandwidth 76000
[RESULT] [ 83124.286893] [RVS-GPUP-TC4] gpup 1590 6 max_bandwidth 76000
[RESULT] [ 83124.286893] [RVS-GPUP-TC4] gpup 1590 6 recommended_transfer_size 0
[RESULT] [ 83124.286893] [RVS-GPUP-TC4] gpup 1590 6 recommended_sdma_engine_id_mask 4
[RESULT] [ 83124.286894] [RVS-GPUP-TC4] gpup 1590 6 flags 1
[RESULT] [ 83124.286897] [RVS-GPUP-TC4] gpup 1590 7 type 11
[RESULT] [ 83124.286897] [RVS-GPUP-TC4] gpup 1590 7 version_major 0
[RESULT] [ 83124.286898] [RVS-GPUP-TC4] gpup 1590 7 version_minor 0
[RESULT] [ 83124.286898] [RVS-GPUP-TC4] gpup 1590 7 node_from 7
[RESULT] [ 83124.286898] [RVS-GPUP-TC4] gpup 1590 7 node_to 9
[RESULT] [ 83124.286898] [RVS-GPUP-TC4] gpup 1590 7 weight 15
[RESULT] [ 83124.286899] [RVS-GPUP-TC4] gpup 1590 7 min_latency 0
[RESULT] [ 83124.286899] [RVS-GPUP-TC4] gpup 1590 7 max_latency 0
[RESULT] [ 83124.286899] [RVS-GPUP-TC4] gpup 1590 7 min_bandwidth 76000
[RESULT] [ 83124.286899] [RVS-GPUP-TC4] gpup 1590 7 max_bandwidth 76000
[RESULT] [ 83124.286900] [RVS-GPUP-TC4] gpup 1590 7 recommended_transfer_size 0
[RESULT] [ 83124.286900] [RVS-GPUP-TC4] gpup 1590 7 recommended_sdma_engine_id_mask 4096
[RESULT] [ 83124.286900] [RVS-GPUP-TC4] gpup 1590 7 flags 1
[RESULT] [ 83124.286905] [RVS-GPUP-TC4] gpup 11806 cpu_cores_count 0
[RESULT] [ 83124.286905] [RVS-GPUP-TC4] gpup 11806 simd_count 1024
[RESULT] [ 83124.286905] [RVS-GPUP-TC4] gpup 11806 mem_banks_count 1
[RESULT] [ 83124.286905] [RVS-GPUP-TC4] gpup 11806 caches_count 546
[RESULT] [ 83124.286906] [RVS-GPUP-TC4] gpup 11806 io_links_count 8
[RESULT] [ 83124.286906] [RVS-GPUP-TC4] gpup 11806 p2p_links_count 1
[RESULT] [ 83124.286906] [RVS-GPUP-TC4] gpup 11806 cpu_core_id_base 0
[RESULT] [ 83124.286907] [RVS-GPUP-TC4] gpup 11806 simd_id_base 2147487960
[RESULT] [ 83124.286907] [RVS-GPUP-TC4] gpup 11806 max_waves_per_simd 8
[RESULT] [ 83124.286907] [RVS-GPUP-TC4] gpup 11806 lds_size_in_kb 160
[RESULT] [ 83124.286908] [RVS-GPUP-TC4] gpup 11806 gds_size_in_kb 0
[RESULT] [ 83124.286908] [RVS-GPUP-TC4] gpup 11806 num_gws 64
[RESULT] [ 83124.286908] [RVS-GPUP-TC4] gpup 11806 wave_front_size 64
[RESULT] [ 83124.286908] [RVS-GPUP-TC4] gpup 11806 array_count 32
[RESULT] [ 83124.286909] [RVS-GPUP-TC4] gpup 11806 simd_arrays_per_engine 1
[RESULT] [ 83124.286909] [RVS-GPUP-TC4] gpup 11806 cu_per_simd_array 9
[RESULT] [ 83124.286909] [RVS-GPUP-TC4] gpup 11806 simd_per_cu 4
[RESULT] [ 83124.286910] [RVS-GPUP-TC4] gpup 11806 max_slots_scratch_cu 32
[RESULT] [ 83124.286910] [RVS-GPUP-TC4] gpup 11806 gfx_target_version 90500
[RESULT] [ 83124.286910] [RVS-GPUP-TC4] gpup 11806 vendor_id 4098
[RESULT] [ 83124.286910] [RVS-GPUP-TC4] gpup 11806 device_id 30115
[RESULT] [ 83124.286911] [RVS-GPUP-TC4] gpup 11806 location_id 58624
[RESULT] [ 83124.286911] [RVS-GPUP-TC4] gpup 11806 domain 0
[RESULT] [ 83124.286911] [RVS-GPUP-TC4] gpup 11806 drm_render_minor 176
[RESULT] [ 83124.286912] [RVS-GPUP-TC4] gpup 11806 hive_id 15543770012376183955
[RESULT] [ 83124.286912] [RVS-GPUP-TC4] gpup 11806 num_sdma_engines 2
[RESULT] [ 83124.286912] [RVS-GPUP-TC4] gpup 11806 num_sdma_xgmi_engines 14
[RESULT] [ 83124.286913] [RVS-GPUP-TC4] gpup 11806 num_sdma_queues_per_engine 8
[RESULT] [ 83124.286913] [RVS-GPUP-TC4] gpup 11806 num_cp_queues 24
[RESULT] [ 83124.286913] [RVS-GPUP-TC4] gpup 11806 cwsr_size 22687744
[RESULT] [ 83124.286913] [RVS-GPUP-TC4] gpup 11806 ctl_stack_size 12288
[RESULT] [ 83124.286914] [RVS-GPUP-TC4] gpup 11806 max_engine_clk_fcompute 2400
[RESULT] [ 83124.286914] [RVS-GPUP-TC4] gpup 11806 local_mem_size 0
[RESULT] [ 83124.286914] [RVS-GPUP-TC4] gpup 11806 fw_version 34
[RESULT] [ 83124.286915] [RVS-GPUP-TC4] gpup 11806 capability 2889327296
[RESULT] [ 83124.286915] [RVS-GPUP-TC4] gpup 11806 capability2 1
[RESULT] [ 83124.286915] [RVS-GPUP-TC4] gpup 11806 debug_prop 1494
[RESULT] [ 83124.286915] [RVS-GPUP-TC4] gpup 11806 sdma_fw_version 12
[RESULT] [ 83124.286916] [RVS-GPUP-TC4] gpup 11806 unique_id 2246624143245554942
[RESULT] [ 83124.286917] [RVS-GPUP-TC4] gpup 11806 num_xcc 8
[RESULT] [ 83124.286917] [RVS-GPUP-TC4] gpup 11806 max_engine_clk_ccompute 3300
[RESULT] [ 83124.286924] [RVS-GPUP-TC4] gpup 11806 0 type 2
[RESULT] [ 83124.286924] [RVS-GPUP-TC4] gpup 11806 0 version_major 0
[RESULT] [ 83124.286924] [RVS-GPUP-TC4] gpup 11806 0 version_minor 0
[RESULT] [ 83124.286924] [RVS-GPUP-TC4] gpup 11806 0 node_from 8
[RESULT] [ 83124.286925] [RVS-GPUP-TC4] gpup 11806 0 node_to 1
[RESULT] [ 83124.286925] [RVS-GPUP-TC4] gpup 11806 0 weight 20
[RESULT] [ 83124.286925] [RVS-GPUP-TC4] gpup 11806 0 min_latency 0
[RESULT] [ 83124.286925] [RVS-GPUP-TC4] gpup 11806 0 max_latency 0
[RESULT] [ 83124.286926] [RVS-GPUP-TC4] gpup 11806 0 min_bandwidth 0
[RESULT] [ 83124.286926] [RVS-GPUP-TC4] gpup 11806 0 max_bandwidth 64000
[RESULT] [ 83124.286926] [RVS-GPUP-TC4] gpup 11806 0 recommended_transfer_size 0
[RESULT] [ 83124.286927] [RVS-GPUP-TC4] gpup 11806 0 recommended_sdma_engine_id_mask 3
[RESULT] [ 83124.286927] [RVS-GPUP-TC4] gpup 11806 0 flags 1
[RESULT] [ 83124.286930] [RVS-GPUP-TC4] gpup 11806 1 type 11
[RESULT] [ 83124.286930] [RVS-GPUP-TC4] gpup 11806 1 version_major 0
[RESULT] [ 83124.286931] [RVS-GPUP-TC4] gpup 11806 1 version_minor 0
[RESULT] [ 83124.286931] [RVS-GPUP-TC4] gpup 11806 1 node_from 8
[RESULT] [ 83124.286931] [RVS-GPUP-TC4] gpup 11806 1 node_to 2
[RESULT] [ 83124.286931] [RVS-GPUP-TC4] gpup 11806 1 weight 15
[RESULT] [ 83124.286932] [RVS-GPUP-TC4] gpup 11806 1 min_latency 0
[RESULT] [ 83124.286932] [RVS-GPUP-TC4] gpup 11806 1 max_latency 0
[RESULT] [ 83124.286932] [RVS-GPUP-TC4] gpup 11806 1 min_bandwidth 76000
[RESULT] [ 83124.286932] [RVS-GPUP-TC4] gpup 11806 1 max_bandwidth 76000
[RESULT] [ 83124.286933] [RVS-GPUP-TC4] gpup 11806 1 recommended_transfer_size 0
[RESULT] [ 83124.286933] [RVS-GPUP-TC4] gpup 11806 1 recommended_sdma_engine_id_mask 256
[RESULT] [ 83124.286933] [RVS-GPUP-TC4] gpup 11806 1 flags 1
[RESULT] [ 83124.286936] [RVS-GPUP-TC4] gpup 11806 2 type 11
[RESULT] [ 83124.286937] [RVS-GPUP-TC4] gpup 11806 2 version_major 0
[RESULT] [ 83124.286937] [RVS-GPUP-TC4] gpup 11806 2 version_minor 0
[RESULT] [ 83124.286937] [RVS-GPUP-TC4] gpup 11806 2 node_from 8
[RESULT] [ 83124.286938] [RVS-GPUP-TC4] gpup 11806 2 node_to 3
[RESULT] [ 83124.286938] [RVS-GPUP-TC4] gpup 11806 2 weight 15
[RESULT] [ 83124.286938] [RVS-GPUP-TC4] gpup 11806 2 min_latency 0
[RESULT] [ 83124.286938] [RVS-GPUP-TC4] gpup 11806 2 max_latency 0
[RESULT] [ 83124.286939] [RVS-GPUP-TC4] gpup 11806 2 min_bandwidth 76000
[RESULT] [ 83124.286939] [RVS-GPUP-TC4] gpup 11806 2 max_bandwidth 76000
[RESULT] [ 83124.286939] [RVS-GPUP-TC4] gpup 11806 2 recommended_transfer_size 0
[RESULT] [ 83124.286939] [RVS-GPUP-TC4] gpup 11806 2 recommended_sdma_engine_id_mask 64
[RESULT] [ 83124.286940] [RVS-GPUP-TC4] gpup 11806 2 flags 1
[RESULT] [ 83124.286943] [RVS-GPUP-TC4] gpup 11806 3 type 11
[RESULT] [ 83124.286943] [RVS-GPUP-TC4] gpup 11806 3 version_major 0
[RESULT] [ 83124.286943] [RVS-GPUP-TC4] gpup 11806 3 version_minor 0
[RESULT] [ 83124.286944] [RVS-GPUP-TC4] gpup 11806 3 node_from 8
[RESULT] [ 83124.286944] [RVS-GPUP-TC4] gpup 11806 3 node_to 4
[RESULT] [ 83124.286944] [RVS-GPUP-TC4] gpup 11806 3 weight 15
[RESULT] [ 83124.286944] [RVS-GPUP-TC4] gpup 11806 3 min_latency 0
[RESULT] [ 83124.286945] [RVS-GPUP-TC4] gpup 11806 3 max_latency 0
[RESULT] [ 83124.286945] [RVS-GPUP-TC4] gpup 11806 3 min_bandwidth 76000
[RESULT] [ 83124.286945] [RVS-GPUP-TC4] gpup 11806 3 max_bandwidth 76000
[RESULT] [ 83124.286945] [RVS-GPUP-TC4] gpup 11806 3 recommended_transfer_size 0
[RESULT] [ 83124.286946] [RVS-GPUP-TC4] gpup 11806 3 recommended_sdma_engine_id_mask 16
[RESULT] [ 83124.286946] [RVS-GPUP-TC4] gpup 11806 3 flags 1
[RESULT] [ 83124.286949] [RVS-GPUP-TC4] gpup 11806 4 type 11
[RESULT] [ 83124.286949] [RVS-GPUP-TC4] gpup 11806 4 version_major 0
[RESULT] [ 83124.286950] [RVS-GPUP-TC4] gpup 11806 4 version_minor 0
[RESULT] [ 83124.286950] [RVS-GPUP-TC4] gpup 11806 4 node_from 8
[RESULT] [ 83124.286950] [RVS-GPUP-TC4] gpup 11806 4 node_to 5
[RESULT] [ 83124.286951] [RVS-GPUP-TC4] gpup 11806 4 weight 15
[RESULT] [ 83124.286952] [RVS-GPUP-TC4] gpup 11806 4 min_latency 0
[RESULT] [ 83124.286952] [RVS-GPUP-TC4] gpup 11806 4 max_latency 0
[RESULT] [ 83124.286952] [RVS-GPUP-TC4] gpup 11806 4 min_bandwidth 76000
[RESULT] [ 83124.286952] [RVS-GPUP-TC4] gpup 11806 4 max_bandwidth 76000
[RESULT] [ 83124.286953] [RVS-GPUP-TC4] gpup 11806 4 recommended_transfer_size 0
[RESULT] [ 83124.286953] [RVS-GPUP-TC4] gpup 11806 4 recommended_sdma_engine_id_mask 4096
[RESULT] [ 83124.286953] [RVS-GPUP-TC4] gpup 11806 4 flags 1
[RESULT] [ 83124.286957] [RVS-GPUP-TC4] gpup 11806 5 type 11
[RESULT] [ 83124.286957] [RVS-GPUP-TC4] gpup 11806 5 version_major 0
[RESULT] [ 83124.286957] [RVS-GPUP-TC4] gpup 11806 5 version_minor 0
[RESULT] [ 83124.286958] [RVS-GPUP-TC4] gpup 11806 5 node_from 8
[RESULT] [ 83124.286958] [RVS-GPUP-TC4] gpup 11806 5 node_to 6
[RESULT] [ 83124.286958] [RVS-GPUP-TC4] gpup 11806 5 weight 15
[RESULT] [ 83124.286958] [RVS-GPUP-TC4] gpup 11806 5 min_latency 0
[RESULT] [ 83124.286959] [RVS-GPUP-TC4] gpup 11806 5 max_latency 0
[RESULT] [ 83124.286959] [RVS-GPUP-TC4] gpup 11806 5 min_bandwidth 76000
[RESULT] [ 83124.286959] [RVS-GPUP-TC4] gpup 11806 5 max_bandwidth 76000
[RESULT] [ 83124.286959] [RVS-GPUP-TC4] gpup 11806 5 recommended_transfer_size 0
[RESULT] [ 83124.286960] [RVS-GPUP-TC4] gpup 11806 5 recommended_sdma_engine_id_mask 16384
[RESULT] [ 83124.286960] [RVS-GPUP-TC4] gpup 11806 5 flags 1
[RESULT] [ 83124.286963] [RVS-GPUP-TC4] gpup 11806 6 type 11
[RESULT] [ 83124.286964] [RVS-GPUP-TC4] gpup 11806 6 version_major 0
[RESULT] [ 83124.286964] [RVS-GPUP-TC4] gpup 11806 6 version_minor 0
[RESULT] [ 83124.286964] [RVS-GPUP-TC4] gpup 11806 6 node_from 8
[RESULT] [ 83124.286965] [RVS-GPUP-TC4] gpup 11806 6 node_to 7
[RESULT] [ 83124.286965] [RVS-GPUP-TC4] gpup 11806 6 weight 15
[RESULT] [ 83124.286965] [RVS-GPUP-TC4] gpup 11806 6 min_latency 0
[RESULT] [ 83124.286965] [RVS-GPUP-TC4] gpup 11806 6 max_latency 0
[RESULT] [ 83124.286966] [RVS-GPUP-TC4] gpup 11806 6 min_bandwidth 76000
[RESULT] [ 83124.286966] [RVS-GPUP-TC4] gpup 11806 6 max_bandwidth 76000
[RESULT] [ 83124.286966] [RVS-GPUP-TC4] gpup 11806 6 recommended_transfer_size 0
[RESULT] [ 83124.286966] [RVS-GPUP-TC4] gpup 11806 6 recommended_sdma_engine_id_mask 4
[RESULT] [ 83124.286967] [RVS-GPUP-TC4] gpup 11806 6 flags 1
[RESULT] [ 83124.286970] [RVS-GPUP-TC4] gpup 11806 7 type 11
[RESULT] [ 83124.286970] [RVS-GPUP-TC4] gpup 11806 7 version_major 0
[RESULT] [ 83124.286970] [RVS-GPUP-TC4] gpup 11806 7 version_minor 0
[RESULT] [ 83124.286971] [RVS-GPUP-TC4] gpup 11806 7 node_from 8
[RESULT] [ 83124.286971] [RVS-GPUP-TC4] gpup 11806 7 node_to 9
[RESULT] [ 83124.286971] [RVS-GPUP-TC4] gpup 11806 7 weight 15
[RESULT] [ 83124.286971] [RVS-GPUP-TC4] gpup 11806 7 min_latency 0
[RESULT] [ 83124.286972] [RVS-GPUP-TC4] gpup 11806 7 max_latency 0
[RESULT] [ 83124.286972] [RVS-GPUP-TC4] gpup 11806 7 min_bandwidth 76000
[RESULT] [ 83124.286972] [RVS-GPUP-TC4] gpup 11806 7 max_bandwidth 76000
[RESULT] [ 83124.286972] [RVS-GPUP-TC4] gpup 11806 7 recommended_transfer_size 0
[RESULT] [ 83124.286973] [RVS-GPUP-TC4] gpup 11806 7 recommended_sdma_engine_id_mask 1024
[RESULT] [ 83124.286973] [RVS-GPUP-TC4] gpup 11806 7 flags 1
[RESULT] [ 83124.286977] [RVS-GPUP-TC4] gpup 51771 cpu_cores_count 0
[RESULT] [ 83124.286978] [RVS-GPUP-TC4] gpup 51771 simd_count 1024
[RESULT] [ 83124.286978] [RVS-GPUP-TC4] gpup 51771 mem_banks_count 1
[RESULT] [ 83124.286978] [RVS-GPUP-TC4] gpup 51771 caches_count 546
[RESULT] [ 83124.286978] [RVS-GPUP-TC4] gpup 51771 io_links_count 8
[RESULT] [ 83124.286979] [RVS-GPUP-TC4] gpup 51771 p2p_links_count 1
[RESULT] [ 83124.286979] [RVS-GPUP-TC4] gpup 51771 cpu_core_id_base 0
[RESULT] [ 83124.286979] [RVS-GPUP-TC4] gpup 51771 simd_id_base 2147487996
[RESULT] [ 83124.286980] [RVS-GPUP-TC4] gpup 51771 max_waves_per_simd 8
[RESULT] [ 83124.286980] [RVS-GPUP-TC4] gpup 51771 lds_size_in_kb 160
[RESULT] [ 83124.286980] [RVS-GPUP-TC4] gpup 51771 gds_size_in_kb 0
[RESULT] [ 83124.286981] [RVS-GPUP-TC4] gpup 51771 num_gws 64
[RESULT] [ 83124.286983] [RVS-GPUP-TC4] gpup 51771 wave_front_size 64
[RESULT] [ 83124.286983] [RVS-GPUP-TC4] gpup 51771 array_count 32
[RESULT] [ 83124.286983] [RVS-GPUP-TC4] gpup 51771 simd_arrays_per_engine 1
[RESULT] [ 83124.286984] [RVS-GPUP-TC4] gpup 51771 cu_per_simd_array 9
[RESULT] [ 83124.286984] [RVS-GPUP-TC4] gpup 51771 simd_per_cu 4
[RESULT] [ 83124.286984] [RVS-GPUP-TC4] gpup 51771 max_slots_scratch_cu 32
[RESULT] [ 83124.286985] [RVS-GPUP-TC4] gpup 51771 gfx_target_version 90500
[RESULT] [ 83124.286985] [RVS-GPUP-TC4] gpup 51771 vendor_id 4098
[RESULT] [ 83124.286985] [RVS-GPUP-TC4] gpup 51771 device_id 30115
[RESULT] [ 83124.286986] [RVS-GPUP-TC4] gpup 51771 location_id 38144
[RESULT] [ 83124.286986] [RVS-GPUP-TC4] gpup 51771 domain 0
[RESULT] [ 83124.286986] [RVS-GPUP-TC4] gpup 51771 drm_render_minor 184
[RESULT] [ 83124.286986] [RVS-GPUP-TC4] gpup 51771 hive_id 15543770012376183955
[RESULT] [ 83124.286987] [RVS-GPUP-TC4] gpup 51771 num_sdma_engines 2
[RESULT] [ 83124.286987] [RVS-GPUP-TC4] gpup 51771 num_sdma_xgmi_engines 14
[RESULT] [ 83124.286987] [RVS-GPUP-TC4] gpup 51771 num_sdma_queues_per_engine 8
[RESULT] [ 83124.286988] [RVS-GPUP-TC4] gpup 51771 num_cp_queues 24
[RESULT] [ 83124.286988] [RVS-GPUP-TC4] gpup 51771 cwsr_size 22687744
[RESULT] [ 83124.286988] [RVS-GPUP-TC4] gpup 51771 ctl_stack_size 12288
[RESULT] [ 83124.286989] [RVS-GPUP-TC4] gpup 51771 max_engine_clk_fcompute 2400
[RESULT] [ 83124.286989] [RVS-GPUP-TC4] gpup 51771 local_mem_size 0
[RESULT] [ 83124.286989] [RVS-GPUP-TC4] gpup 51771 fw_version 34
[RESULT] [ 83124.286989] [RVS-GPUP-TC4] gpup 51771 capability 2889327296
[RESULT] [ 83124.286990] [RVS-GPUP-TC4] gpup 51771 capability2 1
[RESULT] [ 83124.286990] [RVS-GPUP-TC4] gpup 51771 debug_prop 1494
[RESULT] [ 83124.286990] [RVS-GPUP-TC4] gpup 51771 sdma_fw_version 12
[RESULT] [ 83124.286991] [RVS-GPUP-TC4] gpup 51771 unique_id 4167359005928280700
[RESULT] [ 83124.286991] [RVS-GPUP-TC4] gpup 51771 num_xcc 8
[RESULT] [ 83124.286991] [RVS-GPUP-TC4] gpup 51771 max_engine_clk_ccompute 3300
[RESULT] [ 83124.286997] [RVS-GPUP-TC4] gpup 51771 0 type 2
[RESULT] [ 83124.286998] [RVS-GPUP-TC4] gpup 51771 0 version_major 0
[RESULT] [ 83124.286998] [RVS-GPUP-TC4] gpup 51771 0 version_minor 0
[RESULT] [ 83124.286998] [RVS-GPUP-TC4] gpup 51771 0 node_from 9
[RESULT] [ 83124.286999] [RVS-GPUP-TC4] gpup 51771 0 node_to 1
[RESULT] [ 83124.286999] [RVS-GPUP-TC4] gpup 51771 0 weight 20
[RESULT] [ 83124.286999] [RVS-GPUP-TC4] gpup 51771 0 min_latency 0
[RESULT] [ 83124.286999] [RVS-GPUP-TC4] gpup 51771 0 max_latency 0
[RESULT] [ 83124.287004] [RVS-GPUP-TC4] gpup 51771 0 min_bandwidth 0
[RESULT] [ 83124.287004] [RVS-GPUP-TC4] gpup 51771 0 max_bandwidth 64000
[RESULT] [ 83124.287004] [RVS-GPUP-TC4] gpup 51771 0 recommended_transfer_size 0
[RESULT] [ 83124.287005] [RVS-GPUP-TC4] gpup 51771 0 recommended_sdma_engine_id_mask 3
[RESULT] [ 83124.287005] [RVS-GPUP-TC4] gpup 51771 0 flags 1
[RESULT] [ 83124.287008] [RVS-GPUP-TC4] gpup 51771 1 type 11
[RESULT] [ 83124.287009] [RVS-GPUP-TC4] gpup 51771 1 version_major 0
[RESULT] [ 83124.287009] [RVS-GPUP-TC4] gpup 51771 1 version_minor 0
[RESULT] [ 83124.287009] [RVS-GPUP-TC4] gpup 51771 1 node_from 9
[RESULT] [ 83124.287009] [RVS-GPUP-TC4] gpup 51771 1 node_to 2
[RESULT] [ 83124.287010] [RVS-GPUP-TC4] gpup 51771 1 weight 15
[RESULT] [ 83124.287010] [RVS-GPUP-TC4] gpup 51771 1 min_latency 0
[RESULT] [ 83124.287010] [RVS-GPUP-TC4] gpup 51771 1 max_latency 0
[RESULT] [ 83124.287010] [RVS-GPUP-TC4] gpup 51771 1 min_bandwidth 76000
[RESULT] [ 83124.287011] [RVS-GPUP-TC4] gpup 51771 1 max_bandwidth 76000
[RESULT] [ 83124.287011] [RVS-GPUP-TC4] gpup 51771 1 recommended_transfer_size 0
[RESULT] [ 83124.287011] [RVS-GPUP-TC4] gpup 51771 1 recommended_sdma_engine_id_mask 64
[RESULT] [ 83124.287011] [RVS-GPUP-TC4] gpup 51771 1 flags 1
[RESULT] [ 83124.287015] [RVS-GPUP-TC4] gpup 51771 2 type 11
[RESULT] [ 83124.287015] [RVS-GPUP-TC4] gpup 51771 2 version_major 0
[RESULT] [ 83124.287015] [RVS-GPUP-TC4] gpup 51771 2 version_minor 0
[RESULT] [ 83124.287016] [RVS-GPUP-TC4] gpup 51771 2 node_from 9
[RESULT] [ 83124.287018] [RVS-GPUP-TC4] gpup 51771 2 node_to 3
[RESULT] [ 83124.287018] [RVS-GPUP-TC4] gpup 51771 2 weight 15
[RESULT] [ 83124.287018] [RVS-GPUP-TC4] gpup 51771 2 min_latency 0
[RESULT] [ 83124.287019] [RVS-GPUP-TC4] gpup 51771 2 max_latency 0
[RESULT] [ 83124.287019] [RVS-GPUP-TC4] gpup 51771 2 min_bandwidth 76000
[RESULT] [ 83124.287019] [RVS-GPUP-TC4] gpup 51771 2 max_bandwidth 76000
[RESULT] [ 83124.287019] [RVS-GPUP-TC4] gpup 51771 2 recommended_transfer_size 0
[RESULT] [ 83124.287020] [RVS-GPUP-TC4] gpup 51771 2 recommended_sdma_engine_id_mask 256
[RESULT] [ 83124.287020] [RVS-GPUP-TC4] gpup 51771 2 flags 1
[RESULT] [ 83124.287024] [RVS-GPUP-TC4] gpup 51771 3 type 11
[RESULT] [ 83124.287024] [RVS-GPUP-TC4] gpup 51771 3 version_major 0
[RESULT] [ 83124.287024] [RVS-GPUP-TC4] gpup 51771 3 version_minor 0
[RESULT] [ 83124.287024] [RVS-GPUP-TC4] gpup 51771 3 node_from 9
[RESULT] [ 83124.287025] [RVS-GPUP-TC4] gpup 51771 3 node_to 4
[RESULT] [ 83124.287025] [RVS-GPUP-TC4] gpup 51771 3 weight 15
[RESULT] [ 83124.287025] [RVS-GPUP-TC4] gpup 51771 3 min_latency 0
[RESULT] [ 83124.287025] [RVS-GPUP-TC4] gpup 51771 3 max_latency 0
[RESULT] [ 83124.287026] [RVS-GPUP-TC4] gpup 51771 3 min_bandwidth 76000
[RESULT] [ 83124.287026] [RVS-GPUP-TC4] gpup 51771 3 max_bandwidth 76000
[RESULT] [ 83124.287026] [RVS-GPUP-TC4] gpup 51771 3 recommended_transfer_size 0
[RESULT] [ 83124.287026] [RVS-GPUP-TC4] gpup 51771 3 recommended_sdma_engine_id_mask 16384
[RESULT] [ 83124.287027] [RVS-GPUP-TC4] gpup 51771 3 flags 1
[RESULT] [ 83124.287030] [RVS-GPUP-TC4] gpup 51771 4 type 11
[RESULT] [ 83124.287030] [RVS-GPUP-TC4] gpup 51771 4 version_major 0
[RESULT] [ 83124.287031] [RVS-GPUP-TC4] gpup 51771 4 version_minor 0
[RESULT] [ 83124.287031] [RVS-GPUP-TC4] gpup 51771 4 node_from 9
[RESULT] [ 83124.287031] [RVS-GPUP-TC4] gpup 51771 4 node_to 5
[RESULT] [ 83124.287031] [RVS-GPUP-TC4] gpup 51771 4 weight 15
[RESULT] [ 83124.287032] [RVS-GPUP-TC4] gpup 51771 4 min_latency 0
[RESULT] [ 83124.287032] [RVS-GPUP-TC4] gpup 51771 4 max_latency 0
[RESULT] [ 83124.287032] [RVS-GPUP-TC4] gpup 51771 4 min_bandwidth 76000
[RESULT] [ 83124.287032] [RVS-GPUP-TC4] gpup 51771 4 max_bandwidth 76000
[RESULT] [ 83124.287033] [RVS-GPUP-TC4] gpup 51771 4 recommended_transfer_size 0
[RESULT] [ 83124.287033] [RVS-GPUP-TC4] gpup 51771 4 recommended_sdma_engine_id_mask 16
[RESULT] [ 83124.287033] [RVS-GPUP-TC4] gpup 51771 4 flags 1
[RESULT] [ 83124.287037] [RVS-GPUP-TC4] gpup 51771 5 type 11
[RESULT] [ 83124.287037] [RVS-GPUP-TC4] gpup 51771 5 version_major 0
[RESULT] [ 83124.287037] [RVS-GPUP-TC4] gpup 51771 5 version_minor 0
[RESULT] [ 83124.287037] [RVS-GPUP-TC4] gpup 51771 5 node_from 9
[RESULT] [ 83124.287038] [RVS-GPUP-TC4] gpup 51771 5 node_to 6
[RESULT] [ 83124.287038] [RVS-GPUP-TC4] gpup 51771 5 weight 15
[RESULT] [ 83124.287038] [RVS-GPUP-TC4] gpup 51771 5 min_latency 0
[RESULT] [ 83124.287038] [RVS-GPUP-TC4] gpup 51771 5 max_latency 0
[RESULT] [ 83124.287039] [RVS-GPUP-TC4] gpup 51771 5 min_bandwidth 76000
[RESULT] [ 83124.287039] [RVS-GPUP-TC4] gpup 51771 5 max_bandwidth 76000
[RESULT] [ 83124.287039] [RVS-GPUP-TC4] gpup 51771 5 recommended_transfer_size 0
[RESULT] [ 83124.287040] [RVS-GPUP-TC4] gpup 51771 5 recommended_sdma_engine_id_mask 4
[RESULT] [ 83124.287040] [RVS-GPUP-TC4] gpup 51771 5 flags 1
[RESULT] [ 83124.287043] [RVS-GPUP-TC4] gpup 51771 6 type 11
[RESULT] [ 83124.287043] [RVS-GPUP-TC4] gpup 51771 6 version_major 0
[RESULT] [ 83124.287044] [RVS-GPUP-TC4] gpup 51771 6 version_minor 0
[RESULT] [ 83124.287044] [RVS-GPUP-TC4] gpup 51771 6 node_from 9
[RESULT] [ 83124.287044] [RVS-GPUP-TC4] gpup 51771 6 node_to 7
[RESULT] [ 83124.287044] [RVS-GPUP-TC4] gpup 51771 6 weight 15
[RESULT] [ 83124.287045] [RVS-GPUP-TC4] gpup 51771 6 min_latency 0
[RESULT] [ 83124.287045] [RVS-GPUP-TC4] gpup 51771 6 max_latency 0
[RESULT] [ 83124.287045] [RVS-GPUP-TC4] gpup 51771 6 min_bandwidth 76000
[RESULT] [ 83124.287045] [RVS-GPUP-TC4] gpup 51771 6 max_bandwidth 76000
[RESULT] [ 83124.287046] [RVS-GPUP-TC4] gpup 51771 6 recommended_transfer_size 0
[RESULT] [ 83124.287047] [RVS-GPUP-TC4] gpup 51771 6 recommended_sdma_engine_id_mask 1024
[RESULT] [ 83124.287047] [RVS-GPUP-TC4] gpup 51771 6 flags 1
[RESULT] [ 83124.287051] [RVS-GPUP-TC4] gpup 51771 7 type 11
[RESULT] [ 83124.287051] [RVS-GPUP-TC4] gpup 51771 7 version_major 0
[RESULT] [ 83124.287051] [RVS-GPUP-TC4] gpup 51771 7 version_minor 0
[RESULT] [ 83124.287052] [RVS-GPUP-TC4] gpup 51771 7 node_from 9
[RESULT] [ 83124.287052] [RVS-GPUP-TC4] gpup 51771 7 node_to 8
[RESULT] [ 83124.287052] [RVS-GPUP-TC4] gpup 51771 7 weight 15
[RESULT] [ 83124.287052] [RVS-GPUP-TC4] gpup 51771 7 min_latency 0
[RESULT] [ 83124.287053] [RVS-GPUP-TC4] gpup 51771 7 max_latency 0
[RESULT] [ 83124.287053] [RVS-GPUP-TC4] gpup 51771 7 min_bandwidth 76000
[RESULT] [ 83124.287053] [RVS-GPUP-TC4] gpup 51771 7 max_bandwidth 76000
[RESULT] [ 83124.287053] [RVS-GPUP-TC4] gpup 51771 7 recommended_transfer_size 0
[RESULT] [ 83124.287054] [RVS-GPUP-TC4] gpup 51771 7 recommended_sdma_engine_id_mask 4096
[RESULT] [ 83124.287054] [RVS-GPUP-TC4] gpup 51771 7 flags 1
[RESULT] [ 83124.287055] Action name :RVS-GPUP-TC5
[RESULT] [ 83124.287056] Module name :gpup
[INFO  ] [ 83124.287059] Missing 'device_index' key.
[RESULT] [ 83124.287212] [RVS-GPUP-TC5] gpup 17010 cpu_cores_count 0
[RESULT] [ 83124.287213] [RVS-GPUP-TC5] gpup 17010 simd_count 1024
[RESULT] [ 83124.287213] [RVS-GPUP-TC5] gpup 17010 mem_banks_count 1
[RESULT] [ 83124.287213] [RVS-GPUP-TC5] gpup 17010 caches_count 548
[RESULT] [ 83124.287213] [RVS-GPUP-TC5] gpup 17010 io_links_count 8
[RESULT] [ 83124.287214] [RVS-GPUP-TC5] gpup 17010 p2p_links_count 1
[RESULT] [ 83124.287214] [RVS-GPUP-TC5] gpup 17010 cpu_core_id_base 0
[RESULT] [ 83124.287214] [RVS-GPUP-TC5] gpup 17010 simd_id_base 2147487744
[RESULT] [ 83124.287215] [RVS-GPUP-TC5] gpup 17010 max_waves_per_simd 8
[RESULT] [ 83124.287215] [RVS-GPUP-TC5] gpup 17010 lds_size_in_kb 160
[RESULT] [ 83124.287215] [RVS-GPUP-TC5] gpup 17010 gds_size_in_kb 0
[RESULT] [ 83124.287216] [RVS-GPUP-TC5] gpup 17010 num_gws 64
[RESULT] [ 83124.287216] [RVS-GPUP-TC5] gpup 17010 wave_front_size 64
[RESULT] [ 83124.287216] [RVS-GPUP-TC5] gpup 17010 array_count 32
[RESULT] [ 83124.287216] [RVS-GPUP-TC5] gpup 17010 simd_arrays_per_engine 1
[RESULT] [ 83124.287217] [RVS-GPUP-TC5] gpup 17010 cu_per_simd_array 9
[RESULT] [ 83124.287217] [RVS-GPUP-TC5] gpup 17010 simd_per_cu 4
[RESULT] [ 83124.287217] [RVS-GPUP-TC5] gpup 17010 max_slots_scratch_cu 32
[RESULT] [ 83124.287218] [RVS-GPUP-TC5] gpup 17010 gfx_target_version 90500
[RESULT] [ 83124.287218] [RVS-GPUP-TC5] gpup 17010 vendor_id 4098
[RESULT] [ 83124.287218] [RVS-GPUP-TC5] gpup 17010 device_id 30115
[RESULT] [ 83124.287218] [RVS-GPUP-TC5] gpup 17010 location_id 29952
[RESULT] [ 83124.287219] [RVS-GPUP-TC5] gpup 17010 domain 0
[RESULT] [ 83124.287219] [RVS-GPUP-TC5] gpup 17010 drm_render_minor 128
[RESULT] [ 83124.287219] [RVS-GPUP-TC5] gpup 17010 hive_id 15543770012376183955
[RESULT] [ 83124.287220] [RVS-GPUP-TC5] gpup 17010 num_sdma_engines 2
[RESULT] [ 83124.287220] [RVS-GPUP-TC5] gpup 17010 num_sdma_xgmi_engines 14
[RESULT] [ 83124.287220] [RVS-GPUP-TC5] gpup 17010 num_sdma_queues_per_engine 8
[RESULT] [ 83124.287221] [RVS-GPUP-TC5] gpup 17010 num_cp_queues 24
[RESULT] [ 83124.287221] [RVS-GPUP-TC5] gpup 17010 cwsr_size 22687744
[RESULT] [ 83124.287221] [RVS-GPUP-TC5] gpup 17010 ctl_stack_size 12288
[RESULT] [ 83124.287221] [RVS-GPUP-TC5] gpup 17010 max_engine_clk_fcompute 2400
[RESULT] [ 83124.287222] [RVS-GPUP-TC5] gpup 17010 local_mem_size 0
[RESULT] [ 83124.287222] [RVS-GPUP-TC5] gpup 17010 fw_version 34
[RESULT] [ 83124.287222] [RVS-GPUP-TC5] gpup 17010 capability 2889327296
[RESULT] [ 83124.287223] [RVS-GPUP-TC5] gpup 17010 capability2 1
[RESULT] [ 83124.287223] [RVS-GPUP-TC5] gpup 17010 debug_prop 1494
[RESULT] [ 83124.287223] [RVS-GPUP-TC5] gpup 17010 sdma_fw_version 12
[RESULT] [ 83124.287223] [RVS-GPUP-TC5] gpup 17010 unique_id 14972926718452068356
[RESULT] [ 83124.287224] [RVS-GPUP-TC5] gpup 17010 num_xcc 8
[RESULT] [ 83124.287224] [RVS-GPUP-TC5] gpup 17010 max_engine_clk_ccompute 3300
[RESULT] [ 83124.287231] [RVS-GPUP-TC5] gpup 17010 0 type 2
[RESULT] [ 83124.287232] [RVS-GPUP-TC5] gpup 17010 0 version_major 0
[RESULT] [ 83124.287232] [RVS-GPUP-TC5] gpup 17010 0 version_minor 0
[RESULT] [ 83124.287232] [RVS-GPUP-TC5] gpup 17010 0 node_from 2
[RESULT] [ 83124.287233] [RVS-GPUP-TC5] gpup 17010 0 node_to 0
[RESULT] [ 83124.287233] [RVS-GPUP-TC5] gpup 17010 0 weight 20
[RESULT] [ 83124.287233] [RVS-GPUP-TC5] gpup 17010 0 min_latency 0
[RESULT] [ 83124.287233] [RVS-GPUP-TC5] gpup 17010 0 max_latency 0
[RESULT] [ 83124.287234] [RVS-GPUP-TC5] gpup 17010 0 min_bandwidth 0
[RESULT] [ 83124.287234] [RVS-GPUP-TC5] gpup 17010 0 max_bandwidth 64000
[RESULT] [ 83124.287234] [RVS-GPUP-TC5] gpup 17010 0 recommended_transfer_size 0
[RESULT] [ 83124.287234] [RVS-GPUP-TC5] gpup 17010 0 recommended_sdma_engine_id_mask 3
[RESULT] [ 83124.287235] [RVS-GPUP-TC5] gpup 17010 0 flags 1
[RESULT] [ 83124.287238] [RVS-GPUP-TC5] gpup 17010 1 type 11
[RESULT] [ 83124.287238] [RVS-GPUP-TC5] gpup 17010 1 version_major 0
[RESULT] [ 83124.287238] [RVS-GPUP-TC5] gpup 17010 1 version_minor 0
[RESULT] [ 83124.287239] [RVS-GPUP-TC5] gpup 17010 1 node_from 2
[RESULT] [ 83124.287239] [RVS-GPUP-TC5] gpup 17010 1 node_to 3
[RESULT] [ 83124.287239] [RVS-GPUP-TC5] gpup 17010 1 weight 15
[RESULT] [ 83124.287239] [RVS-GPUP-TC5] gpup 17010 1 min_latency 0
[RESULT] [ 83124.287240] [RVS-GPUP-TC5] gpup 17010 1 max_latency 0
[RESULT] [ 83124.287240] [RVS-GPUP-TC5] gpup 17010 1 min_bandwidth 76000
[RESULT] [ 83124.287240] [RVS-GPUP-TC5] gpup 17010 1 max_bandwidth 76000
[RESULT] [ 83124.287240] [RVS-GPUP-TC5] gpup 17010 1 recommended_transfer_size 0
[RESULT] [ 83124.287241] [RVS-GPUP-TC5] gpup 17010 1 recommended_sdma_engine_id_mask 4096
[RESULT] [ 83124.287241] [RVS-GPUP-TC5] gpup 17010 1 flags 1
[RESULT] [ 83124.287244] [RVS-GPUP-TC5] gpup 17010 2 type 11
[RESULT] [ 83124.287245] [RVS-GPUP-TC5] gpup 17010 2 version_major 0
[RESULT] [ 83124.287245] [RVS-GPUP-TC5] gpup 17010 2 version_minor 0
[RESULT] [ 83124.287245] [RVS-GPUP-TC5] gpup 17010 2 node_from 2
[RESULT] [ 83124.287245] [RVS-GPUP-TC5] gpup 17010 2 node_to 4
[RESULT] [ 83124.287246] [RVS-GPUP-TC5] gpup 17010 2 weight 15
[RESULT] [ 83124.287246] [RVS-GPUP-TC5] gpup 17010 2 min_latency 0
[RESULT] [ 83124.287246] [RVS-GPUP-TC5] gpup 17010 2 max_latency 0
[RESULT] [ 83124.287246] [RVS-GPUP-TC5] gpup 17010 2 min_bandwidth 76000
[RESULT] [ 83124.287247] [RVS-GPUP-TC5] gpup 17010 2 max_bandwidth 76000
[RESULT] [ 83124.287247] [RVS-GPUP-TC5] gpup 17010 2 recommended_transfer_size 0
[RESULT] [ 83124.287247] [RVS-GPUP-TC5] gpup 17010 2 recommended_sdma_engine_id_mask 1024
[RESULT] [ 83124.287247] [RVS-GPUP-TC5] gpup 17010 2 flags 1
[RESULT] [ 83124.287251] [RVS-GPUP-TC5] gpup 17010 3 type 11
[RESULT] [ 83124.287251] [RVS-GPUP-TC5] gpup 17010 3 version_major 0
[RESULT] [ 83124.287251] [RVS-GPUP-TC5] gpup 17010 3 version_minor 0
[RESULT] [ 83124.287251] [RVS-GPUP-TC5] gpup 17010 3 node_from 2
[RESULT] [ 83124.287252] [RVS-GPUP-TC5] gpup 17010 3 node_to 5
[RESULT] [ 83124.287252] [RVS-GPUP-TC5] gpup 17010 3 weight 15
[RESULT] [ 83124.287252] [RVS-GPUP-TC5] gpup 17010 3 min_latency 0
[RESULT] [ 83124.287252] [RVS-GPUP-TC5] gpup 17010 3 max_latency 0
[RESULT] [ 83124.287253] [RVS-GPUP-TC5] gpup 17010 3 min_bandwidth 76000
[RESULT] [ 83124.287253] [RVS-GPUP-TC5] gpup 17010 3 max_bandwidth 76000
[RESULT] [ 83124.287253] [RVS-GPUP-TC5] gpup 17010 3 recommended_transfer_size 0
[RESULT] [ 83124.287254] [RVS-GPUP-TC5] gpup 17010 3 recommended_sdma_engine_id_mask 4
[RESULT] [ 83124.287254] [RVS-GPUP-TC5] gpup 17010 3 flags 1
[RESULT] [ 83124.287257] [RVS-GPUP-TC5] gpup 17010 4 type 11
[RESULT] [ 83124.287257] [RVS-GPUP-TC5] gpup 17010 4 version_major 0
[RESULT] [ 83124.287258] [RVS-GPUP-TC5] gpup 17010 4 version_minor 0
[RESULT] [ 83124.287258] [RVS-GPUP-TC5] gpup 17010 4 node_from 2
[RESULT] [ 83124.287258] [RVS-GPUP-TC5] gpup 17010 4 node_to 6
[RESULT] [ 83124.287259] [RVS-GPUP-TC5] gpup 17010 4 weight 15
[RESULT] [ 83124.287259] [RVS-GPUP-TC5] gpup 17010 4 min_latency 0
[RESULT] [ 83124.287260] [RVS-GPUP-TC5] gpup 17010 4 max_latency 0
[RESULT] [ 83124.287261] [RVS-GPUP-TC5] gpup 17010 4 min_bandwidth 76000
[RESULT] [ 83124.287261] [RVS-GPUP-TC5] gpup 17010 4 max_bandwidth 76000
[RESULT] [ 83124.287261] [RVS-GPUP-TC5] gpup 17010 4 recommended_transfer_size 0
[RESULT] [ 83124.287261] [RVS-GPUP-TC5] gpup 17010 4 recommended_sdma_engine_id_mask 16
[RESULT] [ 83124.287262] [RVS-GPUP-TC5] gpup 17010 4 flags 1
[RESULT] [ 83124.287265] [RVS-GPUP-TC5] gpup 17010 5 type 11
[RESULT] [ 83124.287265] [RVS-GPUP-TC5] gpup 17010 5 version_major 0
[RESULT] [ 83124.287265] [RVS-GPUP-TC5] gpup 17010 5 version_minor 0
[RESULT] [ 83124.287266] [RVS-GPUP-TC5] gpup 17010 5 node_from 2
[RESULT] [ 83124.287266] [RVS-GPUP-TC5] gpup 17010 5 node_to 7
[RESULT] [ 83124.287266] [RVS-GPUP-TC5] gpup 17010 5 weight 15
[RESULT] [ 83124.287267] [RVS-GPUP-TC5] gpup 17010 5 min_latency 0
[RESULT] [ 83124.287267] [RVS-GPUP-TC5] gpup 17010 5 max_latency 0
[RESULT] [ 83124.287267] [RVS-GPUP-TC5] gpup 17010 5 min_bandwidth 76000
[RESULT] [ 83124.287267] [RVS-GPUP-TC5] gpup 17010 5 max_bandwidth 76000
[RESULT] [ 83124.287268] [RVS-GPUP-TC5] gpup 17010 5 recommended_transfer_size 0
[RESULT] [ 83124.287268] [RVS-GPUP-TC5] gpup 17010 5 recommended_sdma_engine_id_mask 16384
[RESULT] [ 83124.287268] [RVS-GPUP-TC5] gpup 17010 5 flags 1
[RESULT] [ 83124.287271] [RVS-GPUP-TC5] gpup 17010 6 type 11
[RESULT] [ 83124.287272] [RVS-GPUP-TC5] gpup 17010 6 version_major 0
[RESULT] [ 83124.287272] [RVS-GPUP-TC5] gpup 17010 6 version_minor 0
[RESULT] [ 83124.287272] [RVS-GPUP-TC5] gpup 17010 6 node_from 2
[RESULT] [ 83124.287272] [RVS-GPUP-TC5] gpup 17010 6 node_to 8
[RESULT] [ 83124.287273] [RVS-GPUP-TC5] gpup 17010 6 weight 15
[RESULT] [ 83124.287273] [RVS-GPUP-TC5] gpup 17010 6 min_latency 0
[RESULT] [ 83124.287273] [RVS-GPUP-TC5] gpup 17010 6 max_latency 0
[RESULT] [ 83124.287273] [RVS-GPUP-TC5] gpup 17010 6 min_bandwidth 76000
[RESULT] [ 83124.287274] [RVS-GPUP-TC5] gpup 17010 6 max_bandwidth 76000
[RESULT] [ 83124.287274] [RVS-GPUP-TC5] gpup 17010 6 recommended_transfer_size 0
[RESULT] [ 83124.287274] [RVS-GPUP-TC5] gpup 17010 6 recommended_sdma_engine_id_mask 256
[RESULT] [ 83124.287274] [RVS-GPUP-TC5] gpup 17010 6 flags 1
[RESULT] [ 83124.287278] [RVS-GPUP-TC5] gpup 17010 7 type 11
[RESULT] [ 83124.287278] [RVS-GPUP-TC5] gpup 17010 7 version_major 0
[RESULT] [ 83124.287278] [RVS-GPUP-TC5] gpup 17010 7 version_minor 0
[RESULT] [ 83124.287278] [RVS-GPUP-TC5] gpup 17010 7 node_from 2
[RESULT] [ 83124.287279] [RVS-GPUP-TC5] gpup 17010 7 node_to 9
[RESULT] [ 83124.287279] [RVS-GPUP-TC5] gpup 17010 7 weight 15
[RESULT] [ 83124.287279] [RVS-GPUP-TC5] gpup 17010 7 min_latency 0
[RESULT] [ 83124.287279] [RVS-GPUP-TC5] gpup 17010 7 max_latency 0
[RESULT] [ 83124.287280] [RVS-GPUP-TC5] gpup 17010 7 min_bandwidth 76000
[RESULT] [ 83124.287280] [RVS-GPUP-TC5] gpup 17010 7 max_bandwidth 76000
[RESULT] [ 83124.287280] [RVS-GPUP-TC5] gpup 17010 7 recommended_transfer_size 0
[RESULT] [ 83124.287281] [RVS-GPUP-TC5] gpup 17010 7 recommended_sdma_engine_id_mask 64
[RESULT] [ 83124.287281] [RVS-GPUP-TC5] gpup 17010 7 flags 1
[RESULT] [ 83124.287285] [RVS-GPUP-TC5] gpup 42583 cpu_cores_count 0
[RESULT] [ 83124.287285] [RVS-GPUP-TC5] gpup 42583 simd_count 1024
[RESULT] [ 83124.287286] [RVS-GPUP-TC5] gpup 42583 mem_banks_count 1
[RESULT] [ 83124.287286] [RVS-GPUP-TC5] gpup 42583 caches_count 548
[RESULT] [ 83124.287286] [RVS-GPUP-TC5] gpup 42583 io_links_count 8
[RESULT] [ 83124.287287] [RVS-GPUP-TC5] gpup 42583 p2p_links_count 1
[RESULT] [ 83124.287287] [RVS-GPUP-TC5] gpup 42583 cpu_core_id_base 0
[RESULT] [ 83124.287287] [RVS-GPUP-TC5] gpup 42583 simd_id_base 2147487780
[RESULT] [ 83124.287288] [RVS-GPUP-TC5] gpup 42583 max_waves_per_simd 8
[RESULT] [ 83124.287288] [RVS-GPUP-TC5] gpup 42583 lds_size_in_kb 160
[RESULT] [ 83124.287288] [RVS-GPUP-TC5] gpup 42583 gds_size_in_kb 0
[RESULT] [ 83124.287288] [RVS-GPUP-TC5] gpup 42583 num_gws 64
[RESULT] [ 83124.287289] [RVS-GPUP-TC5] gpup 42583 wave_front_size 64
[RESULT] [ 83124.287289] [RVS-GPUP-TC5] gpup 42583 array_count 32
[RESULT] [ 83124.287290] [RVS-GPUP-TC5] gpup 42583 simd_arrays_per_engine 1
[RESULT] [ 83124.287291] [RVS-GPUP-TC5] gpup 42583 cu_per_simd_array 9
[RESULT] [ 83124.287291] [RVS-GPUP-TC5] gpup 42583 simd_per_cu 4
[RESULT] [ 83124.287291] [RVS-GPUP-TC5] gpup 42583 max_slots_scratch_cu 32
[RESULT] [ 83124.287292] [RVS-GPUP-TC5] gpup 42583 gfx_target_version 90500
[RESULT] [ 83124.287292] [RVS-GPUP-TC5] gpup 42583 vendor_id 4098
[RESULT] [ 83124.287292] [RVS-GPUP-TC5] gpup 42583 device_id 30115
[RESULT] [ 83124.287293] [RVS-GPUP-TC5] gpup 42583 location_id 1280
[RESULT] [ 83124.287293] [RVS-GPUP-TC5] gpup 42583 domain 0
[RESULT] [ 83124.287293] [RVS-GPUP-TC5] gpup 42583 drm_render_minor 136
[RESULT] [ 83124.287294] [RVS-GPUP-TC5] gpup 42583 hive_id 15543770012376183955
[RESULT] [ 83124.287294] [RVS-GPUP-TC5] gpup 42583 num_sdma_engines 2
[RESULT] [ 83124.287294] [RVS-GPUP-TC5] gpup 42583 num_sdma_xgmi_engines 14
[RESULT] [ 83124.287295] [RVS-GPUP-TC5] gpup 42583 num_sdma_queues_per_engine 8
[RESULT] [ 83124.287295] [RVS-GPUP-TC5] gpup 42583 num_cp_queues 24
[RESULT] [ 83124.287295] [RVS-GPUP-TC5] gpup 42583 cwsr_size 22687744
[RESULT] [ 83124.287295] [RVS-GPUP-TC5] gpup 42583 ctl_stack_size 12288
[RESULT] [ 83124.287296] [RVS-GPUP-TC5] gpup 42583 max_engine_clk_fcompute 2400
[RESULT] [ 83124.287296] [RVS-GPUP-TC5] gpup 42583 local_mem_size 0
[RESULT] [ 83124.287296] [RVS-GPUP-TC5] gpup 42583 fw_version 34
[RESULT] [ 83124.287297] [RVS-GPUP-TC5] gpup 42583 capability 2889327296
[RESULT] [ 83124.287297] [RVS-GPUP-TC5] gpup 42583 capability2 1
[RESULT] [ 83124.287297] [RVS-GPUP-TC5] gpup 42583 debug_prop 1494
[RESULT] [ 83124.287297] [RVS-GPUP-TC5] gpup 42583 sdma_fw_version 12
[RESULT] [ 83124.287298] [RVS-GPUP-TC5] gpup 42583 unique_id 16941990701433615045
[RESULT] [ 83124.287298] [RVS-GPUP-TC5] gpup 42583 num_xcc 8
[RESULT] [ 83124.287298] [RVS-GPUP-TC5] gpup 42583 max_engine_clk_ccompute 3300
[RESULT] [ 83124.287304] [RVS-GPUP-TC5] gpup 42583 0 type 2
[RESULT] [ 83124.287304] [RVS-GPUP-TC5] gpup 42583 0 version_major 0
[RESULT] [ 83124.287305] [RVS-GPUP-TC5] gpup 42583 0 version_minor 0
[RESULT] [ 83124.287305] [RVS-GPUP-TC5] gpup 42583 0 node_from 3
[RESULT] [ 83124.287305] [RVS-GPUP-TC5] gpup 42583 0 node_to 0
[RESULT] [ 83124.287306] [RVS-GPUP-TC5] gpup 42583 0 weight 20
[RESULT] [ 83124.287306] [RVS-GPUP-TC5] gpup 42583 0 min_latency 0
[RESULT] [ 83124.287306] [RVS-GPUP-TC5] gpup 42583 0 max_latency 0
[RESULT] [ 83124.287306] [RVS-GPUP-TC5] gpup 42583 0 min_bandwidth 0
[RESULT] [ 83124.287307] [RVS-GPUP-TC5] gpup 42583 0 max_bandwidth 64000
[RESULT] [ 83124.287307] [RVS-GPUP-TC5] gpup 42583 0 recommended_transfer_size 0
[RESULT] [ 83124.287307] [RVS-GPUP-TC5] gpup 42583 0 recommended_sdma_engine_id_mask 3
[RESULT] [ 83124.287307] [RVS-GPUP-TC5] gpup 42583 0 flags 1
[RESULT] [ 83124.287311] [RVS-GPUP-TC5] gpup 42583 1 type 11
[RESULT] [ 83124.287311] [RVS-GPUP-TC5] gpup 42583 1 version_major 0
[RESULT] [ 83124.287311] [RVS-GPUP-TC5] gpup 42583 1 version_minor 0
[RESULT] [ 83124.287311] [RVS-GPUP-TC5] gpup 42583 1 node_from 3
[RESULT] [ 83124.287312] [RVS-GPUP-TC5] gpup 42583 1 node_to 2
[RESULT] [ 83124.287312] [RVS-GPUP-TC5] gpup 42583 1 weight 15
[RESULT] [ 83124.287312] [RVS-GPUP-TC5] gpup 42583 1 min_latency 0
[RESULT] [ 83124.287312] [RVS-GPUP-TC5] gpup 42583 1 max_latency 0
[RESULT] [ 83124.287313] [RVS-GPUP-TC5] gpup 42583 1 min_bandwidth 76000
[RESULT] [ 83124.287313] [RVS-GPUP-TC5] gpup 42583 1 max_bandwidth 76000
[RESULT] [ 83124.287313] [RVS-GPUP-TC5] gpup 42583 1 recommended_transfer_size 0
[RESULT] [ 83124.287314] [RVS-GPUP-TC5] gpup 42583 1 recommended_sdma_engine_id_mask 4096
[RESULT] [ 83124.287314] [RVS-GPUP-TC5] gpup 42583 1 flags 1
[RESULT] [ 83124.287317] [RVS-GPUP-TC5] gpup 42583 2 type 11
[RESULT] [ 83124.287317] [RVS-GPUP-TC5] gpup 42583 2 version_major 0
[RESULT] [ 83124.287318] [RVS-GPUP-TC5] gpup 42583 2 version_minor 0
[RESULT] [ 83124.287318] [RVS-GPUP-TC5] gpup 42583 2 node_from 3
[RESULT] [ 83124.287318] [RVS-GPUP-TC5] gpup 42583 2 node_to 4
[RESULT] [ 83124.287318] [RVS-GPUP-TC5] gpup 42583 2 weight 15
[RESULT] [ 83124.287320] [RVS-GPUP-TC5] gpup 42583 2 min_latency 0
[RESULT] [ 83124.287321] [RVS-GPUP-TC5] gpup 42583 2 max_latency 0
[RESULT] [ 83124.287321] [RVS-GPUP-TC5] gpup 42583 2 min_bandwidth 76000
[RESULT] [ 83124.287321] [RVS-GPUP-TC5] gpup 42583 2 max_bandwidth 76000
[RESULT] [ 83124.287321] [RVS-GPUP-TC5] gpup 42583 2 recommended_transfer_size 0
[RESULT] [ 83124.287322] [RVS-GPUP-TC5] gpup 42583 2 recommended_sdma_engine_id_mask 4
[RESULT] [ 83124.287322] [RVS-GPUP-TC5] gpup 42583 2 flags 1
[RESULT] [ 83124.287325] [RVS-GPUP-TC5] gpup 42583 3 type 11
[RESULT] [ 83124.287326] [RVS-GPUP-TC5] gpup 42583 3 version_major 0
[RESULT] [ 83124.287326] [RVS-GPUP-TC5] gpup 42583 3 version_minor 0
[RESULT] [ 83124.287326] [RVS-GPUP-TC5] gpup 42583 3 node_from 3
[RESULT] [ 83124.287326] [RVS-GPUP-TC5] gpup 42583 3 node_to 5
[RESULT] [ 83124.287327] [RVS-GPUP-TC5] gpup 42583 3 weight 15
[RESULT] [ 83124.287327] [RVS-GPUP-TC5] gpup 42583 3 min_latency 0
[RESULT] [ 83124.287327] [RVS-GPUP-TC5] gpup 42583 3 max_latency 0
[RESULT] [ 83124.287327] [RVS-GPUP-TC5] gpup 42583 3 min_bandwidth 76000
[RESULT] [ 83124.287328] [RVS-GPUP-TC5] gpup 42583 3 max_bandwidth 76000
[RESULT] [ 83124.287328] [RVS-GPUP-TC5] gpup 42583 3 recommended_transfer_size 0
[RESULT] [ 83124.287328] [RVS-GPUP-TC5] gpup 42583 3 recommended_sdma_engine_id_mask 16384
[RESULT] [ 83124.287328] [RVS-GPUP-TC5] gpup 42583 3 flags 1
[RESULT] [ 83124.287332] [RVS-GPUP-TC5] gpup 42583 4 type 11
[RESULT] [ 83124.287332] [RVS-GPUP-TC5] gpup 42583 4 version_major 0
[RESULT] [ 83124.287332] [RVS-GPUP-TC5] gpup 42583 4 version_minor 0
[RESULT] [ 83124.287332] [RVS-GPUP-TC5] gpup 42583 4 node_from 3
[RESULT] [ 83124.287333] [RVS-GPUP-TC5] gpup 42583 4 node_to 6
[RESULT] [ 83124.287333] [RVS-GPUP-TC5] gpup 42583 4 weight 15
[RESULT] [ 83124.287333] [RVS-GPUP-TC5] gpup 42583 4 min_latency 0
[RESULT] [ 83124.287333] [RVS-GPUP-TC5] gpup 42583 4 max_latency 0
[RESULT] [ 83124.287334] [RVS-GPUP-TC5] gpup 42583 4 min_bandwidth 76000
[RESULT] [ 83124.287334] [RVS-GPUP-TC5] gpup 42583 4 max_bandwidth 76000
[RESULT] [ 83124.287334] [RVS-GPUP-TC5] gpup 42583 4 recommended_transfer_size 0
[RESULT] [ 83124.287335] [RVS-GPUP-TC5] gpup 42583 4 recommended_sdma_engine_id_mask 1024
[RESULT] [ 83124.287335] [RVS-GPUP-TC5] gpup 42583 4 flags 1
[RESULT] [ 83124.287338] [RVS-GPUP-TC5] gpup 42583 5 type 11
[RESULT] [ 83124.287339] [RVS-GPUP-TC5] gpup 42583 5 version_major 0
[RESULT] [ 83124.287339] [RVS-GPUP-TC5] gpup 42583 5 version_minor 0
[RESULT] [ 83124.287339] [RVS-GPUP-TC5] gpup 42583 5 node_from 3
[RESULT] [ 83124.287339] [RVS-GPUP-TC5] gpup 42583 5 node_to 7
[RESULT] [ 83124.287340] [RVS-GPUP-TC5] gpup 42583 5 weight 15
[RESULT] [ 83124.287340] [RVS-GPUP-TC5] gpup 42583 5 min_latency 0
[RESULT] [ 83124.287340] [RVS-GPUP-TC5] gpup 42583 5 max_latency 0
[RESULT] [ 83124.287340] [RVS-GPUP-TC5] gpup 42583 5 min_bandwidth 76000
[RESULT] [ 83124.287341] [RVS-GPUP-TC5] gpup 42583 5 max_bandwidth 76000
[RESULT] [ 83124.287341] [RVS-GPUP-TC5] gpup 42583 5 recommended_transfer_size 0
[RESULT] [ 83124.287341] [RVS-GPUP-TC5] gpup 42583 5 recommended_sdma_engine_id_mask 16
[RESULT] [ 83124.287341] [RVS-GPUP-TC5] gpup 42583 5 flags 1
[RESULT] [ 83124.287345] [RVS-GPUP-TC5] gpup 42583 6 type 11
[RESULT] [ 83124.287345] [RVS-GPUP-TC5] gpup 42583 6 version_major 0
[RESULT] [ 83124.287345] [RVS-GPUP-TC5] gpup 42583 6 version_minor 0
[RESULT] [ 83124.287345] [RVS-GPUP-TC5] gpup 42583 6 node_from 3
[RESULT] [ 83124.287346] [RVS-GPUP-TC5] gpup 42583 6 node_to 8
[RESULT] [ 83124.287346] [RVS-GPUP-TC5] gpup 42583 6 weight 15
[RESULT] [ 83124.287346] [RVS-GPUP-TC5] gpup 42583 6 min_latency 0
[RESULT] [ 83124.287346] [RVS-GPUP-TC5] gpup 42583 6 max_latency 0
[RESULT] [ 83124.287347] [RVS-GPUP-TC5] gpup 42583 6 min_bandwidth 76000
[RESULT] [ 83124.287347] [RVS-GPUP-TC5] gpup 42583 6 max_bandwidth 76000
[RESULT] [ 83124.287347] [RVS-GPUP-TC5] gpup 42583 6 recommended_transfer_size 0
[RESULT] [ 83124.287347] [RVS-GPUP-TC5] gpup 42583 6 recommended_sdma_engine_id_mask 64
[RESULT] [ 83124.287348] [RVS-GPUP-TC5] gpup 42583 6 flags 1
[RESULT] [ 83124.287352] [RVS-GPUP-TC5] gpup 42583 7 type 11
[RESULT] [ 83124.287352] [RVS-GPUP-TC5] gpup 42583 7 version_major 0
[RESULT] [ 83124.287352] [RVS-GPUP-TC5] gpup 42583 7 version_minor 0
[RESULT] [ 83124.287353] [RVS-GPUP-TC5] gpup 42583 7 node_from 3
[RESULT] [ 83124.287353] [RVS-GPUP-TC5] gpup 42583 7 node_to 9
[RESULT] [ 83124.287353] [RVS-GPUP-TC5] gpup 42583 7 weight 15
[RESULT] [ 83124.287353] [RVS-GPUP-TC5] gpup 42583 7 min_latency 0
[RESULT] [ 83124.287354] [RVS-GPUP-TC5] gpup 42583 7 max_latency 0
[RESULT] [ 83124.287354] [RVS-GPUP-TC5] gpup 42583 7 min_bandwidth 76000
[RESULT] [ 83124.287354] [RVS-GPUP-TC5] gpup 42583 7 max_bandwidth 76000
[RESULT] [ 83124.287354] [RVS-GPUP-TC5] gpup 42583 7 recommended_transfer_size 0
[RESULT] [ 83124.287355] [RVS-GPUP-TC5] gpup 42583 7 recommended_sdma_engine_id_mask 256
[RESULT] [ 83124.287355] [RVS-GPUP-TC5] gpup 42583 7 flags 1
[RESULT] [ 83124.287359] [RVS-GPUP-TC5] gpup 36479 cpu_cores_count 0
[RESULT] [ 83124.287360] [RVS-GPUP-TC5] gpup 36479 simd_count 1024
[RESULT] [ 83124.287360] [RVS-GPUP-TC5] gpup 36479 mem_banks_count 1
[RESULT] [ 83124.287360] [RVS-GPUP-TC5] gpup 36479 caches_count 546
[RESULT] [ 83124.287360] [RVS-GPUP-TC5] gpup 36479 io_links_count 8
[RESULT] [ 83124.287361] [RVS-GPUP-TC5] gpup 36479 p2p_links_count 1
[RESULT] [ 83124.287361] [RVS-GPUP-TC5] gpup 36479 cpu_core_id_base 0
[RESULT] [ 83124.287361] [RVS-GPUP-TC5] gpup 36479 simd_id_base 2147487816
[RESULT] [ 83124.287362] [RVS-GPUP-TC5] gpup 36479 max_waves_per_simd 8
[RESULT] [ 83124.287362] [RVS-GPUP-TC5] gpup 36479 lds_size_in_kb 160
[RESULT] [ 83124.287362] [RVS-GPUP-TC5] gpup 36479 gds_size_in_kb 0
[RESULT] [ 83124.287363] [RVS-GPUP-TC5] gpup 36479 num_gws 64
[RESULT] [ 83124.287363] [RVS-GPUP-TC5] gpup 36479 wave_front_size 64
[RESULT] [ 83124.287363] [RVS-GPUP-TC5] gpup 36479 array_count 32
[RESULT] [ 83124.287363] [RVS-GPUP-TC5] gpup 36479 simd_arrays_per_engine 1
[RESULT] [ 83124.287364] [RVS-GPUP-TC5] gpup 36479 cu_per_simd_array 9
[RESULT] [ 83124.287364] [RVS-GPUP-TC5] gpup 36479 simd_per_cu 4
[RESULT] [ 83124.287364] [RVS-GPUP-TC5] gpup 36479 max_slots_scratch_cu 32
[RESULT] [ 83124.287365] [RVS-GPUP-TC5] gpup 36479 gfx_target_version 90500
[RESULT] [ 83124.287365] [RVS-GPUP-TC5] gpup 36479 vendor_id 4098
[RESULT] [ 83124.287365] [RVS-GPUP-TC5] gpup 36479 device_id 30115
[RESULT] [ 83124.287365] [RVS-GPUP-TC5] gpup 36479 location_id 25856
[RESULT] [ 83124.287366] [RVS-GPUP-TC5] gpup 36479 domain 0
[RESULT] [ 83124.287366] [RVS-GPUP-TC5] gpup 36479 drm_render_minor 144
[RESULT] [ 83124.287366] [RVS-GPUP-TC5] gpup 36479 hive_id 15543770012376183955
[RESULT] [ 83124.287367] [RVS-GPUP-TC5] gpup 36479 num_sdma_engines 2
[RESULT] [ 83124.287367] [RVS-GPUP-TC5] gpup 36479 num_sdma_xgmi_engines 14
[RESULT] [ 83124.287367] [RVS-GPUP-TC5] gpup 36479 num_sdma_queues_per_engine 8
[RESULT] [ 83124.287368] [RVS-GPUP-TC5] gpup 36479 num_cp_queues 24
[RESULT] [ 83124.287368] [RVS-GPUP-TC5] gpup 36479 cwsr_size 22687744
[RESULT] [ 83124.287368] [RVS-GPUP-TC5] gpup 36479 ctl_stack_size 12288
[RESULT] [ 83124.287368] [RVS-GPUP-TC5] gpup 36479 max_engine_clk_fcompute 2400
[RESULT] [ 83124.287369] [RVS-GPUP-TC5] gpup 36479 local_mem_size 0
[RESULT] [ 83124.287369] [RVS-GPUP-TC5] gpup 36479 fw_version 34
[RESULT] [ 83124.287369] [RVS-GPUP-TC5] gpup 36479 capability 2889327296
[RESULT] [ 83124.287370] [RVS-GPUP-TC5] gpup 36479 capability2 1
[RESULT] [ 83124.287370] [RVS-GPUP-TC5] gpup 36479 debug_prop 1494
[RESULT] [ 83124.287370] [RVS-GPUP-TC5] gpup 36479 sdma_fw_version 12
[RESULT] [ 83124.287370] [RVS-GPUP-TC5] gpup 36479 unique_id 2502263933217101247
[RESULT] [ 83124.287371] [RVS-GPUP-TC5] gpup 36479 num_xcc 8
[RESULT] [ 83124.287371] [RVS-GPUP-TC5] gpup 36479 max_engine_clk_ccompute 3300
[RESULT] [ 83124.287377] [RVS-GPUP-TC5] gpup 36479 0 type 2
[RESULT] [ 83124.287378] [RVS-GPUP-TC5] gpup 36479 0 version_major 0
[RESULT] [ 83124.287378] [RVS-GPUP-TC5] gpup 36479 0 version_minor 0
[RESULT] [ 83124.287378] [RVS-GPUP-TC5] gpup 36479 0 node_from 4
[RESULT] [ 83124.287380] [RVS-GPUP-TC5] gpup 36479 0 node_to 0
[RESULT] [ 83124.287380] [RVS-GPUP-TC5] gpup 36479 0 weight 20
[RESULT] [ 83124.287380] [RVS-GPUP-TC5] gpup 36479 0 min_latency 0
[RESULT] [ 83124.287380] [RVS-GPUP-TC5] gpup 36479 0 max_latency 0
[RESULT] [ 83124.287381] [RVS-GPUP-TC5] gpup 36479 0 min_bandwidth 0
[RESULT] [ 83124.287381] [RVS-GPUP-TC5] gpup 36479 0 max_bandwidth 64000
[RESULT] [ 83124.287381] [RVS-GPUP-TC5] gpup 36479 0 recommended_transfer_size 0
[RESULT] [ 83124.287382] [RVS-GPUP-TC5] gpup 36479 0 recommended_sdma_engine_id_mask 3
[RESULT] [ 83124.287382] [RVS-GPUP-TC5] gpup 36479 0 flags 1
[RESULT] [ 83124.287385] [RVS-GPUP-TC5] gpup 36479 1 type 11
[RESULT] [ 83124.287385] [RVS-GPUP-TC5] gpup 36479 1 version_major 0
[RESULT] [ 83124.287386] [RVS-GPUP-TC5] gpup 36479 1 version_minor 0
[RESULT] [ 83124.287386] [RVS-GPUP-TC5] gpup 36479 1 node_from 4
[RESULT] [ 83124.287386] [RVS-GPUP-TC5] gpup 36479 1 node_to 2
[RESULT] [ 83124.287386] [RVS-GPUP-TC5] gpup 36479 1 weight 15
[RESULT] [ 83124.287387] [RVS-GPUP-TC5] gpup 36479 1 min_latency 0
[RESULT] [ 83124.287387] [RVS-GPUP-TC5] gpup 36479 1 max_latency 0
[RESULT] [ 83124.287387] [RVS-GPUP-TC5] gpup 36479 1 min_bandwidth 76000
[RESULT] [ 83124.287387] [RVS-GPUP-TC5] gpup 36479 1 max_bandwidth 76000
[RESULT] [ 83124.287388] [RVS-GPUP-TC5] gpup 36479 1 recommended_transfer_size 0
[RESULT] [ 83124.287388] [RVS-GPUP-TC5] gpup 36479 1 recommended_sdma_engine_id_mask 4096
[RESULT] [ 83124.287388] [RVS-GPUP-TC5] gpup 36479 1 flags 1
[RESULT] [ 83124.287392] [RVS-GPUP-TC5] gpup 36479 2 type 11
[RESULT] [ 83124.287392] [RVS-GPUP-TC5] gpup 36479 2 version_major 0
[RESULT] [ 83124.287392] [RVS-GPUP-TC5] gpup 36479 2 version_minor 0
[RESULT] [ 83124.287393] [RVS-GPUP-TC5] gpup 36479 2 node_from 4
[RESULT] [ 83124.287393] [RVS-GPUP-TC5] gpup 36479 2 node_to 3
[RESULT] [ 83124.287393] [RVS-GPUP-TC5] gpup 36479 2 weight 15
[RESULT] [ 83124.287394] [RVS-GPUP-TC5] gpup 36479 2 min_latency 0
[RESULT] [ 83124.287394] [RVS-GPUP-TC5] gpup 36479 2 max_latency 0
[RESULT] [ 83124.287394] [RVS-GPUP-TC5] gpup 36479 2 min_bandwidth 76000
[RESULT] [ 83124.287394] [RVS-GPUP-TC5] gpup 36479 2 max_bandwidth 76000
[RESULT] [ 83124.287395] [RVS-GPUP-TC5] gpup 36479 2 recommended_transfer_size 0
[RESULT] [ 83124.287395] [RVS-GPUP-TC5] gpup 36479 2 recommended_sdma_engine_id_mask 4
[RESULT] [ 83124.287395] [RVS-GPUP-TC5] gpup 36479 2 flags 1
[RESULT] [ 83124.287399] [RVS-GPUP-TC5] gpup 36479 3 type 11
[RESULT] [ 83124.287399] [RVS-GPUP-TC5] gpup 36479 3 version_major 0
[RESULT] [ 83124.287399] [RVS-GPUP-TC5] gpup 36479 3 version_minor 0
[RESULT] [ 83124.287399] [RVS-GPUP-TC5] gpup 36479 3 node_from 4
[RESULT] [ 83124.287400] [RVS-GPUP-TC5] gpup 36479 3 node_to 5
[RESULT] [ 83124.287400] [RVS-GPUP-TC5] gpup 36479 3 weight 15
[RESULT] [ 83124.287400] [RVS-GPUP-TC5] gpup 36479 3 min_latency 0
[RESULT] [ 83124.287400] [RVS-GPUP-TC5] gpup 36479 3 max_latency 0
[RESULT] [ 83124.287401] [RVS-GPUP-TC5] gpup 36479 3 min_bandwidth 76000
[RESULT] [ 83124.287401] [RVS-GPUP-TC5] gpup 36479 3 max_bandwidth 76000
[RESULT] [ 83124.287401] [RVS-GPUP-TC5] gpup 36479 3 recommended_transfer_size 0
[RESULT] [ 83124.287401] [RVS-GPUP-TC5] gpup 36479 3 recommended_sdma_engine_id_mask 1024
[RESULT] [ 83124.287402] [RVS-GPUP-TC5] gpup 36479 3 flags 1
[RESULT] [ 83124.287405] [RVS-GPUP-TC5] gpup 36479 4 type 11
[RESULT] [ 83124.287405] [RVS-GPUP-TC5] gpup 36479 4 version_major 0
[RESULT] [ 83124.287406] [RVS-GPUP-TC5] gpup 36479 4 version_minor 0
[RESULT] [ 83124.287406] [RVS-GPUP-TC5] gpup 36479 4 node_from 4
[RESULT] [ 83124.287406] [RVS-GPUP-TC5] gpup 36479 4 node_to 6
[RESULT] [ 83124.287406] [RVS-GPUP-TC5] gpup 36479 4 weight 15
[RESULT] [ 83124.287407] [RVS-GPUP-TC5] gpup 36479 4 min_latency 0
[RESULT] [ 83124.287407] [RVS-GPUP-TC5] gpup 36479 4 max_latency 0
[RESULT] [ 83124.287407] [RVS-GPUP-TC5] gpup 36479 4 min_bandwidth 76000
[RESULT] [ 83124.287407] [RVS-GPUP-TC5] gpup 36479 4 max_bandwidth 76000
[RESULT] [ 83124.287408] [RVS-GPUP-TC5] gpup 36479 4 recommended_transfer_size 0
[RESULT] [ 83124.287408] [RVS-GPUP-TC5] gpup 36479 4 recommended_sdma_engine_id_mask 256
[RESULT] [ 83124.287409] [RVS-GPUP-TC5] gpup 36479 4 flags 1
[RESULT] [ 83124.287412] [RVS-GPUP-TC5] gpup 36479 5 type 11
[RESULT] [ 83124.287413] [RVS-GPUP-TC5] gpup 36479 5 version_major 0
[RESULT] [ 83124.287413] [RVS-GPUP-TC5] gpup 36479 5 version_minor 0
[RESULT] [ 83124.287413] [RVS-GPUP-TC5] gpup 36479 5 node_from 4
[RESULT] [ 83124.287414] [RVS-GPUP-TC5] gpup 36479 5 node_to 7
[RESULT] [ 83124.287414] [RVS-GPUP-TC5] gpup 36479 5 weight 15
[RESULT] [ 83124.287414] [RVS-GPUP-TC5] gpup 36479 5 min_latency 0
[RESULT] [ 83124.287414] [RVS-GPUP-TC5] gpup 36479 5 max_latency 0
[RESULT] [ 83124.287415] [RVS-GPUP-TC5] gpup 36479 5 min_bandwidth 76000
[RESULT] [ 83124.287415] [RVS-GPUP-TC5] gpup 36479 5 max_bandwidth 76000
[RESULT] [ 83124.287415] [RVS-GPUP-TC5] gpup 36479 5 recommended_transfer_size 0
[RESULT] [ 83124.287415] [RVS-GPUP-TC5] gpup 36479 5 recommended_sdma_engine_id_mask 64
[RESULT] [ 83124.287416] [RVS-GPUP-TC5] gpup 36479 5 flags 1
[RESULT] [ 83124.287419] [RVS-GPUP-TC5] gpup 36479 6 type 11
[RESULT] [ 83124.287419] [RVS-GPUP-TC5] gpup 36479 6 version_major 0
[RESULT] [ 83124.287419] [RVS-GPUP-TC5] gpup 36479 6 version_minor 0
[RESULT] [ 83124.287420] [RVS-GPUP-TC5] gpup 36479 6 node_from 4
[RESULT] [ 83124.287420] [RVS-GPUP-TC5] gpup 36479 6 node_to 8
[RESULT] [ 83124.287420] [RVS-GPUP-TC5] gpup 36479 6 weight 15
[RESULT] [ 83124.287420] [RVS-GPUP-TC5] gpup 36479 6 min_latency 0
[RESULT] [ 83124.287421] [RVS-GPUP-TC5] gpup 36479 6 max_latency 0
[RESULT] [ 83124.287421] [RVS-GPUP-TC5] gpup 36479 6 min_bandwidth 76000
[RESULT] [ 83124.287421] [RVS-GPUP-TC5] gpup 36479 6 max_bandwidth 76000
[RESULT] [ 83124.287421] [RVS-GPUP-TC5] gpup 36479 6 recommended_transfer_size 0
[RESULT] [ 83124.287422] [RVS-GPUP-TC5] gpup 36479 6 recommended_sdma_engine_id_mask 16
[RESULT] [ 83124.287422] [RVS-GPUP-TC5] gpup 36479 6 flags 1
[RESULT] [ 83124.287425] [RVS-GPUP-TC5] gpup 36479 7 type 11
[RESULT] [ 83124.287426] [RVS-GPUP-TC5] gpup 36479 7 version_major 0
[RESULT] [ 83124.287426] [RVS-GPUP-TC5] gpup 36479 7 version_minor 0
[RESULT] [ 83124.287426] [RVS-GPUP-TC5] gpup 36479 7 node_from 4
[RESULT] [ 83124.287426] [RVS-GPUP-TC5] gpup 36479 7 node_to 9
[RESULT] [ 83124.287427] [RVS-GPUP-TC5] gpup 36479 7 weight 15
[RESULT] [ 83124.287427] [RVS-GPUP-TC5] gpup 36479 7 min_latency 0
[RESULT] [ 83124.287427] [RVS-GPUP-TC5] gpup 36479 7 max_latency 0
[RESULT] [ 83124.287427] [RVS-GPUP-TC5] gpup 36479 7 min_bandwidth 76000
[RESULT] [ 83124.287428] [RVS-GPUP-TC5] gpup 36479 7 max_bandwidth 76000
[RESULT] [ 83124.287428] [RVS-GPUP-TC5] gpup 36479 7 recommended_transfer_size 0
[RESULT] [ 83124.287428] [RVS-GPUP-TC5] gpup 36479 7 recommended_sdma_engine_id_mask 16384
[RESULT] [ 83124.287429] [RVS-GPUP-TC5] gpup 36479 7 flags 1
[RESULT] [ 83124.287433] [RVS-GPUP-TC5] gpup 27226 cpu_cores_count 0
[RESULT] [ 83124.287434] [RVS-GPUP-TC5] gpup 27226 simd_count 1024
[RESULT] [ 83124.287434] [RVS-GPUP-TC5] gpup 27226 mem_banks_count 1
[RESULT] [ 83124.287434] [RVS-GPUP-TC5] gpup 27226 caches_count 546
[RESULT] [ 83124.287435] [RVS-GPUP-TC5] gpup 27226 io_links_count 8
[RESULT] [ 83124.287435] [RVS-GPUP-TC5] gpup 27226 p2p_links_count 1
[RESULT] [ 83124.287435] [RVS-GPUP-TC5] gpup 27226 cpu_core_id_base 0
[RESULT] [ 83124.287436] [RVS-GPUP-TC5] gpup 27226 simd_id_base 2147487852
[RESULT] [ 83124.287436] [RVS-GPUP-TC5] gpup 27226 max_waves_per_simd 8
[RESULT] [ 83124.287436] [RVS-GPUP-TC5] gpup 27226 lds_size_in_kb 160
[RESULT] [ 83124.287437] [RVS-GPUP-TC5] gpup 27226 gds_size_in_kb 0
[RESULT] [ 83124.287437] [RVS-GPUP-TC5] gpup 27226 num_gws 64
[RESULT] [ 83124.287437] [RVS-GPUP-TC5] gpup 27226 wave_front_size 64
[RESULT] [ 83124.287437] [RVS-GPUP-TC5] gpup 27226 array_count 32
[RESULT] [ 83124.287438] [RVS-GPUP-TC5] gpup 27226 simd_arrays_per_engine 1
[RESULT] [ 83124.287438] [RVS-GPUP-TC5] gpup 27226 cu_per_simd_array 9
[RESULT] [ 83124.287438] [RVS-GPUP-TC5] gpup 27226 simd_per_cu 4
[RESULT] [ 83124.287439] [RVS-GPUP-TC5] gpup 27226 max_slots_scratch_cu 32
[RESULT] [ 83124.287439] [RVS-GPUP-TC5] gpup 27226 gfx_target_version 90500
[RESULT] [ 83124.287440] [RVS-GPUP-TC5] gpup 27226 vendor_id 4098
[RESULT] [ 83124.287440] [RVS-GPUP-TC5] gpup 27226 device_id 30115
[RESULT] [ 83124.287441] [RVS-GPUP-TC5] gpup 27226 location_id 5376
[RESULT] [ 83124.287441] [RVS-GPUP-TC5] gpup 27226 domain 0
[RESULT] [ 83124.287441] [RVS-GPUP-TC5] gpup 27226 drm_render_minor 152
[RESULT] [ 83124.287442] [RVS-GPUP-TC5] gpup 27226 hive_id 15543770012376183955
[RESULT] [ 83124.287442] [RVS-GPUP-TC5] gpup 27226 num_sdma_engines 2
[RESULT] [ 83124.287442] [RVS-GPUP-TC5] gpup 27226 num_sdma_xgmi_engines 14
[RESULT] [ 83124.287443] [RVS-GPUP-TC5] gpup 27226 num_sdma_queues_per_engine 8
[RESULT] [ 83124.287443] [RVS-GPUP-TC5] gpup 27226 num_cp_queues 24
[RESULT] [ 83124.287443] [RVS-GPUP-TC5] gpup 27226 cwsr_size 22687744
[RESULT] [ 83124.287443] [RVS-GPUP-TC5] gpup 27226 ctl_stack_size 12288
[RESULT] [ 83124.287444] [RVS-GPUP-TC5] gpup 27226 max_engine_clk_fcompute 2400
[RESULT] [ 83124.287444] [RVS-GPUP-TC5] gpup 27226 local_mem_size 0
[RESULT] [ 83124.287444] [RVS-GPUP-TC5] gpup 27226 fw_version 34
[RESULT] [ 83124.287445] [RVS-GPUP-TC5] gpup 27226 capability 2889327296
[RESULT] [ 83124.287445] [RVS-GPUP-TC5] gpup 27226 capability2 1
[RESULT] [ 83124.287445] [RVS-GPUP-TC5] gpup 27226 debug_prop 1494
[RESULT] [ 83124.287445] [RVS-GPUP-TC5] gpup 27226 sdma_fw_version 12
[RESULT] [ 83124.287446] [RVS-GPUP-TC5] gpup 27226 unique_id 632985837543358530
[RESULT] [ 83124.287446] [RVS-GPUP-TC5] gpup 27226 num_xcc 8
[RESULT] [ 83124.287446] [RVS-GPUP-TC5] gpup 27226 max_engine_clk_ccompute 3300
[RESULT] [ 83124.287452] [RVS-GPUP-TC5] gpup 27226 0 type 2
[RESULT] [ 83124.287453] [RVS-GPUP-TC5] gpup 27226 0 version_major 0
[RESULT] [ 83124.287453] [RVS-GPUP-TC5] gpup 27226 0 version_minor 0
[RESULT] [ 83124.287453] [RVS-GPUP-TC5] gpup 27226 0 node_from 5
[RESULT] [ 83124.287453] [RVS-GPUP-TC5] gpup 27226 0 node_to 0
[RESULT] [ 83124.287454] [RVS-GPUP-TC5] gpup 27226 0 weight 20
[RESULT] [ 83124.287454] [RVS-GPUP-TC5] gpup 27226 0 min_latency 0
[RESULT] [ 83124.287454] [RVS-GPUP-TC5] gpup 27226 0 max_latency 0
[RESULT] [ 83124.287454] [RVS-GPUP-TC5] gpup 27226 0 min_bandwidth 0
[RESULT] [ 83124.287455] [RVS-GPUP-TC5] gpup 27226 0 max_bandwidth 64000
[RESULT] [ 83124.287455] [RVS-GPUP-TC5] gpup 27226 0 recommended_transfer_size 0
[RESULT] [ 83124.287455] [RVS-GPUP-TC5] gpup 27226 0 recommended_sdma_engine_id_mask 3
[RESULT] [ 83124.287455] [RVS-GPUP-TC5] gpup 27226 0 flags 1
[RESULT] [ 83124.287459] [RVS-GPUP-TC5] gpup 27226 1 type 11
[RESULT] [ 83124.287459] [RVS-GPUP-TC5] gpup 27226 1 version_major 0
[RESULT] [ 83124.287459] [RVS-GPUP-TC5] gpup 27226 1 version_minor 0
[RESULT] [ 83124.287459] [RVS-GPUP-TC5] gpup 27226 1 node_from 5
[RESULT] [ 83124.287460] [RVS-GPUP-TC5] gpup 27226 1 node_to 2
[RESULT] [ 83124.287460] [RVS-GPUP-TC5] gpup 27226 1 weight 15
[RESULT] [ 83124.287460] [RVS-GPUP-TC5] gpup 27226 1 min_latency 0
[RESULT] [ 83124.287460] [RVS-GPUP-TC5] gpup 27226 1 max_latency 0
[RESULT] [ 83124.287461] [RVS-GPUP-TC5] gpup 27226 1 min_bandwidth 76000
[RESULT] [ 83124.287461] [RVS-GPUP-TC5] gpup 27226 1 max_bandwidth 76000
[RESULT] [ 83124.287461] [RVS-GPUP-TC5] gpup 27226 1 recommended_transfer_size 0
[RESULT] [ 83124.287462] [RVS-GPUP-TC5] gpup 27226 1 recommended_sdma_engine_id_mask 4
[RESULT] [ 83124.287462] [RVS-GPUP-TC5] gpup 27226 1 flags 1
[RESULT] [ 83124.287465] [RVS-GPUP-TC5] gpup 27226 2 type 11
[RESULT] [ 83124.287465] [RVS-GPUP-TC5] gpup 27226 2 version_major 0
[RESULT] [ 83124.287466] [RVS-GPUP-TC5] gpup 27226 2 version_minor 0
[RESULT] [ 83124.287466] [RVS-GPUP-TC5] gpup 27226 2 node_from 5
[RESULT] [ 83124.287466] [RVS-GPUP-TC5] gpup 27226 2 node_to 3
[RESULT] [ 83124.287466] [RVS-GPUP-TC5] gpup 27226 2 weight 15
[RESULT] [ 83124.287467] [RVS-GPUP-TC5] gpup 27226 2 min_latency 0
[RESULT] [ 83124.287467] [RVS-GPUP-TC5] gpup 27226 2 max_latency 0
[RESULT] [ 83124.287467] [RVS-GPUP-TC5] gpup 27226 2 min_bandwidth 76000
[RESULT] [ 83124.287467] [RVS-GPUP-TC5] gpup 27226 2 max_bandwidth 76000
[RESULT] [ 83124.287468] [RVS-GPUP-TC5] gpup 27226 2 recommended_transfer_size 0
[RESULT] [ 83124.287469] [RVS-GPUP-TC5] gpup 27226 2 recommended_sdma_engine_id_mask 16384
[RESULT] [ 83124.287469] [RVS-GPUP-TC5] gpup 27226 2 flags 1
[RESULT] [ 83124.287472] [RVS-GPUP-TC5] gpup 27226 3 type 11
[RESULT] [ 83124.287473] [RVS-GPUP-TC5] gpup 27226 3 version_major 0
[RESULT] [ 83124.287473] [RVS-GPUP-TC5] gpup 27226 3 version_minor 0
[RESULT] [ 83124.287473] [RVS-GPUP-TC5] gpup 27226 3 node_from 5
[RESULT] [ 83124.287474] [RVS-GPUP-TC5] gpup 27226 3 node_to 4
[RESULT] [ 83124.287474] [RVS-GPUP-TC5] gpup 27226 3 weight 15
[RESULT] [ 83124.287474] [RVS-GPUP-TC5] gpup 27226 3 min_latency 0
[RESULT] [ 83124.287474] [RVS-GPUP-TC5] gpup 27226 3 max_latency 0
[RESULT] [ 83124.287475] [RVS-GPUP-TC5] gpup 27226 3 min_bandwidth 76000
[RESULT] [ 83124.287475] [RVS-GPUP-TC5] gpup 27226 3 max_bandwidth 76000
[RESULT] [ 83124.287475] [RVS-GPUP-TC5] gpup 27226 3 recommended_transfer_size 0
[RESULT] [ 83124.287475] [RVS-GPUP-TC5] gpup 27226 3 recommended_sdma_engine_id_mask 1024
[RESULT] [ 83124.287476] [RVS-GPUP-TC5] gpup 27226 3 flags 1
[RESULT] [ 83124.287479] [RVS-GPUP-TC5] gpup 27226 4 type 11
[RESULT] [ 83124.287479] [RVS-GPUP-TC5] gpup 27226 4 version_major 0
[RESULT] [ 83124.287479] [RVS-GPUP-TC5] gpup 27226 4 version_minor 0
[RESULT] [ 83124.287480] [RVS-GPUP-TC5] gpup 27226 4 node_from 5
[RESULT] [ 83124.287480] [RVS-GPUP-TC5] gpup 27226 4 node_to 6
[RESULT] [ 83124.287480] [RVS-GPUP-TC5] gpup 27226 4 weight 15
[RESULT] [ 83124.287480] [RVS-GPUP-TC5] gpup 27226 4 min_latency 0
[RESULT] [ 83124.287481] [RVS-GPUP-TC5] gpup 27226 4 max_latency 0
[RESULT] [ 83124.287481] [RVS-GPUP-TC5] gpup 27226 4 min_bandwidth 76000
[RESULT] [ 83124.287481] [RVS-GPUP-TC5] gpup 27226 4 max_bandwidth 76000
[RESULT] [ 83124.287481] [RVS-GPUP-TC5] gpup 27226 4 recommended_transfer_size 0
[RESULT] [ 83124.287482] [RVS-GPUP-TC5] gpup 27226 4 recommended_sdma_engine_id_mask 64
[RESULT] [ 83124.287482] [RVS-GPUP-TC5] gpup 27226 4 flags 1
[RESULT] [ 83124.287485] [RVS-GPUP-TC5] gpup 27226 5 type 11
[RESULT] [ 83124.287486] [RVS-GPUP-TC5] gpup 27226 5 version_major 0
[RESULT] [ 83124.287486] [RVS-GPUP-TC5] gpup 27226 5 version_minor 0
[RESULT] [ 83124.287486] [RVS-GPUP-TC5] gpup 27226 5 node_from 5
[RESULT] [ 83124.287486] [RVS-GPUP-TC5] gpup 27226 5 node_to 7
[RESULT] [ 83124.287487] [RVS-GPUP-TC5] gpup 27226 5 weight 15
[RESULT] [ 83124.287487] [RVS-GPUP-TC5] gpup 27226 5 min_latency 0
[RESULT] [ 83124.287487] [RVS-GPUP-TC5] gpup 27226 5 max_latency 0
[RESULT] [ 83124.287487] [RVS-GPUP-TC5] gpup 27226 5 min_bandwidth 76000
[RESULT] [ 83124.287488] [RVS-GPUP-TC5] gpup 27226 5 max_bandwidth 76000
[RESULT] [ 83124.287488] [RVS-GPUP-TC5] gpup 27226 5 recommended_transfer_size 0
[RESULT] [ 83124.287488] [RVS-GPUP-TC5] gpup 27226 5 recommended_sdma_engine_id_mask 256
[RESULT] [ 83124.287488] [RVS-GPUP-TC5] gpup 27226 5 flags 1
[RESULT] [ 83124.287492] [RVS-GPUP-TC5] gpup 27226 6 type 11
[RESULT] [ 83124.287492] [RVS-GPUP-TC5] gpup 27226 6 version_major 0
[RESULT] [ 83124.287492] [RVS-GPUP-TC5] gpup 27226 6 version_minor 0
[RESULT] [ 83124.287492] [RVS-GPUP-TC5] gpup 27226 6 node_from 5
[RESULT] [ 83124.287493] [RVS-GPUP-TC5] gpup 27226 6 node_to 8
[RESULT] [ 83124.287493] [RVS-GPUP-TC5] gpup 27226 6 weight 15
[RESULT] [ 83124.287493] [RVS-GPUP-TC5] gpup 27226 6 min_latency 0
[RESULT] [ 83124.287493] [RVS-GPUP-TC5] gpup 27226 6 max_latency 0
[RESULT] [ 83124.287494] [RVS-GPUP-TC5] gpup 27226 6 min_bandwidth 76000
[RESULT] [ 83124.287494] [RVS-GPUP-TC5] gpup 27226 6 max_bandwidth 76000
[RESULT] [ 83124.287494] [RVS-GPUP-TC5] gpup 27226 6 recommended_transfer_size 0
[RESULT] [ 83124.287494] [RVS-GPUP-TC5] gpup 27226 6 recommended_sdma_engine_id_mask 4096
[RESULT] [ 83124.287495] [RVS-GPUP-TC5] gpup 27226 6 flags 1
[RESULT] [ 83124.287498] [RVS-GPUP-TC5] gpup 27226 7 type 11
[RESULT] [ 83124.287498] [RVS-GPUP-TC5] gpup 27226 7 version_major 0
[RESULT] [ 83124.287499] [RVS-GPUP-TC5] gpup 27226 7 version_minor 0
[RESULT] [ 83124.287499] [RVS-GPUP-TC5] gpup 27226 7 node_from 5
[RESULT] [ 83124.287500] [RVS-GPUP-TC5] gpup 27226 7 node_to 9
[RESULT] [ 83124.287501] [RVS-GPUP-TC5] gpup 27226 7 weight 15
[RESULT] [ 83124.287501] [RVS-GPUP-TC5] gpup 27226 7 min_latency 0
[RESULT] [ 83124.287501] [RVS-GPUP-TC5] gpup 27226 7 max_latency 0
[RESULT] [ 83124.287501] [RVS-GPUP-TC5] gpup 27226 7 min_bandwidth 76000
[RESULT] [ 83124.287502] [RVS-GPUP-TC5] gpup 27226 7 max_bandwidth 76000
[RESULT] [ 83124.287502] [RVS-GPUP-TC5] gpup 27226 7 recommended_transfer_size 0
[RESULT] [ 83124.287502] [RVS-GPUP-TC5] gpup 27226 7 recommended_sdma_engine_id_mask 16
[RESULT] [ 83124.287502] [RVS-GPUP-TC5] gpup 27226 7 flags 1
[RESULT] [ 83124.287507] [RVS-GPUP-TC5] gpup 57875 cpu_cores_count 0
[RESULT] [ 83124.287507] [RVS-GPUP-TC5] gpup 57875 simd_count 1024
[RESULT] [ 83124.287507] [RVS-GPUP-TC5] gpup 57875 mem_banks_count 1
[RESULT] [ 83124.287508] [RVS-GPUP-TC5] gpup 57875 caches_count 558
[RESULT] [ 83124.287508] [RVS-GPUP-TC5] gpup 57875 io_links_count 8
[RESULT] [ 83124.287508] [RVS-GPUP-TC5] gpup 57875 p2p_links_count 1
[RESULT] [ 83124.287508] [RVS-GPUP-TC5] gpup 57875 cpu_core_id_base 0
[RESULT] [ 83124.287509] [RVS-GPUP-TC5] gpup 57875 simd_id_base 2147487888
[RESULT] [ 83124.287509] [RVS-GPUP-TC5] gpup 57875 max_waves_per_simd 8
[RESULT] [ 83124.287509] [RVS-GPUP-TC5] gpup 57875 lds_size_in_kb 160
[RESULT] [ 83124.287510] [RVS-GPUP-TC5] gpup 57875 gds_size_in_kb 0
[RESULT] [ 83124.287510] [RVS-GPUP-TC5] gpup 57875 num_gws 64
[RESULT] [ 83124.287510] [RVS-GPUP-TC5] gpup 57875 wave_front_size 64
[RESULT] [ 83124.287510] [RVS-GPUP-TC5] gpup 57875 array_count 32
[RESULT] [ 83124.287511] [RVS-GPUP-TC5] gpup 57875 simd_arrays_per_engine 1
[RESULT] [ 83124.287511] [RVS-GPUP-TC5] gpup 57875 cu_per_simd_array 9
[RESULT] [ 83124.287511] [RVS-GPUP-TC5] gpup 57875 simd_per_cu 4
[RESULT] [ 83124.287512] [RVS-GPUP-TC5] gpup 57875 max_slots_scratch_cu 32
[RESULT] [ 83124.287512] [RVS-GPUP-TC5] gpup 57875 gfx_target_version 90500
[RESULT] [ 83124.287512] [RVS-GPUP-TC5] gpup 57875 vendor_id 4098
[RESULT] [ 83124.287513] [RVS-GPUP-TC5] gpup 57875 device_id 30115
[RESULT] [ 83124.287513] [RVS-GPUP-TC5] gpup 57875 location_id 62720
[RESULT] [ 83124.287513] [RVS-GPUP-TC5] gpup 57875 domain 0
[RESULT] [ 83124.287513] [RVS-GPUP-TC5] gpup 57875 drm_render_minor 160
[RESULT] [ 83124.287514] [RVS-GPUP-TC5] gpup 57875 hive_id 15543770012376183955
[RESULT] [ 83124.287514] [RVS-GPUP-TC5] gpup 57875 num_sdma_engines 2
[RESULT] [ 83124.287514] [RVS-GPUP-TC5] gpup 57875 num_sdma_xgmi_engines 14
[RESULT] [ 83124.287515] [RVS-GPUP-TC5] gpup 57875 num_sdma_queues_per_engine 8
[RESULT] [ 83124.287515] [RVS-GPUP-TC5] gpup 57875 num_cp_queues 24
[RESULT] [ 83124.287515] [RVS-GPUP-TC5] gpup 57875 cwsr_size 22687744
[RESULT] [ 83124.287516] [RVS-GPUP-TC5] gpup 57875 ctl_stack_size 12288
[RESULT] [ 83124.287516] [RVS-GPUP-TC5] gpup 57875 max_engine_clk_fcompute 2400
[RESULT] [ 83124.287516] [RVS-GPUP-TC5] gpup 57875 local_mem_size 0
[RESULT] [ 83124.287516] [RVS-GPUP-TC5] gpup 57875 fw_version 34
[RESULT] [ 83124.287517] [RVS-GPUP-TC5] gpup 57875 capability 2889327296
[RESULT] [ 83124.287517] [RVS-GPUP-TC5] gpup 57875 capability2 1
[RESULT] [ 83124.287517] [RVS-GPUP-TC5] gpup 57875 debug_prop 1494
[RESULT] [ 83124.287518] [RVS-GPUP-TC5] gpup 57875 sdma_fw_version 12
[RESULT] [ 83124.287518] [RVS-GPUP-TC5] gpup 57875 unique_id 14270588561418100719
[RESULT] [ 83124.287518] [RVS-GPUP-TC5] gpup 57875 num_xcc 8
[RESULT] [ 83124.287518] [RVS-GPUP-TC5] gpup 57875 max_engine_clk_ccompute 3300
[RESULT] [ 83124.287524] [RVS-GPUP-TC5] gpup 57875 0 type 2
[RESULT] [ 83124.287525] [RVS-GPUP-TC5] gpup 57875 0 version_major 0
[RESULT] [ 83124.287525] [RVS-GPUP-TC5] gpup 57875 0 version_minor 0
[RESULT] [ 83124.287525] [RVS-GPUP-TC5] gpup 57875 0 node_from 6
[RESULT] [ 83124.287525] [RVS-GPUP-TC5] gpup 57875 0 node_to 1
[RESULT] [ 83124.287526] [RVS-GPUP-TC5] gpup 57875 0 weight 20
[RESULT] [ 83124.287526] [RVS-GPUP-TC5] gpup 57875 0 min_latency 0
[RESULT] [ 83124.287526] [RVS-GPUP-TC5] gpup 57875 0 max_latency 0
[RESULT] [ 83124.287526] [RVS-GPUP-TC5] gpup 57875 0 min_bandwidth 0
[RESULT] [ 83124.287528] [RVS-GPUP-TC5] gpup 57875 0 max_bandwidth 64000
[RESULT] [ 83124.287528] [RVS-GPUP-TC5] gpup 57875 0 recommended_transfer_size 0
[RESULT] [ 83124.287528] [RVS-GPUP-TC5] gpup 57875 0 recommended_sdma_engine_id_mask 3
[RESULT] [ 83124.287528] [RVS-GPUP-TC5] gpup 57875 0 flags 1
[RESULT] [ 83124.287532] [RVS-GPUP-TC5] gpup 57875 1 type 11
[RESULT] [ 83124.287532] [RVS-GPUP-TC5] gpup 57875 1 version_major 0
[RESULT] [ 83124.287532] [RVS-GPUP-TC5] gpup 57875 1 version_minor 0
[RESULT] [ 83124.287533] [RVS-GPUP-TC5] gpup 57875 1 node_from 6
[RESULT] [ 83124.287533] [RVS-GPUP-TC5] gpup 57875 1 node_to 2
[RESULT] [ 83124.287533] [RVS-GPUP-TC5] gpup 57875 1 weight 15
[RESULT] [ 83124.287533] [RVS-GPUP-TC5] gpup 57875 1 min_latency 0
[RESULT] [ 83124.287534] [RVS-GPUP-TC5] gpup 57875 1 max_latency 0
[RESULT] [ 83124.287534] [RVS-GPUP-TC5] gpup 57875 1 min_bandwidth 76000
[RESULT] [ 83124.287534] [RVS-GPUP-TC5] gpup 57875 1 max_bandwidth 76000
[RESULT] [ 83124.287534] [RVS-GPUP-TC5] gpup 57875 1 recommended_transfer_size 0
[RESULT] [ 83124.287535] [RVS-GPUP-TC5] gpup 57875 1 recommended_sdma_engine_id_mask 16
[RESULT] [ 83124.287535] [RVS-GPUP-TC5] gpup 57875 1 flags 1
[RESULT] [ 83124.287538] [RVS-GPUP-TC5] gpup 57875 2 type 11
[RESULT] [ 83124.287539] [RVS-GPUP-TC5] gpup 57875 2 version_major 0
[RESULT] [ 83124.287539] [RVS-GPUP-TC5] gpup 57875 2 version_minor 0
[RESULT] [ 83124.287539] [RVS-GPUP-TC5] gpup 57875 2 node_from 6
[RESULT] [ 83124.287539] [RVS-GPUP-TC5] gpup 57875 2 node_to 3
[RESULT] [ 83124.287540] [RVS-GPUP-TC5] gpup 57875 2 weight 15
[RESULT] [ 83124.287540] [RVS-GPUP-TC5] gpup 57875 2 min_latency 0
[RESULT] [ 83124.287540] [RVS-GPUP-TC5] gpup 57875 2 max_latency 0
[RESULT] [ 83124.287540] [RVS-GPUP-TC5] gpup 57875 2 min_bandwidth 76000
[RESULT] [ 83124.287541] [RVS-GPUP-TC5] gpup 57875 2 max_bandwidth 76000
[RESULT] [ 83124.287541] [RVS-GPUP-TC5] gpup 57875 2 recommended_transfer_size 0
[RESULT] [ 83124.287541] [RVS-GPUP-TC5] gpup 57875 2 recommended_sdma_engine_id_mask 1024
[RESULT] [ 83124.287541] [RVS-GPUP-TC5] gpup 57875 2 flags 1
[RESULT] [ 83124.287545] [RVS-GPUP-TC5] gpup 57875 3 type 11
[RESULT] [ 83124.287545] [RVS-GPUP-TC5] gpup 57875 3 version_major 0
[RESULT] [ 83124.287545] [RVS-GPUP-TC5] gpup 57875 3 version_minor 0
[RESULT] [ 83124.287546] [RVS-GPUP-TC5] gpup 57875 3 node_from 6
[RESULT] [ 83124.287546] [RVS-GPUP-TC5] gpup 57875 3 node_to 4
[RESULT] [ 83124.287546] [RVS-GPUP-TC5] gpup 57875 3 weight 15
[RESULT] [ 83124.287546] [RVS-GPUP-TC5] gpup 57875 3 min_latency 0
[RESULT] [ 83124.287547] [RVS-GPUP-TC5] gpup 57875 3 max_latency 0
[RESULT] [ 83124.287547] [RVS-GPUP-TC5] gpup 57875 3 min_bandwidth 76000
[RESULT] [ 83124.287547] [RVS-GPUP-TC5] gpup 57875 3 max_bandwidth 76000
[RESULT] [ 83124.287547] [RVS-GPUP-TC5] gpup 57875 3 recommended_transfer_size 0
[RESULT] [ 83124.287548] [RVS-GPUP-TC5] gpup 57875 3 recommended_sdma_engine_id_mask 256
[RESULT] [ 83124.287548] [RVS-GPUP-TC5] gpup 57875 3 flags 1
[RESULT] [ 83124.287551] [RVS-GPUP-TC5] gpup 57875 4 type 11
[RESULT] [ 83124.287552] [RVS-GPUP-TC5] gpup 57875 4 version_major 0
[RESULT] [ 83124.287552] [RVS-GPUP-TC5] gpup 57875 4 version_minor 0
[RESULT] [ 83124.287552] [RVS-GPUP-TC5] gpup 57875 4 node_from 6
[RESULT] [ 83124.287552] [RVS-GPUP-TC5] gpup 57875 4 node_to 5
[RESULT] [ 83124.287553] [RVS-GPUP-TC5] gpup 57875 4 weight 15
[RESULT] [ 83124.287553] [RVS-GPUP-TC5] gpup 57875 4 min_latency 0
[RESULT] [ 83124.287553] [RVS-GPUP-TC5] gpup 57875 4 max_latency 0
[RESULT] [ 83124.287554] [RVS-GPUP-TC5] gpup 57875 4 min_bandwidth 76000
[RESULT] [ 83124.287554] [RVS-GPUP-TC5] gpup 57875 4 max_bandwidth 76000
[RESULT] [ 83124.287554] [RVS-GPUP-TC5] gpup 57875 4 recommended_transfer_size 0
[RESULT] [ 83124.287554] [RVS-GPUP-TC5] gpup 57875 4 recommended_sdma_engine_id_mask 64
[RESULT] [ 83124.287555] [RVS-GPUP-TC5] gpup 57875 4 flags 1
[RESULT] [ 83124.287558] [RVS-GPUP-TC5] gpup 57875 5 type 11
[RESULT] [ 83124.287558] [RVS-GPUP-TC5] gpup 57875 5 version_major 0
[RESULT] [ 83124.287558] [RVS-GPUP-TC5] gpup 57875 5 version_minor 0
[RESULT] [ 83124.287559] [RVS-GPUP-TC5] gpup 57875 5 node_from 6
[RESULT] [ 83124.287560] [RVS-GPUP-TC5] gpup 57875 5 node_to 7
[RESULT] [ 83124.287560] [RVS-GPUP-TC5] gpup 57875 5 weight 15
[RESULT] [ 83124.287560] [RVS-GPUP-TC5] gpup 57875 5 min_latency 0
[RESULT] [ 83124.287561] [RVS-GPUP-TC5] gpup 57875 5 max_latency 0
[RESULT] [ 83124.287561] [RVS-GPUP-TC5] gpup 57875 5 min_bandwidth 76000
[RESULT] [ 83124.287561] [RVS-GPUP-TC5] gpup 57875 5 max_bandwidth 76000
[RESULT] [ 83124.287561] [RVS-GPUP-TC5] gpup 57875 5 recommended_transfer_size 0
[RESULT] [ 83124.287562] [RVS-GPUP-TC5] gpup 57875 5 recommended_sdma_engine_id_mask 4096
[RESULT] [ 83124.287562] [RVS-GPUP-TC5] gpup 57875 5 flags 1
[RESULT] [ 83124.287565] [RVS-GPUP-TC5] gpup 57875 6 type 11
[RESULT] [ 83124.287565] [RVS-GPUP-TC5] gpup 57875 6 version_major 0
[RESULT] [ 83124.287566] [RVS-GPUP-TC5] gpup 57875 6 version_minor 0
[RESULT] [ 83124.287566] [RVS-GPUP-TC5] gpup 57875 6 node_from 6
[RESULT] [ 83124.287566] [RVS-GPUP-TC5] gpup 57875 6 node_to 8
[RESULT] [ 83124.287566] [RVS-GPUP-TC5] gpup 57875 6 weight 15
[RESULT] [ 83124.287567] [RVS-GPUP-TC5] gpup 57875 6 min_latency 0
[RESULT] [ 83124.287567] [RVS-GPUP-TC5] gpup 57875 6 max_latency 0
[RESULT] [ 83124.287567] [RVS-GPUP-TC5] gpup 57875 6 min_bandwidth 76000
[RESULT] [ 83124.287568] [RVS-GPUP-TC5] gpup 57875 6 max_bandwidth 76000
[RESULT] [ 83124.287568] [RVS-GPUP-TC5] gpup 57875 6 recommended_transfer_size 0
[RESULT] [ 83124.287568] [RVS-GPUP-TC5] gpup 57875 6 recommended_sdma_engine_id_mask 16384
[RESULT] [ 83124.287568] [RVS-GPUP-TC5] gpup 57875 6 flags 1
[RESULT] [ 83124.287572] [RVS-GPUP-TC5] gpup 57875 7 type 11
[RESULT] [ 83124.287572] [RVS-GPUP-TC5] gpup 57875 7 version_major 0
[RESULT] [ 83124.287572] [RVS-GPUP-TC5] gpup 57875 7 version_minor 0
[RESULT] [ 83124.287572] [RVS-GPUP-TC5] gpup 57875 7 node_from 6
[RESULT] [ 83124.287573] [RVS-GPUP-TC5] gpup 57875 7 node_to 9
[RESULT] [ 83124.287573] [RVS-GPUP-TC5] gpup 57875 7 weight 15
[RESULT] [ 83124.287573] [RVS-GPUP-TC5] gpup 57875 7 min_latency 0
[RESULT] [ 83124.287573] [RVS-GPUP-TC5] gpup 57875 7 max_latency 0
[RESULT] [ 83124.287574] [RVS-GPUP-TC5] gpup 57875 7 min_bandwidth 76000
[RESULT] [ 83124.287574] [RVS-GPUP-TC5] gpup 57875 7 max_bandwidth 76000
[RESULT] [ 83124.287574] [RVS-GPUP-TC5] gpup 57875 7 recommended_transfer_size 0
[RESULT] [ 83124.287575] [RVS-GPUP-TC5] gpup 57875 7 recommended_sdma_engine_id_mask 4
[RESULT] [ 83124.287575] [RVS-GPUP-TC5] gpup 57875 7 flags 1
[RESULT] [ 83124.287579] [RVS-GPUP-TC5] gpup 1590 cpu_cores_count 0
[RESULT] [ 83124.287580] [RVS-GPUP-TC5] gpup 1590 simd_count 1024
[RESULT] [ 83124.287580] [RVS-GPUP-TC5] gpup 1590 mem_banks_count 1
[RESULT] [ 83124.287580] [RVS-GPUP-TC5] gpup 1590 caches_count 546
[RESULT] [ 83124.287581] [RVS-GPUP-TC5] gpup 1590 io_links_count 8
[RESULT] [ 83124.287581] [RVS-GPUP-TC5] gpup 1590 p2p_links_count 1
[RESULT] [ 83124.287581] [RVS-GPUP-TC5] gpup 1590 cpu_core_id_base 0
[RESULT] [ 83124.287582] [RVS-GPUP-TC5] gpup 1590 simd_id_base 2147487924
[RESULT] [ 83124.287582] [RVS-GPUP-TC5] gpup 1590 max_waves_per_simd 8
[RESULT] [ 83124.287582] [RVS-GPUP-TC5] gpup 1590 lds_size_in_kb 160
[RESULT] [ 83124.287582] [RVS-GPUP-TC5] gpup 1590 gds_size_in_kb 0
[RESULT] [ 83124.287583] [RVS-GPUP-TC5] gpup 1590 num_gws 64
[RESULT] [ 83124.287583] [RVS-GPUP-TC5] gpup 1590 wave_front_size 64
[RESULT] [ 83124.287583] [RVS-GPUP-TC5] gpup 1590 array_count 32
[RESULT] [ 83124.287584] [RVS-GPUP-TC5] gpup 1590 simd_arrays_per_engine 1
[RESULT] [ 83124.287584] [RVS-GPUP-TC5] gpup 1590 cu_per_simd_array 9
[RESULT] [ 83124.287584] [RVS-GPUP-TC5] gpup 1590 simd_per_cu 4
[RESULT] [ 83124.287585] [RVS-GPUP-TC5] gpup 1590 max_slots_scratch_cu 32
[RESULT] [ 83124.287585] [RVS-GPUP-TC5] gpup 1590 gfx_target_version 90500
[RESULT] [ 83124.287585] [RVS-GPUP-TC5] gpup 1590 vendor_id 4098
[RESULT] [ 83124.287585] [RVS-GPUP-TC5] gpup 1590 device_id 30115
[RESULT] [ 83124.287586] [RVS-GPUP-TC5] gpup 1590 location_id 34048
[RESULT] [ 83124.287586] [RVS-GPUP-TC5] gpup 1590 domain 0
[RESULT] [ 83124.287587] [RVS-GPUP-TC5] gpup 1590 drm_render_minor 168
[RESULT] [ 83124.287587] [RVS-GPUP-TC5] gpup 1590 hive_id 15543770012376183955
[RESULT] [ 83124.287588] [RVS-GPUP-TC5] gpup 1590 num_sdma_engines 2
[RESULT] [ 83124.287588] [RVS-GPUP-TC5] gpup 1590 num_sdma_xgmi_engines 14
[RESULT] [ 83124.287588] [RVS-GPUP-TC5] gpup 1590 num_sdma_queues_per_engine 8
[RESULT] [ 83124.287589] [RVS-GPUP-TC5] gpup 1590 num_cp_queues 24
[RESULT] [ 83124.287589] [RVS-GPUP-TC5] gpup 1590 cwsr_size 22687744
[RESULT] [ 83124.287589] [RVS-GPUP-TC5] gpup 1590 ctl_stack_size 12288
[RESULT] [ 83124.287590] [RVS-GPUP-TC5] gpup 1590 max_engine_clk_fcompute 2400
[RESULT] [ 83124.287590] [RVS-GPUP-TC5] gpup 1590 local_mem_size 0
[RESULT] [ 83124.287590] [RVS-GPUP-TC5] gpup 1590 fw_version 34
[RESULT] [ 83124.287590] [RVS-GPUP-TC5] gpup 1590 capability 2889327296
[RESULT] [ 83124.287591] [RVS-GPUP-TC5] gpup 1590 capability2 1
[RESULT] [ 83124.287591] [RVS-GPUP-TC5] gpup 1590 debug_prop 1494
[RESULT] [ 83124.287591] [RVS-GPUP-TC5] gpup 1590 sdma_fw_version 12
[RESULT] [ 83124.287592] [RVS-GPUP-TC5] gpup 1590 unique_id 18342258880017846821
[RESULT] [ 83124.287592] [RVS-GPUP-TC5] gpup 1590 num_xcc 8
[RESULT] [ 83124.287592] [RVS-GPUP-TC5] gpup 1590 max_engine_clk_ccompute 3300
[RESULT] [ 83124.287598] [RVS-GPUP-TC5] gpup 1590 0 type 2
[RESULT] [ 83124.287599] [RVS-GPUP-TC5] gpup 1590 0 version_major 0
[RESULT] [ 83124.287599] [RVS-GPUP-TC5] gpup 1590 0 version_minor 0
[RESULT] [ 83124.287599] [RVS-GPUP-TC5] gpup 1590 0 node_from 7
[RESULT] [ 83124.287600] [RVS-GPUP-TC5] gpup 1590 0 node_to 1
[RESULT] [ 83124.287600] [RVS-GPUP-TC5] gpup 1590 0 weight 20
[RESULT] [ 83124.287600] [RVS-GPUP-TC5] gpup 1590 0 min_latency 0
[RESULT] [ 83124.287600] [RVS-GPUP-TC5] gpup 1590 0 max_latency 0
[RESULT] [ 83124.287601] [RVS-GPUP-TC5] gpup 1590 0 min_bandwidth 0
[RESULT] [ 83124.287601] [RVS-GPUP-TC5] gpup 1590 0 max_bandwidth 64000
[RESULT] [ 83124.287601] [RVS-GPUP-TC5] gpup 1590 0 recommended_transfer_size 0
[RESULT] [ 83124.287601] [RVS-GPUP-TC5] gpup 1590 0 recommended_sdma_engine_id_mask 3
[RESULT] [ 83124.287602] [RVS-GPUP-TC5] gpup 1590 0 flags 1
[RESULT] [ 83124.287605] [RVS-GPUP-TC5] gpup 1590 1 type 11
[RESULT] [ 83124.287606] [RVS-GPUP-TC5] gpup 1590 1 version_major 0
[RESULT] [ 83124.287606] [RVS-GPUP-TC5] gpup 1590 1 version_minor 0
[RESULT] [ 83124.287606] [RVS-GPUP-TC5] gpup 1590 1 node_from 7
[RESULT] [ 83124.287606] [RVS-GPUP-TC5] gpup 1590 1 node_to 2
[RESULT] [ 83124.287607] [RVS-GPUP-TC5] gpup 1590 1 weight 15
[RESULT] [ 83124.287607] [RVS-GPUP-TC5] gpup 1590 1 min_latency 0
[RESULT] [ 83124.287607] [RVS-GPUP-TC5] gpup 1590 1 max_latency 0
[RESULT] [ 83124.287607] [RVS-GPUP-TC5] gpup 1590 1 min_bandwidth 76000
[RESULT] [ 83124.287608] [RVS-GPUP-TC5] gpup 1590 1 max_bandwidth 76000
[RESULT] [ 83124.287608] [RVS-GPUP-TC5] gpup 1590 1 recommended_transfer_size 0
[RESULT] [ 83124.287608] [RVS-GPUP-TC5] gpup 1590 1 recommended_sdma_engine_id_mask 16384
[RESULT] [ 83124.287609] [RVS-GPUP-TC5] gpup 1590 1 flags 1
[RESULT] [ 83124.287612] [RVS-GPUP-TC5] gpup 1590 2 type 11
[RESULT] [ 83124.287612] [RVS-GPUP-TC5] gpup 1590 2 version_major 0
[RESULT] [ 83124.287612] [RVS-GPUP-TC5] gpup 1590 2 version_minor 0
[RESULT] [ 83124.287613] [RVS-GPUP-TC5] gpup 1590 2 node_from 7
[RESULT] [ 83124.287613] [RVS-GPUP-TC5] gpup 1590 2 node_to 3
[RESULT] [ 83124.287613] [RVS-GPUP-TC5] gpup 1590 2 weight 15
[RESULT] [ 83124.287613] [RVS-GPUP-TC5] gpup 1590 2 min_latency 0
[RESULT] [ 83124.287614] [RVS-GPUP-TC5] gpup 1590 2 max_latency 0
[RESULT] [ 83124.287614] [RVS-GPUP-TC5] gpup 1590 2 min_bandwidth 76000
[RESULT] [ 83124.287614] [RVS-GPUP-TC5] gpup 1590 2 max_bandwidth 76000
[RESULT] [ 83124.287614] [RVS-GPUP-TC5] gpup 1590 2 recommended_transfer_size 0
[RESULT] [ 83124.287615] [RVS-GPUP-TC5] gpup 1590 2 recommended_sdma_engine_id_mask 16
[RESULT] [ 83124.287615] [RVS-GPUP-TC5] gpup 1590 2 flags 1
[RESULT] [ 83124.287618] [RVS-GPUP-TC5] gpup 1590 3 type 11
[RESULT] [ 83124.287619] [RVS-GPUP-TC5] gpup 1590 3 version_major 0
[RESULT] [ 83124.287619] [RVS-GPUP-TC5] gpup 1590 3 version_minor 0
[RESULT] [ 83124.287620] [RVS-GPUP-TC5] gpup 1590 3 node_from 7
[RESULT] [ 83124.287620] [RVS-GPUP-TC5] gpup 1590 3 node_to 4
[RESULT] [ 83124.287620] [RVS-GPUP-TC5] gpup 1590 3 weight 15
[RESULT] [ 83124.287621] [RVS-GPUP-TC5] gpup 1590 3 min_latency 0
[RESULT] [ 83124.287621] [RVS-GPUP-TC5] gpup 1590 3 max_latency 0
[RESULT] [ 83124.287621] [RVS-GPUP-TC5] gpup 1590 3 min_bandwidth 76000
[RESULT] [ 83124.287621] [RVS-GPUP-TC5] gpup 1590 3 max_bandwidth 76000
[RESULT] [ 83124.287622] [RVS-GPUP-TC5] gpup 1590 3 recommended_transfer_size 0
[RESULT] [ 83124.287622] [RVS-GPUP-TC5] gpup 1590 3 recommended_sdma_engine_id_mask 64
[RESULT] [ 83124.287622] [RVS-GPUP-TC5] gpup 1590 3 flags 1
[RESULT] [ 83124.287625] [RVS-GPUP-TC5] gpup 1590 4 type 11
[RESULT] [ 83124.287626] [RVS-GPUP-TC5] gpup 1590 4 version_major 0
[RESULT] [ 83124.287626] [RVS-GPUP-TC5] gpup 1590 4 version_minor 0
[RESULT] [ 83124.287626] [RVS-GPUP-TC5] gpup 1590 4 node_from 7
[RESULT] [ 83124.287627] [RVS-GPUP-TC5] gpup 1590 4 node_to 5
[RESULT] [ 83124.287627] [RVS-GPUP-TC5] gpup 1590 4 weight 15
[RESULT] [ 83124.287627] [RVS-GPUP-TC5] gpup 1590 4 min_latency 0
[RESULT] [ 83124.287627] [RVS-GPUP-TC5] gpup 1590 4 max_latency 0
[RESULT] [ 83124.287628] [RVS-GPUP-TC5] gpup 1590 4 min_bandwidth 76000
[RESULT] [ 83124.287628] [RVS-GPUP-TC5] gpup 1590 4 max_bandwidth 76000
[RESULT] [ 83124.287628] [RVS-GPUP-TC5] gpup 1590 4 recommended_transfer_size 0
[RESULT] [ 83124.287628] [RVS-GPUP-TC5] gpup 1590 4 recommended_sdma_engine_id_mask 256
[RESULT] [ 83124.287629] [RVS-GPUP-TC5] gpup 1590 4 flags 1
[RESULT] [ 83124.287632] [RVS-GPUP-TC5] gpup 1590 5 type 11
[RESULT] [ 83124.287632] [RVS-GPUP-TC5] gpup 1590 5 version_major 0
[RESULT] [ 83124.287633] [RVS-GPUP-TC5] gpup 1590 5 version_minor 0
[RESULT] [ 83124.287633] [RVS-GPUP-TC5] gpup 1590 5 node_from 7
[RESULT] [ 83124.287633] [RVS-GPUP-TC5] gpup 1590 5 node_to 6
[RESULT] [ 83124.287633] [RVS-GPUP-TC5] gpup 1590 5 weight 15
[RESULT] [ 83124.287634] [RVS-GPUP-TC5] gpup 1590 5 min_latency 0
[RESULT] [ 83124.287634] [RVS-GPUP-TC5] gpup 1590 5 max_latency 0
[RESULT] [ 83124.287634] [RVS-GPUP-TC5] gpup 1590 5 min_bandwidth 76000
[RESULT] [ 83124.287634] [RVS-GPUP-TC5] gpup 1590 5 max_bandwidth 76000
[RESULT] [ 83124.287635] [RVS-GPUP-TC5] gpup 1590 5 recommended_transfer_size 0
[RESULT] [ 83124.287635] [RVS-GPUP-TC5] gpup 1590 5 recommended_sdma_engine_id_mask 1024
[RESULT] [ 83124.287635] [RVS-GPUP-TC5] gpup 1590 5 flags 1
[RESULT] [ 83124.287638] [RVS-GPUP-TC5] gpup 1590 6 type 11
[RESULT] [ 83124.287639] [RVS-GPUP-TC5] gpup 1590 6 version_major 0
[RESULT] [ 83124.287639] [RVS-GPUP-TC5] gpup 1590 6 version_minor 0
[RESULT] [ 83124.287639] [RVS-GPUP-TC5] gpup 1590 6 node_from 7
[RESULT] [ 83124.287639] [RVS-GPUP-TC5] gpup 1590 6 node_to 8
[RESULT] [ 83124.287640] [RVS-GPUP-TC5] gpup 1590 6 weight 15
[RESULT] [ 83124.287640] [RVS-GPUP-TC5] gpup 1590 6 min_latency 0
[RESULT] [ 83124.287640] [RVS-GPUP-TC5] gpup 1590 6 max_latency 0
[RESULT] [ 83124.287641] [RVS-GPUP-TC5] gpup 1590 6 min_bandwidth 76000
[RESULT] [ 83124.287641] [RVS-GPUP-TC5] gpup 1590 6 max_bandwidth 76000
[RESULT] [ 83124.287641] [RVS-GPUP-TC5] gpup 1590 6 recommended_transfer_size 0
[RESULT] [ 83124.287641] [RVS-GPUP-TC5] gpup 1590 6 recommended_sdma_engine_id_mask 4
[RESULT] [ 83124.287642] [RVS-GPUP-TC5] gpup 1590 6 flags 1
[RESULT] [ 83124.287645] [RVS-GPUP-TC5] gpup 1590 7 type 11
[RESULT] [ 83124.287645] [RVS-GPUP-TC5] gpup 1590 7 version_major 0
[RESULT] [ 83124.287645] [RVS-GPUP-TC5] gpup 1590 7 version_minor 0
[RESULT] [ 83124.287646] [RVS-GPUP-TC5] gpup 1590 7 node_from 7
[RESULT] [ 83124.287646] [RVS-GPUP-TC5] gpup 1590 7 node_to 9
[RESULT] [ 83124.287646] [RVS-GPUP-TC5] gpup 1590 7 weight 15
[RESULT] [ 83124.287646] [RVS-GPUP-TC5] gpup 1590 7 min_latency 0
[RESULT] [ 83124.287647] [RVS-GPUP-TC5] gpup 1590 7 max_latency 0
[RESULT] [ 83124.287647] [RVS-GPUP-TC5] gpup 1590 7 min_bandwidth 76000
[RESULT] [ 83124.287647] [RVS-GPUP-TC5] gpup 1590 7 max_bandwidth 76000
[RESULT] [ 83124.287647] [RVS-GPUP-TC5] gpup 1590 7 recommended_transfer_size 0
[RESULT] [ 83124.287648] [RVS-GPUP-TC5] gpup 1590 7 recommended_sdma_engine_id_mask 4096
[RESULT] [ 83124.287649] [RVS-GPUP-TC5] gpup 1590 7 flags 1
[RESULT] [ 83124.287653] [RVS-GPUP-TC5] gpup 11806 cpu_cores_count 0
[RESULT] [ 83124.287653] [RVS-GPUP-TC5] gpup 11806 simd_count 1024
[RESULT] [ 83124.287654] [RVS-GPUP-TC5] gpup 11806 mem_banks_count 1
[RESULT] [ 83124.287654] [RVS-GPUP-TC5] gpup 11806 caches_count 546
[RESULT] [ 83124.287654] [RVS-GPUP-TC5] gpup 11806 io_links_count 8
[RESULT] [ 83124.287655] [RVS-GPUP-TC5] gpup 11806 p2p_links_count 1
[RESULT] [ 83124.287655] [RVS-GPUP-TC5] gpup 11806 cpu_core_id_base 0
[RESULT] [ 83124.287655] [RVS-GPUP-TC5] gpup 11806 simd_id_base 2147487960
[RESULT] [ 83124.287655] [RVS-GPUP-TC5] gpup 11806 max_waves_per_simd 8
[RESULT] [ 83124.287656] [RVS-GPUP-TC5] gpup 11806 lds_size_in_kb 160
[RESULT] [ 83124.287656] [RVS-GPUP-TC5] gpup 11806 gds_size_in_kb 0
[RESULT] [ 83124.287656] [RVS-GPUP-TC5] gpup 11806 num_gws 64
[RESULT] [ 83124.287657] [RVS-GPUP-TC5] gpup 11806 wave_front_size 64
[RESULT] [ 83124.287657] [RVS-GPUP-TC5] gpup 11806 array_count 32
[RESULT] [ 83124.287657] [RVS-GPUP-TC5] gpup 11806 simd_arrays_per_engine 1
[RESULT] [ 83124.287657] [RVS-GPUP-TC5] gpup 11806 cu_per_simd_array 9
[RESULT] [ 83124.287658] [RVS-GPUP-TC5] gpup 11806 simd_per_cu 4
[RESULT] [ 83124.287658] [RVS-GPUP-TC5] gpup 11806 max_slots_scratch_cu 32
[RESULT] [ 83124.287658] [RVS-GPUP-TC5] gpup 11806 gfx_target_version 90500
[RESULT] [ 83124.287659] [RVS-GPUP-TC5] gpup 11806 vendor_id 4098
[RESULT] [ 83124.287659] [RVS-GPUP-TC5] gpup 11806 device_id 30115
[RESULT] [ 83124.287659] [RVS-GPUP-TC5] gpup 11806 location_id 58624
[RESULT] [ 83124.287660] [RVS-GPUP-TC5] gpup 11806 domain 0
[RESULT] [ 83124.287660] [RVS-GPUP-TC5] gpup 11806 drm_render_minor 176
[RESULT] [ 83124.287660] [RVS-GPUP-TC5] gpup 11806 hive_id 15543770012376183955
[RESULT] [ 83124.287660] [RVS-GPUP-TC5] gpup 11806 num_sdma_engines 2
[RESULT] [ 83124.287661] [RVS-GPUP-TC5] gpup 11806 num_sdma_xgmi_engines 14
[RESULT] [ 83124.287661] [RVS-GPUP-TC5] gpup 11806 num_sdma_queues_per_engine 8
[RESULT] [ 83124.287661] [RVS-GPUP-TC5] gpup 11806 num_cp_queues 24
[RESULT] [ 83124.287662] [RVS-GPUP-TC5] gpup 11806 cwsr_size 22687744
[RESULT] [ 83124.287662] [RVS-GPUP-TC5] gpup 11806 ctl_stack_size 12288
[RESULT] [ 83124.287662] [RVS-GPUP-TC5] gpup 11806 max_engine_clk_fcompute 2400
[RESULT] [ 83124.287662] [RVS-GPUP-TC5] gpup 11806 local_mem_size 0
[RESULT] [ 83124.287663] [RVS-GPUP-TC5] gpup 11806 fw_version 34
[RESULT] [ 83124.287663] [RVS-GPUP-TC5] gpup 11806 capability 2889327296
[RESULT] [ 83124.287663] [RVS-GPUP-TC5] gpup 11806 capability2 1
[RESULT] [ 83124.287664] [RVS-GPUP-TC5] gpup 11806 debug_prop 1494
[RESULT] [ 83124.287664] [RVS-GPUP-TC5] gpup 11806 sdma_fw_version 12
[RESULT] [ 83124.287664] [RVS-GPUP-TC5] gpup 11806 unique_id 2246624143245554942
[RESULT] [ 83124.287664] [RVS-GPUP-TC5] gpup 11806 num_xcc 8
[RESULT] [ 83124.287665] [RVS-GPUP-TC5] gpup 11806 max_engine_clk_ccompute 3300
[RESULT] [ 83124.287671] [RVS-GPUP-TC5] gpup 11806 0 type 2
[RESULT] [ 83124.287671] [RVS-GPUP-TC5] gpup 11806 0 version_major 0
[RESULT] [ 83124.287671] [RVS-GPUP-TC5] gpup 11806 0 version_minor 0
[RESULT] [ 83124.287672] [RVS-GPUP-TC5] gpup 11806 0 node_from 8
[RESULT] [ 83124.287672] [RVS-GPUP-TC5] gpup 11806 0 node_to 1
[RESULT] [ 83124.287672] [RVS-GPUP-TC5] gpup 11806 0 weight 20
[RESULT] [ 83124.287673] [RVS-GPUP-TC5] gpup 11806 0 min_latency 0
[RESULT] [ 83124.287673] [RVS-GPUP-TC5] gpup 11806 0 max_latency 0
[RESULT] [ 83124.287673] [RVS-GPUP-TC5] gpup 11806 0 min_bandwidth 0
[RESULT] [ 83124.287673] [RVS-GPUP-TC5] gpup 11806 0 max_bandwidth 64000
[RESULT] [ 83124.287674] [RVS-GPUP-TC5] gpup 11806 0 recommended_transfer_size 0
[RESULT] [ 83124.287674] [RVS-GPUP-TC5] gpup 11806 0 recommended_sdma_engine_id_mask 3
[RESULT] [ 83124.287674] [RVS-GPUP-TC5] gpup 11806 0 flags 1
[RESULT] [ 83124.287677] [RVS-GPUP-TC5] gpup 11806 1 type 11
[RESULT] [ 83124.287678] [RVS-GPUP-TC5] gpup 11806 1 version_major 0
[RESULT] [ 83124.287679] [RVS-GPUP-TC5] gpup 11806 1 version_minor 0
[RESULT] [ 83124.287679] [RVS-GPUP-TC5] gpup 11806 1 node_from 8
[RESULT] [ 83124.287680] [RVS-GPUP-TC5] gpup 11806 1 node_to 2
[RESULT] [ 83124.287680] [RVS-GPUP-TC5] gpup 11806 1 weight 15
[RESULT] [ 83124.287680] [RVS-GPUP-TC5] gpup 11806 1 min_latency 0
[RESULT] [ 83124.287680] [RVS-GPUP-TC5] gpup 11806 1 max_latency 0
[RESULT] [ 83124.287681] [RVS-GPUP-TC5] gpup 11806 1 min_bandwidth 76000
[RESULT] [ 83124.287681] [RVS-GPUP-TC5] gpup 11806 1 max_bandwidth 76000
[RESULT] [ 83124.287681] [RVS-GPUP-TC5] gpup 11806 1 recommended_transfer_size 0
[RESULT] [ 83124.287681] [RVS-GPUP-TC5] gpup 11806 1 recommended_sdma_engine_id_mask 256
[RESULT] [ 83124.287682] [RVS-GPUP-TC5] gpup 11806 1 flags 1
[RESULT] [ 83124.287685] [RVS-GPUP-TC5] gpup 11806 2 type 11
[RESULT] [ 83124.287685] [RVS-GPUP-TC5] gpup 11806 2 version_major 0
[RESULT] [ 83124.287685] [RVS-GPUP-TC5] gpup 11806 2 version_minor 0
[RESULT] [ 83124.287686] [RVS-GPUP-TC5] gpup 11806 2 node_from 8
[RESULT] [ 83124.287686] [RVS-GPUP-TC5] gpup 11806 2 node_to 3
[RESULT] [ 83124.287686] [RVS-GPUP-TC5] gpup 11806 2 weight 15
[RESULT] [ 83124.287686] [RVS-GPUP-TC5] gpup 11806 2 min_latency 0
[RESULT] [ 83124.287687] [RVS-GPUP-TC5] gpup 11806 2 max_latency 0
[RESULT] [ 83124.287687] [RVS-GPUP-TC5] gpup 11806 2 min_bandwidth 76000
[RESULT] [ 83124.287687] [RVS-GPUP-TC5] gpup 11806 2 max_bandwidth 76000
[RESULT] [ 83124.287687] [RVS-GPUP-TC5] gpup 11806 2 recommended_transfer_size 0
[RESULT] [ 83124.287688] [RVS-GPUP-TC5] gpup 11806 2 recommended_sdma_engine_id_mask 64
[RESULT] [ 83124.287688] [RVS-GPUP-TC5] gpup 11806 2 flags 1
[RESULT] [ 83124.287691] [RVS-GPUP-TC5] gpup 11806 3 type 11
[RESULT] [ 83124.287692] [RVS-GPUP-TC5] gpup 11806 3 version_major 0
[RESULT] [ 83124.287692] [RVS-GPUP-TC5] gpup 11806 3 version_minor 0
[RESULT] [ 83124.287692] [RVS-GPUP-TC5] gpup 11806 3 node_from 8
[RESULT] [ 83124.287693] [RVS-GPUP-TC5] gpup 11806 3 node_to 4
[RESULT] [ 83124.287693] [RVS-GPUP-TC5] gpup 11806 3 weight 15
[RESULT] [ 83124.287693] [RVS-GPUP-TC5] gpup 11806 3 min_latency 0
[RESULT] [ 83124.287693] [RVS-GPUP-TC5] gpup 11806 3 max_latency 0
[RESULT] [ 83124.287694] [RVS-GPUP-TC5] gpup 11806 3 min_bandwidth 76000
[RESULT] [ 83124.287694] [RVS-GPUP-TC5] gpup 11806 3 max_bandwidth 76000
[RESULT] [ 83124.287694] [RVS-GPUP-TC5] gpup 11806 3 recommended_transfer_size 0
[RESULT] [ 83124.287694] [RVS-GPUP-TC5] gpup 11806 3 recommended_sdma_engine_id_mask 16
[RESULT] [ 83124.287695] [RVS-GPUP-TC5] gpup 11806 3 flags 1
[RESULT] [ 83124.287698] [RVS-GPUP-TC5] gpup 11806 4 type 11
[RESULT] [ 83124.287698] [RVS-GPUP-TC5] gpup 11806 4 version_major 0
[RESULT] [ 83124.287699] [RVS-GPUP-TC5] gpup 11806 4 version_minor 0
[RESULT] [ 83124.287699] [RVS-GPUP-TC5] gpup 11806 4 node_from 8
[RESULT] [ 83124.287699] [RVS-GPUP-TC5] gpup 11806 4 node_to 5
[RESULT] [ 83124.287699] [RVS-GPUP-TC5] gpup 11806 4 weight 15
[RESULT] [ 83124.287700] [RVS-GPUP-TC5] gpup 11806 4 min_latency 0
[RESULT] [ 83124.287700] [RVS-GPUP-TC5] gpup 11806 4 max_latency 0
[RESULT] [ 83124.287700] [RVS-GPUP-TC5] gpup 11806 4 min_bandwidth 76000
[RESULT] [ 83124.287700] [RVS-GPUP-TC5] gpup 11806 4 max_bandwidth 76000
[RESULT] [ 83124.287701] [RVS-GPUP-TC5] gpup 11806 4 recommended_transfer_size 0
[RESULT] [ 83124.287701] [RVS-GPUP-TC5] gpup 11806 4 recommended_sdma_engine_id_mask 4096
[RESULT] [ 83124.287701] [RVS-GPUP-TC5] gpup 11806 4 flags 1
[RESULT] [ 83124.287704] [RVS-GPUP-TC5] gpup 11806 5 type 11
[RESULT] [ 83124.287705] [RVS-GPUP-TC5] gpup 11806 5 version_major 0
[RESULT] [ 83124.287705] [RVS-GPUP-TC5] gpup 11806 5 version_minor 0
[RESULT] [ 83124.287705] [RVS-GPUP-TC5] gpup 11806 5 node_from 8
[RESULT] [ 83124.287705] [RVS-GPUP-TC5] gpup 11806 5 node_to 6
[RESULT] [ 83124.287706] [RVS-GPUP-TC5] gpup 11806 5 weight 15
[RESULT] [ 83124.287706] [RVS-GPUP-TC5] gpup 11806 5 min_latency 0
[RESULT] [ 83124.287706] [RVS-GPUP-TC5] gpup 11806 5 max_latency 0
[RESULT] [ 83124.287706] [RVS-GPUP-TC5] gpup 11806 5 min_bandwidth 76000
[RESULT] [ 83124.287707] [RVS-GPUP-TC5] gpup 11806 5 max_bandwidth 76000
[RESULT] [ 83124.287708] [RVS-GPUP-TC5] gpup 11806 5 recommended_transfer_size 0
[RESULT] [ 83124.287708] [RVS-GPUP-TC5] gpup 11806 5 recommended_sdma_engine_id_mask 16384
[RESULT] [ 83124.287709] [RVS-GPUP-TC5] gpup 11806 5 flags 1
[RESULT] [ 83124.287712] [RVS-GPUP-TC5] gpup 11806 6 type 11
[RESULT] [ 83124.287712] [RVS-GPUP-TC5] gpup 11806 6 version_major 0
[RESULT] [ 83124.287712] [RVS-GPUP-TC5] gpup 11806 6 version_minor 0
[RESULT] [ 83124.287713] [RVS-GPUP-TC5] gpup 11806 6 node_from 8
[RESULT] [ 83124.287713] [RVS-GPUP-TC5] gpup 11806 6 node_to 7
[RESULT] [ 83124.287713] [RVS-GPUP-TC5] gpup 11806 6 weight 15
[RESULT] [ 83124.287713] [RVS-GPUP-TC5] gpup 11806 6 min_latency 0
[RESULT] [ 83124.287714] [RVS-GPUP-TC5] gpup 11806 6 max_latency 0
[RESULT] [ 83124.287714] [RVS-GPUP-TC5] gpup 11806 6 min_bandwidth 76000
[RESULT] [ 83124.287714] [RVS-GPUP-TC5] gpup 11806 6 max_bandwidth 76000
[RESULT] [ 83124.287715] [RVS-GPUP-TC5] gpup 11806 6 recommended_transfer_size 0
[RESULT] [ 83124.287715] [RVS-GPUP-TC5] gpup 11806 6 recommended_sdma_engine_id_mask 4
[RESULT] [ 83124.287715] [RVS-GPUP-TC5] gpup 11806 6 flags 1
[RESULT] [ 83124.287718] [RVS-GPUP-TC5] gpup 11806 7 type 11
[RESULT] [ 83124.287719] [RVS-GPUP-TC5] gpup 11806 7 version_major 0
[RESULT] [ 83124.287719] [RVS-GPUP-TC5] gpup 11806 7 version_minor 0
[RESULT] [ 83124.287719] [RVS-GPUP-TC5] gpup 11806 7 node_from 8
[RESULT] [ 83124.287719] [RVS-GPUP-TC5] gpup 11806 7 node_to 9
[RESULT] [ 83124.287720] [RVS-GPUP-TC5] gpup 11806 7 weight 15
[RESULT] [ 83124.287720] [RVS-GPUP-TC5] gpup 11806 7 min_latency 0
[RESULT] [ 83124.287720] [RVS-GPUP-TC5] gpup 11806 7 max_latency 0
[RESULT] [ 83124.287720] [RVS-GPUP-TC5] gpup 11806 7 min_bandwidth 76000
[RESULT] [ 83124.287721] [RVS-GPUP-TC5] gpup 11806 7 max_bandwidth 76000
[RESULT] [ 83124.287721] [RVS-GPUP-TC5] gpup 11806 7 recommended_transfer_size 0
[RESULT] [ 83124.287721] [RVS-GPUP-TC5] gpup 11806 7 recommended_sdma_engine_id_mask 1024
[RESULT] [ 83124.287721] [RVS-GPUP-TC5] gpup 11806 7 flags 1
[RESULT] [ 83124.287726] [RVS-GPUP-TC5] gpup 51771 cpu_cores_count 0
[RESULT] [ 83124.287727] [RVS-GPUP-TC5] gpup 51771 simd_count 1024
[RESULT] [ 83124.287727] [RVS-GPUP-TC5] gpup 51771 mem_banks_count 1
[RESULT] [ 83124.287727] [RVS-GPUP-TC5] gpup 51771 caches_count 546
[RESULT] [ 83124.287728] [RVS-GPUP-TC5] gpup 51771 io_links_count 8
[RESULT] [ 83124.287728] [RVS-GPUP-TC5] gpup 51771 p2p_links_count 1
[RESULT] [ 83124.287728] [RVS-GPUP-TC5] gpup 51771 cpu_core_id_base 0
[RESULT] [ 83124.287729] [RVS-GPUP-TC5] gpup 51771 simd_id_base 2147487996
[RESULT] [ 83124.287729] [RVS-GPUP-TC5] gpup 51771 max_waves_per_simd 8
[RESULT] [ 83124.287729] [RVS-GPUP-TC5] gpup 51771 lds_size_in_kb 160
[RESULT] [ 83124.287729] [RVS-GPUP-TC5] gpup 51771 gds_size_in_kb 0
[RESULT] [ 83124.287730] [RVS-GPUP-TC5] gpup 51771 num_gws 64
[RESULT] [ 83124.287730] [RVS-GPUP-TC5] gpup 51771 wave_front_size 64
[RESULT] [ 83124.287730] [RVS-GPUP-TC5] gpup 51771 array_count 32
[RESULT] [ 83124.287731] [RVS-GPUP-TC5] gpup 51771 simd_arrays_per_engine 1
[RESULT] [ 83124.287731] [RVS-GPUP-TC5] gpup 51771 cu_per_simd_array 9
[RESULT] [ 83124.287731] [RVS-GPUP-TC5] gpup 51771 simd_per_cu 4
[RESULT] [ 83124.287732] [RVS-GPUP-TC5] gpup 51771 max_slots_scratch_cu 32
[RESULT] [ 83124.287732] [RVS-GPUP-TC5] gpup 51771 gfx_target_version 90500
[RESULT] [ 83124.287732] [RVS-GPUP-TC5] gpup 51771 vendor_id 4098
[RESULT] [ 83124.287732] [RVS-GPUP-TC5] gpup 51771 device_id 30115
[RESULT] [ 83124.287733] [RVS-GPUP-TC5] gpup 51771 location_id 38144
[RESULT] [ 83124.287733] [RVS-GPUP-TC5] gpup 51771 domain 0
[RESULT] [ 83124.287733] [RVS-GPUP-TC5] gpup 51771 drm_render_minor 184
[RESULT] [ 83124.287734] [RVS-GPUP-TC5] gpup 51771 hive_id 15543770012376183955
[RESULT] [ 83124.287734] [RVS-GPUP-TC5] gpup 51771 num_sdma_engines 2
[RESULT] [ 83124.287734] [RVS-GPUP-TC5] gpup 51771 num_sdma_xgmi_engines 14
[RESULT] [ 83124.287735] [RVS-GPUP-TC5] gpup 51771 num_sdma_queues_per_engine 8
[RESULT] [ 83124.287735] [RVS-GPUP-TC5] gpup 51771 num_cp_queues 24
[RESULT] [ 83124.287736] [RVS-GPUP-TC5] gpup 51771 cwsr_size 22687744
[RESULT] [ 83124.287736] [RVS-GPUP-TC5] gpup 51771 ctl_stack_size 12288
[RESULT] [ 83124.287737] [RVS-GPUP-TC5] gpup 51771 max_engine_clk_fcompute 2400
[RESULT] [ 83124.287737] [RVS-GPUP-TC5] gpup 51771 local_mem_size 0
[RESULT] [ 83124.287737] [RVS-GPUP-TC5] gpup 51771 fw_version 34
[RESULT] [ 83124.287737] [RVS-GPUP-TC5] gpup 51771 capability 2889327296
[RESULT] [ 83124.287738] [RVS-GPUP-TC5] gpup 51771 capability2 1
[RESULT] [ 83124.287738] [RVS-GPUP-TC5] gpup 51771 debug_prop 1494
[RESULT] [ 83124.287738] [RVS-GPUP-TC5] gpup 51771 sdma_fw_version 12
[RESULT] [ 83124.287739] [RVS-GPUP-TC5] gpup 51771 unique_id 4167359005928280700
[RESULT] [ 83124.287739] [RVS-GPUP-TC5] gpup 51771 num_xcc 8
[RESULT] [ 83124.287739] [RVS-GPUP-TC5] gpup 51771 max_engine_clk_ccompute 3300
[RESULT] [ 83124.287745] [RVS-GPUP-TC5] gpup 51771 0 type 2
[RESULT] [ 83124.287746] [RVS-GPUP-TC5] gpup 51771 0 version_major 0
[RESULT] [ 83124.287746] [RVS-GPUP-TC5] gpup 51771 0 version_minor 0
[RESULT] [ 83124.287746] [RVS-GPUP-TC5] gpup 51771 0 node_from 9
[RESULT] [ 83124.287746] [RVS-GPUP-TC5] gpup 51771 0 node_to 1
[RESULT] [ 83124.287747] [RVS-GPUP-TC5] gpup 51771 0 weight 20
[RESULT] [ 83124.287747] [RVS-GPUP-TC5] gpup 51771 0 min_latency 0
[RESULT] [ 83124.287747] [RVS-GPUP-TC5] gpup 51771 0 max_latency 0
[RESULT] [ 83124.287748] [RVS-GPUP-TC5] gpup 51771 0 min_bandwidth 0
[RESULT] [ 83124.287748] [RVS-GPUP-TC5] gpup 51771 0 max_bandwidth 64000
[RESULT] [ 83124.287748] [RVS-GPUP-TC5] gpup 51771 0 recommended_transfer_size 0
[RESULT] [ 83124.287748] [RVS-GPUP-TC5] gpup 51771 0 recommended_sdma_engine_id_mask 3
[RESULT] [ 83124.287749] [RVS-GPUP-TC5] gpup 51771 0 flags 1
[RESULT] [ 83124.287752] [RVS-GPUP-TC5] gpup 51771 1 type 11
[RESULT] [ 83124.287752] [RVS-GPUP-TC5] gpup 51771 1 version_major 0
[RESULT] [ 83124.287752] [RVS-GPUP-TC5] gpup 51771 1 version_minor 0
[RESULT] [ 83124.287753] [RVS-GPUP-TC5] gpup 51771 1 node_from 9
[RESULT] [ 83124.287753] [RVS-GPUP-TC5] gpup 51771 1 node_to 2
[RESULT] [ 83124.287753] [RVS-GPUP-TC5] gpup 51771 1 weight 15
[RESULT] [ 83124.287753] [RVS-GPUP-TC5] gpup 51771 1 min_latency 0
[RESULT] [ 83124.287754] [RVS-GPUP-TC5] gpup 51771 1 max_latency 0
[RESULT] [ 83124.287754] [RVS-GPUP-TC5] gpup 51771 1 min_bandwidth 76000
[RESULT] [ 83124.287754] [RVS-GPUP-TC5] gpup 51771 1 max_bandwidth 76000
[RESULT] [ 83124.287754] [RVS-GPUP-TC5] gpup 51771 1 recommended_transfer_size 0
[RESULT] [ 83124.287755] [RVS-GPUP-TC5] gpup 51771 1 recommended_sdma_engine_id_mask 64
[RESULT] [ 83124.287755] [RVS-GPUP-TC5] gpup 51771 1 flags 1
[RESULT] [ 83124.287758] [RVS-GPUP-TC5] gpup 51771 2 type 11
[RESULT] [ 83124.287759] [RVS-GPUP-TC5] gpup 51771 2 version_major 0
[RESULT] [ 83124.287759] [RVS-GPUP-TC5] gpup 51771 2 version_minor 0
[RESULT] [ 83124.287759] [RVS-GPUP-TC5] gpup 51771 2 node_from 9
[RESULT] [ 83124.287760] [RVS-GPUP-TC5] gpup 51771 2 node_to 3
[RESULT] [ 83124.287760] [RVS-GPUP-TC5] gpup 51771 2 weight 15
[RESULT] [ 83124.287760] [RVS-GPUP-TC5] gpup 51771 2 min_latency 0
[RESULT] [ 83124.287760] [RVS-GPUP-TC5] gpup 51771 2 max_latency 0
[RESULT] [ 83124.287761] [RVS-GPUP-TC5] gpup 51771 2 min_bandwidth 76000
[RESULT] [ 83124.287761] [RVS-GPUP-TC5] gpup 51771 2 max_bandwidth 76000
[RESULT] [ 83124.287761] [RVS-GPUP-TC5] gpup 51771 2 recommended_transfer_size 0
[RESULT] [ 83124.287761] [RVS-GPUP-TC5] gpup 51771 2 recommended_sdma_engine_id_mask 256
[RESULT] [ 83124.287762] [RVS-GPUP-TC5] gpup 51771 2 flags 1
[RESULT] [ 83124.287765] [RVS-GPUP-TC5] gpup 51771 3 type 11
[RESULT] [ 83124.287765] [RVS-GPUP-TC5] gpup 51771 3 version_major 0
[RESULT] [ 83124.287766] [RVS-GPUP-TC5] gpup 51771 3 version_minor 0
[RESULT] [ 83124.287766] [RVS-GPUP-TC5] gpup 51771 3 node_from 9
[RESULT] [ 83124.287766] [RVS-GPUP-TC5] gpup 51771 3 node_to 4
[RESULT] [ 83124.287766] [RVS-GPUP-TC5] gpup 51771 3 weight 15
[RESULT] [ 83124.287767] [RVS-GPUP-TC5] gpup 51771 3 min_latency 0
[RESULT] [ 83124.287767] [RVS-GPUP-TC5] gpup 51771 3 max_latency 0
[RESULT] [ 83124.287769] [RVS-GPUP-TC5] gpup 51771 3 min_bandwidth 76000
[RESULT] [ 83124.287769] [RVS-GPUP-TC5] gpup 51771 3 max_bandwidth 76000
[RESULT] [ 83124.287770] [RVS-GPUP-TC5] gpup 51771 3 recommended_transfer_size 0
[RESULT] [ 83124.287770] [RVS-GPUP-TC5] gpup 51771 3 recommended_sdma_engine_id_mask 16384
[RESULT] [ 83124.287770] [RVS-GPUP-TC5] gpup 51771 3 flags 1
[RESULT] [ 83124.287773] [RVS-GPUP-TC5] gpup 51771 4 type 11
[RESULT] [ 83124.287774] [RVS-GPUP-TC5] gpup 51771 4 version_major 0
[RESULT] [ 83124.287774] [RVS-GPUP-TC5] gpup 51771 4 version_minor 0
[RESULT] [ 83124.287774] [RVS-GPUP-TC5] gpup 51771 4 node_from 9
[RESULT] [ 83124.287774] [RVS-GPUP-TC5] gpup 51771 4 node_to 5
[RESULT] [ 83124.287775] [RVS-GPUP-TC5] gpup 51771 4 weight 15
[RESULT] [ 83124.287775] [RVS-GPUP-TC5] gpup 51771 4 min_latency 0
[RESULT] [ 83124.287775] [RVS-GPUP-TC5] gpup 51771 4 max_latency 0
[RESULT] [ 83124.287775] [RVS-GPUP-TC5] gpup 51771 4 min_bandwidth 76000
[RESULT] [ 83124.287776] [RVS-GPUP-TC5] gpup 51771 4 max_bandwidth 76000
[RESULT] [ 83124.287776] [RVS-GPUP-TC5] gpup 51771 4 recommended_transfer_size 0
[RESULT] [ 83124.287776] [RVS-GPUP-TC5] gpup 51771 4 recommended_sdma_engine_id_mask 16
[RESULT] [ 83124.287776] [RVS-GPUP-TC5] gpup 51771 4 flags 1
[RESULT] [ 83124.287780] [RVS-GPUP-TC5] gpup 51771 5 type 11
[RESULT] [ 83124.287780] [RVS-GPUP-TC5] gpup 51771 5 version_major 0
[RESULT] [ 83124.287780] [RVS-GPUP-TC5] gpup 51771 5 version_minor 0
[RESULT] [ 83124.287781] [RVS-GPUP-TC5] gpup 51771 5 node_from 9
[RESULT] [ 83124.287781] [RVS-GPUP-TC5] gpup 51771 5 node_to 6
[RESULT] [ 83124.287781] [RVS-GPUP-TC5] gpup 51771 5 weight 15
[RESULT] [ 83124.287781] [RVS-GPUP-TC5] gpup 51771 5 min_latency 0
[RESULT] [ 83124.287782] [RVS-GPUP-TC5] gpup 51771 5 max_latency 0
[RESULT] [ 83124.287782] [RVS-GPUP-TC5] gpup 51771 5 min_bandwidth 76000
[RESULT] [ 83124.287782] [RVS-GPUP-TC5] gpup 51771 5 max_bandwidth 76000
[RESULT] [ 83124.287783] [RVS-GPUP-TC5] gpup 51771 5 recommended_transfer_size 0
[RESULT] [ 83124.287783] [RVS-GPUP-TC5] gpup 51771 5 recommended_sdma_engine_id_mask 4
[RESULT] [ 83124.287783] [RVS-GPUP-TC5] gpup 51771 5 flags 1
[RESULT] [ 83124.287786] [RVS-GPUP-TC5] gpup 51771 6 type 11
[RESULT] [ 83124.287787] [RVS-GPUP-TC5] gpup 51771 6 version_major 0
[RESULT] [ 83124.287787] [RVS-GPUP-TC5] gpup 51771 6 version_minor 0
[RESULT] [ 83124.287787] [RVS-GPUP-TC5] gpup 51771 6 node_from 9
[RESULT] [ 83124.287787] [RVS-GPUP-TC5] gpup 51771 6 node_to 7
[RESULT] [ 83124.287788] [RVS-GPUP-TC5] gpup 51771 6 weight 15
[RESULT] [ 83124.287788] [RVS-GPUP-TC5] gpup 51771 6 min_latency 0
[RESULT] [ 83124.287788] [RVS-GPUP-TC5] gpup 51771 6 max_latency 0
[RESULT] [ 83124.287788] [RVS-GPUP-TC5] gpup 51771 6 min_bandwidth 76000
[RESULT] [ 83124.287789] [RVS-GPUP-TC5] gpup 51771 6 max_bandwidth 76000
[RESULT] [ 83124.287789] [RVS-GPUP-TC5] gpup 51771 6 recommended_transfer_size 0
[RESULT] [ 83124.287789] [RVS-GPUP-TC5] gpup 51771 6 recommended_sdma_engine_id_mask 1024
[RESULT] [ 83124.287789] [RVS-GPUP-TC5] gpup 51771 6 flags 1
[RESULT] [ 83124.287793] [RVS-GPUP-TC5] gpup 51771 7 type 11
[RESULT] [ 83124.287793] [RVS-GPUP-TC5] gpup 51771 7 version_major 0
[RESULT] [ 83124.287793] [RVS-GPUP-TC5] gpup 51771 7 version_minor 0
[RESULT] [ 83124.287794] [RVS-GPUP-TC5] gpup 51771 7 node_from 9
[RESULT] [ 83124.287794] [RVS-GPUP-TC5] gpup 51771 7 node_to 8
[RESULT] [ 83124.287794] [RVS-GPUP-TC5] gpup 51771 7 weight 15
[RESULT] [ 83124.287794] [RVS-GPUP-TC5] gpup 51771 7 min_latency 0
[RESULT] [ 83124.287795] [RVS-GPUP-TC5] gpup 51771 7 max_latency 0
[RESULT] [ 83124.287795] [RVS-GPUP-TC5] gpup 51771 7 min_bandwidth 76000
[RESULT] [ 83124.287795] [RVS-GPUP-TC5] gpup 51771 7 max_bandwidth 76000
[RESULT] [ 83124.287795] [RVS-GPUP-TC5] gpup 51771 7 recommended_transfer_size 0
[RESULT] [ 83124.287796] [RVS-GPUP-TC5] gpup 51771 7 recommended_sdma_engine_id_mask 4096
[RESULT] [ 83124.287796] [RVS-GPUP-TC5] gpup 51771 7 flags 1
[RESULT] [ 83124.287797] Action name :RVS-GPUP-TC6
[RESULT] [ 83124.287798] Module name :gpup
[INFO  ] [ 83124.287800] Missing 'device_index' key.
[RESULT] [ 83124.287956] [RVS-GPUP-TC6] gpup 17010 mem_banks_count 1
[RESULT] [ 83124.287965] [RVS-GPUP-TC6] gpup 17010 0 version_major 0
[RESULT] [ 83124.287969] [RVS-GPUP-TC6] gpup 17010 1 version_major 0
[RESULT] [ 83124.287974] [RVS-GPUP-TC6] gpup 17010 2 version_major 0
[RESULT] [ 83124.287977] [RVS-GPUP-TC6] gpup 17010 3 version_major 0
[RESULT] [ 83124.287981] [RVS-GPUP-TC6] gpup 17010 4 version_major 0
[RESULT] [ 83124.287985] [RVS-GPUP-TC6] gpup 17010 5 version_major 0
[RESULT] [ 83124.287989] [RVS-GPUP-TC6] gpup 17010 6 version_major 0
[RESULT] [ 83124.287993] [RVS-GPUP-TC6] gpup 17010 7 version_major 0
[RESULT] [ 83124.287998] [RVS-GPUP-TC6] gpup 42583 mem_banks_count 1
[RESULT] [ 83124.288014] [RVS-GPUP-TC6] gpup 42583 0 version_major 0
[RESULT] [ 83124.288018] [RVS-GPUP-TC6] gpup 42583 1 version_major 0
[RESULT] [ 83124.288022] [RVS-GPUP-TC6] gpup 42583 2 version_major 0
[RESULT] [ 83124.288026] [RVS-GPUP-TC6] gpup 42583 3 version_major 0
[RESULT] [ 83124.288030] [RVS-GPUP-TC6] gpup 42583 4 version_major 0
[RESULT] [ 83124.288034] [RVS-GPUP-TC6] gpup 42583 5 version_major 0
[RESULT] [ 83124.288037] [RVS-GPUP-TC6] gpup 42583 6 version_major 0
[RESULT] [ 83124.288041] [RVS-GPUP-TC6] gpup 42583 7 version_major 0
[RESULT] [ 83124.288046] [RVS-GPUP-TC6] gpup 36479 mem_banks_count 1
[RESULT] [ 83124.288054] [RVS-GPUP-TC6] gpup 36479 0 version_major 0
[RESULT] [ 83124.288059] [RVS-GPUP-TC6] gpup 36479 1 version_major 0
[RESULT] [ 83124.288062] [RVS-GPUP-TC6] gpup 36479 2 version_major 0
[RESULT] [ 83124.288066] [RVS-GPUP-TC6] gpup 36479 3 version_major 0
[RESULT] [ 83124.288070] [RVS-GPUP-TC6] gpup 36479 4 version_major 0
[RESULT] [ 83124.288074] [RVS-GPUP-TC6] gpup 36479 5 version_major 0
[RESULT] [ 83124.288078] [RVS-GPUP-TC6] gpup 36479 6 version_major 0
[RESULT] [ 83124.288082] [RVS-GPUP-TC6] gpup 36479 7 version_major 0
[RESULT] [ 83124.288086] [RVS-GPUP-TC6] gpup 27226 mem_banks_count 1
[RESULT] [ 83124.288095] [RVS-GPUP-TC6] gpup 27226 0 version_major 0
[RESULT] [ 83124.288099] [RVS-GPUP-TC6] gpup 27226 1 version_major 0
[RESULT] [ 83124.288103] [RVS-GPUP-TC6] gpup 27226 2 version_major 0
[RESULT] [ 83124.288106] [RVS-GPUP-TC6] gpup 27226 3 version_major 0
[RESULT] [ 83124.288110] [RVS-GPUP-TC6] gpup 27226 4 version_major 0
[RESULT] [ 83124.288114] [RVS-GPUP-TC6] gpup 27226 5 version_major 0
[RESULT] [ 83124.288118] [RVS-GPUP-TC6] gpup 27226 6 version_major 0
[RESULT] [ 83124.288121] [RVS-GPUP-TC6] gpup 27226 7 version_major 0
[RESULT] [ 83124.288126] [RVS-GPUP-TC6] gpup 57875 mem_banks_count 1
[RESULT] [ 83124.288135] [RVS-GPUP-TC6] gpup 57875 0 version_major 0
[RESULT] [ 83124.288139] [RVS-GPUP-TC6] gpup 57875 1 version_major 0
[RESULT] [ 83124.288143] [RVS-GPUP-TC6] gpup 57875 2 version_major 0
[RESULT] [ 83124.288147] [RVS-GPUP-TC6] gpup 57875 3 version_major 0
[RESULT] [ 83124.288151] [RVS-GPUP-TC6] gpup 57875 4 version_major 0
[RESULT] [ 83124.288155] [RVS-GPUP-TC6] gpup 57875 5 version_major 0
[RESULT] [ 83124.288159] [RVS-GPUP-TC6] gpup 57875 6 version_major 0
[RESULT] [ 83124.288162] [RVS-GPUP-TC6] gpup 57875 7 version_major 0
[RESULT] [ 83124.288167] [RVS-GPUP-TC6] gpup 1590 mem_banks_count 1
[RESULT] [ 83124.288176] [RVS-GPUP-TC6] gpup 1590 0 version_major 0
[RESULT] [ 83124.288179] [RVS-GPUP-TC6] gpup 1590 1 version_major 0
[RESULT] [ 83124.288183] [RVS-GPUP-TC6] gpup 1590 2 version_major 0
[RESULT] [ 83124.288187] [RVS-GPUP-TC6] gpup 1590 3 version_major 0
[RESULT] [ 83124.288191] [RVS-GPUP-TC6] gpup 1590 4 version_major 0
[RESULT] [ 83124.288195] [RVS-GPUP-TC6] gpup 1590 5 version_major 0
[RESULT] [ 83124.288198] [RVS-GPUP-TC6] gpup 1590 6 version_major 0
[RESULT] [ 83124.288202] [RVS-GPUP-TC6] gpup 1590 7 version_major 0
[RESULT] [ 83124.288207] [RVS-GPUP-TC6] gpup 11806 mem_banks_count 1
[RESULT] [ 83124.288215] [RVS-GPUP-TC6] gpup 11806 0 version_major 0
[RESULT] [ 83124.288219] [RVS-GPUP-TC6] gpup 11806 1 version_major 0
[RESULT] [ 83124.288223] [RVS-GPUP-TC6] gpup 11806 2 version_major 0
[RESULT] [ 83124.288227] [RVS-GPUP-TC6] gpup 11806 3 version_major 0
[RESULT] [ 83124.288231] [RVS-GPUP-TC6] gpup 11806 4 version_major 0
[RESULT] [ 83124.288241] [RVS-GPUP-TC6] gpup 11806 5 version_major 0
[RESULT] [ 83124.288245] [RVS-GPUP-TC6] gpup 11806 6 version_major 0
[RESULT] [ 83124.288249] [RVS-GPUP-TC6] gpup 11806 7 version_major 0
[RESULT] [ 83124.288254] [RVS-GPUP-TC6] gpup 51771 mem_banks_count 1
[RESULT] [ 83124.288262] [RVS-GPUP-TC6] gpup 51771 0 version_major 0
[RESULT] [ 83124.288266] [RVS-GPUP-TC6] gpup 51771 1 version_major 0
[RESULT] [ 83124.288270] [RVS-GPUP-TC6] gpup 51771 2 version_major 0
[RESULT] [ 83124.288274] [RVS-GPUP-TC6] gpup 51771 3 version_major 0
[RESULT] [ 83124.288277] [RVS-GPUP-TC6] gpup 51771 4 version_major 0
[RESULT] [ 83124.288282] [RVS-GPUP-TC6] gpup 51771 5 version_major 0
[RESULT] [ 83124.288285] [RVS-GPUP-TC6] gpup 51771 6 version_major 0
[RESULT] [ 83124.288289] [RVS-GPUP-TC6] gpup 51771 7 version_major 0
+=====================================================================+
|                 ROCm Validation Suite (RVS) Summary                 |
+=====================================================================+
|                           System Overview                           |
+---------------------------------------------------------------------+
| Operating System                 | Ubuntu 22.04.5 LTS               |
| RVS version                      | 1.7.8                            |
| ROCm version                     | N/A                              |
| amdgpu version                   | 6.19.14                          |
| GPUs                             | 8                                |
+---------------------------------------------------------------------+
| GPU Name - GPU ID                |                                  |
| ID - Node ID - BDF               |                                  |
+---------------------------------------------------------------------+
| AMD Instinct MI355X - 42583      | AMD Instinct MI355X - 27226      |
| 0 - 3 - 0000:05:00.0             | 1 - 5 - 0000:15:00.0             |
+---------------------------------------------------------------------+
| AMD Instinct MI355X - 36479      | AMD Instinct MI355X - 17010      |
| 2 - 4 - 0000:65:00.0             | 3 - 2 - 0000:75:00.0             |
+---------------------------------------------------------------------+
| AMD Instinct MI355X - 1590       | AMD Instinct MI355X - 51771      |
| 4 - 7 - 0000:85:00.0             | 5 - 9 - 0000:95:00.0             |
+---------------------------------------------------------------------+
| AMD Instinct MI355X - 11806      | AMD Instinct MI355X - 57875      |
| 6 - 8 - 0000:e5:00.0             | 7 - 6 - 0000:f5:00.0             |
+=====================================================================+
| Action Name                      | Module         | Result          |
+=====================================================================+
| RVS-GPUP-TC1                     | GPUP           | [32mPASS          [0m  |
| RVS-GPUP-TC2                     | GPUP           | [32mPASS          [0m  |
| RVS-GPUP-TC3                     | GPUP           | [32mPASS          [0m  |
| RVS-GPUP-TC4                     | GPUP           | [32mPASS          [0m  |
| RVS-GPUP-TC5                     | GPUP           | [32mPASS          [0m  |
| RVS-GPUP-TC6                     | GPUP           | [32mPASS          [0m  |
+---------------------------------------------------------------------+
