[RESULT] [ 83939.496425] Action name :action_1
[RESULT] [ 83939.537929] Module name :iet
[INFO  ] [ 83939.537958] Missing 'device_index' key.
[INFO  ] [ 83939.710365] [action_1] iet 36479 start 180.000000
[INFO  ] [ 83939.710384] [action_1] iet 42583 start 180.000000
[INFO  ] [ 83939.710406] [action_1] iet 17010 start 180.000000
[INFO  ] [ 83939.710562] [action_1] iet 57875 start 180.000000
[INFO  ] [ 83939.710579] [action_1] iet 27226 start 180.000000
[INFO  ] [ 83939.710802] [action_1] iet 1590 start 180.000000
[INFO  ] [ 83939.711045] [action_1] iet 11806 start 180.000000
[INFO  ] [ 83939.711204] [action_1] iet 51771 start 180.000000
[RESULT] [ 83939.711951] [action_1] [GPU:: 36479] Power(W) 257.000000
[RESULT] [ 83939.711955] [action_1] [GPU:: 27226] Power(W) 252.000000
[RESULT] [ 83939.711976] [action_1] [GPU:: 42583] Power(W) 257.000000
[RESULT] [ 83939.711991] [action_1] [GPU:: 57875] Power(W) 264.000000
[RESULT] [ 83939.712034] [action_1] [GPU:: 17010] Power(W) 257.000000
[RESULT] [ 83939.712213] [action_1] [GPU:: 11806] Power(W) 252.000000
[RESULT] [ 83939.712532] [action_1] [GPU::  1590] Power(W) 264.000000
[RESULT] [ 83939.712555] [action_1] [GPU:: 51771] Power(W) 252.000000
[RESULT] [ 83940.712936] [action_1] [GPU:: 42583] Power(W) 265.000000
[RESULT] [ 83940.713281] [action_1] [GPU:: 17010] Power(W) 264.000000
[RESULT] [ 83940.713579] [action_1] [GPU:: 11806] Power(W) 260.000000
[RESULT] [ 83940.713606] [action_1] [GPU::  1590] Power(W) 271.000000
[RESULT] [ 83940.713619] [action_1] [GPU:: 27226] Power(W) 261.000000
[RESULT] [ 83940.713621] [action_1] [GPU:: 36479] Power(W) 265.000000
[RESULT] [ 83940.713937] [action_1] [GPU:: 57875] Power(W) 271.000000
[RESULT] [ 83940.713945] [action_1] [GPU:: 51771] Power(W) 259.000000
[RESULT] [ 83941.714029] [action_1] [GPU:: 42583] Power(W) 263.000000
[RESULT] [ 83941.714442] [action_1] [GPU::  1590] Power(W) 270.000000
[RESULT] [ 83941.714662] [action_1] [GPU:: 17010] Power(W) 263.000000
[RESULT] [ 83941.714975] [action_1] [GPU:: 11806] Power(W) 259.000000
[RESULT] [ 83941.714978] [action_1] [GPU:: 51771] Power(W) 258.000000
[RESULT] [ 83941.715020] [action_1] [GPU:: 36479] Power(W) 263.000000
[RESULT] [ 83941.715111] [action_1] [GPU:: 27226] Power(W) 259.000000
[RESULT] [ 83941.715144] [action_1] [GPU:: 57875] Power(W) 270.000000
[RESULT] [ 83942.715355] [action_1] [GPU:: 42583] Power(W) 261.000000
[RESULT] [ 83942.716055] [action_1] [GPU:: 36479] Power(W) 261.000000
[RESULT] [ 83942.716071] [action_1] [GPU:: 17010] Power(W) 261.000000
[RESULT] [ 83942.716082] [action_1] [GPU::  1590] Power(W) 267.000000
[RESULT] [ 83942.716294] [action_1] [GPU:: 11806] Power(W) 257.000000
[RESULT] [ 83942.716399] [action_1] [GPU:: 51771] Power(W) 255.000000
[RESULT] [ 83942.716429] [action_1] [GPU:: 57875] Power(W) 268.000000
[RESULT] [ 83942.716447] [action_1] [GPU:: 27226] Power(W) 255.000000
[RESULT] [ 83943.716753] [action_1] [GPU:: 42583] Power(W) 298.000000
[RESULT] [ 83943.717389] [action_1] [GPU:: 17010] Power(W) 298.000000
[RESULT] [ 83943.717460] [action_1] [GPU:: 36479] Power(W) 298.000000
[RESULT] [ 83943.717496] [action_1] [GPU::  1590] Power(W) 290.000000
[RESULT] [ 83943.717737] [action_1] [GPU:: 51771] Power(W) 286.000000
[RESULT] [ 83943.717767] [action_1] [GPU:: 27226] Power(W) 295.000000
[RESULT] [ 83943.718081] [action_1] [GPU:: 57875] Power(W) 305.000000
[RESULT] [ 83943.718098] [action_1] [GPU:: 11806] Power(W) 294.000000
[RESULT] [ 83944.718156] [action_1] [GPU:: 42583] Power(W) 984.000000
[RESULT] [ 83944.718367] [action_1] [GPU:: 36479] Power(W) 432.000000
[RESULT] [ 83944.718816] [action_1] [GPU:: 17010] Power(W) 1011.000000
[RESULT] [ 83944.719145] [action_1] [GPU:: 51771] Power(W) 291.000000
[RESULT] [ 83944.719156] [action_1] [GPU::  1590] Power(W) 304.000000
[RESULT] [ 83944.719190] [action_1] [GPU:: 27226] Power(W) 1037.000000
[RESULT] [ 83944.719258] [action_1] [GPU:: 57875] Power(W) 866.000000
[RESULT] [ 83944.719387] [action_1] [GPU:: 11806] Power(W) 948.000000
[RESULT] [ 83945.719198] [action_1] [GPU:: 42583] Power(W) 1130.000000
[RESULT] [ 83945.719854] [action_1] [GPU:: 36479] Power(W) 1135.000000
[RESULT] [ 83945.720192] [action_1] [GPU:: 51771] Power(W) 1093.000000
[RESULT] [ 83945.720199] [action_1] [GPU:: 17010] Power(W) 1105.000000
[RESULT] [ 83945.720339] [action_1] [GPU::  1590] Power(W) 1144.000000
[RESULT] [ 83945.720427] [action_1] [GPU:: 57875] Power(W) 1124.000000
[RESULT] [ 83945.720479] [action_1] [GPU:: 27226] Power(W) 1149.000000
[RESULT] [ 83945.720532] [action_1] [GPU:: 11806] Power(W) 1124.000000
[RESULT] [ 83946.720316] [action_1] [GPU:: 42583] Power(W) 1135.000000
[RESULT] [ 83946.721272] [action_1] [GPU:: 36479] Power(W) 1144.000000
[RESULT] [ 83946.721275] [action_1] [GPU:: 51771] Power(W) 1091.000000
[RESULT] [ 83946.721403] [action_1] [GPU::  1590] Power(W) 1139.000000
[RESULT] [ 83946.721502] [action_1] [GPU:: 57875] Power(W) 1133.000000
[RESULT] [ 83946.721558] [action_1] [GPU:: 17010] Power(W) 1108.000000
[RESULT] [ 83946.721675] [action_1] [GPU:: 11806] Power(W) 1124.000000
[RESULT] [ 83946.721909] [action_1] [GPU:: 27226] Power(W) 1157.000000
[RESULT] [ 83947.721575] [action_1] [GPU:: 42583] Power(W) 1136.000000
[RESULT] [ 83947.722291] [action_1] [GPU::  1590] Power(W) 1143.000000
[RESULT] [ 83947.722305] [action_1] [GPU:: 36479] Power(W) 1136.000000
[RESULT] [ 83947.722389] [action_1] [GPU:: 17010] Power(W) 1102.000000
[RESULT] [ 83947.722587] [action_1] [GPU:: 51771] Power(W) 1094.000000
[RESULT] [ 83947.723278] [action_1] [GPU:: 57875] Power(W) 1128.000000
[RESULT] [ 83947.723297] [action_1] [GPU:: 11806] Power(W) 1130.000000
[RESULT] [ 83947.723327] [action_1] [GPU:: 27226] Power(W) 1154.000000
[RESULT] [ 83948.722672] [action_1] [GPU:: 42583] Power(W) 1142.000000
[RESULT] [ 83948.723637] [action_1] [GPU::  1590] Power(W) 1143.000000
[RESULT] [ 83948.723692] [action_1] [GPU:: 36479] Power(W) 1136.000000
[RESULT] [ 83948.723729] [action_1] [GPU:: 17010] Power(W) 1110.000000
[RESULT] [ 83948.723996] [action_1] [GPU:: 51771] Power(W) 1091.000000
[RESULT] [ 83948.724335] [action_1] [GPU:: 11806] Power(W) 1125.000000
[RESULT] [ 83948.724480] [action_1] [GPU:: 27226] Power(W) 1159.000000
[RESULT] [ 83948.724523] [action_1] [GPU:: 57875] Power(W) 1126.000000
[RESULT] [ 83949.723870] [action_1] [GPU:: 42583] Power(W) 1135.000000
[RESULT] [ 83949.725041] [action_1] [GPU::  1590] Power(W) 1146.000000
[RESULT] [ 83949.725065] [action_1] [GPU:: 36479] Power(W) 1135.000000
[RESULT] [ 83949.725389] [action_1] [GPU:: 51771] Power(W) 1094.000000
[RESULT] [ 83949.725391] [action_1] [GPU:: 57875] Power(W) 1128.000000
[RESULT] [ 83949.725411] [action_1] [GPU:: 17010] Power(W) 1108.000000
[RESULT] [ 83949.725603] [action_1] [GPU:: 11806] Power(W) 1131.000000
[RESULT] [ 83949.725685] [action_1] [GPU:: 27226] Power(W) 1154.000000
[RESULT] [ 83950.724929] [action_1] [GPU:: 42583] Power(W) 1134.000000
[RESULT] [ 83950.726433] [action_1] [GPU::  1590] Power(W) 1144.000000
[RESULT] [ 83950.726457] [action_1] [GPU:: 36479] Power(W) 1137.000000
[RESULT] [ 83950.726528] [action_1] [GPU:: 57875] Power(W) 1136.000000
[RESULT] [ 83950.726575] [action_1] [GPU:: 51771] Power(W) 1089.000000
[RESULT] [ 83950.726704] [action_1] [GPU:: 11806] Power(W) 1121.000000
[RESULT] [ 83950.726733] [action_1] [GPU:: 17010] Power(W) 1108.000000
[RESULT] [ 83950.727107] [action_1] [GPU:: 27226] Power(W) 1155.000000
[RESULT] [ 83951.725511] [action_1] [GPU:: 42583] Power(W) 1136.000000
[RESULT] [ 83951.727093] [action_1] [GPU::  1590] Power(W) 1143.000000
[RESULT] [ 83951.727473] [action_1] [GPU:: 57875] Power(W) 1134.000000
[RESULT] [ 83951.727481] [action_1] [GPU:: 51771] Power(W) 1095.000000
[RESULT] [ 83951.727497] [action_1] [GPU:: 36479] Power(W) 1136.000000
[RESULT] [ 83951.728136] [action_1] [GPU:: 27226] Power(W) 1158.000000
[RESULT] [ 83951.728136] [action_1] [GPU:: 11806] Power(W) 1127.000000
[RESULT] [ 83951.728164] [action_1] [GPU:: 17010] Power(W) 1109.000000
[RESULT] [ 83952.726739] [action_1] [GPU:: 42583] Power(W) 1138.000000
[RESULT] [ 83952.728523] [action_1] [GPU::  1590] Power(W) 1146.000000
[RESULT] [ 83952.728572] [action_1] [GPU:: 57875] Power(W) 1132.000000
[RESULT] [ 83952.728712] [action_1] [GPU:: 51771] Power(W) 1086.000000
[RESULT] [ 83952.728763] [action_1] [GPU:: 36479] Power(W) 1131.000000
[RESULT] [ 83952.729522] [action_1] [GPU:: 11806] Power(W) 1128.000000
[RESULT] [ 83952.729552] [action_1] [GPU:: 17010] Power(W) 1103.000000
[RESULT] [ 83952.729590] [action_1] [GPU:: 27226] Power(W) 1161.000000
[RESULT] [ 83953.727688] [action_1] [GPU:: 42583] Power(W) 1138.000000
[RESULT] [ 83953.729899] [action_1] [GPU::  1590] Power(W) 1144.000000
[RESULT] [ 83953.729933] [action_1] [GPU:: 57875] Power(W) 1131.000000
[RESULT] [ 83953.729984] [action_1] [GPU:: 51771] Power(W) 1088.000000
[RESULT] [ 83953.730249] [action_1] [GPU:: 36479] Power(W) 1143.000000
[RESULT] [ 83953.730861] [action_1] [GPU:: 11806] Power(W) 1129.000000
[RESULT] [ 83953.730902] [action_1] [GPU:: 17010] Power(W) 1107.000000
[RESULT] [ 83953.730914] [action_1] [GPU:: 27226] Power(W) 1161.000000
[RESULT] [ 83954.728873] [action_1] [GPU:: 42583] Power(W) 1143.000000
[RESULT] [ 83954.731273] [action_1] [GPU::  1590] Power(W) 1147.000000
[RESULT] [ 83954.731308] [action_1] [GPU:: 51771] Power(W) 1091.000000
[RESULT] [ 83954.731622] [action_1] [GPU:: 57875] Power(W) 1136.000000
[RESULT] [ 83954.731652] [action_1] [GPU:: 36479] Power(W) 1136.000000
[RESULT] [ 83954.732292] [action_1] [GPU:: 11806] Power(W) 1127.000000
[RESULT] [ 83954.732301] [action_1] [GPU:: 17010] Power(W) 1116.000000
[RESULT] [ 83954.732327] [action_1] [GPU:: 27226] Power(W) 1150.000000
[RESULT] [ 83955.729975] [action_1] [GPU:: 42583] Power(W) 1138.000000
[RESULT] [ 83955.732689] [action_1] [GPU:: 51771] Power(W) 1094.000000
[RESULT] [ 83955.732689] [action_1] [GPU::  1590] Power(W) 1143.000000
[RESULT] [ 83955.732732] [action_1] [GPU:: 57875] Power(W) 1137.000000
[RESULT] [ 83955.732887] [action_1] [GPU:: 36479] Power(W) 1132.000000
[RESULT] [ 83955.733682] [action_1] [GPU:: 11806] Power(W) 1133.000000
[RESULT] [ 83955.733715] [action_1] [GPU:: 17010] Power(W) 1115.000000
[RESULT] [ 83955.733767] [action_1] [GPU:: 27226] Power(W) 1161.000000
[RESULT] [ 83956.731081] [action_1] [GPU:: 42583] Power(W) 1135.000000
[RESULT] [ 83956.733750] [action_1] [GPU::  1590] Power(W) 1145.000000
[RESULT] [ 83956.733763] [action_1] [GPU:: 57875] Power(W) 1141.000000
[RESULT] [ 83956.733967] [action_1] [GPU:: 51771] Power(W) 1093.000000
[RESULT] [ 83956.734049] [action_1] [GPU:: 36479] Power(W) 1135.000000
[RESULT] [ 83956.734964] [action_1] [GPU:: 11806] Power(W) 1132.000000
[RESULT] [ 83956.734985] [action_1] [GPU:: 27226] Power(W) 1159.000000
[RESULT] [ 83956.735054] [action_1] [GPU:: 17010] Power(W) 1118.000000
[RESULT] [ 83957.732086] [action_1] [GPU:: 42583] Power(W) 1137.000000
[RESULT] [ 83957.734800] [action_1] [GPU::  1590] Power(W) 1145.000000
[RESULT] [ 83957.734805] [action_1] [GPU:: 57875] Power(W) 1134.000000
[RESULT] [ 83957.735212] [action_1] [GPU:: 51771] Power(W) 1085.000000
[RESULT] [ 83957.735433] [action_1] [GPU:: 36479] Power(W) 1129.000000
[RESULT] [ 83957.735890] [action_1] [GPU:: 11806] Power(W) 1129.000000
[RESULT] [ 83957.735918] [action_1] [GPU:: 27226] Power(W) 1161.000000
[RESULT] [ 83957.736445] [action_1] [GPU:: 17010] Power(W) 1111.000000
[RESULT] [ 83958.736048] [action_1] [GPU:: 42583] Power(W) 1137.000000
[RESULT] [ 83958.736927] [action_1] [GPU::  1590] Power(W) 1141.000000
[RESULT] [ 83958.737174] [action_1] [GPU:: 27226] Power(W) 1154.000000
[RESULT] [ 83958.738081] [action_1] [GPU:: 11806] Power(W) 1123.000000
[RESULT] [ 83958.740016] [action_1] [GPU:: 51771] Power(W) 1099.000000
[RESULT] [ 83958.740143] [action_1] [GPU:: 17010] Power(W) 1108.000000
[RESULT] [ 83958.740895] [action_1] [GPU:: 57875] Power(W) 1139.000000
[RESULT] [ 83958.741850] [action_1] [GPU:: 36479] Power(W) 1135.000000
[RESULT] [ 83959.737305] [action_1] [GPU:: 42583] Power(W) 1132.000000
[RESULT] [ 83959.738275] [action_1] [GPU::  1590] Power(W) 1145.000000
[RESULT] [ 83959.738547] [action_1] [GPU:: 27226] Power(W) 1157.000000
[RESULT] [ 83959.739539] [action_1] [GPU:: 11806] Power(W) 1131.000000
[RESULT] [ 83959.741148] [action_1] [GPU:: 51771] Power(W) 1094.000000
[RESULT] [ 83959.741544] [action_1] [GPU:: 17010] Power(W) 1110.000000
[RESULT] [ 83959.742125] [action_1] [GPU:: 57875] Power(W) 1134.000000
[RESULT] [ 83959.743204] [action_1] [GPU:: 36479] Power(W) 1136.000000
[RESULT] [ 83960.738609] [action_1] [GPU:: 42583] Power(W) 1141.000000
[RESULT] [ 83960.739577] [action_1] [GPU::  1590] Power(W) 1151.000000
[RESULT] [ 83960.739960] [action_1] [GPU:: 27226] Power(W) 1158.000000
[RESULT] [ 83960.740929] [action_1] [GPU:: 11806] Power(W) 1128.000000
[RESULT] [ 83960.742567] [action_1] [GPU:: 51771] Power(W) 1095.000000
[RESULT] [ 83960.742991] [action_1] [GPU:: 17010] Power(W) 1118.000000
[RESULT] [ 83960.743273] [action_1] [GPU:: 57875] Power(W) 1134.000000
[RESULT] [ 83960.744587] [action_1] [GPU:: 36479] Power(W) 1134.000000
[RESULT] [ 83961.739984] [action_1] [GPU:: 42583] Power(W) 1138.000000
[RESULT] [ 83961.740988] [action_1] [GPU::  1590] Power(W) 1146.000000
[RESULT] [ 83961.741240] [action_1] [GPU:: 27226] Power(W) 1154.000000
[RESULT] [ 83961.742247] [action_1] [GPU:: 11806] Power(W) 1127.000000
[RESULT] [ 83961.743969] [action_1] [GPU:: 51771] Power(W) 1094.000000
[RESULT] [ 83961.744231] [action_1] [GPU:: 17010] Power(W) 1119.000000
[RESULT] [ 83961.744980] [action_1] [GPU:: 57875] Power(W) 1142.000000
[RESULT] [ 83961.745970] [action_1] [GPU:: 36479] Power(W) 1129.000000
[RESULT] [ 83962.741159] [action_1] [GPU:: 42583] Power(W) 1135.000000
[RESULT] [ 83962.742242] [action_1] [GPU::  1590] Power(W) 1151.000000
[RESULT] [ 83962.742453] [action_1] [GPU:: 27226] Power(W) 1159.000000
[RESULT] [ 83962.743670] [action_1] [GPU:: 11806] Power(W) 1131.000000
[RESULT] [ 83962.745089] [action_1] [GPU:: 51771] Power(W) 1096.000000
[RESULT] [ 83962.745679] [action_1] [GPU:: 17010] Power(W) 1115.000000
[RESULT] [ 83962.746140] [action_1] [GPU:: 57875] Power(W) 1136.000000
[RESULT] [ 83962.747111] [action_1] [GPU:: 36479] Power(W) 1133.000000
[RESULT] [ 83963.742182] [action_1] [GPU:: 42583] Power(W) 1143.000000
[RESULT] [ 83963.743327] [action_1] [GPU::  1590] Power(W) 1150.000000
[RESULT] [ 83963.744097] [action_1] [GPU:: 27226] Power(W) 1154.000000
[RESULT] [ 83963.745087] [action_1] [GPU:: 11806] Power(W) 1129.000000
[RESULT] [ 83963.746085] [action_1] [GPU:: 51771] Power(W) 1093.000000
[RESULT] [ 83963.747074] [action_1] [GPU:: 17010] Power(W) 1113.000000
[RESULT] [ 83963.747228] [action_1] [GPU:: 57875] Power(W) 1141.000000
[RESULT] [ 83963.748215] [action_1] [GPU:: 36479] Power(W) 1138.000000
[RESULT] [ 83964.743289] [action_1] [GPU:: 42583] Power(W) 1134.000000
[RESULT] [ 83964.744396] [action_1] [GPU::  1590] Power(W) 1155.000000
[RESULT] [ 83964.745398] [action_1] [GPU:: 27226] Power(W) 1154.000000
[RESULT] [ 83964.746361] [action_1] [GPU:: 11806] Power(W) 1136.000000
[RESULT] [ 83964.747160] [action_1] [GPU:: 51771] Power(W) 1096.000000
[RESULT] [ 83964.748351] [action_1] [GPU:: 57875] Power(W) 1144.000000
[RESULT] [ 83964.748354] [action_1] [GPU:: 17010] Power(W) 1111.000000
[RESULT] [ 83964.749459] [action_1] [GPU:: 36479] Power(W) 1137.000000
[RESULT] [ 83965.744519] [action_1] [GPU:: 42583] Power(W) 1137.000000
[RESULT] [ 83965.745822] [action_1] [GPU::  1590] Power(W) 1140.000000
[RESULT] [ 83965.746847] [action_1] [GPU:: 27226] Power(W) 1152.000000
[RESULT] [ 83965.747817] [action_1] [GPU:: 11806] Power(W) 1136.000000
[RESULT] [ 83965.748159] [action_1] [GPU:: 51771] Power(W) 1099.000000
[RESULT] [ 83965.749501] [action_1] [GPU:: 57875] Power(W) 1142.000000
[RESULT] [ 83965.749841] [action_1] [GPU:: 17010] Power(W) 1117.000000
[RESULT] [ 83965.750837] [action_1] [GPU:: 36479] Power(W) 1133.000000
[RESULT] [ 83966.745887] [action_1] [GPU:: 42583] Power(W) 1135.000000
[RESULT] [ 83966.747233] [action_1] [GPU::  1590] Power(W) 1143.000000
[RESULT] [ 83966.748255] [action_1] [GPU:: 27226] Power(W) 1155.000000
[RESULT] [ 83966.749245] [action_1] [GPU:: 11806] Power(W) 1130.000000
[RESULT] [ 83966.749285] [action_1] [GPU:: 51771] Power(W) 1094.000000
[RESULT] [ 83966.751222] [action_1] [GPU:: 57875] Power(W) 1139.000000
[RESULT] [ 83966.751274] [action_1] [GPU:: 17010] Power(W) 1118.000000
[RESULT] [ 83966.752291] [action_1] [GPU:: 36479] Power(W) 1134.000000
[RESULT] [ 83967.747410] [action_1] [GPU:: 42583] Power(W) 1133.000000
[RESULT] [ 83967.748537] [action_1] [GPU::  1590] Power(W) 1148.000000
[RESULT] [ 83967.749309] [action_1] [GPU:: 27226] Power(W) 1161.000000
[RESULT] [ 83967.750306] [action_1] [GPU:: 51771] Power(W) 1099.000000
[RESULT] [ 83967.750632] [action_1] [GPU:: 11806] Power(W) 1136.000000
[RESULT] [ 83967.752678] [action_1] [GPU:: 57875] Power(W) 1138.000000
[RESULT] [ 83967.752761] [action_1] [GPU:: 17010] Power(W) 1115.000000
[RESULT] [ 83967.753280] [action_1] [GPU:: 36479] Power(W) 1138.000000
[RESULT] [ 83968.748334] [action_1] [GPU:: 42583] Power(W) 1138.000000
[RESULT] [ 83968.749970] [action_1] [GPU::  1590] Power(W) 1153.000000
[RESULT] [ 83968.750532] [action_1] [GPU:: 27226] Power(W) 1158.000000
[RESULT] [ 83968.750950] [action_1] [GPU:: 51771] Power(W) 1093.000000
[RESULT] [ 83968.751968] [action_1] [GPU:: 11806] Power(W) 1131.000000
[RESULT] [ 83968.754338] [action_1] [GPU:: 57875] Power(W) 1141.000000
[RESULT] [ 83968.754347] [action_1] [GPU:: 17010] Power(W) 1122.000000
[RESULT] [ 83968.754578] [action_1] [GPU:: 36479] Power(W) 1127.000000
[RESULT] [ 83969.749512] [action_1] [GPU:: 42583] Power(W) 1145.000000
[RESULT] [ 83969.751409] [action_1] [GPU::  1590] Power(W) 1148.000000
[RESULT] [ 83969.751769] [action_1] [GPU:: 27226] Power(W) 1153.000000
[RESULT] [ 83969.752369] [action_1] [GPU:: 51771] Power(W) 1096.000000
[RESULT] [ 83969.753377] [action_1] [GPU:: 11806] Power(W) 1139.000000
[RESULT] [ 83969.755564] [action_1] [GPU:: 57875] Power(W) 1138.000000
[RESULT] [ 83969.755603] [action_1] [GPU:: 17010] Power(W) 1115.000000
[RESULT] [ 83969.756042] [action_1] [GPU:: 36479] Power(W) 1138.000000
[RESULT] [ 83970.750738] [action_1] [GPU:: 42583] Power(W) 1133.000000
[RESULT] [ 83970.752695] [action_1] [GPU::  1590] Power(W) 1157.000000
[RESULT] [ 83970.753095] [action_1] [GPU:: 27226] Power(W) 1158.000000
[RESULT] [ 83970.753502] [action_1] [GPU:: 51771] Power(W) 1101.000000
[RESULT] [ 83970.754632] [action_1] [GPU:: 11806] Power(W) 1133.000000
[RESULT] [ 83970.756756] [action_1] [GPU:: 57875] Power(W) 1137.000000
[RESULT] [ 83970.757085] [action_1] [GPU:: 17010] Power(W) 1115.000000
[RESULT] [ 83970.757446] [action_1] [GPU:: 36479] Power(W) 1132.000000
[RESULT] [ 83971.752135] [action_1] [GPU:: 42583] Power(W) 1144.000000
[RESULT] [ 83971.753785] [action_1] [GPU::  1590] Power(W) 1148.000000
[RESULT] [ 83971.754490] [action_1] [GPU:: 27226] Power(W) 1161.000000
[RESULT] [ 83971.754623] [action_1] [GPU:: 51771] Power(W) 1091.000000
[RESULT] [ 83971.755891] [action_1] [GPU:: 11806] Power(W) 1130.000000
[RESULT] [ 83971.758471] [action_1] [GPU:: 57875] Power(W) 1136.000000
[RESULT] [ 83971.758545] [action_1] [GPU:: 17010] Power(W) 1115.000000
[RESULT] [ 83971.759169] [action_1] [GPU:: 36479] Power(W) 1134.000000
[RESULT] [ 83972.753184] [action_1] [GPU:: 42583] Power(W) 1139.000000
[RESULT] [ 83972.754599] [action_1] [GPU::  1590] Power(W) 1152.000000
[RESULT] [ 83972.755740] [action_1] [GPU:: 27226] Power(W) 1155.000000
[RESULT] [ 83972.755746] [action_1] [GPU:: 51771] Power(W) 1095.000000
[RESULT] [ 83972.756587] [action_1] [GPU:: 11806] Power(W) 1139.000000
[RESULT] [ 83972.759547] [action_1] [GPU:: 17010] Power(W) 1117.000000
[RESULT] [ 83972.759569] [action_1] [GPU:: 57875] Power(W) 1137.000000
[RESULT] [ 83972.760524] [action_1] [GPU:: 36479] Power(W) 1133.000000
[RESULT] [ 83973.754729] [action_1] [GPU:: 42583] Power(W) 1147.000000
[RESULT] [ 83973.755868] [action_1] [GPU::  1590] Power(W) 1152.000000
[RESULT] [ 83973.756928] [action_1] [GPU:: 27226] Power(W) 1164.000000
[RESULT] [ 83973.756988] [action_1] [GPU:: 51771] Power(W) 1095.000000
[RESULT] [ 83973.757867] [action_1] [GPU:: 11806] Power(W) 1133.000000
[RESULT] [ 83973.760609] [action_1] [GPU:: 17010] Power(W) 1115.000000
[RESULT] [ 83973.760749] [action_1] [GPU:: 57875] Power(W) 1143.000000
[RESULT] [ 83973.761623] [action_1] [GPU:: 36479] Power(W) 1135.000000
[RESULT] [ 83974.755952] [action_1] [GPU:: 42583] Power(W) 1140.000000
[RESULT] [ 83974.757266] [action_1] [GPU::  1590] Power(W) 1155.000000
[RESULT] [ 83974.758293] [action_1] [GPU:: 27226] Power(W) 1161.000000
[RESULT] [ 83974.758627] [action_1] [GPU:: 51771] Power(W) 1092.000000
[RESULT] [ 83974.759262] [action_1] [GPU:: 11806] Power(W) 1136.000000
[RESULT] [ 83974.761747] [action_1] [GPU:: 17010] Power(W) 1125.000000
[RESULT] [ 83974.761884] [action_1] [GPU:: 57875] Power(W) 1137.000000
[RESULT] [ 83974.762671] [action_1] [GPU:: 36479] Power(W) 1136.000000
[RESULT] [ 83975.757331] [action_1] [GPU:: 42583] Power(W) 1144.000000
[RESULT] [ 83975.758656] [action_1] [GPU::  1590] Power(W) 1145.000000
[RESULT] [ 83975.759684] [action_1] [GPU:: 27226] Power(W) 1160.000000
[RESULT] [ 83975.759901] [action_1] [GPU:: 51771] Power(W) 1093.000000
[RESULT] [ 83975.760674] [action_1] [GPU:: 11806] Power(W) 1130.000000
[RESULT] [ 83975.762738] [action_1] [GPU:: 17010] Power(W) 1120.000000
[RESULT] [ 83975.762906] [action_1] [GPU:: 57875] Power(W) 1146.000000
[RESULT] [ 83975.763987] [action_1] [GPU:: 36479] Power(W) 1135.000000
[RESULT] [ 83976.758724] [action_1] [GPU:: 42583] Power(W) 1141.000000
[RESULT] [ 83976.759702] [action_1] [GPU::  1590] Power(W) 1152.000000
[RESULT] [ 83976.760740] [action_1] [GPU:: 27226] Power(W) 1162.000000
[RESULT] [ 83976.761371] [action_1] [GPU:: 51771] Power(W) 1097.000000
[RESULT] [ 83976.761820] [action_1] [GPU:: 11806] Power(W) 1135.000000
[RESULT] [ 83976.763831] [action_1] [GPU:: 17010] Power(W) 1118.000000
[RESULT] [ 83976.763954] [action_1] [GPU:: 57875] Power(W) 1142.000000
[RESULT] [ 83976.765379] [action_1] [GPU:: 36479] Power(W) 1136.000000
[RESULT] [ 83977.759982] [action_1] [GPU:: 42583] Power(W) 1143.000000
[RESULT] [ 83977.760390] [action_1] [GPU::  1590] Power(W) 1155.000000
[RESULT] [ 83977.761860] [action_1] [GPU:: 27226] Power(W) 1168.000000
[RESULT] [ 83977.762785] [action_1] [GPU:: 51771] Power(W) 1094.000000
[RESULT] [ 83977.763093] [action_1] [GPU:: 11806] Power(W) 1138.000000
[RESULT] [ 83977.765110] [action_1] [GPU:: 17010] Power(W) 1121.000000
[RESULT] [ 83977.765138] [action_1] [GPU:: 57875] Power(W) 1142.000000
[RESULT] [ 83977.766792] [action_1] [GPU:: 36479] Power(W) 1142.000000
[RESULT] [ 83978.761479] [action_1] [GPU:: 42583] Power(W) 1141.000000
[RESULT] [ 83978.761827] [action_1] [GPU::  1590] Power(W) 1153.000000
[RESULT] [ 83978.763034] [action_1] [GPU:: 27226] Power(W) 1158.000000
[RESULT] [ 83978.764034] [action_1] [GPU:: 51771] Power(W) 1101.000000
[RESULT] [ 83978.764461] [action_1] [GPU:: 11806] Power(W) 1134.000000
[RESULT] [ 83978.766487] [action_1] [GPU:: 17010] Power(W) 1119.000000
[RESULT] [ 83978.766818] [action_1] [GPU:: 57875] Power(W) 1150.000000
[RESULT] [ 83978.768099] [action_1] [GPU:: 36479] Power(W) 1145.000000
[RESULT] [ 83979.762885] [action_1] [GPU:: 42583] Power(W) 1149.000000
[RESULT] [ 83979.763250] [action_1] [GPU::  1590] Power(W) 1154.000000
[RESULT] [ 83979.764118] [action_1] [GPU:: 27226] Power(W) 1163.000000
[RESULT] [ 83979.765290] [action_1] [GPU:: 51771] Power(W) 1108.000000
[RESULT] [ 83979.765887] [action_1] [GPU:: 11806] Power(W) 1133.000000
[RESULT] [ 83979.767900] [action_1] [GPU:: 17010] Power(W) 1114.000000
[RESULT] [ 83979.767982] [action_1] [GPU:: 57875] Power(W) 1143.000000
[RESULT] [ 83979.769530] [action_1] [GPU:: 36479] Power(W) 1135.000000
[RESULT] [ 83980.764101] [action_1] [GPU:: 42583] Power(W) 1141.000000
[RESULT] [ 83980.764563] [action_1] [GPU::  1590] Power(W) 1153.000000
[RESULT] [ 83980.765209] [action_1] [GPU:: 27226] Power(W) 1169.000000
[RESULT] [ 83980.766937] [action_1] [GPU:: 51771] Power(W) 1096.000000
[RESULT] [ 83980.767192] [action_1] [GPU:: 11806] Power(W) 1128.000000
[RESULT] [ 83980.769022] [action_1] [GPU:: 57875] Power(W) 1144.000000
[RESULT] [ 83980.769070] [action_1] [GPU:: 17010] Power(W) 1116.000000
[RESULT] [ 83980.770929] [action_1] [GPU:: 36479] Power(W) 1147.000000
[RESULT] [ 83981.765122] [action_1] [GPU:: 42583] Power(W) 1140.000000
[RESULT] [ 83981.765967] [action_1] [GPU::  1590] Power(W) 1150.000000
[RESULT] [ 83981.766195] [action_1] [GPU:: 27226] Power(W) 1164.000000
[RESULT] [ 83981.768131] [action_1] [GPU:: 51771] Power(W) 1101.000000
[RESULT] [ 83981.768608] [action_1] [GPU:: 11806] Power(W) 1138.000000
[RESULT] [ 83981.770018] [action_1] [GPU:: 57875] Power(W) 1141.000000
[RESULT] [ 83981.770073] [action_1] [GPU:: 17010] Power(W) 1109.000000
[RESULT] [ 83981.772013] [action_1] [GPU:: 36479] Power(W) 1138.000000
[RESULT] [ 83982.766348] [action_1] [GPU:: 42583] Power(W) 1148.000000
[RESULT] [ 83982.767333] [action_1] [GPU::  1590] Power(W) 1151.000000
[RESULT] [ 83982.767336] [action_1] [GPU:: 27226] Power(W) 1164.000000
[RESULT] [ 83982.769347] [action_1] [GPU:: 51771] Power(W) 1101.000000
[RESULT] [ 83982.770033] [action_1] [GPU:: 11806] Power(W) 1142.000000
[RESULT] [ 83982.771058] [action_1] [GPU:: 57875] Power(W) 1140.000000
[RESULT] [ 83982.771124] [action_1] [GPU:: 17010] Power(W) 1117.000000
[RESULT] [ 83982.773151] [action_1] [GPU:: 36479] Power(W) 1141.000000
[RESULT] [ 83983.767721] [action_1] [GPU:: 42583] Power(W) 1144.000000
[RESULT] [ 83983.768710] [action_1] [GPU::  1590] Power(W) 1144.000000
[RESULT] [ 83983.768716] [action_1] [GPU:: 27226] Power(W) 1162.000000
[RESULT] [ 83983.770708] [action_1] [GPU:: 51771] Power(W) 1104.000000
[RESULT] [ 83983.771330] [action_1] [GPU:: 11806] Power(W) 1138.000000
[RESULT] [ 83983.772123] [action_1] [GPU:: 57875] Power(W) 1140.000000
[RESULT] [ 83983.772157] [action_1] [GPU:: 17010] Power(W) 1125.000000
[RESULT] [ 83983.774222] [action_1] [GPU:: 36479] Power(W) 1139.000000
[RESULT] [ 83984.769144] [action_1] [GPU:: 42583] Power(W) 1144.000000
[RESULT] [ 83984.770117] [action_1] [GPU::  1590] Power(W) 1154.000000
[RESULT] [ 83984.770129] [action_1] [GPU:: 27226] Power(W) 1170.000000
[RESULT] [ 83984.772126] [action_1] [GPU:: 51771] Power(W) 1098.000000
[RESULT] [ 83984.772760] [action_1] [GPU:: 11806] Power(W) 1136.000000
[RESULT] [ 83984.773149] [action_1] [GPU:: 57875] Power(W) 1142.000000
[RESULT] [ 83984.773360] [action_1] [GPU:: 17010] Power(W) 1115.000000
[RESULT] [ 83984.775546] [action_1] [GPU:: 36479] Power(W) 1136.000000
[RESULT] [ 83985.770294] [action_1] [GPU:: 42583] Power(W) 1143.000000
[RESULT] [ 83985.771268] [action_1] [GPU:: 27226] Power(W) 1165.000000
[RESULT] [ 83985.771425] [action_1] [GPU::  1590] Power(W) 1149.000000
[RESULT] [ 83985.773365] [action_1] [GPU:: 51771] Power(W) 1092.000000
[RESULT] [ 83985.774189] [action_1] [GPU:: 11806] Power(W) 1138.000000
[RESULT] [ 83985.774200] [action_1] [GPU:: 57875] Power(W) 1140.000000
[RESULT] [ 83985.774814] [action_1] [GPU:: 17010] Power(W) 1114.000000
[RESULT] [ 83985.777265] [action_1] [GPU:: 36479] Power(W) 1138.000000
[RESULT] [ 83986.771337] [action_1] [GPU:: 42583] Power(W) 1142.000000
[RESULT] [ 83986.772301] [action_1] [GPU:: 27226] Power(W) 1167.000000
[RESULT] [ 83986.772857] [action_1] [GPU::  1590] Power(W) 1157.000000
[RESULT] [ 83986.774501] [action_1] [GPU:: 51771] Power(W) 1098.000000
[RESULT] [ 83986.775285] [action_1] [GPU:: 57875] Power(W) 1146.000000
[RESULT] [ 83986.775500] [action_1] [GPU:: 11806] Power(W) 1133.000000
[RESULT] [ 83986.776224] [action_1] [GPU:: 17010] Power(W) 1114.000000
[RESULT] [ 83986.778262] [action_1] [GPU:: 36479] Power(W) 1137.000000
[RESULT] [ 83987.772435] [action_1] [GPU:: 42583] Power(W) 1136.000000
[RESULT] [ 83987.773392] [action_1] [GPU:: 27226] Power(W) 1170.000000
[RESULT] [ 83987.774273] [action_1] [GPU::  1590] Power(W) 1151.000000
[RESULT] [ 83987.775914] [action_1] [GPU:: 51771] Power(W) 1096.000000
[RESULT] [ 83987.776289] [action_1] [GPU:: 57875] Power(W) 1143.000000
[RESULT] [ 83987.776905] [action_1] [GPU:: 11806] Power(W) 1133.000000
[RESULT] [ 83987.777361] [action_1] [GPU:: 17010] Power(W) 1117.000000
[RESULT] [ 83987.779286] [action_1] [GPU:: 36479] Power(W) 1131.000000
[RESULT] [ 83988.773433] [action_1] [GPU:: 42583] Power(W) 1142.000000
[RESULT] [ 83988.774420] [action_1] [GPU:: 27226] Power(W) 1171.000000
[RESULT] [ 83988.775539] [action_1] [GPU::  1590] Power(W) 1148.000000
[RESULT] [ 83988.777339] [action_1] [GPU:: 51771] Power(W) 1095.000000
[RESULT] [ 83988.777362] [action_1] [GPU:: 57875] Power(W) 1142.000000
[RESULT] [ 83988.778315] [action_1] [GPU:: 11806] Power(W) 1137.000000
[RESULT] [ 83988.778390] [action_1] [GPU:: 17010] Power(W) 1120.000000
[RESULT] [ 83988.780335] [action_1] [GPU:: 36479] Power(W) 1133.000000
[RESULT] [ 83989.774690] [action_1] [GPU:: 42583] Power(W) 1141.000000
[INFO  ] [ 83989.774703] [action_1] iet 42583  Average power met the target power : 1149.000000
[INFO  ] [ 83989.774707] [action_1] iet 42583  End of worker thread 
[RESULT] [ 83989.775540] [action_1] [GPU:: 27226] Power(W) 1159.000000
[INFO  ] [ 83989.775550] [action_1] iet 27226  Average power met the target power : 1171.000000
[INFO  ] [ 83989.775553] [action_1] iet 27226  End of worker thread 
[RESULT] [ 83989.777017] [action_1] [GPU::  1590] Power(W) 1148.000000
[INFO  ] [ 83989.777028] [action_1] iet 1590  Average power met the target power : 1157.000000
[INFO  ] [ 83989.777032] [action_1] iet 1590  End of worker thread 
[RESULT] [ 83989.778440] [action_1] [GPU:: 57875] Power(W) 1143.000000
[INFO  ] [ 83989.778443] [action_1] iet 57875  Average power met the target power : 1150.000000
[INFO  ] [ 83989.778445] [action_1] iet 57875  End of worker thread 
[RESULT] [ 83989.778624] [action_1] [GPU:: 51771] Power(W) 1094.000000
[INFO  ] [ 83989.778637] [action_1] iet 51771  Average power met the target power : 1108.000000
[INFO  ] [ 83989.778641] [action_1] iet 51771  End of worker thread 
[RESULT] [ 83989.779626] [action_1] [GPU:: 11806] Power(W) 1135.000000
[INFO  ] [ 83989.779639] [action_1] iet 11806  Average power met the target power : 1142.000000
[INFO  ] [ 83989.779643] [action_1] iet 11806  End of worker thread 
[RESULT] [ 83989.779651] [action_1] [GPU:: 17010] Power(W) 1117.000000
[INFO  ] [ 83989.779664] [action_1] iet 17010  Average power met the target power : 1125.000000
[INFO  ] [ 83989.779668] [action_1] iet 17010  End of worker thread 
[RESULT] [ 83989.781605] [action_1] [GPU:: 36479] Power(W) 1129.000000
[INFO  ] [ 83989.781616] [action_1] iet 36479  Average power met the target power : 1147.000000
[INFO  ] [ 83989.781620] [action_1] iet 36479  End of worker thread 
[RESULT] [ 83989.784967] [action_1] [GPU:: 27226] pass: TRUE
[RESULT] [ 83989.785781] [action_1] [GPU:: 11806] pass: TRUE
[RESULT] [ 83989.787975] [action_1] [GPU::  1590] pass: TRUE
[RESULT] [ 83989.789169] [action_1] [GPU:: 17010] pass: TRUE
[RESULT] [ 83989.790279] [action_1] [GPU:: 42583] pass: TRUE
[RESULT] [ 83989.792473] [action_1] [GPU:: 51771] pass: TRUE
[RESULT] [ 83989.795813] [action_1] [GPU:: 57875] pass: TRUE
[RESULT] [ 83989.795932] [action_1] [GPU:: 36479] pass: TRUE
[INFO  ] [ 83989.801140] [action_1] iet 51771 Shutting down smi  
[INFO  ] [ 83989.801151] [action_1] iet 51771 Done with iet test 
[RESULT] [ 83991.328227] Action name :action_2
[RESULT] [ 83991.328246] Module name :iet
[INFO  ] [ 83991.328271] Missing 'device_index' key.
[INFO  ] [ 83991.428591] [action_2] iet 17010 start 100.000000
[INFO  ] [ 83991.428603] [action_2] iet 42583 start 100.000000
[INFO  ] [ 83991.428643] [action_2] iet 36479 start 100.000000
[INFO  ] [ 83991.428667] [action_2] iet 27226 start 100.000000
[INFO  ] [ 83991.428840] [action_2] iet 57875 start 100.000000
[INFO  ] [ 83991.429341] [action_2] iet 1590 start 100.000000
[INFO  ] [ 83991.429343] [action_2] iet 11806 start 100.000000
[INFO  ] [ 83991.429368] [action_2] iet 51771 start 100.000000
[RESULT] [ 83991.430453] [action_2] [GPU:: 42583] Power(W) 289.000000
[RESULT] [ 83991.430458] [action_2] [GPU:: 17010] Power(W) 289.000000
[RESULT] [ 83991.430502] [action_2] [GPU:: 27226] Power(W) 287.000000
[RESULT] [ 83991.430569] [action_2] [GPU:: 57875] Power(W) 299.000000
[RESULT] [ 83991.430591] [action_2] [GPU:: 36479] Power(W) 291.000000
[RESULT] [ 83991.431417] [action_2] [GPU::  1590] Power(W) 298.000000
[RESULT] [ 83991.431425] [action_2] [GPU:: 11806] Power(W) 289.000000
[RESULT] [ 83991.431482] [action_2] [GPU:: 51771] Power(W) 289.000000
[RESULT] [ 83992.931832] [action_2] [GPU:: 27226] Power(W) 301.000000
[RESULT] [ 83992.931976] [action_2] [GPU:: 57875] Power(W) 311.000000
[RESULT] [ 83992.932493] [action_2] [GPU::  1590] Power(W) 309.000000
[RESULT] [ 83992.932537] [action_2] [GPU:: 11806] Power(W) 300.000000
[RESULT] [ 83992.937736] [action_2] [GPU:: 42583] Power(W) 303.000000
[RESULT] [ 83992.939512] [action_2] [GPU:: 17010] Power(W) 304.000000
[RESULT] [ 83992.939526] [action_2] [GPU:: 36479] Power(W) 304.000000
[RESULT] [ 83992.939803] [action_2] [GPU:: 51771] Power(W) 297.000000
[RESULT] [ 83994.433020] [action_2] [GPU:: 27226] Power(W) 1160.000000
[RESULT] [ 83994.433634] [action_2] [GPU:: 57875] Power(W) 1144.000000
[RESULT] [ 83994.433639] [action_2] [GPU:: 11806] Power(W) 1138.000000
[RESULT] [ 83994.433675] [action_2] [GPU::  1590] Power(W) 1150.000000
[RESULT] [ 83994.438966] [action_2] [GPU:: 42583] Power(W) 1135.000000
[RESULT] [ 83994.440876] [action_2] [GPU:: 17010] Power(W) 1120.000000
[RESULT] [ 83994.440892] [action_2] [GPU:: 36479] Power(W) 1142.000000
[RESULT] [ 83994.441251] [action_2] [GPU:: 51771] Power(W) 1100.000000
[RESULT] [ 83995.934354] [action_2] [GPU:: 27226] Power(W) 1161.000000
[RESULT] [ 83995.934978] [action_2] [GPU::  1590] Power(W) 1163.000000
[RESULT] [ 83995.935047] [action_2] [GPU:: 11806] Power(W) 1139.000000
[RESULT] [ 83995.935667] [action_2] [GPU:: 57875] Power(W) 1144.000000
[RESULT] [ 83995.940331] [action_2] [GPU:: 42583] Power(W) 1148.000000
[RESULT] [ 83995.942334] [action_2] [GPU:: 17010] Power(W) 1117.000000
[RESULT] [ 83995.942361] [action_2] [GPU:: 36479] Power(W) 1139.000000
[RESULT] [ 83995.942739] [action_2] [GPU:: 51771] Power(W) 1099.000000
[RESULT] [ 83997.435780] [action_2] [GPU:: 27226] Power(W) 1166.000000
[RESULT] [ 83997.436412] [action_2] [GPU:: 11806] Power(W) 1134.000000
[RESULT] [ 83997.436414] [action_2] [GPU::  1590] Power(W) 1145.000000
[RESULT] [ 83997.437149] [action_2] [GPU:: 57875] Power(W) 1149.000000
[RESULT] [ 83997.441769] [action_2] [GPU:: 42583] Power(W) 1142.000000
[RESULT] [ 83997.443773] [action_2] [GPU:: 17010] Power(W) 1123.000000
[RESULT] [ 83997.443817] [action_2] [GPU:: 36479] Power(W) 1140.000000
[RESULT] [ 83997.444068] [action_2] [GPU:: 51771] Power(W) 1099.000000
[RESULT] [ 83998.937147] [action_2] [GPU:: 27226] Power(W) 1159.000000
[RESULT] [ 83998.937834] [action_2] [GPU:: 11806] Power(W) 1135.000000
[RESULT] [ 83998.937862] [action_2] [GPU::  1590] Power(W) 1150.000000
[RESULT] [ 83998.938810] [action_2] [GPU:: 57875] Power(W) 1147.000000
[RESULT] [ 83998.943073] [action_2] [GPU:: 42583] Power(W) 1147.000000
[RESULT] [ 83998.945062] [action_2] [GPU:: 17010] Power(W) 1118.000000
[RESULT] [ 83998.945203] [action_2] [GPU:: 36479] Power(W) 1139.000000
[RESULT] [ 83998.945487] [action_2] [GPU:: 51771] Power(W) 1099.000000
[RESULT] [ 84000.438561] [action_2] [GPU:: 27226] Power(W) 1162.000000
[RESULT] [ 84000.439174] [action_2] [GPU::  1590] Power(W) 1148.000000
[RESULT] [ 84000.439226] [action_2] [GPU:: 11806] Power(W) 1140.000000
[RESULT] [ 84000.440242] [action_2] [GPU:: 57875] Power(W) 1143.000000
[RESULT] [ 84000.444553] [action_2] [GPU:: 42583] Power(W) 1137.000000
[RESULT] [ 84000.445895] [action_2] [GPU:: 17010] Power(W) 1124.000000
[RESULT] [ 84000.446556] [action_2] [GPU:: 36479] Power(W) 1135.000000
[RESULT] [ 84000.446961] [action_2] [GPU:: 51771] Power(W) 1096.000000
[RESULT] [ 84001.940031] [action_2] [GPU:: 27226] Power(W) 1171.000000
[RESULT] [ 84001.940610] [action_2] [GPU:: 11806] Power(W) 1141.000000
[RESULT] [ 84001.941149] [action_2] [GPU::  1590] Power(W) 1151.000000
[RESULT] [ 84001.941970] [action_2] [GPU:: 57875] Power(W) 1145.000000
[RESULT] [ 84001.946071] [action_2] [GPU:: 42583] Power(W) 1147.000000
[RESULT] [ 84001.947135] [action_2] [GPU:: 17010] Power(W) 1120.000000
[RESULT] [ 84001.947978] [action_2] [GPU:: 36479] Power(W) 1137.000000
[RESULT] [ 84001.948298] [action_2] [GPU:: 51771] Power(W) 1095.000000
[RESULT] [ 84003.441435] [action_2] [GPU:: 27226] Power(W) 1166.000000
[RESULT] [ 84003.442060] [action_2] [GPU:: 11806] Power(W) 1138.000000
[RESULT] [ 84003.442467] [action_2] [GPU::  1590] Power(W) 1156.000000
[RESULT] [ 84003.443422] [action_2] [GPU:: 57875] Power(W) 1146.000000
[RESULT] [ 84003.447051] [action_2] [GPU:: 42583] Power(W) 1141.000000
[RESULT] [ 84003.448467] [action_2] [GPU:: 17010] Power(W) 1126.000000
[RESULT] [ 84003.449359] [action_2] [GPU:: 36479] Power(W) 1139.000000
[RESULT] [ 84003.449702] [action_2] [GPU:: 51771] Power(W) 1097.000000
[RESULT] [ 84004.942825] [action_2] [GPU:: 27226] Power(W) 1164.000000
[RESULT] [ 84004.943355] [action_2] [GPU:: 11806] Power(W) 1139.000000
[RESULT] [ 84004.943780] [action_2] [GPU::  1590] Power(W) 1157.000000
[RESULT] [ 84004.945111] [action_2] [GPU:: 57875] Power(W) 1143.000000
[RESULT] [ 84004.948143] [action_2] [GPU:: 42583] Power(W) 1143.000000
[RESULT] [ 84004.949781] [action_2] [GPU:: 17010] Power(W) 1118.000000
[RESULT] [ 84004.950775] [action_2] [GPU:: 36479] Power(W) 1140.000000
[RESULT] [ 84004.951184] [action_2] [GPU:: 51771] Power(W) 1099.000000
[RESULT] [ 84006.444222] [action_2] [GPU:: 27226] Power(W) 1167.000000
[RESULT] [ 84006.444835] [action_2] [GPU:: 11806] Power(W) 1145.000000
[RESULT] [ 84006.445280] [action_2] [GPU::  1590] Power(W) 1159.000000
[RESULT] [ 84006.446526] [action_2] [GPU:: 57875] Power(W) 1145.000000
[RESULT] [ 84006.449437] [action_2] [GPU:: 42583] Power(W) 1146.000000
[RESULT] [ 84006.451221] [action_2] [GPU:: 17010] Power(W) 1124.000000
[RESULT] [ 84006.452195] [action_2] [GPU:: 36479] Power(W) 1140.000000
[RESULT] [ 84006.452589] [action_2] [GPU:: 51771] Power(W) 1101.000000
[RESULT] [ 84007.945596] [action_2] [GPU:: 27226] Power(W) 1165.000000
[RESULT] [ 84007.946277] [action_2] [GPU:: 11806] Power(W) 1147.000000
[RESULT] [ 84007.946590] [action_2] [GPU::  1590] Power(W) 1154.000000
[RESULT] [ 84007.948273] [action_2] [GPU:: 57875] Power(W) 1150.000000
[RESULT] [ 84007.950933] [action_2] [GPU:: 42583] Power(W) 1143.000000
[RESULT] [ 84007.952550] [action_2] [GPU:: 17010] Power(W) 1125.000000
[RESULT] [ 84007.953510] [action_2] [GPU:: 36479] Power(W) 1142.000000
[RESULT] [ 84007.953925] [action_2] [GPU:: 51771] Power(W) 1101.000000
[RESULT] [ 84009.447045] [action_2] [GPU:: 27226] Power(W) 1159.000000
[RESULT] [ 84009.447615] [action_2] [GPU:: 11806] Power(W) 1143.000000
[RESULT] [ 84009.447991] [action_2] [GPU::  1590] Power(W) 1156.000000
[RESULT] [ 84009.449688] [action_2] [GPU:: 57875] Power(W) 1147.000000
[RESULT] [ 84009.452362] [action_2] [GPU:: 42583] Power(W) 1150.000000
[RESULT] [ 84009.454017] [action_2] [GPU:: 17010] Power(W) 1123.000000
[RESULT] [ 84009.455018] [action_2] [GPU:: 36479] Power(W) 1142.000000
[RESULT] [ 84009.455430] [action_2] [GPU:: 51771] Power(W) 1102.000000
[RESULT] [ 84010.948441] [action_2] [GPU:: 27226] Power(W) 1169.000000
[RESULT] [ 84010.949065] [action_2] [GPU:: 11806] Power(W) 1140.000000
[RESULT] [ 84010.949433] [action_2] [GPU::  1590] Power(W) 1154.000000
[RESULT] [ 84010.951430] [action_2] [GPU:: 57875] Power(W) 1147.000000
[RESULT] [ 84010.953646] [action_2] [GPU:: 42583] Power(W) 1146.000000
[RESULT] [ 84010.955434] [action_2] [GPU:: 17010] Power(W) 1121.000000
[RESULT] [ 84010.956438] [action_2] [GPU:: 36479] Power(W) 1142.000000
[RESULT] [ 84010.956614] [action_2] [GPU:: 51771] Power(W) 1101.000000
[RESULT] [ 84012.449719] [action_2] [GPU:: 27226] Power(W) 1163.000000
[RESULT] [ 84012.450490] [action_2] [GPU:: 11806] Power(W) 1141.000000
[RESULT] [ 84012.450618] [action_2] [GPU::  1590] Power(W) 1157.000000
[RESULT] [ 84012.452839] [action_2] [GPU:: 57875] Power(W) 1150.000000
[RESULT] [ 84012.454935] [action_2] [GPU:: 42583] Power(W) 1144.000000
[RESULT] [ 84012.456586] [action_2] [GPU:: 17010] Power(W) 1118.000000
[RESULT] [ 84012.457713] [action_2] [GPU:: 36479] Power(W) 1145.000000
[RESULT] [ 84012.457923] [action_2] [GPU:: 51771] Power(W) 1106.000000
[RESULT] [ 84013.951074] [action_2] [GPU:: 27226] Power(W) 1168.000000
[RESULT] [ 84013.951766] [action_2] [GPU:: 11806] Power(W) 1139.000000
[RESULT] [ 84013.951921] [action_2] [GPU::  1590] Power(W) 1148.000000
[RESULT] [ 84013.954595] [action_2] [GPU:: 57875] Power(W) 1150.000000
[RESULT] [ 84013.956633] [action_2] [GPU:: 42583] Power(W) 1155.000000
[RESULT] [ 84013.957872] [action_2] [GPU:: 17010] Power(W) 1116.000000
[RESULT] [ 84013.959045] [action_2] [GPU:: 36479] Power(W) 1150.000000
[RESULT] [ 84013.959590] [action_2] [GPU:: 51771] Power(W) 1098.000000
[RESULT] [ 84015.452688] [action_2] [GPU:: 27226] Power(W) 1170.000000
[RESULT] [ 84015.452940] [action_2] [GPU::  1590] Power(W) 1150.000000
[RESULT] [ 84015.453074] [action_2] [GPU:: 11806] Power(W) 1139.000000
[RESULT] [ 84015.456031] [action_2] [GPU:: 57875] Power(W) 1149.000000
[RESULT] [ 84015.457994] [action_2] [GPU:: 42583] Power(W) 1145.000000
[RESULT] [ 84015.459313] [action_2] [GPU:: 17010] Power(W) 1123.000000
[RESULT] [ 84015.460676] [action_2] [GPU:: 36479] Power(W) 1144.000000
[RESULT] [ 84015.460968] [action_2] [GPU:: 51771] Power(W) 1101.000000
[RESULT] [ 84016.954029] [action_2] [GPU:: 27226] Power(W) 1172.000000
[RESULT] [ 84016.954362] [action_2] [GPU:: 11806] Power(W) 1140.000000
[RESULT] [ 84016.954381] [action_2] [GPU::  1590] Power(W) 1152.000000
[RESULT] [ 84016.957727] [action_2] [GPU:: 57875] Power(W) 1150.000000
[RESULT] [ 84016.959378] [action_2] [GPU:: 42583] Power(W) 1142.000000
[RESULT] [ 84016.960720] [action_2] [GPU:: 17010] Power(W) 1127.000000
[RESULT] [ 84016.961997] [action_2] [GPU:: 36479] Power(W) 1143.000000
[RESULT] [ 84016.962385] [action_2] [GPU:: 51771] Power(W) 1097.000000
[RESULT] [ 84018.455476] [action_2] [GPU:: 27226] Power(W) 1174.000000
[RESULT] [ 84018.455819] [action_2] [GPU:: 11806] Power(W) 1144.000000
[RESULT] [ 84018.455868] [action_2] [GPU::  1590] Power(W) 1152.000000
[RESULT] [ 84018.459135] [action_2] [GPU:: 57875] Power(W) 1151.000000
[RESULT] [ 84018.460824] [action_2] [GPU:: 42583] Power(W) 1144.000000
[RESULT] [ 84018.462038] [action_2] [GPU:: 17010] Power(W) 1122.000000
[RESULT] [ 84018.463463] [action_2] [GPU:: 36479] Power(W) 1146.000000
[RESULT] [ 84018.463791] [action_2] [GPU:: 51771] Power(W) 1095.000000
[RESULT] [ 84019.956915] [action_2] [GPU:: 27226] Power(W) 1174.000000
[RESULT] [ 84019.957152] [action_2] [GPU:: 11806] Power(W) 1135.000000
[RESULT] [ 84019.957271] [action_2] [GPU::  1590] Power(W) 1151.000000
[RESULT] [ 84019.960864] [action_2] [GPU:: 57875] Power(W) 1148.000000
[RESULT] [ 84019.962100] [action_2] [GPU:: 42583] Power(W) 1142.000000
[RESULT] [ 84019.963530] [action_2] [GPU:: 17010] Power(W) 1113.000000
[RESULT] [ 84019.964894] [action_2] [GPU:: 36479] Power(W) 1144.000000
[RESULT] [ 84019.965109] [action_2] [GPU:: 51771] Power(W) 1096.000000
[RESULT] [ 84021.458247] [action_2] [GPU:: 27226] Power(W) 1174.000000
[RESULT] [ 84021.458593] [action_2] [GPU:: 11806] Power(W) 1140.000000
[RESULT] [ 84021.458991] [action_2] [GPU::  1590] Power(W) 1145.000000
[RESULT] [ 84021.462292] [action_2] [GPU:: 57875] Power(W) 1148.000000
[RESULT] [ 84021.463615] [action_2] [GPU:: 42583] Power(W) 1139.000000
[RESULT] [ 84021.464972] [action_2] [GPU:: 17010] Power(W) 1120.000000
[RESULT] [ 84021.466275] [action_2] [GPU:: 36479] Power(W) 1145.000000
[RESULT] [ 84021.466602] [action_2] [GPU:: 51771] Power(W) 1100.000000
[RESULT] [ 84022.959690] [action_2] [GPU:: 27226] Power(W) 1172.000000
[RESULT] [ 84022.960112] [action_2] [GPU:: 11806] Power(W) 1141.000000
[RESULT] [ 84022.960377] [action_2] [GPU::  1590] Power(W) 1153.000000
[RESULT] [ 84022.964093] [action_2] [GPU:: 57875] Power(W) 1152.000000
[RESULT] [ 84022.965058] [action_2] [GPU:: 42583] Power(W) 1142.000000
[RESULT] [ 84022.966020] [action_2] [GPU:: 17010] Power(W) 1121.000000
[RESULT] [ 84022.967682] [action_2] [GPU:: 36479] Power(W) 1146.000000
[RESULT] [ 84022.968036] [action_2] [GPU:: 51771] Power(W) 1096.000000
[RESULT] [ 84024.461133] [action_2] [GPU:: 27226] Power(W) 1170.000000
[RESULT] [ 84024.461461] [action_2] [GPU:: 11806] Power(W) 1137.000000
[RESULT] [ 84024.461745] [action_2] [GPU::  1590] Power(W) 1150.000000
[RESULT] [ 84024.465497] [action_2] [GPU:: 57875] Power(W) 1146.000000
[RESULT] [ 84024.466388] [action_2] [GPU:: 42583] Power(W) 1142.000000
[RESULT] [ 84024.467188] [action_2] [GPU:: 17010] Power(W) 1127.000000
[RESULT] [ 84024.469398] [action_2] [GPU:: 51771] Power(W) 1100.000000
[RESULT] [ 84024.469403] [action_2] [GPU:: 36479] Power(W) 1145.000000
[RESULT] [ 84025.962522] [action_2] [GPU:: 27226] Power(W) 1173.000000
[RESULT] [ 84025.962815] [action_2] [GPU:: 11806] Power(W) 1136.000000
[RESULT] [ 84025.963185] [action_2] [GPU::  1590] Power(W) 1150.000000
[RESULT] [ 84025.967165] [action_2] [GPU:: 57875] Power(W) 1153.000000
[RESULT] [ 84025.967833] [action_2] [GPU:: 42583] Power(W) 1140.000000
[RESULT] [ 84025.968226] [action_2] [GPU:: 17010] Power(W) 1128.000000
[RESULT] [ 84025.970838] [action_2] [GPU:: 36479] Power(W) 1144.000000
[RESULT] [ 84025.970877] [action_2] [GPU:: 51771] Power(W) 1101.000000
[RESULT] [ 84027.463876] [action_2] [GPU:: 11806] Power(W) 1136.000000
[RESULT] [ 84027.463942] [action_2] [GPU:: 27226] Power(W) 1170.000000
[RESULT] [ 84027.464232] [action_2] [GPU::  1590] Power(W) 1151.000000
[RESULT] [ 84027.468274] [action_2] [GPU:: 57875] Power(W) 1151.000000
[RESULT] [ 84027.469237] [action_2] [GPU:: 17010] Power(W) 1122.000000
[RESULT] [ 84027.469276] [action_2] [GPU:: 42583] Power(W) 1146.000000
[RESULT] [ 84027.472274] [action_2] [GPU:: 36479] Power(W) 1150.000000
[RESULT] [ 84027.472278] [action_2] [GPU:: 51771] Power(W) 1099.000000
[RESULT] [ 84028.964950] [action_2] [GPU:: 11806] Power(W) 1140.000000
[RESULT] [ 84028.965371] [action_2] [GPU:: 27226] Power(W) 1170.000000
[RESULT] [ 84028.965556] [action_2] [GPU::  1590] Power(W) 1148.000000
[RESULT] [ 84028.969669] [action_2] [GPU:: 57875] Power(W) 1148.000000
[RESULT] [ 84028.970576] [action_2] [GPU:: 17010] Power(W) 1124.000000
[RESULT] [ 84028.970612] [action_2] [GPU:: 42583] Power(W) 1139.000000
[RESULT] [ 84028.973652] [action_2] [GPU:: 36479] Power(W) 1143.000000
[RESULT] [ 84028.973668] [action_2] [GPU:: 51771] Power(W) 1099.000000
[RESULT] [ 84030.466408] [action_2] [GPU:: 11806] Power(W) 1141.000000
[RESULT] [ 84030.466750] [action_2] [GPU:: 27226] Power(W) 1173.000000
[RESULT] [ 84030.466846] [action_2] [GPU::  1590] Power(W) 1149.000000
[RESULT] [ 84030.471394] [action_2] [GPU:: 57875] Power(W) 1148.000000
[RESULT] [ 84030.471831] [action_2] [GPU:: 17010] Power(W) 1131.000000
[RESULT] [ 84030.472065] [action_2] [GPU:: 42583] Power(W) 1142.000000
[RESULT] [ 84030.475062] [action_2] [GPU:: 51771] Power(W) 1097.000000
[RESULT] [ 84030.475509] [action_2] [GPU:: 36479] Power(W) 1142.000000
[RESULT] [ 84031.967744] [action_2] [GPU:: 11806] Power(W) 1141.000000
[RESULT] [ 84031.968488] [action_2] [GPU::  1590] Power(W) 1147.000000
[RESULT] [ 84031.968499] [action_2] [GPU:: 27226] Power(W) 1167.000000
[RESULT] [ 84031.972736] [action_2] [GPU:: 57875] Power(W) 1154.000000
[RESULT] [ 84031.973510] [action_2] [GPU:: 17010] Power(W) 1113.000000
[RESULT] [ 84031.973522] [action_2] [GPU:: 42583] Power(W) 1133.000000
[RESULT] [ 84031.976497] [action_2] [GPU:: 51771] Power(W) 1098.000000
[RESULT] [ 84031.976803] [action_2] [GPU:: 36479] Power(W) 1142.000000
[RESULT] [ 84033.468834] [action_2] [GPU:: 11806] Power(W) 1139.000000
[RESULT] [ 84033.469846] [action_2] [GPU::  1590] Power(W) 1146.000000
[RESULT] [ 84033.470588] [action_2] [GPU:: 27226] Power(W) 1161.000000
[RESULT] [ 84033.474618] [action_2] [GPU:: 57875] Power(W) 1144.000000
[RESULT] [ 84033.474814] [action_2] [GPU:: 42583] Power(W) 1139.000000
[RESULT] [ 84033.474978] [action_2] [GPU:: 17010] Power(W) 1130.000000
[RESULT] [ 84033.477674] [action_2] [GPU:: 51771] Power(W) 1100.000000
[RESULT] [ 84033.478211] [action_2] [GPU:: 36479] Power(W) 1142.000000
[RESULT] [ 84034.970270] [action_2] [GPU:: 11806] Power(W) 1140.000000
[RESULT] [ 84034.971309] [action_2] [GPU::  1590] Power(W) 1154.000000
[RESULT] [ 84034.971975] [action_2] [GPU:: 27226] Power(W) 1171.000000
[RESULT] [ 84034.976014] [action_2] [GPU:: 57875] Power(W) 1142.000000
[RESULT] [ 84034.976290] [action_2] [GPU:: 42583] Power(W) 1140.000000
[RESULT] [ 84034.976654] [action_2] [GPU:: 17010] Power(W) 1131.000000
[RESULT] [ 84034.978969] [action_2] [GPU:: 51771] Power(W) 1102.000000
[RESULT] [ 84034.979722] [action_2] [GPU:: 36479] Power(W) 1145.000000
[RESULT] [ 84036.471704] [action_2] [GPU:: 11806] Power(W) 1144.000000
[RESULT] [ 84036.472687] [action_2] [GPU::  1590] Power(W) 1151.000000
[RESULT] [ 84036.473399] [action_2] [GPU:: 27226] Power(W) 1172.000000
[RESULT] [ 84036.477703] [action_2] [GPU:: 57875] Power(W) 1153.000000
[RESULT] [ 84036.477735] [action_2] [GPU:: 42583] Power(W) 1142.000000
[RESULT] [ 84036.477976] [action_2] [GPU:: 17010] Power(W) 1128.000000
[RESULT] [ 84036.480351] [action_2] [GPU:: 51771] Power(W) 1106.000000
[RESULT] [ 84036.481186] [action_2] [GPU:: 36479] Power(W) 1149.000000
[RESULT] [ 84037.973030] [action_2] [GPU:: 11806] Power(W) 1144.000000
[RESULT] [ 84037.973769] [action_2] [GPU::  1590] Power(W) 1155.000000
[RESULT] [ 84037.974869] [action_2] [GPU:: 27226] Power(W) 1171.000000
[RESULT] [ 84037.979022] [action_2] [GPU:: 42583] Power(W) 1143.000000
[RESULT] [ 84037.979026] [action_2] [GPU:: 57875] Power(W) 1151.000000
[RESULT] [ 84037.979438] [action_2] [GPU:: 17010] Power(W) 1124.000000
[RESULT] [ 84037.981797] [action_2] [GPU:: 51771] Power(W) 1099.000000
[RESULT] [ 84037.982425] [action_2] [GPU:: 36479] Power(W) 1140.000000
[RESULT] [ 84039.473836] [action_2] [GPU:: 11806] Power(W) 1143.000000
[RESULT] [ 84039.474863] [action_2] [GPU::  1590] Power(W) 1155.000000
[RESULT] [ 84039.476219] [action_2] [GPU:: 27226] Power(W) 1172.000000
[RESULT] [ 84039.479881] [action_2] [GPU:: 57875] Power(W) 1148.000000
[RESULT] [ 84039.479888] [action_2] [GPU:: 42583] Power(W) 1148.000000
[RESULT] [ 84039.480325] [action_2] [GPU:: 17010] Power(W) 1123.000000
[RESULT] [ 84039.482532] [action_2] [GPU:: 51771] Power(W) 1106.000000
[RESULT] [ 84039.483490] [action_2] [GPU:: 36479] Power(W) 1141.000000
[RESULT] [ 84040.975123] [action_2] [GPU:: 11806] Power(W) 1141.000000
[RESULT] [ 84040.976117] [action_2] [GPU::  1590] Power(W) 1158.000000
[RESULT] [ 84040.977598] [action_2] [GPU:: 27226] Power(W) 1178.000000
[RESULT] [ 84040.981137] [action_2] [GPU:: 42583] Power(W) 1143.000000
[RESULT] [ 84040.981246] [action_2] [GPU:: 57875] Power(W) 1150.000000
[RESULT] [ 84040.981954] [action_2] [GPU:: 17010] Power(W) 1126.000000
[RESULT] [ 84040.983949] [action_2] [GPU:: 51771] Power(W) 1103.000000
[RESULT] [ 84040.984964] [action_2] [GPU:: 36479] Power(W) 1141.000000
[RESULT] [ 84042.476150] [action_2] [GPU:: 11806] Power(W) 1140.000000
[INFO  ] [ 84042.476160] [action_2] iet 11806  Average power met the target power : 1147.000000
[INFO  ] [ 84042.476163] [action_2] iet 11806  End of worker thread 
[RESULT] [ 84042.477432] [action_2] [GPU::  1590] Power(W) 1164.000000
[INFO  ] [ 84042.477444] [action_2] iet 1590  Average power met the target power : 1164.000000
[INFO  ] [ 84042.477449] [action_2] iet 1590  End of worker thread 
[RESULT] [ 84042.479126] [action_2] [GPU:: 27226] Power(W) 1173.000000
[INFO  ] [ 84042.479140] [action_2] iet 27226  Average power met the target power : 1178.000000
[INFO  ] [ 84042.479145] [action_2] iet 27226  End of worker thread 
[RESULT] [ 84042.482411] [action_2] [GPU:: 42583] Power(W) 1145.000000
[INFO  ] [ 84042.482425] [action_2] iet 42583  Average power met the target power : 1155.000000
[INFO  ] [ 84042.482429] [action_2] iet 42583  End of worker thread 
[RESULT] [ 84042.483086] [action_2] [GPU:: 57875] Power(W) 1153.000000
[INFO  ] [ 84042.483099] [action_2] iet 57875  Average power met the target power : 1154.000000
[INFO  ] [ 84042.483103] [action_2] iet 57875  End of worker thread 
[RESULT] [ 84042.483264] [action_2] [GPU:: 17010] Power(W) 1122.000000
[INFO  ] [ 84042.483277] [action_2] iet 17010  Average power met the target power : 1131.000000
[INFO  ] [ 84042.483281] [action_2] iet 17010  End of worker thread 
[RESULT] [ 84042.485218] [action_2] [GPU:: 51771] Power(W) 1101.000000
[INFO  ] [ 84042.485231] [action_2] iet 51771  Average power met the target power : 1106.000000
[INFO  ] [ 84042.485235] [action_2] iet 51771  End of worker thread 
[RESULT] [ 84042.486286] [action_2] [GPU:: 36479] Power(W) 1148.000000
[INFO  ] [ 84042.486298] [action_2] iet 36479  Average power met the target power : 1150.000000
[INFO  ] [ 84042.486332] [action_2] iet 36479  End of worker thread 
[RESULT] [ 84042.486813] [action_2] [GPU:: 42583] pass: TRUE
[RESULT] [ 84042.490037] [action_2] [GPU:: 51771] pass: TRUE
[RESULT] [ 84042.490871] [action_2] [GPU:: 11806] pass: TRUE
[RESULT] [ 84042.492595] [action_2] [GPU:: 17010] pass: TRUE
[RESULT] [ 84042.494811] [action_2] [GPU::  1590] pass: TRUE
[RESULT] [ 84042.496860] [action_2] [GPU:: 27226] pass: TRUE
[RESULT] [ 84042.498456] [action_2] [GPU:: 36479] pass: TRUE
[RESULT] [ 84042.500510] [action_2] [GPU:: 57875] pass: TRUE
[INFO  ] [ 84042.505703] [action_2] iet 51771 Shutting down smi  
[INFO  ] [ 84042.505715] [action_2] iet 51771 Done with iet test 
[RESULT] [ 84044.153034] Action name :action_3
[RESULT] [ 84044.153056] Module name :iet
[INFO  ] [ 84044.153080] Missing 'device_index' key.
[INFO  ] [ 84044.253428] [action_3] iet 17010 start 150.000000
[RESULT] [ 84044.255077] [action_3] [GPU:: 17010] Power(W) 294.000000
[RESULT] [ 84045.256126] [action_3] [GPU:: 17010] Power(W) 303.000000
[RESULT] [ 84046.257291] [action_3] [GPU:: 17010] Power(W) 1124.000000
[RESULT] [ 84047.258553] [action_3] [GPU:: 17010] Power(W) 1128.000000
[RESULT] [ 84048.259948] [action_3] [GPU:: 17010] Power(W) 1123.000000
[RESULT] [ 84049.261345] [action_3] [GPU:: 17010] Power(W) 1129.000000
[RESULT] [ 84050.262392] [action_3] [GPU:: 17010] Power(W) 1130.000000
[RESULT] [ 84051.263448] [action_3] [GPU:: 17010] Power(W) 1124.000000
[RESULT] [ 84052.264742] [action_3] [GPU:: 17010] Power(W) 1122.000000
[RESULT] [ 84053.265875] [action_3] [GPU:: 17010] Power(W) 1124.000000
[RESULT] [ 84054.267057] [action_3] [GPU:: 17010] Power(W) 1125.000000
[RESULT] [ 84055.268113] [action_3] [GPU:: 17010] Power(W) 1122.000000
[RESULT] [ 84056.269358] [action_3] [GPU:: 17010] Power(W) 1127.000000
[RESULT] [ 84057.270757] [action_3] [GPU:: 17010] Power(W) 1127.000000
[RESULT] [ 84058.272052] [action_3] [GPU:: 17010] Power(W) 1126.000000
[RESULT] [ 84059.273524] [action_3] [GPU:: 17010] Power(W) 1122.000000
[RESULT] [ 84060.274900] [action_3] [GPU:: 17010] Power(W) 1129.000000
[RESULT] [ 84061.275956] [action_3] [GPU:: 17010] Power(W) 1130.000000
[RESULT] [ 84062.277040] [action_3] [GPU:: 17010] Power(W) 1130.000000
[RESULT] [ 84063.278072] [action_3] [GPU:: 17010] Power(W) 1127.000000
[RESULT] [ 84064.279389] [action_3] [GPU:: 17010] Power(W) 1129.000000
[RESULT] [ 84065.280822] [action_3] [GPU:: 17010] Power(W) 1130.000000
[RESULT] [ 84066.282233] [action_3] [GPU:: 17010] Power(W) 1129.000000
[RESULT] [ 84067.283457] [action_3] [GPU:: 17010] Power(W) 1130.000000
[RESULT] [ 84068.284636] [action_3] [GPU:: 17010] Power(W) 1126.000000
[RESULT] [ 84069.286024] [action_3] [GPU:: 17010] Power(W) 1131.000000
[RESULT] [ 84070.286893] [action_3] [GPU:: 17010] Power(W) 1127.000000
[RESULT] [ 84071.288471] [action_3] [GPU:: 17010] Power(W) 1132.000000
[RESULT] [ 84072.289657] [action_3] [GPU:: 17010] Power(W) 1126.000000
[RESULT] [ 84073.290543] [action_3] [GPU:: 17010] Power(W) 1130.000000
[RESULT] [ 84074.291658] [action_3] [GPU:: 17010] Power(W) 1132.000000
[RESULT] [ 84075.292833] [action_3] [GPU:: 17010] Power(W) 1128.000000
[RESULT] [ 84076.294945] [action_3] [GPU:: 17010] Power(W) 1131.000000
[RESULT] [ 84077.296182] [action_3] [GPU:: 17010] Power(W) 1127.000000
[RESULT] [ 84078.297487] [action_3] [GPU:: 17010] Power(W) 1129.000000
[RESULT] [ 84079.298897] [action_3] [GPU:: 17010] Power(W) 1126.000000
[RESULT] [ 84080.300055] [action_3] [GPU:: 17010] Power(W) 1119.000000
[RESULT] [ 84081.301305] [action_3] [GPU:: 17010] Power(W) 1122.000000
[RESULT] [ 84082.302379] [action_3] [GPU:: 17010] Power(W) 1127.000000
[RESULT] [ 84083.303746] [action_3] [GPU:: 17010] Power(W) 1121.000000
[RESULT] [ 84084.305157] [action_3] [GPU:: 17010] Power(W) 1126.000000
[RESULT] [ 84085.306458] [action_3] [GPU:: 17010] Power(W) 1124.000000
[RESULT] [ 84086.307893] [action_3] [GPU:: 17010] Power(W) 1128.000000
[RESULT] [ 84087.308936] [action_3] [GPU:: 17010] Power(W) 1125.000000
[RESULT] [ 84088.310441] [action_3] [GPU:: 17010] Power(W) 1127.000000
[RESULT] [ 84089.311742] [action_3] [GPU:: 17010] Power(W) 1129.000000
[RESULT] [ 84090.313101] [action_3] [GPU:: 17010] Power(W) 1129.000000
[RESULT] [ 84091.314526] [action_3] [GPU:: 17010] Power(W) 1127.000000
[RESULT] [ 84092.315796] [action_3] [GPU:: 17010] Power(W) 1125.000000
[RESULT] [ 84093.317255] [action_3] [GPU:: 17010] Power(W) 1127.000000
[RESULT] [ 84094.318653] [action_3] [GPU:: 17010] Power(W) 1132.000000
[INFO  ] [ 84094.318662] [action_3] iet 17010  Average power met the target power : 1132.000000
[INFO  ] [ 84094.318667] [action_3] iet 17010  End of worker thread 
[RESULT] [ 84094.333262] [action_3] [GPU:: 17010] pass: TRUE
[INFO  ] [ 84094.338593] [action_3] iet 42583 start 150.000000
[RESULT] [ 84094.339936] [action_3] [GPU:: 42583] Power(W) 266.000000
[RESULT] [ 84095.341334] [action_3] [GPU:: 42583] Power(W) 299.000000
[RESULT] [ 84096.342758] [action_3] [GPU:: 42583] Power(W) 1130.000000
[RESULT] [ 84097.343931] [action_3] [GPU:: 42583] Power(W) 1142.000000
[RESULT] [ 84098.344941] [action_3] [GPU:: 42583] Power(W) 1136.000000
[RESULT] [ 84099.345921] [action_3] [GPU:: 42583] Power(W) 1140.000000
[RESULT] [ 84100.346978] [action_3] [GPU:: 42583] Power(W) 1137.000000
[RESULT] [ 84101.348053] [action_3] [GPU:: 42583] Power(W) 1134.000000
[RESULT] [ 84102.349370] [action_3] [GPU:: 42583] Power(W) 1135.000000
[RESULT] [ 84103.350764] [action_3] [GPU:: 42583] Power(W) 1138.000000
[RESULT] [ 84104.352171] [action_3] [GPU:: 42583] Power(W) 1139.000000
[RESULT] [ 84105.353479] [action_3] [GPU:: 42583] Power(W) 1138.000000
[RESULT] [ 84106.354923] [action_3] [GPU:: 42583] Power(W) 1143.000000
[RESULT] [ 84107.355949] [action_3] [GPU:: 42583] Power(W) 1136.000000
[RESULT] [ 84108.357418] [action_3] [GPU:: 42583] Power(W) 1139.000000
[RESULT] [ 84109.358806] [action_3] [GPU:: 42583] Power(W) 1138.000000
[RESULT] [ 84110.360105] [action_3] [GPU:: 42583] Power(W) 1148.000000
[RESULT] [ 84111.361509] [action_3] [GPU:: 42583] Power(W) 1142.000000
[RESULT] [ 84112.362224] [action_3] [GPU:: 42583] Power(W) 1142.000000
[RESULT] [ 84113.363253] [action_3] [GPU:: 42583] Power(W) 1138.000000
[RESULT] [ 84114.364669] [action_3] [GPU:: 42583] Power(W) 1147.000000
[RESULT] [ 84115.365828] [action_3] [GPU:: 42583] Power(W) 1137.000000
[RESULT] [ 84116.367054] [action_3] [GPU:: 42583] Power(W) 1141.000000
[RESULT] [ 84117.368474] [action_3] [GPU:: 42583] Power(W) 1140.000000
[RESULT] [ 84118.369873] [action_3] [GPU:: 42583] Power(W) 1138.000000
[RESULT] [ 84119.371127] [action_3] [GPU:: 42583] Power(W) 1146.000000
[RESULT] [ 84120.372209] [action_3] [GPU:: 42583] Power(W) 1139.000000
[RESULT] [ 84121.373677] [action_3] [GPU:: 42583] Power(W) 1140.000000
[RESULT] [ 84122.375072] [action_3] [GPU:: 42583] Power(W) 1138.000000
[RESULT] [ 84123.376264] [action_3] [GPU:: 42583] Power(W) 1137.000000
[RESULT] [ 84124.377279] [action_3] [GPU:: 42583] Power(W) 1138.000000
[RESULT] [ 84125.378525] [action_3] [GPU:: 42583] Power(W) 1143.000000
[RESULT] [ 84126.379938] [action_3] [GPU:: 42583] Power(W) 1143.000000
[RESULT] [ 84127.381416] [action_3] [GPU:: 42583] Power(W) 1144.000000
[RESULT] [ 84128.382742] [action_3] [GPU:: 42583] Power(W) 1139.000000
[RESULT] [ 84129.384094] [action_3] [GPU:: 42583] Power(W) 1147.000000
[RESULT] [ 84130.385503] [action_3] [GPU:: 42583] Power(W) 1141.000000
[RESULT] [ 84131.386862] [action_3] [GPU:: 42583] Power(W) 1143.000000
[RESULT] [ 84132.388630] [action_3] [GPU:: 42583] Power(W) 1146.000000
[RESULT] [ 84133.389975] [action_3] [GPU:: 42583] Power(W) 1147.000000
[RESULT] [ 84134.391374] [action_3] [GPU:: 42583] Power(W) 1139.000000
[RESULT] [ 84135.392741] [action_3] [GPU:: 42583] Power(W) 1141.000000
[RESULT] [ 84136.393902] [action_3] [GPU:: 42583] Power(W) 1143.000000
[RESULT] [ 84137.395232] [action_3] [GPU:: 42583] Power(W) 1144.000000
[RESULT] [ 84138.396916] [action_3] [GPU:: 42583] Power(W) 1141.000000
[RESULT] [ 84139.398290] [action_3] [GPU:: 42583] Power(W) 1143.000000
[RESULT] [ 84140.399667] [action_3] [GPU:: 42583] Power(W) 1141.000000
[RESULT] [ 84141.401101] [action_3] [GPU:: 42583] Power(W) 1140.000000
[RESULT] [ 84142.402453] [action_3] [GPU:: 42583] Power(W) 1144.000000
[RESULT] [ 84143.403282] [action_3] [GPU:: 42583] Power(W) 1145.000000
[RESULT] [ 84144.404663] [action_3] [GPU:: 42583] Power(W) 1143.000000
[INFO  ] [ 84144.404676] [action_3] iet 42583  Average power met the target power : 1148.000000
[INFO  ] [ 84144.404680] [action_3] iet 42583  End of worker thread 
[RESULT] [ 84144.411481] [action_3] [GPU:: 42583] pass: TRUE
[INFO  ] [ 84144.416782] [action_3] iet 36479 start 150.000000
[RESULT] [ 84144.418245] [action_3] [GPU:: 36479] Power(W) 263.000000
[RESULT] [ 84145.419241] [action_3] [GPU:: 36479] Power(W) 303.000000
[RESULT] [ 84146.420468] [action_3] [GPU:: 36479] Power(W) 1128.000000
[RESULT] [ 84147.421764] [action_3] [GPU:: 36479] Power(W) 1135.000000
[RESULT] [ 84148.422706] [action_3] [GPU:: 36479] Power(W) 1141.000000
[RESULT] [ 84149.423910] [action_3] [GPU:: 36479] Power(W) 1142.000000
[RESULT] [ 84150.425514] [action_3] [GPU:: 36479] Power(W) 1139.000000
[RESULT] [ 84151.426740] [action_3] [GPU:: 36479] Power(W) 1141.000000
[RESULT] [ 84152.428013] [action_3] [GPU:: 36479] Power(W) 1138.000000
[RESULT] [ 84153.429298] [action_3] [GPU:: 36479] Power(W) 1140.000000
[RESULT] [ 84154.430715] [action_3] [GPU:: 36479] Power(W) 1141.000000
[RESULT] [ 84155.431843] [action_3] [GPU:: 36479] Power(W) 1139.000000
[RESULT] [ 84156.433269] [action_3] [GPU:: 36479] Power(W) 1138.000000
[RESULT] [ 84157.434866] [action_3] [GPU:: 36479] Power(W) 1139.000000
[RESULT] [ 84158.435961] [action_3] [GPU:: 36479] Power(W) 1138.000000
[RESULT] [ 84159.437046] [action_3] [GPU:: 36479] Power(W) 1136.000000
[RESULT] [ 84160.438245] [action_3] [GPU:: 36479] Power(W) 1135.000000
[RESULT] [ 84161.439113] [action_3] [GPU:: 36479] Power(W) 1137.000000
[RESULT] [ 84162.440355] [action_3] [GPU:: 36479] Power(W) 1136.000000
[RESULT] [ 84163.441810] [action_3] [GPU:: 36479] Power(W) 1132.000000
[RESULT] [ 84164.443225] [action_3] [GPU:: 36479] Power(W) 1137.000000
[RESULT] [ 84165.444524] [action_3] [GPU:: 36479] Power(W) 1141.000000
[RESULT] [ 84166.445957] [action_3] [GPU:: 36479] Power(W) 1131.000000
[RESULT] [ 84167.447355] [action_3] [GPU:: 36479] Power(W) 1139.000000
[RESULT] [ 84168.448449] [action_3] [GPU:: 36479] Power(W) 1138.000000
[RESULT] [ 84169.449767] [action_3] [GPU:: 36479] Power(W) 1139.000000
[RESULT] [ 84170.451164] [action_3] [GPU:: 36479] Power(W) 1136.000000
[RESULT] [ 84171.452582] [action_3] [GPU:: 36479] Power(W) 1131.000000
[RESULT] [ 84172.453875] [action_3] [GPU:: 36479] Power(W) 1139.000000
[RESULT] [ 84173.455307] [action_3] [GPU:: 36479] Power(W) 1140.000000
[RESULT] [ 84174.456724] [action_3] [GPU:: 36479] Power(W) 1147.000000
[RESULT] [ 84175.457998] [action_3] [GPU:: 36479] Power(W) 1140.000000
[RESULT] [ 84176.459472] [action_3] [GPU:: 36479] Power(W) 1138.000000
[RESULT] [ 84177.460885] [action_3] [GPU:: 36479] Power(W) 1141.000000
[RESULT] [ 84178.462141] [action_3] [GPU:: 36479] Power(W) 1143.000000
[RESULT] [ 84179.463249] [action_3] [GPU:: 36479] Power(W) 1145.000000
[RESULT] [ 84180.464227] [action_3] [GPU:: 36479] Power(W) 1145.000000
[RESULT] [ 84181.465185] [action_3] [GPU:: 36479] Power(W) 1141.000000
[RESULT] [ 84182.466421] [action_3] [GPU:: 36479] Power(W) 1146.000000
[RESULT] [ 84183.467814] [action_3] [GPU:: 36479] Power(W) 1146.000000
[RESULT] [ 84184.469216] [action_3] [GPU:: 36479] Power(W) 1146.000000
[RESULT] [ 84185.470437] [action_3] [GPU:: 36479] Power(W) 1144.000000
[RESULT] [ 84186.471606] [action_3] [GPU:: 36479] Power(W) 1139.000000
[RESULT] [ 84187.473027] [action_3] [GPU:: 36479] Power(W) 1139.000000
[RESULT] [ 84188.474435] [action_3] [GPU:: 36479] Power(W) 1150.000000
[RESULT] [ 84189.475718] [action_3] [GPU:: 36479] Power(W) 1135.000000
[RESULT] [ 84190.476813] [action_3] [GPU:: 36479] Power(W) 1136.000000
[RESULT] [ 84191.477772] [action_3] [GPU:: 36479] Power(W) 1138.000000
[RESULT] [ 84192.478889] [action_3] [GPU:: 36479] Power(W) 1138.000000
[RESULT] [ 84193.484728] [action_3] [GPU:: 36479] Power(W) 1137.000000
[RESULT] [ 84194.485769] [action_3] [GPU:: 36479] Power(W) 1135.000000
[INFO  ] [ 84194.485805] [action_3] iet 36479  Average power met the target power : 1150.000000
[INFO  ] [ 84194.485809] [action_3] iet 36479  End of worker thread 
[RESULT] [ 84194.501301] [action_3] [GPU:: 36479] pass: TRUE
[INFO  ] [ 84194.506583] [action_3] iet 27226 start 150.000000
[RESULT] [ 84194.507687] [action_3] [GPU:: 27226] Power(W) 258.000000
[RESULT] [ 84195.508766] [action_3] [GPU:: 27226] Power(W) 298.000000
[RESULT] [ 84196.509808] [action_3] [GPU:: 27226] Power(W) 1157.000000
[RESULT] [ 84197.510890] [action_3] [GPU:: 27226] Power(W) 1153.000000
[RESULT] [ 84198.511998] [action_3] [GPU:: 27226] Power(W) 1156.000000
[RESULT] [ 84199.513274] [action_3] [GPU:: 27226] Power(W) 1161.000000
[RESULT] [ 84200.514683] [action_3] [GPU:: 27226] Power(W) 1157.000000
[RESULT] [ 84201.516117] [action_3] [GPU:: 27226] Power(W) 1154.000000
[RESULT] [ 84202.517196] [action_3] [GPU:: 27226] Power(W) 1156.000000
[RESULT] [ 84203.518201] [action_3] [GPU:: 27226] Power(W) 1154.000000
[RESULT] [ 84204.519269] [action_3] [GPU:: 27226] Power(W) 1157.000000
[RESULT] [ 84205.520378] [action_3] [GPU:: 27226] Power(W) 1156.000000
[RESULT] [ 84206.521521] [action_3] [GPU:: 27226] Power(W) 1153.000000
[RESULT] [ 84207.522891] [action_3] [GPU:: 27226] Power(W) 1152.000000
[RESULT] [ 84208.524452] [action_3] [GPU:: 27226] Power(W) 1154.000000
[RESULT] [ 84209.525466] [action_3] [GPU:: 27226] Power(W) 1157.000000
[RESULT] [ 84210.526640] [action_3] [GPU:: 27226] Power(W) 1162.000000
[RESULT] [ 84211.531050] [action_3] [GPU:: 27226] Power(W) 1164.000000
[RESULT] [ 84212.532644] [action_3] [GPU:: 27226] Power(W) 1160.000000
[RESULT] [ 84213.533935] [action_3] [GPU:: 27226] Power(W) 1164.000000
[RESULT] [ 84214.535387] [action_3] [GPU:: 27226] Power(W) 1162.000000
[RESULT] [ 84215.536817] [action_3] [GPU:: 27226] Power(W) 1165.000000
[RESULT] [ 84216.537893] [action_3] [GPU:: 27226] Power(W) 1158.000000
[RESULT] [ 84217.539061] [action_3] [GPU:: 27226] Power(W) 1163.000000
[RESULT] [ 84218.539904] [action_3] [GPU:: 27226] Power(W) 1169.000000
[RESULT] [ 84219.541142] [action_3] [GPU:: 27226] Power(W) 1164.000000
[RESULT] [ 84220.542276] [action_3] [GPU:: 27226] Power(W) 1163.000000
[RESULT] [ 84221.543725] [action_3] [GPU:: 27226] Power(W) 1170.000000
[RESULT] [ 84222.545156] [action_3] [GPU:: 27226] Power(W) 1164.000000
[RESULT] [ 84223.546332] [action_3] [GPU:: 27226] Power(W) 1166.000000
[RESULT] [ 84224.547234] [action_3] [GPU:: 27226] Power(W) 1162.000000
[RESULT] [ 84225.548514] [action_3] [GPU:: 27226] Power(W) 1163.000000
[RESULT] [ 84226.550007] [action_3] [GPU:: 27226] Power(W) 1161.000000
[RESULT] [ 84227.551404] [action_3] [GPU:: 27226] Power(W) 1161.000000
[RESULT] [ 84228.552618] [action_3] [GPU:: 27226] Power(W) 1163.000000
[RESULT] [ 84229.553828] [action_3] [GPU:: 27226] Power(W) 1165.000000
[RESULT] [ 84230.554719] [action_3] [GPU:: 27226] Power(W) 1161.000000
[RESULT] [ 84231.555995] [action_3] [GPU:: 27226] Power(W) 1160.000000
[RESULT] [ 84232.557640] [action_3] [GPU:: 27226] Power(W) 1159.000000
[RESULT] [ 84233.559352] [action_3] [GPU:: 27226] Power(W) 1163.000000
[RESULT] [ 84234.560753] [action_3] [GPU:: 27226] Power(W) 1162.000000
[RESULT] [ 84235.562051] [action_3] [GPU:: 27226] Power(W) 1161.000000
[RESULT] [ 84236.563871] [action_3] [GPU:: 27226] Power(W) 1163.000000
[RESULT] [ 84237.565330] [action_3] [GPU:: 27226] Power(W) 1156.000000
[RESULT] [ 84238.567052] [action_3] [GPU:: 27226] Power(W) 1166.000000
[RESULT] [ 84239.568347] [action_3] [GPU:: 27226] Power(W) 1162.000000
[RESULT] [ 84240.569704] [action_3] [GPU:: 27226] Power(W) 1161.000000
[RESULT] [ 84241.571181] [action_3] [GPU:: 27226] Power(W) 1166.000000
[RESULT] [ 84242.572481] [action_3] [GPU:: 27226] Power(W) 1161.000000
[RESULT] [ 84243.573843] [action_3] [GPU:: 27226] Power(W) 1156.000000
[RESULT] [ 84244.575261] [action_3] [GPU:: 27226] Power(W) 1162.000000
[INFO  ] [ 84244.575273] [action_3] iet 27226  Average power met the target power : 1170.000000
[INFO  ] [ 84244.575278] [action_3] iet 27226  End of worker thread 
[RESULT] [ 84244.590847] [action_3] [GPU:: 27226] pass: TRUE
[INFO  ] [ 84244.596198] [action_3] iet 57875 start 150.000000
[RESULT] [ 84244.597632] [action_3] [GPU:: 57875] Power(W) 271.000000
[RESULT] [ 84245.598571] [action_3] [GPU:: 57875] Power(W) 306.000000
[RESULT] [ 84246.599382] [action_3] [GPU:: 57875] Power(W) 1124.000000
[RESULT] [ 84247.600796] [action_3] [GPU:: 57875] Power(W) 1125.000000
[RESULT] [ 84248.602516] [action_3] [GPU:: 57875] Power(W) 1130.000000
[RESULT] [ 84249.603942] [action_3] [GPU:: 57875] Power(W) 1131.000000
[RESULT] [ 84250.605589] [action_3] [GPU:: 57875] Power(W) 1128.000000
[RESULT] [ 84251.606883] [action_3] [GPU:: 57875] Power(W) 1135.000000
[RESULT] [ 84252.608627] [action_3] [GPU:: 57875] Power(W) 1135.000000
[RESULT] [ 84253.609834] [action_3] [GPU:: 57875] Power(W) 1134.000000
[RESULT] [ 84254.611724] [action_3] [GPU:: 57875] Power(W) 1133.000000
[RESULT] [ 84255.613154] [action_3] [GPU:: 57875] Power(W) 1133.000000
[RESULT] [ 84256.614871] [action_3] [GPU:: 57875] Power(W) 1133.000000
[RESULT] [ 84257.616281] [action_3] [GPU:: 57875] Power(W) 1139.000000
[RESULT] [ 84258.618081] [action_3] [GPU:: 57875] Power(W) 1136.000000
[RESULT] [ 84259.619989] [action_3] [GPU:: 57875] Power(W) 1135.000000
[RESULT] [ 84260.621283] [action_3] [GPU:: 57875] Power(W) 1135.000000
[RESULT] [ 84261.623097] [action_3] [GPU:: 57875] Power(W) 1138.000000
[RESULT] [ 84262.624500] [action_3] [GPU:: 57875] Power(W) 1136.000000
[RESULT] [ 84263.626179] [action_3] [GPU:: 57875] Power(W) 1143.000000
[RESULT] [ 84264.627603] [action_3] [GPU:: 57875] Power(W) 1142.000000
[RESULT] [ 84265.629276] [action_3] [GPU:: 57875] Power(W) 1137.000000
[RESULT] [ 84266.630702] [action_3] [GPU:: 57875] Power(W) 1139.000000
[RESULT] [ 84267.631580] [action_3] [GPU:: 57875] Power(W) 1131.000000
[RESULT] [ 84268.633426] [action_3] [GPU:: 57875] Power(W) 1134.000000
[RESULT] [ 84269.634795] [action_3] [GPU:: 57875] Power(W) 1142.000000
[RESULT] [ 84270.636530] [action_3] [GPU:: 57875] Power(W) 1141.000000
[RESULT] [ 84271.637818] [action_3] [GPU:: 57875] Power(W) 1135.000000
[RESULT] [ 84272.639646] [action_3] [GPU:: 57875] Power(W) 1133.000000
[RESULT] [ 84273.641105] [action_3] [GPU:: 57875] Power(W) 1136.000000
[RESULT] [ 84274.642806] [action_3] [GPU:: 57875] Power(W) 1143.000000
[RESULT] [ 84275.644210] [action_3] [GPU:: 57875] Power(W) 1143.000000
[RESULT] [ 84276.645152] [action_3] [GPU:: 57875] Power(W) 1134.000000
[RESULT] [ 84277.646891] [action_3] [GPU:: 57875] Power(W) 1138.000000
[RESULT] [ 84278.648244] [action_3] [GPU:: 57875] Power(W) 1144.000000
[RESULT] [ 84279.649977] [action_3] [GPU:: 57875] Power(W) 1140.000000
[RESULT] [ 84280.651068] [action_3] [GPU:: 57875] Power(W) 1141.000000
[RESULT] [ 84281.652501] [action_3] [GPU:: 57875] Power(W) 1146.000000
[RESULT] [ 84282.654127] [action_3] [GPU:: 57875] Power(W) 1141.000000
[RESULT] [ 84283.655261] [action_3] [GPU:: 57875] Power(W) 1137.000000
[RESULT] [ 84284.656626] [action_3] [GPU:: 57875] Power(W) 1140.000000
[RESULT] [ 84285.658307] [action_3] [GPU:: 57875] Power(W) 1136.000000
[RESULT] [ 84286.659730] [action_3] [GPU:: 57875] Power(W) 1141.000000
[RESULT] [ 84287.661525] [action_3] [GPU:: 57875] Power(W) 1140.000000
[RESULT] [ 84288.662835] [action_3] [GPU:: 57875] Power(W) 1138.000000
[RESULT] [ 84289.664480] [action_3] [GPU:: 57875] Power(W) 1136.000000
[RESULT] [ 84290.665625] [action_3] [GPU:: 57875] Power(W) 1139.000000
[RESULT] [ 84291.666734] [action_3] [GPU:: 57875] Power(W) 1140.000000
[RESULT] [ 84292.667687] [action_3] [GPU:: 57875] Power(W) 1136.000000
[RESULT] [ 84293.669098] [action_3] [GPU:: 57875] Power(W) 1143.000000
[RESULT] [ 84294.670789] [action_3] [GPU:: 57875] Power(W) 1146.000000
[INFO  ] [ 84294.670796] [action_3] iet 57875  Average power met the target power : 1146.000000
[INFO  ] [ 84294.670800] [action_3] iet 57875  End of worker thread 
[RESULT] [ 84294.688411] [action_3] [GPU:: 57875] pass: TRUE
[INFO  ] [ 84294.693799] [action_3] iet 1590 start 150.000000
[RESULT] [ 84294.695128] [action_3] [GPU::  1590] Power(W) 269.000000
[RESULT] [ 84295.696866] [action_3] [GPU::  1590] Power(W) 306.000000
[RESULT] [ 84296.698140] [action_3] [GPU::  1590] Power(W) 1142.000000
[RESULT] [ 84297.698948] [action_3] [GPU::  1590] Power(W) 1148.000000
[RESULT] [ 84298.700128] [action_3] [GPU::  1590] Power(W) 1143.000000
[RESULT] [ 84299.701335] [action_3] [GPU::  1590] Power(W) 1147.000000
[RESULT] [ 84300.702660] [action_3] [GPU::  1590] Power(W) 1146.000000
[RESULT] [ 84301.704061] [action_3] [GPU::  1590] Power(W) 1145.000000
[RESULT] [ 84302.705215] [action_3] [GPU::  1590] Power(W) 1146.000000
[RESULT] [ 84303.706306] [action_3] [GPU::  1590] Power(W) 1143.000000
[RESULT] [ 84304.707684] [action_3] [GPU::  1590] Power(W) 1142.000000
[RESULT] [ 84305.709362] [action_3] [GPU::  1590] Power(W) 1153.000000
[RESULT] [ 84306.710488] [action_3] [GPU::  1590] Power(W) 1153.000000
[RESULT] [ 84307.711784] [action_3] [GPU::  1590] Power(W) 1154.000000
[RESULT] [ 84308.713076] [action_3] [GPU::  1590] Power(W) 1149.000000
[RESULT] [ 84309.714487] [action_3] [GPU::  1590] Power(W) 1151.000000
[RESULT] [ 84310.715609] [action_3] [GPU::  1590] Power(W) 1155.000000
[RESULT] [ 84311.716925] [action_3] [GPU::  1590] Power(W) 1146.000000
[RESULT] [ 84312.718304] [action_3] [GPU::  1590] Power(W) 1151.000000
[RESULT] [ 84313.719762] [action_3] [GPU::  1590] Power(W) 1152.000000
[RESULT] [ 84314.721175] [action_3] [GPU::  1590] Power(W) 1152.000000
[RESULT] [ 84315.722836] [action_3] [GPU::  1590] Power(W) 1145.000000
[RESULT] [ 84316.724131] [action_3] [GPU::  1590] Power(W) 1150.000000
[RESULT] [ 84317.724990] [action_3] [GPU::  1590] Power(W) 1149.000000
[RESULT] [ 84318.726172] [action_3] [GPU::  1590] Power(W) 1149.000000
[RESULT] [ 84319.727635] [action_3] [GPU::  1590] Power(W) 1150.000000
[RESULT] [ 84320.729071] [action_3] [GPU::  1590] Power(W) 1153.000000
[RESULT] [ 84321.730360] [action_3] [GPU::  1590] Power(W) 1150.000000
[RESULT] [ 84322.731787] [action_3] [GPU::  1590] Power(W) 1148.000000
[RESULT] [ 84323.733200] [action_3] [GPU::  1590] Power(W) 1150.000000
[RESULT] [ 84324.734487] [action_3] [GPU::  1590] Power(W) 1149.000000
[RESULT] [ 84325.735934] [action_3] [GPU::  1590] Power(W) 1148.000000
[RESULT] [ 84326.737440] [action_3] [GPU::  1590] Power(W) 1156.000000
[RESULT] [ 84327.738691] [action_3] [GPU::  1590] Power(W) 1146.000000
[RESULT] [ 84328.740077] [action_3] [GPU::  1590] Power(W) 1152.000000
[RESULT] [ 84329.741499] [action_3] [GPU::  1590] Power(W) 1145.000000
[RESULT] [ 84330.742737] [action_3] [GPU::  1590] Power(W) 1148.000000
[RESULT] [ 84331.743983] [action_3] [GPU::  1590] Power(W) 1152.000000
[RESULT] [ 84332.745282] [action_3] [GPU::  1590] Power(W) 1142.000000
[RESULT] [ 84333.746691] [action_3] [GPU::  1590] Power(W) 1152.000000
[RESULT] [ 84334.747734] [action_3] [GPU::  1590] Power(W) 1146.000000
[RESULT] [ 84335.749014] [action_3] [GPU::  1590] Power(W) 1150.000000
[RESULT] [ 84336.750201] [action_3] [GPU::  1590] Power(W) 1145.000000
[RESULT] [ 84337.754866] [action_3] [GPU::  1590] Power(W) 1148.000000
[RESULT] [ 84338.755920] [action_3] [GPU::  1590] Power(W) 1153.000000
[RESULT] [ 84339.756975] [action_3] [GPU::  1590] Power(W) 1156.000000
[RESULT] [ 84340.758114] [action_3] [GPU::  1590] Power(W) 1157.000000
[RESULT] [ 84341.759383] [action_3] [GPU::  1590] Power(W) 1154.000000
[RESULT] [ 84342.760581] [action_3] [GPU::  1590] Power(W) 1151.000000
[RESULT] [ 84343.761639] [action_3] [GPU::  1590] Power(W) 1150.000000
[RESULT] [ 84344.762510] [action_3] [GPU::  1590] Power(W) 1151.000000
[INFO  ] [ 84344.762517] [action_3] iet 1590  Average power met the target power : 1157.000000
[INFO  ] [ 84344.762521] [action_3] iet 1590  End of worker thread 
[RESULT] [ 84344.768655] [action_3] [GPU::  1590] pass: TRUE
[INFO  ] [ 84344.774014] [action_3] iet 11806 start 150.000000
[RESULT] [ 84344.775210] [action_3] [GPU:: 11806] Power(W) 258.000000
[RESULT] [ 84345.776285] [action_3] [GPU:: 11806] Power(W) 296.000000
[RESULT] [ 84346.777684] [action_3] [GPU:: 11806] Power(W) 1117.000000
[RESULT] [ 84347.779054] [action_3] [GPU:: 11806] Power(W) 1127.000000
[RESULT] [ 84348.780459] [action_3] [GPU:: 11806] Power(W) 1128.000000
[RESULT] [ 84349.781600] [action_3] [GPU:: 11806] Power(W) 1126.000000
[RESULT] [ 84350.782722] [action_3] [GPU:: 11806] Power(W) 1124.000000
[RESULT] [ 84351.783787] [action_3] [GPU:: 11806] Power(W) 1128.000000
[RESULT] [ 84352.784884] [action_3] [GPU:: 11806] Power(W) 1125.000000
[RESULT] [ 84353.787911] [action_3] [GPU:: 11806] Power(W) 1126.000000
[RESULT] [ 84354.789394] [action_3] [GPU:: 11806] Power(W) 1120.000000
[RESULT] [ 84355.790886] [action_3] [GPU:: 11806] Power(W) 1129.000000
[RESULT] [ 84356.792196] [action_3] [GPU:: 11806] Power(W) 1129.000000
[RESULT] [ 84357.793552] [action_3] [GPU:: 11806] Power(W) 1125.000000
[RESULT] [ 84358.794947] [action_3] [GPU:: 11806] Power(W) 1128.000000
[RESULT] [ 84359.796183] [action_3] [GPU:: 11806] Power(W) 1122.000000
[RESULT] [ 84360.797482] [action_3] [GPU:: 11806] Power(W) 1130.000000
[RESULT] [ 84361.799117] [action_3] [GPU:: 11806] Power(W) 1128.000000
[RESULT] [ 84362.800361] [action_3] [GPU:: 11806] Power(W) 1125.000000
[RESULT] [ 84363.801455] [action_3] [GPU:: 11806] Power(W) 1127.000000
[RESULT] [ 84364.802607] [action_3] [GPU:: 11806] Power(W) 1130.000000
[RESULT] [ 84365.803936] [action_3] [GPU:: 11806] Power(W) 1130.000000
[RESULT] [ 84366.805370] [action_3] [GPU:: 11806] Power(W) 1131.000000
[RESULT] [ 84367.806405] [action_3] [GPU:: 11806] Power(W) 1133.000000
[RESULT] [ 84368.807627] [action_3] [GPU:: 11806] Power(W) 1129.000000
[RESULT] [ 84369.808930] [action_3] [GPU:: 11806] Power(W) 1131.000000
[RESULT] [ 84370.810563] [action_3] [GPU:: 11806] Power(W) 1134.000000
[RESULT] [ 84371.811613] [action_3] [GPU:: 11806] Power(W) 1133.000000
[RESULT] [ 84372.813317] [action_3] [GPU:: 11806] Power(W) 1131.000000
[RESULT] [ 84373.814726] [action_3] [GPU:: 11806] Power(W) 1123.000000
[RESULT] [ 84374.815841] [action_3] [GPU:: 11806] Power(W) 1129.000000
[RESULT] [ 84375.816959] [action_3] [GPU:: 11806] Power(W) 1127.000000
[RESULT] [ 84376.818187] [action_3] [GPU:: 11806] Power(W) 1124.000000
[RESULT] [ 84377.819556] [action_3] [GPU:: 11806] Power(W) 1130.000000
[RESULT] [ 84378.820944] [action_3] [GPU:: 11806] Power(W) 1126.000000
[RESULT] [ 84379.822221] [action_3] [GPU:: 11806] Power(W) 1126.000000
[RESULT] [ 84380.823499] [action_3] [GPU:: 11806] Power(W) 1130.000000
[RESULT] [ 84381.824756] [action_3] [GPU:: 11806] Power(W) 1130.000000
[RESULT] [ 84382.826377] [action_3] [GPU:: 11806] Power(W) 1136.000000
[RESULT] [ 84383.827626] [action_3] [GPU:: 11806] Power(W) 1131.000000
[RESULT] [ 84384.828915] [action_3] [GPU:: 11806] Power(W) 1130.000000
[RESULT] [ 84385.830324] [action_3] [GPU:: 11806] Power(W) 1135.000000
[RESULT] [ 84386.831550] [action_3] [GPU:: 11806] Power(W) 1131.000000
[RESULT] [ 84387.832854] [action_3] [GPU:: 11806] Power(W) 1129.000000
[RESULT] [ 84388.834100] [action_3] [GPU:: 11806] Power(W) 1127.000000
[RESULT] [ 84389.835527] [action_3] [GPU:: 11806] Power(W) 1128.000000
[RESULT] [ 84390.837789] [action_3] [GPU:: 11806] Power(W) 1134.000000
[RESULT] [ 84391.839271] [action_3] [GPU:: 11806] Power(W) 1132.000000
[RESULT] [ 84392.840674] [action_3] [GPU:: 11806] Power(W) 1132.000000
[RESULT] [ 84393.841966] [action_3] [GPU:: 11806] Power(W) 1126.000000
[RESULT] [ 84394.842957] [action_3] [GPU:: 11806] Power(W) 1133.000000
[INFO  ] [ 84394.842964] [action_3] iet 11806  Average power met the target power : 1136.000000
[INFO  ] [ 84394.842968] [action_3] iet 11806  End of worker thread 
[RESULT] [ 84394.856561] [action_3] [GPU:: 11806] pass: TRUE
[INFO  ] [ 84394.861895] [action_3] iet 51771 start 150.000000
[RESULT] [ 84394.863413] [action_3] [GPU:: 51771] Power(W) 257.000000
[RESULT] [ 84395.864802] [action_3] [GPU:: 51771] Power(W) 290.000000
[RESULT] [ 84396.866063] [action_3] [GPU:: 51771] Power(W) 1081.000000
[RESULT] [ 84397.867394] [action_3] [GPU:: 51771] Power(W) 1085.000000
[RESULT] [ 84398.868444] [action_3] [GPU:: 51771] Power(W) 1087.000000
[RESULT] [ 84399.869473] [action_3] [GPU:: 51771] Power(W) 1096.000000
[RESULT] [ 84400.871089] [action_3] [GPU:: 51771] Power(W) 1095.000000
[RESULT] [ 84401.872122] [action_3] [GPU:: 51771] Power(W) 1093.000000
[RESULT] [ 84402.873255] [action_3] [GPU:: 51771] Power(W) 1087.000000
[RESULT] [ 84403.874560] [action_3] [GPU:: 51771] Power(W) 1088.000000
[RESULT] [ 84404.876352] [action_3] [GPU:: 51771] Power(W) 1092.000000
[RESULT] [ 84405.877496] [action_3] [GPU:: 51771] Power(W) 1097.000000
[RESULT] [ 84406.878650] [action_3] [GPU:: 51771] Power(W) 1093.000000
[RESULT] [ 84407.880085] [action_3] [GPU:: 51771] Power(W) 1096.000000
[RESULT] [ 84408.881482] [action_3] [GPU:: 51771] Power(W) 1090.000000
[RESULT] [ 84409.882840] [action_3] [GPU:: 51771] Power(W) 1090.000000
[RESULT] [ 84410.884052] [action_3] [GPU:: 51771] Power(W) 1098.000000
[RESULT] [ 84411.885076] [action_3] [GPU:: 51771] Power(W) 1094.000000
[RESULT] [ 84412.886701] [action_3] [GPU:: 51771] Power(W) 1091.000000
[RESULT] [ 84413.887740] [action_3] [GPU:: 51771] Power(W) 1091.000000
[RESULT] [ 84414.888847] [action_3] [GPU:: 51771] Power(W) 1097.000000
[RESULT] [ 84415.890519] [action_3] [GPU:: 51771] Power(W) 1092.000000
[RESULT] [ 84416.891900] [action_3] [GPU:: 51771] Power(W) 1087.000000
[RESULT] [ 84417.892952] [action_3] [GPU:: 51771] Power(W) 1091.000000
[RESULT] [ 84418.893978] [action_3] [GPU:: 51771] Power(W) 1094.000000
[RESULT] [ 84419.895141] [action_3] [GPU:: 51771] Power(W) 1095.000000
[RESULT] [ 84420.896340] [action_3] [GPU:: 51771] Power(W) 1092.000000
[RESULT] [ 84421.897798] [action_3] [GPU:: 51771] Power(W) 1095.000000
[RESULT] [ 84422.899205] [action_3] [GPU:: 51771] Power(W) 1091.000000
[RESULT] [ 84423.900320] [action_3] [GPU:: 51771] Power(W) 1092.000000
[RESULT] [ 84424.901350] [action_3] [GPU:: 51771] Power(W) 1097.000000
[RESULT] [ 84425.902326] [action_3] [GPU:: 51771] Power(W) 1090.000000
[RESULT] [ 84426.903048] [action_3] [GPU:: 51771] Power(W) 1094.000000
[RESULT] [ 84427.905076] [action_3] [GPU:: 51771] Power(W) 1090.000000
[RESULT] [ 84428.906510] [action_3] [GPU:: 51771] Power(W) 1091.000000
[RESULT] [ 84429.907554] [action_3] [GPU:: 51771] Power(W) 1090.000000
[RESULT] [ 84430.908664] [action_3] [GPU:: 51771] Power(W) 1099.000000
[RESULT] [ 84431.909918] [action_3] [GPU:: 51771] Power(W) 1092.000000
[RESULT] [ 84432.911341] [action_3] [GPU:: 51771] Power(W) 1098.000000
[RESULT] [ 84433.912837] [action_3] [GPU:: 51771] Power(W) 1096.000000
[RESULT] [ 84434.913872] [action_3] [GPU:: 51771] Power(W) 1095.000000
[RESULT] [ 84435.915153] [action_3] [GPU:: 51771] Power(W) 1090.000000
[RESULT] [ 84436.916537] [action_3] [GPU:: 51771] Power(W) 1099.000000
[RESULT] [ 84437.917969] [action_3] [GPU:: 51771] Power(W) 1097.000000
[RESULT] [ 84438.919026] [action_3] [GPU:: 51771] Power(W) 1090.000000
[RESULT] [ 84439.920213] [action_3] [GPU:: 51771] Power(W) 1098.000000
[RESULT] [ 84440.922105] [action_3] [GPU:: 51771] Power(W) 1097.000000
[RESULT] [ 84441.923295] [action_3] [GPU:: 51771] Power(W) 1092.000000
[RESULT] [ 84442.924559] [action_3] [GPU:: 51771] Power(W) 1092.000000
[RESULT] [ 84443.925894] [action_3] [GPU:: 51771] Power(W) 1091.000000
[RESULT] [ 84444.927307] [action_3] [GPU:: 51771] Power(W) 1101.000000
[INFO  ] [ 84444.927318] [action_3] iet 51771  Average power met the target power : 1101.000000
[INFO  ] [ 84444.927322] [action_3] iet 51771  End of worker thread 
[RESULT] [ 84444.941932] [action_3] [GPU:: 51771] pass: TRUE
[INFO  ] [ 84444.947118] [action_3] iet 51771 Shutting down smi  
[INFO  ] [ 84444.947141] [action_3] iet 51771 Done with iet test 
[RESULT] [ 84446.677792] Action name :action_4
[RESULT] [ 84446.677813] Module name :iet
[INFO  ] [ 84446.677836] Missing 'device_index' key.
[INFO  ] [ 84446.778211] [action_4] iet 17010 start 150.000000
[INFO  ] [ 84446.778281] [action_4] iet 36479 start 150.000000
[INFO  ] [ 84446.778322] [action_4] iet 27226 start 150.000000
[INFO  ] [ 84446.778456] [action_4] iet 57875 start 150.000000
[INFO  ] [ 84446.778583] [action_4] iet 1590 start 150.000000
[INFO  ] [ 84446.778746] [action_4] iet 11806 start 150.000000
[INFO  ] [ 84446.778847] [action_4] iet 51771 start 150.000000
[INFO  ] [ 84446.778850] [action_4] iet 42583 start 150.000000
[RESULT] [ 84446.780042] [action_4] [GPU:: 36479] Power(W) 298.000000
[RESULT] [ 84446.780385] [action_4] [GPU:: 27226] Power(W) 293.000000
[RESULT] [ 84446.780536] [action_4] [GPU:: 17010] Power(W) 295.000000
[RESULT] [ 84446.780547] [action_4] [GPU:: 57875] Power(W) 304.000000
[RESULT] [ 84446.780639] [action_4] [GPU::  1590] Power(W) 303.000000
[RESULT] [ 84446.780662] [action_4] [GPU:: 11806] Power(W) 294.000000
[RESULT] [ 84446.780817] [action_4] [GPU:: 51771] Power(W) 296.000000
[RESULT] [ 84446.781381] [action_4] [GPU:: 42583] Power(W) 296.000000
[RESULT] [ 84447.781412] [action_4] [GPU:: 11806] Power(W) 294.000000
[RESULT] [ 84447.781433] [action_4] [GPU:: 27226] Power(W) 294.000000
[RESULT] [ 84447.781443] [action_4] [GPU:: 36479] Power(W) 299.000000
[RESULT] [ 84447.781633] [action_4] [GPU:: 57875] Power(W) 305.000000
[RESULT] [ 84447.781676] [action_4] [GPU:: 17010] Power(W) 297.000000
[RESULT] [ 84447.782076] [action_4] [GPU::  1590] Power(W) 303.000000
[RESULT] [ 84447.782084] [action_4] [GPU:: 51771] Power(W) 293.000000
[RESULT] [ 84447.782446] [action_4] [GPU:: 42583] Power(W) 298.000000
[RESULT] [ 84448.782513] [action_4] [GPU:: 27226] Power(W) 1120.000000
[RESULT] [ 84448.782816] [action_4] [GPU:: 11806] Power(W) 1071.000000
[RESULT] [ 84448.782853] [action_4] [GPU:: 36479] Power(W) 1084.000000
[RESULT] [ 84448.782919] [action_4] [GPU:: 57875] Power(W) 1081.000000
[RESULT] [ 84448.783204] [action_4] [GPU:: 17010] Power(W) 1098.000000
[RESULT] [ 84448.783487] [action_4] [GPU::  1590] Power(W) 1081.000000
[RESULT] [ 84448.783498] [action_4] [GPU:: 51771] Power(W) 1057.000000
[RESULT] [ 84448.783748] [action_4] [GPU:: 42583] Power(W) 1085.000000
[RESULT] [ 84449.783686] [action_4] [GPU:: 27226] Power(W) 1157.000000
[RESULT] [ 84449.784029] [action_4] [GPU:: 36479] Power(W) 1129.000000
[RESULT] [ 84449.784225] [action_4] [GPU:: 11806] Power(W) 1121.000000
[RESULT] [ 84449.784530] [action_4] [GPU:: 57875] Power(W) 1130.000000
[RESULT] [ 84449.784547] [action_4] [GPU::  1590] Power(W) 1143.000000
[RESULT] [ 84449.784631] [action_4] [GPU:: 17010] Power(W) 1104.000000
[RESULT] [ 84449.784703] [action_4] [GPU:: 51771] Power(W) 1094.000000
[RESULT] [ 84449.785207] [action_4] [GPU:: 42583] Power(W) 1127.000000
[RESULT] [ 84450.784844] [action_4] [GPU:: 27226] Power(W) 1154.000000
[RESULT] [ 84450.785615] [action_4] [GPU:: 11806] Power(W) 1123.000000
[RESULT] [ 84450.785618] [action_4] [GPU:: 36479] Power(W) 1130.000000
[RESULT] [ 84450.785727] [action_4] [GPU::  1590] Power(W) 1137.000000
[RESULT] [ 84450.786026] [action_4] [GPU:: 51771] Power(W) 1094.000000
[RESULT] [ 84450.786069] [action_4] [GPU:: 17010] Power(W) 1103.000000
[RESULT] [ 84450.786595] [action_4] [GPU:: 57875] Power(W) 1126.000000
[RESULT] [ 84450.786626] [action_4] [GPU:: 42583] Power(W) 1132.000000
[RESULT] [ 84451.786335] [action_4] [GPU:: 27226] Power(W) 1158.000000
[RESULT] [ 84451.786625] [action_4] [GPU::  1590] Power(W) 1137.000000
[RESULT] [ 84451.786969] [action_4] [GPU:: 51771] Power(W) 1093.000000
[RESULT] [ 84451.786988] [action_4] [GPU:: 11806] Power(W) 1125.000000
[RESULT] [ 84451.786988] [action_4] [GPU:: 36479] Power(W) 1133.000000
[RESULT] [ 84451.787665] [action_4] [GPU:: 17010] Power(W) 1110.000000
[RESULT] [ 84451.787932] [action_4] [GPU:: 42583] Power(W) 1127.000000
[RESULT] [ 84451.788021] [action_4] [GPU:: 57875] Power(W) 1132.000000
[RESULT] [ 84452.787365] [action_4] [GPU:: 27226] Power(W) 1155.000000
[RESULT] [ 84452.787697] [action_4] [GPU::  1590] Power(W) 1136.000000
[RESULT] [ 84452.788360] [action_4] [GPU:: 51771] Power(W) 1095.000000
[RESULT] [ 84452.788689] [action_4] [GPU:: 11806] Power(W) 1124.000000
[RESULT] [ 84452.788715] [action_4] [GPU:: 36479] Power(W) 1137.000000
[RESULT] [ 84452.789043] [action_4] [GPU:: 17010] Power(W) 1105.000000
[RESULT] [ 84452.789358] [action_4] [GPU:: 42583] Power(W) 1130.000000
[RESULT] [ 84452.789793] [action_4] [GPU:: 57875] Power(W) 1128.000000
[RESULT] [ 84453.788817] [action_4] [GPU::  1590] Power(W) 1141.000000
[RESULT] [ 84453.788849] [action_4] [GPU:: 27226] Power(W) 1165.000000
[RESULT] [ 84453.789756] [action_4] [GPU:: 51771] Power(W) 1099.000000
[RESULT] [ 84453.789877] [action_4] [GPU:: 11806] Power(W) 1130.000000
[RESULT] [ 84453.790067] [action_4] [GPU:: 36479] Power(W) 1142.000000
[RESULT] [ 84453.790432] [action_4] [GPU:: 17010] Power(W) 1111.000000
[RESULT] [ 84453.790753] [action_4] [GPU:: 42583] Power(W) 1130.000000
[RESULT] [ 84453.791124] [action_4] [GPU:: 57875] Power(W) 1131.000000
[RESULT] [ 84454.789959] [action_4] [GPU::  1590] Power(W) 1143.000000
[RESULT] [ 84454.789993] [action_4] [GPU:: 27226] Power(W) 1159.000000
[RESULT] [ 84454.791103] [action_4] [GPU:: 11806] Power(W) 1130.000000
[RESULT] [ 84454.791104] [action_4] [GPU:: 51771] Power(W) 1100.000000
[RESULT] [ 84454.791466] [action_4] [GPU:: 36479] Power(W) 1136.000000
[RESULT] [ 84454.791824] [action_4] [GPU:: 17010] Power(W) 1109.000000
[RESULT] [ 84454.792072] [action_4] [GPU:: 42583] Power(W) 1129.000000
[RESULT] [ 84454.792790] [action_4] [GPU:: 57875] Power(W) 1133.000000
[RESULT] [ 84455.791132] [action_4] [GPU:: 27226] Power(W) 1163.000000
[RESULT] [ 84455.791295] [action_4] [GPU::  1590] Power(W) 1143.000000
[RESULT] [ 84455.792495] [action_4] [GPU:: 51771] Power(W) 1101.000000
[RESULT] [ 84455.792495] [action_4] [GPU:: 11806] Power(W) 1131.000000
[RESULT] [ 84455.792859] [action_4] [GPU:: 36479] Power(W) 1133.000000
[RESULT] [ 84455.793208] [action_4] [GPU:: 42583] Power(W) 1135.000000
[RESULT] [ 84455.793254] [action_4] [GPU:: 17010] Power(W) 1118.000000
[RESULT] [ 84455.794182] [action_4] [GPU:: 57875] Power(W) 1129.000000
[RESULT] [ 84456.792147] [action_4] [GPU:: 27226] Power(W) 1159.000000
[RESULT] [ 84456.792530] [action_4] [GPU::  1590] Power(W) 1146.000000
[RESULT] [ 84456.793882] [action_4] [GPU:: 51771] Power(W) 1096.000000
[RESULT] [ 84456.793883] [action_4] [GPU:: 11806] Power(W) 1130.000000
[RESULT] [ 84456.793981] [action_4] [GPU:: 36479] Power(W) 1132.000000
[RESULT] [ 84456.794547] [action_4] [GPU:: 42583] Power(W) 1131.000000
[RESULT] [ 84456.794919] [action_4] [GPU:: 17010] Power(W) 1115.000000
[RESULT] [ 84456.795945] [action_4] [GPU:: 57875] Power(W) 1135.000000
[RESULT] [ 84457.793607] [action_4] [GPU:: 27226] Power(W) 1153.000000
[RESULT] [ 84457.793930] [action_4] [GPU::  1590] Power(W) 1141.000000
[RESULT] [ 84457.795166] [action_4] [GPU:: 51771] Power(W) 1098.000000
[RESULT] [ 84457.795220] [action_4] [GPU:: 11806] Power(W) 1133.000000
[RESULT] [ 84457.795304] [action_4] [GPU:: 36479] Power(W) 1131.000000
[RESULT] [ 84457.795967] [action_4] [GPU:: 42583] Power(W) 1132.000000
[RESULT] [ 84457.796287] [action_4] [GPU:: 17010] Power(W) 1113.000000
[RESULT] [ 84457.797292] [action_4] [GPU:: 57875] Power(W) 1132.000000
[RESULT] [ 84458.795017] [action_4] [GPU:: 27226] Power(W) 1166.000000
[RESULT] [ 84458.795123] [action_4] [GPU::  1590] Power(W) 1146.000000
[RESULT] [ 84458.795978] [action_4] [GPU:: 51771] Power(W) 1099.000000
[RESULT] [ 84458.796159] [action_4] [GPU:: 36479] Power(W) 1134.000000
[RESULT] [ 84458.796627] [action_4] [GPU:: 11806] Power(W) 1125.000000
[RESULT] [ 84458.797298] [action_4] [GPU:: 42583] Power(W) 1130.000000
[RESULT] [ 84458.797658] [action_4] [GPU:: 17010] Power(W) 1116.000000
[RESULT] [ 84458.798979] [action_4] [GPU:: 57875] Power(W) 1138.000000
[RESULT] [ 84459.796053] [action_4] [GPU::  1590] Power(W) 1144.000000
[RESULT] [ 84459.796194] [action_4] [GPU:: 27226] Power(W) 1155.000000
[RESULT] [ 84459.797037] [action_4] [GPU:: 51771] Power(W) 1098.000000
[RESULT] [ 84459.797053] [action_4] [GPU:: 36479] Power(W) 1135.000000
[RESULT] [ 84459.797646] [action_4] [GPU:: 11806] Power(W) 1122.000000
[RESULT] [ 84459.798686] [action_4] [GPU:: 17010] Power(W) 1117.000000
[RESULT] [ 84459.798709] [action_4] [GPU:: 42583] Power(W) 1129.000000
[RESULT] [ 84459.800237] [action_4] [GPU:: 57875] Power(W) 1139.000000
[RESULT] [ 84460.797185] [action_4] [GPU::  1590] Power(W) 1151.000000
[RESULT] [ 84460.797321] [action_4] [GPU:: 27226] Power(W) 1154.000000
[RESULT] [ 84460.797708] [action_4] [GPU:: 51771] Power(W) 1097.000000
[RESULT] [ 84460.798223] [action_4] [GPU:: 36479] Power(W) 1136.000000
[RESULT] [ 84460.799075] [action_4] [GPU:: 11806] Power(W) 1127.000000
[RESULT] [ 84460.800112] [action_4] [GPU:: 17010] Power(W) 1115.000000
[RESULT] [ 84460.800120] [action_4] [GPU:: 42583] Power(W) 1132.000000
[RESULT] [ 84460.801329] [action_4] [GPU:: 57875] Power(W) 1142.000000
[RESULT] [ 84461.798200] [action_4] [GPU::  1590] Power(W) 1139.000000
[RESULT] [ 84461.798516] [action_4] [GPU:: 51771] Power(W) 1094.000000
[RESULT] [ 84461.798810] [action_4] [GPU:: 27226] Power(W) 1158.000000
[RESULT] [ 84461.799299] [action_4] [GPU:: 36479] Power(W) 1133.000000
[RESULT] [ 84461.800134] [action_4] [GPU:: 11806] Power(W) 1138.000000
[RESULT] [ 84461.801325] [action_4] [GPU:: 42583] Power(W) 1136.000000
[RESULT] [ 84461.801384] [action_4] [GPU:: 17010] Power(W) 1110.000000
[RESULT] [ 84461.802431] [action_4] [GPU:: 57875] Power(W) 1140.000000
[RESULT] [ 84462.799437] [action_4] [GPU::  1590] Power(W) 1151.000000
[RESULT] [ 84462.799855] [action_4] [GPU:: 51771] Power(W) 1102.000000
[RESULT] [ 84462.800231] [action_4] [GPU:: 27226] Power(W) 1159.000000
[RESULT] [ 84462.800475] [action_4] [GPU:: 36479] Power(W) 1133.000000
[RESULT] [ 84462.801331] [action_4] [GPU:: 11806] Power(W) 1136.000000
[RESULT] [ 84462.802610] [action_4] [GPU:: 42583] Power(W) 1134.000000
[RESULT] [ 84462.802867] [action_4] [GPU:: 17010] Power(W) 1112.000000
[RESULT] [ 84462.804193] [action_4] [GPU:: 57875] Power(W) 1141.000000
[RESULT] [ 84463.800466] [action_4] [GPU::  1590] Power(W) 1153.000000
[RESULT] [ 84463.801260] [action_4] [GPU:: 51771] Power(W) 1097.000000
[RESULT] [ 84463.801280] [action_4] [GPU:: 27226] Power(W) 1155.000000
[RESULT] [ 84463.801497] [action_4] [GPU:: 36479] Power(W) 1130.000000
[RESULT] [ 84463.802529] [action_4] [GPU:: 11806] Power(W) 1130.000000
[RESULT] [ 84463.803682] [action_4] [GPU:: 42583] Power(W) 1133.000000
[RESULT] [ 84463.804247] [action_4] [GPU:: 17010] Power(W) 1120.000000
[RESULT] [ 84463.805275] [action_4] [GPU:: 57875] Power(W) 1137.000000
[RESULT] [ 84464.802289] [action_4] [GPU:: 51771] Power(W) 1100.000000
[RESULT] [ 84464.802379] [action_4] [GPU:: 27226] Power(W) 1155.000000
[RESULT] [ 84464.803256] [action_4] [GPU:: 11806] Power(W) 1128.000000
[RESULT] [ 84464.803290] [action_4] [GPU::  1590] Power(W) 1145.000000
[RESULT] [ 84464.803307] [action_4] [GPU:: 36479] Power(W) 1144.000000
[RESULT] [ 84464.804726] [action_4] [GPU:: 42583] Power(W) 1134.000000
[RESULT] [ 84464.806411] [action_4] [GPU:: 57875] Power(W) 1101.000000
[RESULT] [ 84464.806450] [action_4] [GPU:: 17010] Power(W) 1109.000000
[RESULT] [ 84465.803572] [action_4] [GPU:: 51771] Power(W) 1100.000000
[RESULT] [ 84465.803595] [action_4] [GPU:: 27226] Power(W) 1158.000000
[RESULT] [ 84465.804437] [action_4] [GPU:: 11806] Power(W) 1130.000000
[RESULT] [ 84465.804574] [action_4] [GPU::  1590] Power(W) 1153.000000
[RESULT] [ 84465.804617] [action_4] [GPU:: 36479] Power(W) 1138.000000
[RESULT] [ 84465.805770] [action_4] [GPU:: 42583] Power(W) 1131.000000
[RESULT] [ 84465.807783] [action_4] [GPU:: 17010] Power(W) 1112.000000
[RESULT] [ 84465.808368] [action_4] [GPU:: 57875] Power(W) 1139.000000
[RESULT] [ 84466.804802] [action_4] [GPU:: 27226] Power(W) 1156.000000
[RESULT] [ 84466.804834] [action_4] [GPU:: 51771] Power(W) 1105.000000
[RESULT] [ 84466.805599] [action_4] [GPU:: 11806] Power(W) 1135.000000
[RESULT] [ 84466.805767] [action_4] [GPU::  1590] Power(W) 1142.000000
[RESULT] [ 84466.805772] [action_4] [GPU:: 36479] Power(W) 1136.000000
[RESULT] [ 84466.806823] [action_4] [GPU:: 42583] Power(W) 1133.000000
[RESULT] [ 84466.809429] [action_4] [GPU:: 17010] Power(W) 1109.000000
[RESULT] [ 84466.809685] [action_4] [GPU:: 57875] Power(W) 1138.000000
[RESULT] [ 84467.806102] [action_4] [GPU:: 51771] Power(W) 1105.000000
[RESULT] [ 84467.806103] [action_4] [GPU:: 27226] Power(W) 1161.000000
[RESULT] [ 84467.806772] [action_4] [GPU:: 11806] Power(W) 1136.000000
[RESULT] [ 84467.806886] [action_4] [GPU::  1590] Power(W) 1148.000000
[RESULT] [ 84467.807104] [action_4] [GPU:: 36479] Power(W) 1131.000000
[RESULT] [ 84467.807886] [action_4] [GPU:: 42583] Power(W) 1139.000000
[RESULT] [ 84467.810531] [action_4] [GPU:: 17010] Power(W) 1117.000000
[RESULT] [ 84467.811438] [action_4] [GPU:: 57875] Power(W) 1137.000000
[RESULT] [ 84468.807497] [action_4] [GPU:: 51771] Power(W) 1102.000000
[RESULT] [ 84468.807504] [action_4] [GPU:: 27226] Power(W) 1157.000000
[RESULT] [ 84468.808135] [action_4] [GPU:: 11806] Power(W) 1133.000000
[RESULT] [ 84468.808135] [action_4] [GPU::  1590] Power(W) 1145.000000
[RESULT] [ 84468.808510] [action_4] [GPU:: 36479] Power(W) 1132.000000
[RESULT] [ 84468.808917] [action_4] [GPU:: 42583] Power(W) 1136.000000
[RESULT] [ 84468.811671] [action_4] [GPU:: 17010] Power(W) 1114.000000
[RESULT] [ 84468.812715] [action_4] [GPU:: 57875] Power(W) 1141.000000
[RESULT] [ 84469.808704] [action_4] [GPU:: 51771] Power(W) 1095.000000
[RESULT] [ 84469.808708] [action_4] [GPU:: 27226] Power(W) 1156.000000
[RESULT] [ 84469.809545] [action_4] [GPU:: 11806] Power(W) 1133.000000
[RESULT] [ 84469.809582] [action_4] [GPU::  1590] Power(W) 1148.000000
[RESULT] [ 84469.809641] [action_4] [GPU:: 36479] Power(W) 1139.000000
[RESULT] [ 84469.809973] [action_4] [GPU:: 42583] Power(W) 1136.000000
[RESULT] [ 84469.813033] [action_4] [GPU:: 17010] Power(W) 1112.000000
[RESULT] [ 84469.814536] [action_4] [GPU:: 57875] Power(W) 1138.000000
[RESULT] [ 84470.809690] [action_4] [GPU:: 51771] Power(W) 1097.000000
[RESULT] [ 84470.809889] [action_4] [GPU:: 27226] Power(W) 1157.000000
[RESULT] [ 84470.810686] [action_4] [GPU:: 36479] Power(W) 1142.000000
[RESULT] [ 84470.810728] [action_4] [GPU:: 11806] Power(W) 1134.000000
[RESULT] [ 84470.810889] [action_4] [GPU::  1590] Power(W) 1147.000000
[RESULT] [ 84470.811016] [action_4] [GPU:: 42583] Power(W) 1138.000000
[RESULT] [ 84470.814625] [action_4] [GPU:: 17010] Power(W) 1120.000000
[RESULT] [ 84470.815850] [action_4] [GPU:: 57875] Power(W) 1136.000000
[RESULT] [ 84471.810992] [action_4] [GPU:: 51771] Power(W) 1102.000000
[RESULT] [ 84471.811308] [action_4] [GPU:: 27226] Power(W) 1160.000000
[RESULT] [ 84471.811872] [action_4] [GPU::  1590] Power(W) 1147.000000
[RESULT] [ 84471.811910] [action_4] [GPU:: 11806] Power(W) 1131.000000
[RESULT] [ 84471.812109] [action_4] [GPU:: 36479] Power(W) 1140.000000
[RESULT] [ 84471.812298] [action_4] [GPU:: 42583] Power(W) 1140.000000
[RESULT] [ 84471.815946] [action_4] [GPU:: 17010] Power(W) 1114.000000
[RESULT] [ 84471.816775] [action_4] [GPU:: 57875] Power(W) 1142.000000
[RESULT] [ 84472.812350] [action_4] [GPU:: 51771] Power(W) 1104.000000
[RESULT] [ 84472.812697] [action_4] [GPU:: 27226] Power(W) 1159.000000
[RESULT] [ 84472.813334] [action_4] [GPU:: 11806] Power(W) 1130.000000
[RESULT] [ 84472.813340] [action_4] [GPU::  1590] Power(W) 1153.000000
[RESULT] [ 84472.813719] [action_4] [GPU:: 36479] Power(W) 1143.000000
[RESULT] [ 84472.813728] [action_4] [GPU:: 42583] Power(W) 1146.000000
[RESULT] [ 84472.817377] [action_4] [GPU:: 17010] Power(W) 1114.000000
[RESULT] [ 84472.818090] [action_4] [GPU:: 57875] Power(W) 1142.000000
[RESULT] [ 84473.813728] [action_4] [GPU:: 51771] Power(W) 1097.000000
[RESULT] [ 84473.813830] [action_4] [GPU:: 27226] Power(W) 1161.000000
[RESULT] [ 84473.814719] [action_4] [GPU:: 11806] Power(W) 1133.000000
[RESULT] [ 84473.814733] [action_4] [GPU::  1590] Power(W) 1147.000000
[RESULT] [ 84473.814777] [action_4] [GPU:: 42583] Power(W) 1138.000000
[RESULT] [ 84473.815038] [action_4] [GPU:: 36479] Power(W) 1135.000000
[RESULT] [ 84473.818741] [action_4] [GPU:: 17010] Power(W) 1114.000000
[RESULT] [ 84473.819729] [action_4] [GPU:: 57875] Power(W) 1137.000000
[RESULT] [ 84474.814995] [action_4] [GPU:: 51771] Power(W) 1100.000000
[RESULT] [ 84474.815014] [action_4] [GPU:: 27226] Power(W) 1164.000000
[RESULT] [ 84474.815979] [action_4] [GPU::  1590] Power(W) 1154.000000
[RESULT] [ 84474.816012] [action_4] [GPU:: 11806] Power(W) 1136.000000
[RESULT] [ 84474.816037] [action_4] [GPU:: 42583] Power(W) 1139.000000
[RESULT] [ 84474.816469] [action_4] [GPU:: 36479] Power(W) 1132.000000
[RESULT] [ 84474.820032] [action_4] [GPU:: 17010] Power(W) 1119.000000
[RESULT] [ 84474.820985] [action_4] [GPU:: 57875] Power(W) 1137.000000
[RESULT] [ 84475.816317] [action_4] [GPU:: 27226] Power(W) 1156.000000
[RESULT] [ 84475.816492] [action_4] [GPU:: 51771] Power(W) 1105.000000
[RESULT] [ 84475.817263] [action_4] [GPU:: 11806] Power(W) 1136.000000
[RESULT] [ 84475.817285] [action_4] [GPU:: 42583] Power(W) 1138.000000
[RESULT] [ 84475.817495] [action_4] [GPU::  1590] Power(W) 1155.000000
[RESULT] [ 84475.817891] [action_4] [GPU:: 36479] Power(W) 1138.000000
[RESULT] [ 84475.821291] [action_4] [GPU:: 17010] Power(W) 1119.000000
[RESULT] [ 84475.822180] [action_4] [GPU:: 57875] Power(W) 1140.000000
[RESULT] [ 84476.817901] [action_4] [GPU:: 51771] Power(W) 1101.000000
[RESULT] [ 84476.817914] [action_4] [GPU:: 27226] Power(W) 1165.000000
[RESULT] [ 84476.818525] [action_4] [GPU:: 11806] Power(W) 1130.000000
[RESULT] [ 84476.818545] [action_4] [GPU:: 42583] Power(W) 1136.000000
[RESULT] [ 84476.818919] [action_4] [GPU::  1590] Power(W) 1144.000000
[RESULT] [ 84476.819018] [action_4] [GPU:: 36479] Power(W) 1140.000000
[RESULT] [ 84476.822936] [action_4] [GPU:: 17010] Power(W) 1120.000000
[RESULT] [ 84476.823880] [action_4] [GPU:: 57875] Power(W) 1141.000000
[RESULT] [ 84477.818925] [action_4] [GPU:: 51771] Power(W) 1096.000000
[RESULT] [ 84477.819016] [action_4] [GPU:: 27226] Power(W) 1162.000000
[RESULT] [ 84477.819939] [action_4] [GPU:: 11806] Power(W) 1133.000000
[RESULT] [ 84477.819965] [action_4] [GPU:: 42583] Power(W) 1139.000000
[RESULT] [ 84477.820272] [action_4] [GPU::  1590] Power(W) 1148.000000
[RESULT] [ 84477.820419] [action_4] [GPU:: 36479] Power(W) 1143.000000
[RESULT] [ 84477.824280] [action_4] [GPU:: 17010] Power(W) 1120.000000
[RESULT] [ 84477.825246] [action_4] [GPU:: 57875] Power(W) 1139.000000
[RESULT] [ 84478.819615] [action_4] [GPU:: 51771] Power(W) 1107.000000
[RESULT] [ 84478.820103] [action_4] [GPU:: 27226] Power(W) 1165.000000
[RESULT] [ 84478.821048] [action_4] [GPU:: 42583] Power(W) 1137.000000
[RESULT] [ 84478.821089] [action_4] [GPU:: 11806] Power(W) 1133.000000
[RESULT] [ 84478.821640] [action_4] [GPU::  1590] Power(W) 1145.000000
[RESULT] [ 84478.822036] [action_4] [GPU:: 36479] Power(W) 1145.000000
[RESULT] [ 84478.825659] [action_4] [GPU:: 17010] Power(W) 1113.000000
[RESULT] [ 84478.826982] [action_4] [GPU:: 57875] Power(W) 1137.000000
[RESULT] [ 84479.820461] [action_4] [GPU:: 51771] Power(W) 1104.000000
[RESULT] [ 84479.821157] [action_4] [GPU:: 27226] Power(W) 1159.000000
[RESULT] [ 84479.822168] [action_4] [GPU:: 42583] Power(W) 1137.000000
[RESULT] [ 84479.822202] [action_4] [GPU:: 11806] Power(W) 1130.000000
[RESULT] [ 84479.823150] [action_4] [GPU::  1590] Power(W) 1151.000000
[RESULT] [ 84479.823218] [action_4] [GPU:: 36479] Power(W) 1144.000000
[RESULT] [ 84479.827059] [action_4] [GPU:: 17010] Power(W) 1111.000000
[RESULT] [ 84479.828091] [action_4] [GPU:: 57875] Power(W) 1146.000000
[RESULT] [ 84480.821155] [action_4] [GPU:: 51771] Power(W) 1106.000000
[RESULT] [ 84480.822205] [action_4] [GPU:: 27226] Power(W) 1164.000000
[RESULT] [ 84480.823218] [action_4] [GPU:: 42583] Power(W) 1138.000000
[RESULT] [ 84480.823331] [action_4] [GPU:: 11806] Power(W) 1136.000000
[RESULT] [ 84480.824418] [action_4] [GPU::  1590] Power(W) 1156.000000
[RESULT] [ 84480.824442] [action_4] [GPU:: 36479] Power(W) 1136.000000
[RESULT] [ 84480.828427] [action_4] [GPU:: 17010] Power(W) 1116.000000
[RESULT] [ 84480.829463] [action_4] [GPU:: 57875] Power(W) 1133.000000
[RESULT] [ 84481.821772] [action_4] [GPU:: 51771] Power(W) 1107.000000
[RESULT] [ 84481.823216] [action_4] [GPU:: 27226] Power(W) 1159.000000
[RESULT] [ 84481.824251] [action_4] [GPU:: 42583] Power(W) 1136.000000
[RESULT] [ 84481.824398] [action_4] [GPU:: 11806] Power(W) 1134.000000
[RESULT] [ 84481.825785] [action_4] [GPU:: 36479] Power(W) 1139.000000
[RESULT] [ 84481.825791] [action_4] [GPU::  1590] Power(W) 1158.000000
[RESULT] [ 84481.829815] [action_4] [GPU:: 17010] Power(W) 1118.000000
[RESULT] [ 84481.831144] [action_4] [GPU:: 57875] Power(W) 1140.000000
[RESULT] [ 84482.822635] [action_4] [GPU:: 51771] Power(W) 1096.000000
[RESULT] [ 84482.824269] [action_4] [GPU:: 27226] Power(W) 1162.000000
[RESULT] [ 84482.825363] [action_4] [GPU:: 42583] Power(W) 1138.000000
[RESULT] [ 84482.825520] [action_4] [GPU:: 11806] Power(W) 1132.000000
[RESULT] [ 84482.827203] [action_4] [GPU::  1590] Power(W) 1151.000000
[RESULT] [ 84482.827247] [action_4] [GPU:: 36479] Power(W) 1140.000000
[RESULT] [ 84482.831228] [action_4] [GPU:: 17010] Power(W) 1123.000000
[RESULT] [ 84482.832425] [action_4] [GPU:: 57875] Power(W) 1141.000000
[RESULT] [ 84483.823416] [action_4] [GPU:: 51771] Power(W) 1100.000000
[RESULT] [ 84483.825393] [action_4] [GPU:: 27226] Power(W) 1165.000000
[RESULT] [ 84483.826510] [action_4] [GPU:: 42583] Power(W) 1141.000000
[RESULT] [ 84483.826884] [action_4] [GPU:: 11806] Power(W) 1134.000000
[RESULT] [ 84483.828614] [action_4] [GPU::  1590] Power(W) 1151.000000
[RESULT] [ 84483.828658] [action_4] [GPU:: 36479] Power(W) 1148.000000
[RESULT] [ 84483.832362] [action_4] [GPU:: 17010] Power(W) 1117.000000
[RESULT] [ 84483.834247] [action_4] [GPU:: 57875] Power(W) 1135.000000
[RESULT] [ 84484.824549] [action_4] [GPU:: 51771] Power(W) 1105.000000
[RESULT] [ 84484.826456] [action_4] [GPU:: 27226] Power(W) 1165.000000
[RESULT] [ 84484.827608] [action_4] [GPU:: 42583] Power(W) 1135.000000
[RESULT] [ 84484.828372] [action_4] [GPU:: 11806] Power(W) 1139.000000
[RESULT] [ 84484.829945] [action_4] [GPU::  1590] Power(W) 1151.000000
[RESULT] [ 84484.829953] [action_4] [GPU:: 36479] Power(W) 1143.000000
[RESULT] [ 84484.833540] [action_4] [GPU:: 17010] Power(W) 1114.000000
[RESULT] [ 84484.835443] [action_4] [GPU:: 57875] Power(W) 1134.000000
[RESULT] [ 84485.826021] [action_4] [GPU:: 51771] Power(W) 1100.000000
[RESULT] [ 84485.827594] [action_4] [GPU:: 27226] Power(W) 1160.000000
[RESULT] [ 84485.829008] [action_4] [GPU:: 42583] Power(W) 1141.000000
[RESULT] [ 84485.829532] [action_4] [GPU:: 11806] Power(W) 1133.000000
[RESULT] [ 84485.831361] [action_4] [GPU::  1590] Power(W) 1151.000000
[RESULT] [ 84485.831378] [action_4] [GPU:: 36479] Power(W) 1146.000000
[RESULT] [ 84485.835040] [action_4] [GPU:: 17010] Power(W) 1114.000000
[RESULT] [ 84485.836480] [action_4] [GPU:: 57875] Power(W) 1140.000000
[RESULT] [ 84486.827451] [action_4] [GPU:: 51771] Power(W) 1103.000000
[RESULT] [ 84486.828745] [action_4] [GPU:: 27226] Power(W) 1168.000000
[RESULT] [ 84486.830411] [action_4] [GPU:: 42583] Power(W) 1137.000000
[RESULT] [ 84486.830696] [action_4] [GPU:: 11806] Power(W) 1134.000000
[RESULT] [ 84486.832735] [action_4] [GPU::  1590] Power(W) 1146.000000
[RESULT] [ 84486.832748] [action_4] [GPU:: 36479] Power(W) 1141.000000
[RESULT] [ 84486.836454] [action_4] [GPU:: 17010] Power(W) 1112.000000
[RESULT] [ 84486.837517] [action_4] [GPU:: 57875] Power(W) 1138.000000
[RESULT] [ 84487.828725] [action_4] [GPU:: 51771] Power(W) 1102.000000
[RESULT] [ 84487.830116] [action_4] [GPU:: 27226] Power(W) 1165.000000
[RESULT] [ 84487.831443] [action_4] [GPU:: 42583] Power(W) 1137.000000
[RESULT] [ 84487.832092] [action_4] [GPU:: 11806] Power(W) 1139.000000
[RESULT] [ 84487.834105] [action_4] [GPU::  1590] Power(W) 1154.000000
[RESULT] [ 84487.834136] [action_4] [GPU:: 36479] Power(W) 1146.000000
[RESULT] [ 84487.837832] [action_4] [GPU:: 17010] Power(W) 1123.000000
[RESULT] [ 84487.838665] [action_4] [GPU:: 57875] Power(W) 1128.000000
[RESULT] [ 84488.830155] [action_4] [GPU:: 51771] Power(W) 1101.000000
[RESULT] [ 84488.831509] [action_4] [GPU:: 27226] Power(W) 1170.000000
[RESULT] [ 84488.832556] [action_4] [GPU:: 42583] Power(W) 1141.000000
[RESULT] [ 84488.833513] [action_4] [GPU:: 11806] Power(W) 1130.000000
[RESULT] [ 84488.835549] [action_4] [GPU:: 36479] Power(W) 1141.000000
[RESULT] [ 84488.835591] [action_4] [GPU::  1590] Power(W) 1148.000000
[RESULT] [ 84488.839552] [action_4] [GPU:: 17010] Power(W) 1120.000000
[RESULT] [ 84488.839711] [action_4] [GPU:: 57875] Power(W) 1139.000000
[RESULT] [ 84489.831557] [action_4] [GPU:: 51771] Power(W) 1094.000000
[RESULT] [ 84489.832678] [action_4] [GPU:: 27226] Power(W) 1165.000000
[RESULT] [ 84489.833727] [action_4] [GPU:: 42583] Power(W) 1139.000000
[RESULT] [ 84489.834712] [action_4] [GPU:: 11806] Power(W) 1131.000000
[RESULT] [ 84489.836921] [action_4] [GPU:: 36479] Power(W) 1137.000000
[RESULT] [ 84489.836955] [action_4] [GPU::  1590] Power(W) 1146.000000
[RESULT] [ 84489.840935] [action_4] [GPU:: 17010] Power(W) 1122.000000
[RESULT] [ 84489.841542] [action_4] [GPU:: 57875] Power(W) 1140.000000
[RESULT] [ 84490.832834] [action_4] [GPU:: 51771] Power(W) 1098.000000
[RESULT] [ 84490.833836] [action_4] [GPU:: 27226] Power(W) 1168.000000
[RESULT] [ 84490.834892] [action_4] [GPU:: 42583] Power(W) 1140.000000
[RESULT] [ 84490.835877] [action_4] [GPU:: 11806] Power(W) 1138.000000
[RESULT] [ 84490.838614] [action_4] [GPU::  1590] Power(W) 1155.000000
[RESULT] [ 84490.838627] [action_4] [GPU:: 36479] Power(W) 1140.000000
[RESULT] [ 84490.842256] [action_4] [GPU:: 17010] Power(W) 1113.000000
[RESULT] [ 84490.842737] [action_4] [GPU:: 57875] Power(W) 1146.000000
[RESULT] [ 84491.834018] [action_4] [GPU:: 51771] Power(W) 1100.000000
[RESULT] [ 84491.834902] [action_4] [GPU:: 27226] Power(W) 1165.000000
[RESULT] [ 84491.836300] [action_4] [GPU:: 42583] Power(W) 1133.000000
[RESULT] [ 84491.837275] [action_4] [GPU:: 11806] Power(W) 1135.000000
[RESULT] [ 84491.839976] [action_4] [GPU::  1590] Power(W) 1152.000000
[RESULT] [ 84491.840015] [action_4] [GPU:: 36479] Power(W) 1143.000000
[RESULT] [ 84491.843645] [action_4] [GPU:: 17010] Power(W) 1123.000000
[RESULT] [ 84491.843874] [action_4] [GPU:: 57875] Power(W) 1145.000000
[RESULT] [ 84492.835360] [action_4] [GPU:: 51771] Power(W) 1101.000000
[RESULT] [ 84492.836014] [action_4] [GPU:: 27226] Power(W) 1170.000000
[RESULT] [ 84492.837735] [action_4] [GPU:: 42583] Power(W) 1138.000000
[RESULT] [ 84492.838694] [action_4] [GPU:: 11806] Power(W) 1139.000000
[RESULT] [ 84492.841358] [action_4] [GPU::  1590] Power(W) 1153.000000
[RESULT] [ 84492.841402] [action_4] [GPU:: 36479] Power(W) 1141.000000
[RESULT] [ 84492.844988] [action_4] [GPU:: 17010] Power(W) 1123.000000
[RESULT] [ 84492.845044] [action_4] [GPU:: 57875] Power(W) 1140.000000
[RESULT] [ 84493.836745] [action_4] [GPU:: 51771] Power(W) 1101.000000
[RESULT] [ 84493.837044] [action_4] [GPU:: 27226] Power(W) 1166.000000
[RESULT] [ 84493.838839] [action_4] [GPU:: 42583] Power(W) 1137.000000
[RESULT] [ 84493.839795] [action_4] [GPU:: 11806] Power(W) 1128.000000
[RESULT] [ 84493.842766] [action_4] [GPU::  1590] Power(W) 1148.000000
[RESULT] [ 84493.842876] [action_4] [GPU:: 36479] Power(W) 1141.000000
[RESULT] [ 84493.846763] [action_4] [GPU:: 57875] Power(W) 1138.000000
[RESULT] [ 84493.846774] [action_4] [GPU:: 17010] Power(W) 1124.000000
[RESULT] [ 84494.837853] [action_4] [GPU:: 51771] Power(W) 1100.000000
[RESULT] [ 84494.838042] [action_4] [GPU:: 27226] Power(W) 1169.000000
[RESULT] [ 84494.839896] [action_4] [GPU:: 42583] Power(W) 1141.000000
[RESULT] [ 84494.840890] [action_4] [GPU:: 11806] Power(W) 1135.000000
[RESULT] [ 84494.844120] [action_4] [GPU:: 36479] Power(W) 1145.000000
[RESULT] [ 84494.844129] [action_4] [GPU::  1590] Power(W) 1156.000000
[RESULT] [ 84494.848088] [action_4] [GPU:: 17010] Power(W) 1125.000000
[RESULT] [ 84494.848182] [action_4] [GPU:: 57875] Power(W) 1140.000000
[RESULT] [ 84495.838841] [action_4] [GPU:: 51771] Power(W) 1100.000000
[RESULT] [ 84495.838847] [action_4] [GPU:: 27226] Power(W) 1167.000000
[RESULT] [ 84495.840477] [action_4] [GPU:: 42583] Power(W) 1141.000000
[RESULT] [ 84495.841850] [action_4] [GPU:: 11806] Power(W) 1132.000000
[RESULT] [ 84495.845117] [action_4] [GPU:: 36479] Power(W) 1137.000000
[RESULT] [ 84495.845277] [action_4] [GPU::  1590] Power(W) 1148.000000
[RESULT] [ 84495.849570] [action_4] [GPU:: 17010] Power(W) 1121.000000
[RESULT] [ 84495.849920] [action_4] [GPU:: 57875] Power(W) 1148.000000
[RESULT] [ 84496.840130] [action_4] [GPU:: 27226] Power(W) 1159.000000
[RESULT] [ 84496.840131] [action_4] [GPU:: 51771] Power(W) 1105.000000
[INFO  ] [ 84496.840146] [action_4] iet 27226  Average power met the target power : 1170.000000
[INFO  ] [ 84496.840189] [action_4] iet 27226  End of worker thread 
[INFO  ] [ 84496.840150] [action_4] iet 51771  Average power met the target power : 1107.000000
[INFO  ] [ 84496.840194] [action_4] iet 51771  End of worker thread 
[RESULT] [ 84496.841953] [action_4] [GPU:: 42583] Power(W) 1141.000000
[INFO  ] [ 84496.841963] [action_4] iet 42583  Average power met the target power : 1146.000000
[INFO  ] [ 84496.841967] [action_4] iet 42583  End of worker thread 
[RESULT] [ 84496.843065] [action_4] [GPU:: 11806] Power(W) 1136.000000
[INFO  ] [ 84496.843075] [action_4] iet 11806  Average power met the target power : 1139.000000
[INFO  ] [ 84496.843078] [action_4] iet 11806  End of worker thread 
[RESULT] [ 84496.843366] [action_4] [GPU:: 51771] pass: TRUE
[RESULT] [ 84496.845902] [action_4] [GPU:: 36479] Power(W) 1141.000000
[INFO  ] [ 84496.845909] [action_4] iet 36479  Average power met the target power : 1148.000000
[INFO  ] [ 84496.845912] [action_4] iet 36479  End of worker thread 
[RESULT] [ 84496.846959] [action_4] [GPU:: 27226] pass: TRUE
[RESULT] [ 84496.846998] [action_4] [GPU::  1590] Power(W) 1150.000000
[INFO  ] [ 84496.847028] [action_4] iet 1590  Average power met the target power : 1158.000000
[INFO  ] [ 84496.847032] [action_4] iet 1590  End of worker thread 
[RESULT] [ 84496.847259] [action_4] [GPU::  1590] pass: TRUE
[RESULT] [ 84496.850954] [action_4] [GPU:: 17010] Power(W) 1122.000000
[INFO  ] [ 84496.850967] [action_4] iet 17010  Average power met the target power : 1125.000000
[INFO  ] [ 84496.850971] [action_4] iet 17010  End of worker thread 
[RESULT] [ 84496.851315] [action_4] [GPU:: 57875] Power(W) 1145.000000
[INFO  ] [ 84496.851327] [action_4] iet 57875  Average power met the target power : 1148.000000
[INFO  ] [ 84496.851332] [action_4] iet 57875  End of worker thread 
[RESULT] [ 84496.852702] [action_4] [GPU:: 17010] pass: TRUE
[RESULT] [ 84496.852894] [action_4] [GPU:: 57875] pass: TRUE
[RESULT] [ 84496.857017] [action_4] [GPU:: 36479] pass: TRUE
[RESULT] [ 84496.858237] [action_4] [GPU:: 11806] pass: TRUE
[RESULT] [ 84496.858767] [action_4] [GPU:: 42583] pass: TRUE
[INFO  ] [ 84496.864066] [action_4] iet 51771 Shutting down smi  
[INFO  ] [ 84496.864083] [action_4] iet 51771 Done with iet test 
[RESULT] [ 84498.638620] Action name :action_5
[RESULT] [ 84498.638640] Module name :iet
[INFO  ] [ 84498.638664] Missing 'device_index' key.
[INFO  ] [ 84498.738976] [action_5] iet 17010 start 50.000000
[RESULT] [ 84498.740352] [action_5] [GPU:: 17010] Power(W) 299.000000
[RESULT] [ 84500.241743] [action_5] [GPU:: 17010] Power(W) 1087.000000
[RESULT] [ 84501.743162] [action_5] [GPU:: 17010] Power(W) 1116.000000
[RESULT] [ 84503.244499] [action_5] [GPU:: 17010] Power(W) 1122.000000
[RESULT] [ 84504.745977] [action_5] [GPU:: 17010] Power(W) 1116.000000
[RESULT] [ 84506.247402] [action_5] [GPU:: 17010] Power(W) 1122.000000
[RESULT] [ 84507.748457] [action_5] [GPU:: 17010] Power(W) 1122.000000
[RESULT] [ 84509.249807] [action_5] [GPU:: 17010] Power(W) 1118.000000
[RESULT] [ 84510.751284] [action_5] [GPU:: 17010] Power(W) 1118.000000
[RESULT] [ 84512.252726] [action_5] [GPU:: 17010] Power(W) 1113.000000
[RESULT] [ 84513.753989] [action_5] [GPU:: 17010] Power(W) 1119.000000
[RESULT] [ 84515.255331] [action_5] [GPU:: 17010] Power(W) 1125.000000
[RESULT] [ 84516.757030] [action_5] [GPU:: 17010] Power(W) 1119.000000
[RESULT] [ 84518.258337] [action_5] [GPU:: 17010] Power(W) 1120.000000
[RESULT] [ 84519.759547] [action_5] [GPU:: 17010] Power(W) 1122.000000
[RESULT] [ 84521.261175] [action_5] [GPU:: 17010] Power(W) 1121.000000
[RESULT] [ 84522.762329] [action_5] [GPU:: 17010] Power(W) 1118.000000
[RESULT] [ 84524.263673] [action_5] [GPU:: 17010] Power(W) 1116.000000
[RESULT] [ 84525.765042] [action_5] [GPU:: 17010] Power(W) 1118.000000
[RESULT] [ 84527.266480] [action_5] [GPU:: 17010] Power(W) 1126.000000
[RESULT] [ 84528.767715] [action_5] [GPU:: 17010] Power(W) 1115.000000
[RESULT] [ 84530.268687] [action_5] [GPU:: 17010] Power(W) 1118.000000
[RESULT] [ 84531.770011] [action_5] [GPU:: 17010] Power(W) 1128.000000
[RESULT] [ 84533.271421] [action_5] [GPU:: 17010] Power(W) 1120.000000
[RESULT] [ 84534.772853] [action_5] [GPU:: 17010] Power(W) 1122.000000
[RESULT] [ 84536.274202] [action_5] [GPU:: 17010] Power(W) 1120.000000
[RESULT] [ 84537.775297] [action_5] [GPU:: 17010] Power(W) 1123.000000
[RESULT] [ 84539.276723] [action_5] [GPU:: 17010] Power(W) 1122.000000
[RESULT] [ 84540.778154] [action_5] [GPU:: 17010] Power(W) 1117.000000
[RESULT] [ 84542.279376] [action_5] [GPU:: 17010] Power(W) 1125.000000
[RESULT] [ 84543.780556] [action_5] [GPU:: 17010] Power(W) 1121.000000
[RESULT] [ 84545.282037] [action_5] [GPU:: 17010] Power(W) 1125.000000
[RESULT] [ 84546.783482] [action_5] [GPU:: 17010] Power(W) 1122.000000
[RESULT] [ 84548.284571] [action_5] [GPU:: 17010] Power(W) 1125.000000
[RESULT] [ 84549.785670] [action_5] [GPU:: 17010] Power(W) 1119.000000
[INFO  ] [ 84549.785677] [action_5] iet 17010  Average power met the target power : 1128.000000
[INFO  ] [ 84549.785682] [action_5] iet 17010  End of worker thread 
[RESULT] [ 84549.798508] [action_5] [GPU:: 17010] pass: TRUE
[INFO  ] [ 84549.803799] [action_5] iet 42583 start 50.000000
[RESULT] [ 84549.805242] [action_5] [GPU:: 42583] Power(W) 265.000000
[RESULT] [ 84551.306322] [action_5] [GPU:: 42583] Power(W) 1069.000000
[RESULT] [ 84552.807760] [action_5] [GPU:: 42583] Power(W) 1132.000000
[RESULT] [ 84554.309504] [action_5] [GPU:: 42583] Power(W) 1132.000000
[RESULT] [ 84555.811574] [action_5] [GPU:: 42583] Power(W) 1134.000000
[RESULT] [ 84557.314124] [action_5] [GPU:: 42583] Power(W) 1132.000000
[RESULT] [ 84558.815406] [action_5] [GPU:: 42583] Power(W) 1137.000000
[RESULT] [ 84560.316798] [action_5] [GPU:: 42583] Power(W) 1140.000000
[RESULT] [ 84561.818231] [action_5] [GPU:: 42583] Power(W) 1132.000000
[RESULT] [ 84563.321306] [action_5] [GPU:: 42583] Power(W) 1139.000000
[RESULT] [ 84564.822675] [action_5] [GPU:: 42583] Power(W) 1137.000000
[RESULT] [ 84566.324114] [action_5] [GPU:: 42583] Power(W) 1131.000000
[RESULT] [ 84567.825545] [action_5] [GPU:: 42583] Power(W) 1136.000000
[RESULT] [ 84569.326914] [action_5] [GPU:: 42583] Power(W) 1137.000000
[RESULT] [ 84570.828330] [action_5] [GPU:: 42583] Power(W) 1139.000000
[RESULT] [ 84572.329760] [action_5] [GPU:: 42583] Power(W) 1139.000000
[RESULT] [ 84573.831056] [action_5] [GPU:: 42583] Power(W) 1140.000000
[RESULT] [ 84575.332351] [action_5] [GPU:: 42583] Power(W) 1145.000000
[RESULT] [ 84576.834029] [action_5] [GPU:: 42583] Power(W) 1140.000000
[RESULT] [ 84578.335409] [action_5] [GPU:: 42583] Power(W) 1136.000000
[RESULT] [ 84579.836797] [action_5] [GPU:: 42583] Power(W) 1135.000000
[RESULT] [ 84581.347605] [action_5] [GPU:: 42583] Power(W) 1137.000000
[RESULT] [ 84582.849302] [action_5] [GPU:: 42583] Power(W) 1134.000000
[RESULT] [ 84584.351025] [action_5] [GPU:: 42583] Power(W) 1138.000000
[RESULT] [ 84585.852495] [action_5] [GPU:: 42583] Power(W) 1137.000000
[RESULT] [ 84587.353865] [action_5] [GPU:: 42583] Power(W) 1147.000000
[RESULT] [ 84588.855243] [action_5] [GPU:: 42583] Power(W) 1134.000000
[RESULT] [ 84590.356762] [action_5] [GPU:: 42583] Power(W) 1141.000000
[RESULT] [ 84591.858054] [action_5] [GPU:: 42583] Power(W) 1142.000000
[RESULT] [ 84593.359479] [action_5] [GPU:: 42583] Power(W) 1132.000000
[RESULT] [ 84594.860943] [action_5] [GPU:: 42583] Power(W) 1141.000000
[RESULT] [ 84596.362135] [action_5] [GPU:: 42583] Power(W) 1137.000000
[RESULT] [ 84597.863291] [action_5] [GPU:: 42583] Power(W) 1140.000000
[RESULT] [ 84599.364766] [action_5] [GPU:: 42583] Power(W) 1139.000000
[RESULT] [ 84600.866240] [action_5] [GPU:: 42583] Power(W) 1138.000000
[INFO  ] [ 84600.866253] [action_5] iet 42583  Average power met the target power : 1147.000000
[INFO  ] [ 84600.866257] [action_5] iet 42583  End of worker thread 
[RESULT] [ 84600.881028] [action_5] [GPU:: 42583] pass: TRUE
[INFO  ] [ 84600.886369] [action_5] iet 36479 start 50.000000
[RESULT] [ 84600.887822] [action_5] [GPU:: 36479] Power(W) 263.000000
[RESULT] [ 84602.389262] [action_5] [GPU:: 36479] Power(W) 1081.000000
[RESULT] [ 84603.890480] [action_5] [GPU:: 36479] Power(W) 1128.000000
[RESULT] [ 84605.391525] [action_5] [GPU:: 36479] Power(W) 1126.000000
[RESULT] [ 84606.892865] [action_5] [GPU:: 36479] Power(W) 1129.000000
[RESULT] [ 84608.394228] [action_5] [GPU:: 36479] Power(W) 1133.000000
[RESULT] [ 84609.895642] [action_5] [GPU:: 36479] Power(W) 1135.000000
[RESULT] [ 84611.396708] [action_5] [GPU:: 36479] Power(W) 1138.000000
[RESULT] [ 84612.898086] [action_5] [GPU:: 36479] Power(W) 1137.000000
[RESULT] [ 84614.399526] [action_5] [GPU:: 36479] Power(W) 1141.000000
[RESULT] [ 84615.900949] [action_5] [GPU:: 36479] Power(W) 1144.000000
[RESULT] [ 84617.402271] [action_5] [GPU:: 36479] Power(W) 1139.000000
[RESULT] [ 84618.903752] [action_5] [GPU:: 36479] Power(W) 1137.000000
[RESULT] [ 84620.405296] [action_5] [GPU:: 36479] Power(W) 1137.000000
[RESULT] [ 84621.906641] [action_5] [GPU:: 36479] Power(W) 1137.000000
[RESULT] [ 84623.407988] [action_5] [GPU:: 36479] Power(W) 1138.000000
[RESULT] [ 84624.909044] [action_5] [GPU:: 36479] Power(W) 1141.000000
[RESULT] [ 84626.410513] [action_5] [GPU:: 36479] Power(W) 1135.000000
[RESULT] [ 84627.911843] [action_5] [GPU:: 36479] Power(W) 1138.000000
[RESULT] [ 84629.413281] [action_5] [GPU:: 36479] Power(W) 1134.000000
[RESULT] [ 84630.914797] [action_5] [GPU:: 36479] Power(W) 1133.000000
[RESULT] [ 84632.416206] [action_5] [GPU:: 36479] Power(W) 1130.000000
[RESULT] [ 84633.917877] [action_5] [GPU:: 36479] Power(W) 1135.000000
[RESULT] [ 84635.419217] [action_5] [GPU:: 36479] Power(W) 1134.000000
[RESULT] [ 84636.921072] [action_5] [GPU:: 36479] Power(W) 1131.000000
[RESULT] [ 84638.422415] [action_5] [GPU:: 36479] Power(W) 1130.000000
[RESULT] [ 84639.923828] [action_5] [GPU:: 36479] Power(W) 1139.000000
[RESULT] [ 84641.425250] [action_5] [GPU:: 36479] Power(W) 1137.000000
[RESULT] [ 84642.926616] [action_5] [GPU:: 36479] Power(W) 1139.000000
[RESULT] [ 84644.428052] [action_5] [GPU:: 36479] Power(W) 1140.000000
[RESULT] [ 84645.929519] [action_5] [GPU:: 36479] Power(W) 1145.000000
[RESULT] [ 84647.430947] [action_5] [GPU:: 36479] Power(W) 1147.000000
[RESULT] [ 84648.932623] [action_5] [GPU:: 36479] Power(W) 1147.000000
[RESULT] [ 84650.433973] [action_5] [GPU:: 36479] Power(W) 1137.000000
[RESULT] [ 84651.935416] [action_5] [GPU:: 36479] Power(W) 1140.000000
[INFO  ] [ 84651.935428] [action_5] iet 36479  Average power met the target power : 1147.000000
[INFO  ] [ 84651.935438] [action_5] iet 36479  End of worker thread 
[RESULT] [ 84651.942073] [action_5] [GPU:: 36479] pass: TRUE
[INFO  ] [ 84651.947404] [action_5] iet 27226 start 50.000000
[RESULT] [ 84651.948833] [action_5] [GPU:: 27226] Power(W) 258.000000
[RESULT] [ 84653.449958] [action_5] [GPU:: 27226] Power(W) 1134.000000
[RESULT] [ 84654.951049] [action_5] [GPU:: 27226] Power(W) 1155.000000
[RESULT] [ 84656.452383] [action_5] [GPU:: 27226] Power(W) 1157.000000
[RESULT] [ 84657.953744] [action_5] [GPU:: 27226] Power(W) 1158.000000
[RESULT] [ 84659.455157] [action_5] [GPU:: 27226] Power(W) 1162.000000
[RESULT] [ 84660.956242] [action_5] [GPU:: 27226] Power(W) 1159.000000
[RESULT] [ 84662.457619] [action_5] [GPU:: 27226] Power(W) 1157.000000
[RESULT] [ 84663.959024] [action_5] [GPU:: 27226] Power(W) 1157.000000
[RESULT] [ 84665.460522] [action_5] [GPU:: 27226] Power(W) 1159.000000
[RESULT] [ 84666.961622] [action_5] [GPU:: 27226] Power(W) 1159.000000
[RESULT] [ 84668.462975] [action_5] [GPU:: 27226] Power(W) 1155.000000
[RESULT] [ 84669.964338] [action_5] [GPU:: 27226] Power(W) 1160.000000
[RESULT] [ 84671.465745] [action_5] [GPU:: 27226] Power(W) 1157.000000
[RESULT] [ 84672.967017] [action_5] [GPU:: 27226] Power(W) 1157.000000
[RESULT] [ 84674.468554] [action_5] [GPU:: 27226] Power(W) 1156.000000
[RESULT] [ 84675.969958] [action_5] [GPU:: 27226] Power(W) 1164.000000
[RESULT] [ 84677.471251] [action_5] [GPU:: 27226] Power(W) 1160.000000
[RESULT] [ 84678.972602] [action_5] [GPU:: 27226] Power(W) 1161.000000
[RESULT] [ 84680.474233] [action_5] [GPU:: 27226] Power(W) 1167.000000
[RESULT] [ 84681.975258] [action_5] [GPU:: 27226] Power(W) 1159.000000
[RESULT] [ 84683.476670] [action_5] [GPU:: 27226] Power(W) 1155.000000
[RESULT] [ 84684.978452] [action_5] [GPU:: 27226] Power(W) 1171.000000
[RESULT] [ 84686.479483] [action_5] [GPU:: 27226] Power(W) 1159.000000
[RESULT] [ 84687.980799] [action_5] [GPU:: 27226] Power(W) 1164.000000
[RESULT] [ 84689.482316] [action_5] [GPU:: 27226] Power(W) 1168.000000
[RESULT] [ 84690.983754] [action_5] [GPU:: 27226] Power(W) 1159.000000
[RESULT] [ 84692.484794] [action_5] [GPU:: 27226] Power(W) 1159.000000
[RESULT] [ 84693.986173] [action_5] [GPU:: 27226] Power(W) 1156.000000
[RESULT] [ 84695.487638] [action_5] [GPU:: 27226] Power(W) 1159.000000
[RESULT] [ 84696.989052] [action_5] [GPU:: 27226] Power(W) 1160.000000
[RESULT] [ 84698.490100] [action_5] [GPU:: 27226] Power(W) 1159.000000
[RESULT] [ 84699.991467] [action_5] [GPU:: 27226] Power(W) 1155.000000
[RESULT] [ 84701.492912] [action_5] [GPU:: 27226] Power(W) 1161.000000
[RESULT] [ 84702.994342] [action_5] [GPU:: 27226] Power(W) 1160.000000
[INFO  ] [ 84702.994355] [action_5] iet 27226  Average power met the target power : 1171.000000
[INFO  ] [ 84702.994360] [action_5] iet 27226  End of worker thread 
[RESULT] [ 84703.6283  ] [action_5] [GPU:: 27226] pass: TRUE
[INFO  ] [ 84703.11583 ] [action_5] iet 57875 start 50.000000
[RESULT] [ 84703.13340 ] [action_5] [GPU:: 57875] Power(W) 270.000000
[RESULT] [ 84704.517387] [action_5] [GPU:: 57875] Power(W) 1100.000000
[RESULT] [ 84706.18557 ] [action_5] [GPU:: 57875] Power(W) 1125.000000
[RESULT] [ 84707.519872] [action_5] [GPU:: 57875] Power(W) 1134.000000
[RESULT] [ 84709.21619 ] [action_5] [GPU:: 57875] Power(W) 1131.000000
[RESULT] [ 84710.523049] [action_5] [GPU:: 57875] Power(W) 1130.000000
[RESULT] [ 84712.24764 ] [action_5] [GPU:: 57875] Power(W) 1134.000000
[RESULT] [ 84713.525982] [action_5] [GPU:: 57875] Power(W) 1133.000000
[RESULT] [ 84715.27309 ] [action_5] [GPU:: 57875] Power(W) 1128.000000
[RESULT] [ 84716.528981] [action_5] [GPU:: 57875] Power(W) 1135.000000
[RESULT] [ 84718.30376 ] [action_5] [GPU:: 57875] Power(W) 1137.000000
[RESULT] [ 84719.532151] [action_5] [GPU:: 57875] Power(W) 1137.000000
[RESULT] [ 84721.33377 ] [action_5] [GPU:: 57875] Power(W) 1131.000000
[RESULT] [ 84722.534746] [action_5] [GPU:: 57875] Power(W) 1143.000000
[RESULT] [ 84724.36495 ] [action_5] [GPU:: 57875] Power(W) 1139.000000
[RESULT] [ 84725.537842] [action_5] [GPU:: 57875] Power(W) 1140.000000
[RESULT] [ 84727.38887 ] [action_5] [GPU:: 57875] Power(W) 1139.000000
[RESULT] [ 84728.540616] [action_5] [GPU:: 57875] Power(W) 1138.000000
[RESULT] [ 84730.42013 ] [action_5] [GPU:: 57875] Power(W) 1134.000000
[RESULT] [ 84731.543742] [action_5] [GPU:: 57875] Power(W) 1141.000000
[RESULT] [ 84733.45094 ] [action_5] [GPU:: 57875] Power(W) 1138.000000
[RESULT] [ 84734.546895] [action_5] [GPU:: 57875] Power(W) 1139.000000
[RESULT] [ 84736.48230 ] [action_5] [GPU:: 57875] Power(W) 1138.000000
[RESULT] [ 84737.550056] [action_5] [GPU:: 57875] Power(W) 1142.000000
[RESULT] [ 84739.51327 ] [action_5] [GPU:: 57875] Power(W) 1140.000000
[RESULT] [ 84740.553186] [action_5] [GPU:: 57875] Power(W) 1136.000000
[RESULT] [ 84742.55337 ] [action_5] [GPU:: 57875] Power(W) 1145.000000
[RESULT] [ 84743.556701] [action_5] [GPU:: 57875] Power(W) 1137.000000
[RESULT] [ 84745.58412 ] [action_5] [GPU:: 57875] Power(W) 1139.000000
[RESULT] [ 84746.559712] [action_5] [GPU:: 57875] Power(W) 1139.000000
[RESULT] [ 84748.61576 ] [action_5] [GPU:: 57875] Power(W) 1142.000000
[RESULT] [ 84749.562992] [action_5] [GPU:: 57875] Power(W) 1143.000000
[RESULT] [ 84751.64742 ] [action_5] [GPU:: 57875] Power(W) 1140.000000
[RESULT] [ 84752.566085] [action_5] [GPU:: 57875] Power(W) 1142.000000
[RESULT] [ 84754.70230 ] [action_5] [GPU:: 57875] Power(W) 1136.000000
[INFO  ] [ 84754.70242 ] [action_5] iet 57875  Average power met the target power : 1145.000000
[INFO  ] [ 84754.70246 ] [action_5] iet 57875  End of worker thread 
[RESULT] [ 84754.73431 ] [action_5] [GPU:: 57875] pass: TRUE
[INFO  ] [ 84754.84045 ] [action_5] iet 1590 start 50.000000
[RESULT] [ 84754.85160 ] [action_5] [GPU::  1590] Power(W) 270.000000
[RESULT] [ 84755.586579] [action_5] [GPU::  1590] Power(W) 1107.000000
[RESULT] [ 84757.87635 ] [action_5] [GPU::  1590] Power(W) 1138.000000
[RESULT] [ 84758.589096] [action_5] [GPU::  1590] Power(W) 1139.000000
[RESULT] [ 84760.90445 ] [action_5] [GPU::  1590] Power(W) 1144.000000
[RESULT] [ 84761.591917] [action_5] [GPU::  1590] Power(W) 1143.000000
[RESULT] [ 84763.93327 ] [action_5] [GPU::  1590] Power(W) 1144.000000
[RESULT] [ 84764.594632] [action_5] [GPU::  1590] Power(W) 1147.000000
[RESULT] [ 84766.96126 ] [action_5] [GPU::  1590] Power(W) 1143.000000
[RESULT] [ 84767.597569] [action_5] [GPU::  1590] Power(W) 1142.000000
[RESULT] [ 84769.98685 ] [action_5] [GPU::  1590] Power(W) 1141.000000
[RESULT] [ 84770.599762] [action_5] [GPU::  1590] Power(W) 1154.000000
[RESULT] [ 84772.100765] [action_5] [GPU::  1590] Power(W) 1140.000000
[RESULT] [ 84773.602127] [action_5] [GPU::  1590] Power(W) 1148.000000
[RESULT] [ 84775.103569] [action_5] [GPU::  1590] Power(W) 1148.000000
[RESULT] [ 84776.605015] [action_5] [GPU::  1590] Power(W) 1150.000000
[RESULT] [ 84778.106364] [action_5] [GPU::  1590] Power(W) 1146.000000
[RESULT] [ 84779.607792] [action_5] [GPU::  1590] Power(W) 1151.000000
[RESULT] [ 84781.109225] [action_5] [GPU::  1590] Power(W) 1152.000000
[RESULT] [ 84782.610489] [action_5] [GPU::  1590] Power(W) 1143.000000
[RESULT] [ 84784.111729] [action_5] [GPU::  1590] Power(W) 1146.000000
[RESULT] [ 84785.613112] [action_5] [GPU::  1590] Power(W) 1148.000000
[RESULT] [ 84787.114524] [action_5] [GPU::  1590] Power(W) 1150.000000
[RESULT] [ 84788.615775] [action_5] [GPU::  1590] Power(W) 1151.000000
[RESULT] [ 84790.116984] [action_5] [GPU::  1590] Power(W) 1154.000000
[RESULT] [ 84791.619778] [action_5] [GPU::  1590] Power(W) 1149.000000
[RESULT] [ 84793.121094] [action_5] [GPU::  1590] Power(W) 1151.000000
[RESULT] [ 84794.622546] [action_5] [GPU::  1590] Power(W) 1149.000000
[RESULT] [ 84796.123985] [action_5] [GPU::  1590] Power(W) 1148.000000
[RESULT] [ 84797.625298] [action_5] [GPU::  1590] Power(W) 1149.000000
[RESULT] [ 84799.126772] [action_5] [GPU::  1590] Power(W) 1155.000000
[RESULT] [ 84800.628289] [action_5] [GPU::  1590] Power(W) 1151.000000
[RESULT] [ 84802.129538] [action_5] [GPU::  1590] Power(W) 1147.000000
[RESULT] [ 84803.630997] [action_5] [GPU::  1590] Power(W) 1150.000000
[RESULT] [ 84805.132433] [action_5] [GPU::  1590] Power(W) 1155.000000
[INFO  ] [ 84805.132445] [action_5] iet 1590  Average power met the target power : 1155.000000
[INFO  ] [ 84805.132449] [action_5] iet 1590  End of worker thread 
[RESULT] [ 84805.134894] [action_5] [GPU::  1590] pass: TRUE
[INFO  ] [ 84805.140184] [action_5] iet 11806 start 50.000000
[RESULT] [ 84805.141509] [action_5] [GPU:: 11806] Power(W) 257.000000
[RESULT] [ 84806.642659] [action_5] [GPU:: 11806] Power(W) 1112.000000
[RESULT] [ 84808.143790] [action_5] [GPU:: 11806] Power(W) 1122.000000
[RESULT] [ 84809.645040] [action_5] [GPU:: 11806] Power(W) 1124.000000
[RESULT] [ 84811.146063] [action_5] [GPU:: 11806] Power(W) 1128.000000
[RESULT] [ 84812.647447] [action_5] [GPU:: 11806] Power(W) 1125.000000
[RESULT] [ 84814.148874] [action_5] [GPU:: 11806] Power(W) 1124.000000
[RESULT] [ 84815.650038] [action_5] [GPU:: 11806] Power(W) 1128.000000
[RESULT] [ 84817.151291] [action_5] [GPU:: 11806] Power(W) 1126.000000
[RESULT] [ 84818.652419] [action_5] [GPU:: 11806] Power(W) 1130.000000
[RESULT] [ 84820.153468] [action_5] [GPU:: 11806] Power(W) 1130.000000
[RESULT] [ 84821.654923] [action_5] [GPU:: 11806] Power(W) 1129.000000
[RESULT] [ 84823.156344] [action_5] [GPU:: 11806] Power(W) 1123.000000
[RESULT] [ 84824.657442] [action_5] [GPU:: 11806] Power(W) 1131.000000
[RESULT] [ 84826.158734] [action_5] [GPU:: 11806] Power(W) 1126.000000
[RESULT] [ 84827.660214] [action_5] [GPU:: 11806] Power(W) 1125.000000
[RESULT] [ 84829.161730] [action_5] [GPU:: 11806] Power(W) 1130.000000
[RESULT] [ 84830.662904] [action_5] [GPU:: 11806] Power(W) 1132.000000
[RESULT] [ 84832.164023] [action_5] 