[NODE-0(mi355-gpu-33)] [INFO] ==========Training cluster info==========
[NODE-0(mi355-gpu-33)] [INFO] MASTER_ADDR: localhost
[NODE-0(mi355-gpu-33)] [INFO] MASTER_PORT: 29943
[NODE-0(mi355-gpu-33)] [INFO] NNODES: 1
[NODE-0(mi355-gpu-33)] [INFO] NODE_RANK: 0
[NODE-0(mi355-gpu-33)] [INFO] GPUS_PER_NODE: 5
[NODE-0(mi355-gpu-33)] [INFO] Pip installing required packages ...
WARNING: The directory '/root/.cache/pip' or its parent directory is not owned or is not writable by the current user. The cache has been disabled. Check the permissions and owner of that directory. If executing pip with sudo, you should use sudo's -H flag.
ERROR: pip's dependency resolver does not currently take into account all the packages that are installed. This behaviour is the source of the following dependency conflicts.
boto3 1.35.42 requires botocore<1.36.0,>=1.35.42, but you have botocore 1.41.5 which is incompatible.

[notice] A new release of pip is available: 26.1.2 -> 26.2.1
[notice] To update, run: pip install --upgrade pip
[NODE-0(mi355-gpu-33)] [INFO] FAULT_TOLERANCE_VALUE: false
[NODE-0(mi355-gpu-33)] [INFO] ==========Training info==========
[NODE-0(mi355-gpu-33)] [INFO] EXP: examples/megatron/configs/MI355X/llama2_7B-BF16-pretrain.yaml
[NODE-0(mi355-gpu-33)] [INFO] BACKEND: 
[NODE-0(mi355-gpu-33)] [INFO] TRAIN_LOG: ${PRIMUS_WORKSPACE:./output}/${PRIMUS_TEAM:amd}/${PRIMUS_USER:root}/${PRIMUS_EXP_NAME:llama2_7B-pretrain}/train.log
[NODE-0(mi355-gpu-33)] [INFO] PRIMUS_PATH: /workspace/Primus
[NODE-0(mi355-gpu-33)] [INFO] DATA_PATH: /workspace/Primus/data
[NODE-0(mi355-gpu-33)] [INFO] HF_HOME: /workspace/hf_cache

[NODE-0(mi355-gpu-33)] [INFO] ==========NCCL and Network Settings==========
[NODE-0(mi355-gpu-33)] [INFO] NCCL_DEBUG: WARN
[NODE-0(mi355-gpu-33)] [INFO] NCCL_CHECKS_DISABLE: 1
[NODE-0(mi355-gpu-33)] [INFO] NCCL_IB_GID_INDEX: 3
[NODE-0(mi355-gpu-33)] [INFO] NCCL_CROSS_NIC: 0
[NODE-0(mi355-gpu-33)] [INFO] NCCL_IB_HCA: rocep105s0:1,rocep121s0:1,rocep137s0:1,rocep153s0:1,rocep193s0f0:1,rocep193s0f1:1,rocep233s0:1,rocep249s0:1,rocep25s0:1,rocep9s0:1
[NODE-0(mi355-gpu-33)] [INFO] NCCL_SOCKET_IFNAME: enp193s0f0np0
[NODE-0(mi355-gpu-33)] [INFO] GLOO_SOCKET_IFNAME: enp193s0f0np0

[NODE-0(mi355-gpu-33)] [INFO] ==========AMD-specific GPU optimizations==========
[NODE-0(mi355-gpu-33)] [INFO] HSA_ENABLE_SDMA: 1
[NODE-0(mi355-gpu-33)] [INFO] HSA_NO_SCRATCH_RECLAIM: 1
[NODE-0(mi355-gpu-33)] [INFO] RCCL_MSCCL_ENABLE: 0

[NODE-0(mi355-gpu-33)] [INFO] ==========Performance tuning==========
[NODE-0(mi355-gpu-33)] [INFO] GPU_MAX_HW_QUEUES: 2
[NODE-0(mi355-gpu-33)] [INFO] ENABLE_NUMA_BINDING: 0
[NODE-0(mi355-gpu-33)] [INFO] CUDA_DEVICE_MAX_CONNECTIONS: 1
[NODE-0(mi355-gpu-33)] [INFO] TORCH_NCCL_HIGH_PRIORITY: 1
[NODE-0(mi355-gpu-33)] [INFO] NCCL_PXN_DISABLE: 0

[NODE-0(mi355-gpu-33)] [INFO] disable hipblaslt tuning by default to fix torch profiler issue in TE
[NODE-0(mi355-gpu-33)] [INFO] Running backend prepare: /workspace/Primus/examples/megatron/prepare.py
[NODE-0(mi355-gpu-33)] [INFO] ========== Prepare Megatron dataset ==========
[NODE-0(mi355-gpu-33)] [INFO] BACKEND_PATH None
[NODE-0(mi355-gpu-33)] [INFO] PRIMUS_PATH is set to: /workspace/Primus
[NODE-0(mi355-gpu-33)] [INFO] DATA_PATH is set to: /workspace/Primus/data
[NODE-0(mi355-gpu-33)] [INFO] EXP is set to: /workspace/Primus/examples/megatron/configs/MI355X/llama2_7B-BF16-pretrain.yaml
[NODE-0(mi355-gpu-33)] [INFO] PATCH-ARGS is set to: /tmp/primus_patch_args.evZq2F.yaml
[NODE-0(mi355-gpu-33)] [INFO] 'mock_data: true', Skipping dataset preparation.
[NODE-0(mi355-gpu-33)] [INFO] No backend_path provided, falling back to: /workspace/Primus/third_party/Megatron-LM
[NODE-0(mi355-gpu-33)] [INFO] Building Megatron dataset helper in /workspace/Primus/third_party/Megatron-LM/megatron/core/datasets
[NODE-0(mi355-gpu-33)] [INFO] Building Emerging Optimizers in /workspace/Primus/third_party/Emerging-Optimizers
WARNING: The directory '/root/.cache/pip' or its parent directory is not owned or is not writable by the current user. The cache has been disabled. Check the permissions and owner of that directory. If executing pip with sudo, you should use sudo's -H flag.
Obtaining file:///workspace/Primus/third_party/Emerging-Optimizers
  Checking if build backend supports build_editable: started
  Checking if build backend supports build_editable: finished with status 'done'
  Preparing editable metadata (pyproject.toml): started
  Preparing editable metadata (pyproject.toml): finished with status 'done'
Requirement already satisfied: torch in /opt/venv/lib/python3.12/site-packages (from emerging-optimizers==0.2.0) (2.12.0+rocm7.15.0a20260720)
Requirement already satisfied: absl-py in /opt/venv/lib/python3.12/site-packages (from emerging-optimizers==0.2.0) (2.5.0)
Requirement already satisfied: typing-extensions in /opt/venv/lib/python3.12/site-packages (from emerging-optimizers==0.2.0) (4.16.0)
Requirement already satisfied: filelock in /opt/venv/lib/python3.12/site-packages (from torch->emerging-optimizers==0.2.0) (3.29.1)
Requirement already satisfied: setuptools<82 in /opt/venv/lib/python3.12/site-packages (from torch->emerging-optimizers==0.2.0) (75.1.0)
Requirement already satisfied: sympy>=1.13.3 in /opt/venv/lib/python3.12/site-packages (from torch->emerging-optimizers==0.2.0) (1.14.0)
Requirement already satisfied: networkx>=2.5.1 in /opt/venv/lib/python3.12/site-packages (from torch->emerging-optimizers==0.2.0) (3.6.1)
Requirement already satisfied: jinja2 in /opt/venv/lib/python3.12/site-packages (from torch->emerging-optimizers==0.2.0) (3.1.6)
Requirement already satisfied: fsspec>=0.8.5 in /opt/venv/lib/python3.12/site-packages (from torch->emerging-optimizers==0.2.0) (2025.3.0)
Requirement already satisfied: rocm==7.15.0a20260720 in /opt/venv/lib/python3.12/site-packages (from rocm[libraries]==7.15.0a20260720->torch->emerging-optimizers==0.2.0) (7.15.0a20260720)
Requirement already satisfied: triton==3.7.1+git0263a6a6.rocm7.15.0a20260720 in /opt/venv/lib/python3.12/site-packages (from torch->emerging-optimizers==0.2.0) (3.7.1+git0263a6a6.rocm7.15.0a20260720)
Requirement already satisfied: rocm-bootstrap in /opt/venv/lib/python3.12/site-packages (from torch->emerging-optimizers==0.2.0) (0.1.0)
Requirement already satisfied: rocm-sdk-core==7.15.0a20260720 in /opt/venv/lib/python3.12/site-packages (from rocm==7.15.0a20260720->rocm[libraries]==7.15.0a20260720->torch->emerging-optimizers==0.2.0) (7.15.0a20260720)
Requirement already satisfied: rocm-sdk-libraries==7.15.0a20260720 in /opt/venv/lib/python3.12/site-packages (from rocm[libraries]==7.15.0a20260720->torch->emerging-optimizers==0.2.0) (7.15.0a20260720)
Requirement already satisfied: mpmath<1.4,>=1.1.0 in /opt/venv/lib/python3.12/site-packages (from sympy>=1.13.3->torch->emerging-optimizers==0.2.0) (1.3.0)
Requirement already satisfied: MarkupSafe>=2.0 in /opt/venv/lib/python3.12/site-packages (from jinja2->torch->emerging-optimizers==0.2.0) (3.0.3)
Building wheels for collected packages: emerging-optimizers
  Building editable for emerging-optimizers (pyproject.toml): started
  Building editable for emerging-optimizers (pyproject.toml): finished with status 'done'
  Created wheel for emerging-optimizers: filename=emerging_optimizers-0.2.0-0.editable-py3-none-any.whl size=12950 sha256=348a72a8068c98f61c0c537c35ac565576db85fa31a7ddef0ab12259207b4395
  Stored in directory: /tmp/pip-ephem-wheel-cache-fsl_b5b3/wheels/90/c3/18/4604184cd803d30d2207eaa5f4889d9d50d343c4d211549b53
Successfully built emerging-optimizers
Installing collected packages: emerging-optimizers
Successfully installed emerging-optimizers-0.2.0

[notice] A new release of pip is available: 26.1.2 -> 26.2.1
[notice] To update, run: pip install --upgrade pip
[Primus] candidate_paths: ['/workspace/Primus/third_party/Megatron-LM', '/root/.cache/Primus/third_party/Megatron-LM']
[Primus] sys.path.insert: /workspace/Primus/third_party/Megatron-LM
Created path: './output/amd/root/llama2_7B-pretrain'
[NODE-0(mi355-gpu-33)] [INFO] Loading patch args from /tmp/primus_patch_args.evZq2F.yaml
[NODE-0(mi355-gpu-33)] [INFO] Patched TRAIN args:  --backend_path /workspace/Primus/third_party/Megatron-LM
[NODE-0(mi355-gpu-33)] [INFO] Launching distributed training with command: torchrun --nproc_per_node 5 --nnodes 1 --node_rank 0 --master_addr localhost --master_port 29943   primus/cli/main.py train pretrain --config examples/megatron/configs/MI355X/llama2_7B-BF16-pretrain.yaml  --backend_path /workspace/Primus/third_party/Megatron-LM global_batch_size=160 micro_batch_size=4
tee: '${PRIMUS_WORKSPACE:./output}/${PRIMUS_TEAM:amd}/${PRIMUS_USER:root}/${PRIMUS_EXP_NAME:llama2_7B-pretrain}/train.log': No such file or directory
W0813 23:57:02.281000 403 torch/distributed/run.py:862] 
W0813 23:57:02.281000 403 torch/distributed/run.py:862] *****************************************
W0813 23:57:02.281000 403 torch/distributed/run.py:862] Setting OMP_NUM_THREADS environment variable for each process to be 1 in default, to avoid your system being overloaded, please further tune the variable for optimal performance in your application as needed. 
W0813 23:57:02.281000 403 torch/distributed/run.py:862] *****************************************
[Primus:Runtime] Applying CLI overrides: {'global_batch_size': 160, 'micro_batch_size': 4}
[Primus:Runtime] Applying CLI overrides: {'global_batch_size': 160, 'micro_batch_size': 4}
[Primus:Runtime] Applying CLI overrides: {'global_batch_size': 160, 'micro_batch_size': 4}
[Primus:Runtime] Applying CLI overrides: {'global_batch_size': 160, 'micro_batch_size': 4}
[Primus:Runtime] Applying CLI overrides: {'global_batch_size': 160, 'micro_batch_size': 4}
[Primus:Env] HF_HOME already set: /workspace/hf_cache
[Primus:Env] HF_HOME already set: /workspace/hf_cache[Primus:Env] HF_HOME already set: /workspace/hf_cache

[Primus:Env] rank=1, world_size=5, local_rank=1, master=localhost:29943
[Primus:Env] rank=4, world_size=5, local_rank=4, master=localhost:29943
[Primus:Env] rank=0, world_size=5, local_rank=0, master=localhost:29943
[Primus:Env] HF_HOME already set: /workspace/hf_cache
[Primus:Env] rank=3, world_size=5, local_rank=3, master=localhost:29943
[Primus:Env] HF_HOME already set: /workspace/hf_cache
[Primus:Env] rank=2, world_size=5, local_rank=2, master=localhost:29943
[[32m20260813 23:57:02[0m][[36mrank-1/5[0m][34m[1m[DEBUG]    [0m[34m[1m[----------logging.py:99] : [Primus:Runtime] Global logger initialized (rank=1, world_size=5)[0m
[[32m20260813 23:57:02[0m][[36mrank-2/5[0m][34m[1m[DEBUG]    [0m[34m[1m[----------logging.py:99] : [Primus:Runtime] Global logger initialized (rank=2, world_size=5)[0m
[[32m20260813 23:57:02[0m][[36mrank-4/5[0m][34m[1m[DEBUG]    [0m[34m[1m[----------logging.py:99] : [Primus:Runtime] Global logger initialized (rank=4, world_size=5)[0m
[[32m20260813 23:57:02[0m][[36mrank-3/5[0m][34m[1m[DEBUG]    [0m[34m[1m[----------logging.py:99] : [Primus:Runtime] Global logger initialized (rank=3, world_size=5)[0m
[[32m20260813 23:57:02[0m][[36mrank-0/5[0m][34m[1m[DEBUG]    [0m[34m[1m[----------logging.py:99] : [Primus:Runtime] Global logger initialized (rank=0, world_size=5)[0m
[[32m20260813 23:57:02[0m][[36mrank-0/5[0m][1m[INFO]     [0m[1m[---train_runtime.py:390] : [Primus:Runtime] Early setup: Added Megatron-LM to sys.path: /workspace/Primus/third_party/Megatron-LM[0m
[[32m20260813 23:57:03[0m][[36mrank-1/5[0m][33m[1m[WARNING]  [0m[33m[1m[---patch_registry.py:59] : Patch 'megatron.moe_alltoall_dtoh_turbo_grouped_gemm' already registered; overriding.[0m
[[32m20260813 23:57:03[0m][[36mrank-4/5[0m][33m[1m[WARNING]  [0m[33m[1m[---patch_registry.py:59] : Patch 'megatron.moe_alltoall_dtoh_turbo_grouped_gemm' already registered; overriding.[0m
[[32m20260813 23:57:03[0m][[36mrank-0/5[0m][33m[1m[WARNING]  [0m[33m[1m[---patch_registry.py:59] : Patch 'megatron.moe_alltoall_dtoh_turbo_grouped_gemm' already registered; overriding.[0m
[[32m20260813 23:57:03[0m][[36mrank-0/5[0m][1m[INFO]     [0m[1m[backend_registry.py:119] : [Primus:BackendRegistry] lazy-load backend='megatron' module='primus.backends.megatron'[0m
[[32m20260813 23:57:03[0m][[36mrank-0/5[0m][1m[INFO]     [0m[1m[--backend_adapter.py:46] : [Primus:megatron] Backend prepared[0m
[[32m20260813 23:57:03[0m][[36mrank-2/5[0m][33m[1m[WARNING]  [0m[33m[1m[---patch_registry.py:59] : Patch 'megatron.moe_alltoall_dtoh_turbo_grouped_gemm' already registered; overriding.[0m
[[32m20260813 23:57:03[0m][[36mrank-3/5[0m][33m[1m[WARNING]  [0m[33m[1m[---patch_registry.py:59] : Patch 'megatron.moe_alltoall_dtoh_turbo_grouped_gemm' already registered; overriding.[0m
[[32m20260813 23:57:04[0m][[36mrank-0/5[0m][1m[INFO]     [0m[1m[--------msc_utils.py:12] : The multistorageclient package is available.[0m
[[32m20260813 23:57:04[0m][[36mrank-2/5[0m][1m[INFO]     [0m[1m[--------msc_utils.py:12] : The multistorageclient package is available.[0m
[[32m20260813 23:57:04[0m][[36mrank-1/5[0m][1m[INFO]     [0m[1m[--------msc_utils.py:12] : The multistorageclient package is available.[0m
[[32m20260813 23:57:04[0m][[36mrank-4/5[0m][1m[INFO]     [0m[1m[--------msc_utils.py:12] : The multistorageclient package is available.[0m
[[32m20260813 23:57:04[0m][[36mrank-3/5[0m][1m[INFO]     [0m[1m[--------msc_utils.py:12] : The multistorageclient package is available.[0m
[[32m20260813 23:57:05[0m][[36mrank-2/5[0m][1m[INFO]     [0m[1m[param_and_grad_buffer.py:71] : Detected Megatron Core, using Megatron-FSDP with Megatron.[0m
[[32m20260813 23:57:05[0m][[36mrank-0/5[0m][1m[INFO]     [0m[1m[param_and_grad_buffer.py:71] : Detected Megatron Core, using Megatron-FSDP with Megatron.[0m
[[32m20260813 23:57:05[0m][[36mrank-2/5[0m][1m[INFO]     [0m[1m[--------megatron_fsdp.py:49] : Detected Megatron Core, using Megatron-FSDP with Megatron.[0m
[[32m20260813 23:57:05[0m][[36mrank-0/5[0m][1m[INFO]     [0m[1m[--------megatron_fsdp.py:49] : Detected Megatron Core, using Megatron-FSDP with Megatron.[0m
[[32m20260813 23:57:05[0m][[36mrank-1/5[0m][1m[INFO]     [0m[1m[param_and_grad_buffer.py:71] : Detected Megatron Core, using Megatron-FSDP with Megatron.[0m
[[32m20260813 23:57:05[0m][[36mrank-1/5[0m][1m[INFO]     [0m[1m[--------megatron_fsdp.py:49] : Detected Megatron Core, using Megatron-FSDP with Megatron.[0m
[[32m20260813 23:57:05[0m][[36mrank-3/5[0m][1m[INFO]     [0m[1m[param_and_grad_buffer.py:71] : Detected Megatron Core, using Megatron-FSDP with Megatron.[0m
[[32m20260813 23:57:05[0m][[36mrank-3/5[0m][1m[INFO]     [0m[1m[--------megatron_fsdp.py:49] : Detected Megatron Core, using Megatron-FSDP with Megatron.[0m
[[32m20260813 23:57:05[0m][[36mrank-4/5[0m][1m[INFO]     [0m[1m[param_and_grad_buffer.py:71] : Detected Megatron Core, using Megatron-FSDP with Megatron.[0m
[[32m20260813 23:57:05[0m][[36mrank-4/5[0m][1m[INFO]     [0m[1m[--------megatron_fsdp.py:49] : Detected Megatron Core, using Megatron-FSDP with Megatron.[0m
/workspace/Primus/third_party/Megatron-LM/megatron/core/energy_monitor.py:9: FutureWarning: The pynvml package is deprecated. Please install nvidia-ml-py instead. If you did not install pynvml directly, please report this to the maintainers of the package that installed pynvml for you.
  from pynvml import (
/workspace/Primus/third_party/Megatron-LM/megatron/core/energy_monitor.py:9: FutureWarning: The pynvml package is deprecated. Please install nvidia-ml-py instead. If you did not install pynvml directly, please report this to the maintainers of the package that installed pynvml for you.
  from pynvml import (
/workspace/Primus/third_party/Megatron-LM/megatron/core/energy_monitor.py:9: FutureWarning: The pynvml package is deprecated. Please install nvidia-ml-py instead. If you did not install pynvml directly, please report this to the maintainers of the package that installed pynvml for you.
  from pynvml import (
/workspace/Primus/third_party/Megatron-LM/megatron/core/energy_monitor.py:9: FutureWarning: The pynvml package is deprecated. Please install nvidia-ml-py instead. If you did not install pynvml directly, please report this to the maintainers of the package that installed pynvml for you.
  from pynvml import (
/workspace/Primus/third_party/Megatron-LM/megatron/core/energy_monitor.py:9: FutureWarning: The pynvml package is deprecated. Please install nvidia-ml-py instead. If you did not install pynvml directly, please report this to the maintainers of the package that installed pynvml for you.
  from pynvml import (
[aiter] [pid=569 pname=MainProcess] start build [module_aiter_core] under /opt/venv/lib/python3.12/site-packages/aiter/jit/build/module_aiter_core
[aiter] [pid=572 pname=MainProcess] waiting for baton release at /opt/venv/lib/python3.12/site-packages/aiter/jit/build/lock_module_aiter_core
[aiter] [pid=568 pname=MainProcess] waiting for baton release at /opt/venv/lib/python3.12/site-packages/aiter/jit/build/lock_module_aiter_core
[aiter] [pid=571 pname=MainProcess] waiting for baton release at /opt/venv/lib/python3.12/site-packages/aiter/jit/build/lock_module_aiter_core
[aiter] [pid=570 pname=MainProcess] waiting for baton release at /opt/venv/lib/python3.12/site-packages/aiter/jit/build/lock_module_aiter_core
[aiter] Current hipcc not support: -mllvm -amdgpu-coerce-illegal-types=1, skip it.
[aiter] [pid=569 pname=MainProcess] [32mfinish build [module_aiter_core], cost 10.6s [0m
[aiter] import [module_aiter_core] under /opt/venv/lib/python3.12/site-packages/aiter/jit/module_aiter_core.so
[aiter] import [module_aiter_core] under /opt/venv/lib/python3.12/site-packages/aiter/jit/module_aiter_core.so
[aiter] import [module_aiter_core] under /opt/venv/lib/python3.12/site-packages/aiter/jit/module_aiter_core.so
[aiter] import [module_aiter_core] under /opt/venv/lib/python3.12/site-packages/aiter/jit/module_aiter_core.so
[aiter] import [module_aiter_core] under /opt/venv/lib/python3.12/site-packages/aiter/jit/module_aiter_core.so
[[32m20260813 23:57:18[0m][[36mrank-1/5[0m][34m[1m[DEBUG]    [0m[34m[1m[----------_mlir_libs.py:123] : Initializing MLIR with module: _mlirRegisterEverything[0m
[[32m20260813 23:57:18[0m][[36mrank-1/5[0m][34m[1m[DEBUG]    [0m[34m[1m[----------_mlir_libs.py:125] : Registering dialects from initializer <module 'flydsl._mlir._mlir_libs._mlirRegisterEverything' from '/opt/venv/lib/python3.12/site-packages/flydsl/_mlir/_mlir_libs/_mlirRegisterEverything.cpython-312-x86_64-linux-gnu.so'>[0m
[[32m20260813 23:57:18[0m][[36mrank-4/5[0m][34m[1m[DEBUG]    [0m[34m[1m[----------_mlir_libs.py:123] : Initializing MLIR with module: _mlirRegisterEverything[0m
[[32m20260813 23:57:18[0m][[36mrank-4/5[0m][34m[1m[DEBUG]    [0m[34m[1m[----------_mlir_libs.py:125] : Registering dialects from initializer <module 'flydsl._mlir._mlir_libs._mlirRegisterEverything' from '/opt/venv/lib/python3.12/site-packages/flydsl/_mlir/_mlir_libs/_mlirRegisterEverything.cpython-312-x86_64-linux-gnu.so'>[0m
[[32m20260813 23:57:18[0m][[36mrank-0/5[0m][34m[1m[DEBUG]    [0m[34m[1m[----------_mlir_libs.py:123] : Initializing MLIR with module: _mlirRegisterEverything[0m
[[32m20260813 23:57:18[0m][[36mrank-0/5[0m][34m[1m[DEBUG]    [0m[34m[1m[----------_mlir_libs.py:125] : Registering dialects from initializer <module 'flydsl._mlir._mlir_libs._mlirRegisterEverything' from '/opt/venv/lib/python3.12/site-packages/flydsl/_mlir/_mlir_libs/_mlirRegisterEverything.cpython-312-x86_64-linux-gnu.so'>[0m
[[32m20260813 23:57:18[0m][[36mrank-3/5[0m][34m[1m[DEBUG]    [0m[34m[1m[----------_mlir_libs.py:123] : Initializing MLIR with module: _mlirRegisterEverything[0m
[[32m20260813 23:57:18[0m][[36mrank-3/5[0m][34m[1m[DEBUG]    [0m[34m[1m[----------_mlir_libs.py:125] : Registering dialects from initializer <module 'flydsl._mlir._mlir_libs._mlirRegisterEverything' from '/opt/venv/lib/python3.12/site-packages/flydsl/_mlir/_mlir_libs/_mlirRegisterEverything.cpython-312-x86_64-linux-gnu.so'>[0m
[[32m20260813 23:57:18[0m][[36mrank-2/5[0m][34m[1m[DEBUG]    [0m[34m[1m[----------_mlir_libs.py:123] : Initializing MLIR with module: _mlirRegisterEverything[0m
[[32m20260813 23:57:18[0m][[36mrank-2/5[0m][34m[1m[DEBUG]    [0m[34m[1m[----------_mlir_libs.py:125] : Registering dialects from initializer <module 'flydsl._mlir._mlir_libs._mlirRegisterEverything' from '/opt/venv/lib/python3.12/site-packages/flydsl/_mlir/_mlir_libs/_mlirRegisterEverything.cpython-312-x86_64-linux-gnu.so'>[0m
/opt/venv/lib/python3.12/site-packages/apex/transformer/functional/fused_rope.py:49: UserWarning: Aiter backend is selected for fused RoPE. This has lower precision. To disable aiter, export USE_ROCM_AITER_ROPE_BACKEND=0
  warnings.warn("Aiter backend is selected for fused RoPE. This has lower precision. To disable aiter, export USE_ROCM_AITER_ROPE_BACKEND=0", UserWarning)
/opt/venv/lib/python3.12/site-packages/apex/transformer/functional/fused_rope.py:49: UserWarning: Aiter backend is selected for fused RoPE. This has lower precision. To disable aiter, export USE_ROCM_AITER_ROPE_BACKEND=0
  warnings.warn("Aiter backend is selected for fused RoPE. This has lower precision. To disable aiter, export USE_ROCM_AITER_ROPE_BACKEND=0", UserWarning)
/opt/venv/lib/python3.12/site-packages/apex/transformer/functional/fused_rope.py:49: UserWarning: Aiter backend is selected for fused RoPE. This has lower precision. To disable aiter, export USE_ROCM_AITER_ROPE_BACKEND=0
  warnings.warn("Aiter backend is selected for fused RoPE. This has lower precision. To disable aiter, export USE_ROCM_AITER_ROPE_BACKEND=0", UserWarning)
/opt/venv/lib/python3.12/site-packages/apex/transformer/functional/fused_rope.py:49: UserWarning: Aiter backend is selected for fused RoPE. This has lower precision. To disable aiter, export USE_ROCM_AITER_ROPE_BACKEND=0
  warnings.warn("Aiter backend is selected for fused RoPE. This has lower precision. To disable aiter, export USE_ROCM_AITER_ROPE_BACKEND=0", UserWarning)
/opt/venv/lib/python3.12/site-packages/apex/transformer/functional/fused_rope.py:49: UserWarning: Aiter backend is selected for fused RoPE. This has lower precision. To disable aiter, export USE_ROCM_AITER_ROPE_BACKEND=0
  warnings.warn("Aiter backend is selected for fused RoPE. This has lower precision. To disable aiter, export USE_ROCM_AITER_ROPE_BACKEND=0", UserWarning)
[[32m20260813 23:57:19[0m][[36mrank-0/5[0m][1m[INFO]     [0m[1m[----megatron_adapter.py:154] : [Primus:MegatronAdapter] Converted config → 673 Megatron args[0m
[[32m20260813 23:57:19[0m][[36mrank-0/5[0m][1m[INFO]     [0m[1m[-------train_runtime.py:210] : [Runtime] Applying build_args patches...[0m
[[32m20260813 23:57:19[0m][[36mrank-0/5[0m][1m[INFO]     [0m[1m[---------patch_runner.py:92] : --------------------------------------------------------------------------------[0m
[[32m20260813 23:57:19[0m][[36mrank-0/5[0m][1m[INFO]     [0m[1m[---------patch_runner.py:93] : [Patch] Executing patches: backend=megatron, phase=build_args, backend_version=0.16.0rc0, primus_version=None, model=llama2_7B.yaml, module=pre_trainer, platform=None, dry_run=False, enabled_ids=None[0m
[[32m20260813 23:57:19[0m][[36mrank-0/5[0m][1m[INFO]     [0m[1m[--------patch_runner.py:107] : [Patch] Pre-filtered 11 patches (out of 11 total) for megatron/build_args[0m
[[32m20260813 23:57:19[0m][[36mrank-0/5[0m][1m[INFO]     [0m[1m[--------patch_runner.py:116] : --------------------------------------------------------------------------------[0m
[[32m20260813 23:57:19[0m][[36mrank-0/5[0m][1m[INFO]     [0m[1m[--------patch_runner.py:126] : [Patch] Applying megatron.args.checkpoint_path: Set checkpoint save path based on experiment root[0m
[[32m20260813 23:57:19[0m][[36mrank-0/5[0m][1m[INFO]     [0m[1m[checkpoint_path_patches.py:43] : [Patch:megatron.args.checkpoint_path] args.save is None (opt-out); skipping save-path override.[0m
[[32m20260813 23:57:19[0m][[36mrank-0/5[0m][1m[INFO]     [0m[1m[----------patch_runner.py:130] : [Patch] ✓ Applied: megatron.args.checkpoint_path (priority=50)[0m
[[32m20260813 23:57:19[0m][[36mrank-0/5[0m][1m[INFO]     [0m[1m[----------patch_runner.py:116] : --------------------------------------------------------------------------------[0m
[[32m20260813 23:57:19[0m][[36mrank-0/5[0m][1m[INFO]     [0m[1m[----------patch_runner.py:126] : [Patch] Applying megatron.args.data_path_split: Split space-separated data paths into lists[0m
[[32m20260813 23:57:19[0m][[36mrank-0/5[0m][1m[INFO]     [0m[1m[----------patch_runner.py:130] : [Patch] ✓ Applied: megatron.args.data_path_split (priority=50)[0m
[[32m20260813 23:57:19[0m][[36mrank-0/5[0m][1m[INFO]     [0m[1m[----------patch_runner.py:116] : --------------------------------------------------------------------------------[0m
[[32m20260813 23:57:19[0m][[36mrank-0/5[0m][1m[INFO]     [0m[1m[----------patch_runner.py:126] : [Patch] Applying megatron.args.hsdp: Map data_parallel_replicate_degree to Megatron's num_distributed_optimizer_instances so that initialize_model_parallel creates the HSDP process groups (intra-partial shard + inter-instance replicate).[0m
[[32m20260813 23:57:19[0m][[36mrank-0/5[0m][1m[INFO]     [0m[1m[------hsdp_args_patches.py:60] : [Patch:megatron.args.hsdp] data_parallel_replicate_degree:1[0m
[[32m20260813 23:57:19[0m][[36mrank-0/5[0m][1m[INFO]     [0m[1m[----------patch_runner.py:130] : [Patch] ✓ Applied: megatron.args.hsdp (priority=50)[0m
[[32m20260813 23:57:19[0m][[36mrank-0/5[0m][1m[INFO]     [0m[1m[----------patch_runner.py:116] : --------------------------------------------------------------------------------[0m
[[32m20260813 23:57:19[0m][[36mrank-0/5[0m][1m[INFO]     [0m[1m[----------patch_runner.py:126] : [Patch] Applying megatron.args.iterations_to_skip_default: Ensure iterations_to_skip has a list default instead of None[0m
[[32m20260813 23:57:19[0m][[36mrank-0/5[0m][1m[INFO]     [0m[1m[iterations_to_skip_default_patches.py:30] : [Patch:megatron.args.iterations_to_skip_default] -iterations_to_skip:[][0m
[[32m20260813 23:57:19[0m][[36mrank-0/5[0m][1m[INFO]     [0m[1m[---------------------patch_runner.py:130] : [Patch] ✓ Applied: megatron.args.iterations_to_skip_default (priority=50)[0m
[[32m20260813 23:57:19[0m][[36mrank-0/5[0m][1m[INFO]     [0m[1m[---------------------patch_runner.py:116] : --------------------------------------------------------------------------------[0m
[[32m20260813 23:57:19[0m][[36mrank-0/5[0m][1m[INFO]     [0m[1m[---------------------patch_runner.py:126] : [Patch] Applying megatron.args.logging_level: Set logging level based on stderr_sink_level[0m
[[32m20260813 23:57:19[0m][[36mrank-0/5[0m][1m[INFO]     [0m[1m[---------------------patch_runner.py:130] : [Patch] ✓ Applied: megatron.args.logging_level (priority=50)[0m
[[32m20260813 23:57:19[0m][[36mrank-0/5[0m][1m[INFO]     [0m[1m[---------------------patch_runner.py:116] : --------------------------------------------------------------------------------[0m
[[32m20260813 23:57:19[0m][[36mrank-0/5[0m][1m[INFO]     [0m[1m[---------------------patch_runner.py:126] : [Patch] Applying megatron.args.mock_data: Disable data paths when using mock data[0m
[[32m20260813 23:57:19[0m][[36mrank-0/5[0m][1m[INFO]     [0m[1m[-----------------mock_data_patches.py:47] : [Patch:megatron.args.mock_data] Mock data enabled; all data paths set to None, tokenizer_type forced to NullTokenizer, preserved vocab_size=32000[0m
[[32m20260813 23:57:19[0m][[36mrank-0/5[0m][1m[INFO]     [0m[1m[-----------------mock_data_patches.py:53] : [Patch:megatron.args.mock_data] -mock_data:True[0m
[[32m20260813 23:57:19[0m][[36mrank-0/5[0m][1m[INFO]     [0m[1m[-----------------mock_data_patches.py:54] : [Patch:megatron.args.mock_data]   -data_path:None[0m
[[32m20260813 23:57:19[0m][[36mrank-0/5[0m][1m[INFO]     [0m[1m[-----------------mock_data_patches.py:55] : [Patch:megatron.args.mock_data]   -train_data_path:None[0m
[[32m20260813 23:57:19[0m][[36mrank-0/5[0m][1m[INFO]     [0m[1m[-----------------mock_data_patches.py:56] : [Patch:megatron.args.mock_data]   -valid_data_path:None[0m
[[32m20260813 23:57:19[0m][[36mrank-0/5[0m][1m[INFO]     [0m[1m[-----------------mock_data_patches.py:57] : [Patch:megatron.args.mock_data]   -test_data_path:None[0m
[[32m20260813 23:57:19[0m][[36mrank-0/5[0m][1m[INFO]     [0m[1m[-----------------mock_data_patches.py:58] : [Patch:megatron.args.mock_data]   -tokenizer_type:NullTokenizer[0m
[[32m20260813 23:57:19[0m][[36mrank-0/5[0m][1m[INFO]     [0m[1m[-----------------mock_data_patches.py:62] : [Patch:megatron.args.mock_data]   -vocab_size:32000[0m
[[32m20260813 23:57:19[0m][[36mrank-0/5[0m][1m[INFO]     [0m[1m[---------------------patch_runner.py:130] : [Patch] ✓ Applied: megatron.args.mock_data (priority=50)[0m
[[32m20260813 23:57:19[0m][[36mrank-0/5[0m][1m[INFO]     [0m[1m[---------------------patch_runner.py:116] : --------------------------------------------------------------------------------[0m
[[32m20260813 23:57:19[0m][[36mrank-0/5[0m][1m[INFO]     [0m[1m[---------------------patch_runner.py:126] : [Patch] Applying megatron.args.moe_layer_freq: Normalize moe_layer_freq when provided as a string expression[0m
[[32m20260813 23:57:19[0m][[36mrank-0/5[0m][1m[INFO]     [0m[1m[---------------------patch_runner.py:130] : [Patch] ✓ Applied: megatron.args.moe_layer_freq (priority=50)[0m
[[32m20260813 23:57:19[0m][[36mrank-0/5[0m][1m[INFO]     [0m[1m[---------------------patch_runner.py:116] : --------------------------------------------------------------------------------[0m
[[32m20260813 23:57:19[0m][[36mrank-0/5[0m][1m[INFO]     [0m[1m[---------------------patch_runner.py:126] : [Patch] Applying megatron.args.sequence_parallel_tp1: Disable sequence_parallel when tensor_model_parallel_size == 1[0m
[[32m20260813 23:57:19[0m][[36mrank-0/5[0m][1m[INFO]     [0m[1m[-----sequence_parallel_tp1_patches.py:32] : [Patch:megatron.args.sequence_parallel_tp1] sequence_parallel=True is incompatible with tp_size=1; forcing to False.[0m
[[32m20260813 23:57:19[0m][[36mrank-0/5[0m][1m[INFO]     [0m[1m[-----sequence_parallel_tp1_patches.py:37] : [Patch:megatron.args.sequence_parallel_tp1] -sequence_parallel:False[0m
[[32m20260813 23:57:19[0m][[36mrank-0/5[0m][1m[INFO]     [0m[1m[---------------------patch_runner.py:130] : [Patch] ✓ Applied: megatron.args.sequence_parallel_tp1 (priority=50)[0m
[[32m20260813 23:57:19[0m][[36mrank-0/5[0m][1m[INFO]     [0m[1m[---------------------patch_runner.py:116] : --------------------------------------------------------------------------------[0m
[[32m20260813 23:57:19[0m][[36mrank-0/5[0m][1m[INFO]     [0m[1m[---------------------patch_runner.py:126] : [Patch] Applying megatron.args.tensorboard_path: Set TensorBoard directory based on experiment root[0m
[[32m20260813 23:57:19[0m][[36mrank-0/5[0m][1m[INFO]     [0m[1m[----------tensorboard_path_patches.py:44] : [Patch:megatron.args.tensorboard_path] TensorBoard disabled[0m
[[32m20260813 23:57:19[0m][[36mrank-0/5[0m][1m[INFO]     [0m[1m[---------------------patch_runner.py:130] : [Patch] ✓ Applied: megatron.args.tensorboard_path (priority=50)[0m
[[32m20260813 23:57:19[0m][[36mrank-0/5[0m][1m[INFO]     [0m[1m[---------------------patch_runner.py:116] : --------------------------------------------------------------------------------[0m
[[32m20260813 23:57:19[0m][[36mrank-0/5[0m][1m[INFO]     [0m[1m[---------------------patch_runner.py:126] : [Patch] Applying megatron.args.wandb_config: Configure W&B project and experiment names[0m
[[32m20260813 23:57:19[0m][[36mrank-0/5[0m][1m[INFO]     [0m[1m[--------------wandb_config_patches.py:71] : [Patch:megatron.args.wandb_config] -disable_wandb:True[0m
[[32m20260813 23:57:19[0m][[36mrank-0/5[0m][1m[INFO]     [0m[1m[--------------wandb_config_patches.py:72] : [Patch:megatron.args.wandb_config]   -wandb_project:None[0m
[[32m20260813 23:57:19[0m][[36mrank-0/5[0m][1m[INFO]     [0m[1m[--------------wandb_config_patches.py:73] : [Patch:megatron.args.wandb_config]   -wandb_exp_name:None[0m
[[32m20260813 23:57:19[0m][[36mrank-0/5[0m][1m[INFO]     [0m[1m[--------------wandb_config_patches.py:74] : [Patch:megatron.args.wandb_config]   -wandb_save_dir:None[0m
[[32m20260813 23:57:19[0m][[36mrank-0/5[0m][1m[INFO]     [0m[1m[--------------wandb_config_patches.py:75] : [Patch:megatron.args.wandb_config]   -wandb_entity:None[0m
[[32m20260813 23:57:19[0m][[36mrank-0/5[0m][1m[INFO]     [0m[1m[---------------------patch_runner.py:130] : [Patch] ✓ Applied: megatron.args.wandb_config (priority=50)[0m
[[32m20260813 23:57:19[0m][[36mrank-0/5[0m][1m[INFO]     [0m[1m[---------------------patch_runner.py:116] : --------------------------------------------------------------------------------[0m
[[32m20260813 23:57:19[0m][[36mrank-0/5[0m][1m[INFO]     [0m[1m[---------------------patch_runner.py:126] : [Patch] Applying megatron.moe.primus_topk_router: Replace TopKRouter with PrimusTopKRouter[0m
[[32m20260813 23:57:19[0m][[36mrank-0/5[0m][1m[INFO]     [0m[1m[---------------topk_router_patches.py:60] : [Patch:megatron.moe.primus_topk_router]   Patched sys.modules['megatron.core.transformer.moe.router'].TopKRouter -> PrimusTopKRouter[0m
[[32m20260813 23:57:19[0m][[36mrank-0/5[0m][1m[INFO]     [0m[1m[---------------topk_router_patches.py:72] : [Patch:megatron.moe.primus_topk_router]   Patched megatron.core.transformer.moe.moe_layer.TopKRouter -> PrimusTopKRouter[0m
[[32m20260813 23:57:19[0m][[36mrank-0/5[0m][1m[INFO]     [0m[1m[---------------topk_router_patches.py:92] : [Patch:megatron.moe.primus_topk_router]   Patched MoESubmodules.router default: TopKRouter -> PrimusTopKRouter[0m
[[32m20260813 23:57:19[0m][[36mrank-0/5[0m][1m[INFO]     [0m[1m[--------------topk_router_patches.py:122] : [Patch:megatron.moe.primus_topk_router]   Patched get_moe_module_spec_for_backend to explicitly set router=PrimusTopKRouter[0m
[[32m20260813 23:57:19[0m][[36mrank-0/5[0m][1m[INFO]     [0m[1m[--------------topk_router_patches.py:139] : [Patch:megatron.moe.primus_topk_router]   Patched get_moe_module_spec to explicitly set router=PrimusTopKRouter[0m
[[32m20260813 23:57:19[0m][[36mrank-0/5[0m][1m[INFO]     [0m[1m[--------------topk_router_patches.py:150] : [Patch:megatron.moe.primus_topk_router]   Verified moe_module_specs.MoESubmodules.router default is PrimusTopKRouter[0m
[[32m20260813 23:57:19[0m][[36mrank-0/5[0m][1m[INFO]     [0m[1m[--------------topk_router_patches.py:196] : [Patch:megatron.moe.primus_topk_router]   Patched MoELayer.__init__ to ensure submodules.router is PrimusTopKRouter[0m
[[32m20260813 23:57:19[0m][[36mrank-0/5[0m][1m[INFO]     [0m[1m[---------------------patch_runner.py:130] : [Patch] ✓ Applied: megatron.moe.primus_topk_router (priority=50)[0m
[[32m20260813 23:57:19[0m][[36mrank-0/5[0m][1m[INFO]     [0m[1m[---------------------patch_runner.py:143] : [Patch] Applied 11/11 patches for megatron/build_args: ['megatron.args.checkpoint_path', 'megatron.args.data_path_split', 'megatron.args.hsdp', 'megatron.args.iterations_to_skip_default', 'megatron.args.logging_level', 'megatron.args.mock_data', 'megatron.args.moe_layer_freq', 'megatron.args.sequence_parallel_tp1', 'megatron.args.tensorboard_path', 'megatron.args.wandb_config', 'megatron.moe.primus_topk_router'][0m
[[32m20260813 23:57:19[0m][[36mrank-0/5[0m][1m[INFO]     [0m[1m[---------------------patch_runner.py:146] : --------------------------------------------------------------------------------[0m
[[32m20260813 23:57:19[0m][[36mrank-0/5[0m][1m[INFO]     [0m[1m[---------------------module_utils.py:224] : --------------------------------------------------------------------------------[0m
[[32m20260813 23:57:19[0m][[36mrank-0/5[0m][1m[INFO]     [0m[1m[---------------------module_utils.py:234] : Final backend args (after patches): (674 parameters)[0m
[[32m20260813 23:57:19[0m][[36mrank-0/5[0m][1m[INFO]     [0m[1m[---------------------module_utils.py:241] :   account_for_embedding_in_pipeline_split                      : False (bool)[0m
[[32m20260813 23:57:19[0m][[36mrank-0/5[0m][1m[INFO]     [0m[1m[---------------------module_utils.py:241] :   account_for_loss_in_pipeline_split                           : False (bool)[0m
[[32m20260813 23:57:19[0m][[36mrank-0/5[0m][1m[INFO]     [0m[1m[---------------------module_utils.py:241] :   accumulate_allreduce_grads_in_fp32                           : False (bool)[0m
[[32m20260813 23:57:19[0m][[36mrank-0/5[0m][1m[INFO]     [0m[1m[---------------------module_utils.py:241] :   activation_func_clamp_value                                  : None (NoneType)[0m
[[32m20260813 23:57:19[0m][[36mrank-0/5[0m][1m[INFO]     [0m[1m[---------------------module_utils.py:241] :   adam_beta1                                                   : 0.9 (float)[0m
[[32m20260813 23:57:19[0m][[36mrank-0/5[0m][1m[INFO]     [0m[1m[---------------------module_utils.py:241] :   adam_beta2                                                   : 0.95 (float)[0m
[[32m20260813 23:57:19[0m][[36mrank-0/5[0m][1m[INFO]     [0m[1m[---------------------module_utils.py:241] :   adam_eps                                                     : 1e-08 (float)[0m
[[32m20260813 23:57:19[0m][[36mrank-0/5[0m][1m[INFO]     [0m[1m[---------------------module_utils.py:241] :   add_bias_linear                                              : False (bool)[0m
[[32m20260813 23:57:19[0m][[36mrank-0/5[0m][1m[INFO]     [0m[1m[---------------------module_utils.py:241] :   add_position_embedding                                       : False (bool)[0m
[[32m20260813 23:57:19[0m][[36mrank-0/5[0m][1m[INFO]     [0m[1m[---------------------module_utils.py:241] :   add_qkv_bias                                                 : False (bool)[0m
[[32m20260813 23:57:19[0m][[36mrank-0/5[0m][1m[INFO]     [0m[1m[---------------------module_utils.py:241] :   adlr_autoresume                                              : False (bool)[0m
[[32m20260813 23:57:19[0m][[36mrank-0/5[0m][1m[INFO]     [0m[1m[---------------------module_utils.py:241] :   adlr_autoresume_interval                                     : 1000 (int)[0m
[[32m20260813 23:57:19[0m][[36mrank-0/5[0m][1m[INFO]     [0m[1m[---------------------module_utils.py:241] :   align_grad_reduce                                            : True (bool)[0m
[[32m20260813 23:57:19[0m][[36mrank-0/5[0m][1m[INFO]     [0m[1m[---------------------module_utils.py:241] :   align_param_gather                                           : True (bool)[0m
[[32m20260813 23:57:19[0m][[36mrank-0/5[0m][1m[INFO]     [0m[1m[---------------------module_utils.py:241] :   allow_ambiguous_pad_tokens                                   : False (bool)[0m
[[32m20260813 23:57:19[0m][[36mrank-0/5[0m][1m[INFO]     [0m[1m[---------------------module_utils.py:241] :   app_tag_run_name                                             : None (NoneType)[0m
[[32m20260813 23:57:19[0m][[36mrank-0/5[0m][1m[INFO]     [0m[1m[---------------------module_utils.py:241] :   app_tag_run_version                                          : 0.0.0 (str)[0m
[[32m20260813 23:57:19[0m][[36mrank-0/5[0m][1m[INFO]     [0m[1m[---------------------module_utils.py:241] :   apply_query_key_layer_scaling                                : False (bool)[0m
[[32m20260813 23:57:19[0m][[36mrank-0/5[0m][1m[INFO]     [0m[1m[---------------------module_utils.py:241] :   apply_residual_connection_post_layernorm                     : False (bool)[0m
[[32m20260813 23:57:19[0m][[36mrank-0/5[0m][1m[INFO]     [0m[1m[---------------------module_utils.py:241] :   apply_rope_fusion                                            : True (bool)[0m
[[32m20260813 23:57:19[0m][[36mrank-0/5[0m][1m[INFO]     [0m[1m[---------------------module_utils.py:241] :   apply_wd_to_qk_layernorm                                     : False (bool)[0m
[[32m20260813 23:57:19[0m][[36mrank-0/5[0m][1m[INFO]     [0m[1m[---------------------module_utils.py:241] :   async_save                                                   : None (NoneType)[0m
[[32m20260813 23:57:19[0m][[36mrank-0/5[0m][1m[INFO]     [0m[1m[---------------------module_utils.py:241] :   attention_backend                                            : AttnBackend.auto (AttnBackend)[0m
[[32m20260813 23:57:19[0m][[36mrank-0/5[0m][1m[INFO]     [0m[1m[---------------------module_utils.py:241] :   attention_dropout                                            : 0.0 (float)[0m
[[32m20260813 23:57:19[0m][[36mrank-0/5[0m][1m[INFO]     [0m[1m[---------------------module_utils.py:241] :   attention_output_gate                                        : False (bool)[0m
[[32m20260813 23:57:19[0m][[36mrank-0/5[0m][1m[INFO]     [0m[1m[---------------------module_utils.py:241] :   attention_softmax_in_fp32                                    : True (bool)[0m
[[32m20260813 23:57:19[0m][[36mrank-0/5[0m][1m[INFO]     [0m[1m[---------------------module_utils.py:241] :   auto_detect_ckpt_format                                      : False (bool)[0m
[[32m20260813 23:57:19[0m][[36mrank-0/5[0m][1m[INFO]     [0m[1m[---------------------module_utils.py:241] :   barrier_with_L1_time                                         : True (bool)[0m
[[32m20260813 23:57:19[0m][[36mrank-0/5[0m][1m[INFO]     [0m[1m[---------------------module_utils.py:241] :   batch_invariant_mode                                         : False (bool)[0m
[[32m20260813 23:57:19[0m][[36mrank-0/5[0m][1m[INFO]     [0m[1m[---------------------module_utils.py:241] :   batch_size                                                   : None (NoneType)[0m
[[32m20260813 23:57:19[0m][[36mrank-0/5[0m][1m[INFO]     [0m[1m[---------------------module_utils.py:241] :   bert_binary_head                                             : True (bool)[0m
[[32m20260813 23:57:19[0m][[36mrank-0/5[0m][1m[INFO]     [0m[1m[---------------------module_utils.py:241] :   bert_embedder_type                                           : megatron (str)[0m
[[32m20260813 23:57:19[0m][[36mrank-0/5[0m][1m[INFO]     [0m[1m[---------------------module_utils.py:241] :   bert_load                                                    : None (NoneType)[0m
[[32m20260813 23:57:19[0m][[36mrank-0/5[0m][1m[INFO]     [0m[1m[---------------------module_utils.py:241] :   bf16                                                         : True (bool)[0m
[[32m20260813 23:57:19[0m][[36mrank-0/5[0m][1m[INFO]     [0m[1m[---------------------module_utils.py:241] :   bias_dropout_fusion                                          : True (bool)[0m
[[32m20260813 23:57:19[0m][[36mrank-0/5[0m][1m[INFO]     [0m[1m[---------------------module_utils.py:241] :   bias_gelu_fusion                                             : True (bool)[0m
[[32m20260813 23:57:19[0m][[36mrank-0/5[0m][1m[INFO]     [0m[1m[---------------------module_utils.py:241] :   bias_swiglu_fusion                                           : True (bool)[0m
[[32m20260813 23:57:19[0m][[36mrank-0/5[0m][1m[INFO]     [0m[1m[---------------------module_utils.py:241] :   biencoder_projection_dim                                     : 0 (int)[0m
[[32m20260813 23:57:19[0m][[36mrank-0/5[0m][1m[INFO]     [0m[1m[---------------------module_utils.py:241] :   biencoder_shared_query_context_model                         : False (bool)[0m
[[32m20260813 23:57:19[0m][[36mrank-0/5[0m][1m[INFO]     [0m[1m[---------------------module_utils.py:241] :   block_data_path                                              : None (NoneType)[0m
[[32m20260813 23:57:19[0m][[36mrank-0/5[0m][1m[INFO]     [0m[1m[---------------------module_utils.py:241] :   cache_mla_latents                                            : False (bool)[0m
[[32m20260813 23:57:19[0m][[36mrank-0/5[0m][1m[INFO]     [0m[1m[---------------------module_utils.py:241] :   calc_ft_timeouts                                             : False (bool)[0m
[[32m20260813 23:57:19[0m][[36mrank-0/5[0m][1m[INFO]     [0m[1m[---------------------module_utils.py:241] :   calculate_per_token_loss                                     : False (bool)[0m
[[32m20260813 23:57:19[0m][[36mrank-0/5[0m][1m[INFO]     [0m[1m[---------------------module_utils.py:241] :   check_for_large_grads                                        : False (bool)[0m
[[32m20260813 23:57:19[0m][[36mrank-0/5[0m][1m[INFO]     [0m[1m[---------------------module_utils.py:241] :   check_for_nan_in_loss_and_grad                               : True (bool)[0m
[[32m20260813 23:57:19[0m][[36mrank-0/5[0m][1m[INFO]     [0m[1m[---------------------module_utils.py:241] :   check_for_spiky_loss                                         : False (bool)[0m
[[32m20260813 23:57:19[0m][[36mrank-0/5[0m][1m[INFO]     [0m[1m[---------------------module_utils.py:241] :   check_weight_hash_across_dp_replicas_interval                : None (NoneType)[0m
[[32m20260813 23:57:19[0m][[36mrank-0/5[0m][1m[INFO]     [0m[1m[---------------------module_utils.py:241] :   checkpoint_activations                                       : False (bool)[0m
[[32m20260813 23:57:19[0m][[36mrank-0/5[0m][1m[INFO]     [0m[1m[---------------------module_utils.py:241] :   ckpt_assume_constant_structure                               : False (bool)[0m
[[32m20260813 23:57:19[0m][[36mrank-0/5[0m][1m[INFO]     [0m[1m[---------------------module_utils.py:241] :   ckpt_convert_format                                          : None (NoneType)[0m
[[32m20260813 23:57:19[0m][[36mrank-0/5[0m][1m[INFO]     [0m[1m[---------------------module_utils.py:241] :   ckpt_convert_save                                            : None (NoneType)[0m
[[32m20260813 23:57:19[0m][[36mrank-0/5[0m][1m[INFO]     [0m[1m[---------------------module_utils.py:241] :   ckpt_convert_update_legacy_dist_opt_format                   : False (bool)[0m
[[32m20260813 23:57:19[0m][[36mrank-0/5[0m][1m[INFO]     [0m[1m[---------------------module_utils.py:241] :   ckpt_format                                                  : torch (str)[0m
[[32m20260813 23:57:19[0m][[36mrank-0/5[0m][1m[INFO]     [0m[1m[---------------------module_utils.py:241] :   ckpt_fully_parallel_load                                     : False (bool)[0m
[[32m20260813 23:57:19[0m][[36mrank-0/5[0m][1m[INFO]     [0m[1m[---------------------module_utils.py:241] :   ckpt_fully_parallel_load_exchange_algo                       : broadcast (str)[0m
[[32m20260813 23:57:19[0m][[36mrank-0/5[0m][1m[INFO]     [0m[1m[---------------------module_utils.py:241] :   ckpt_fully_parallel_load_process_group                       : dp (str)[0m
[[32m20260813 23:57:19[0m][[36mrank-0/5[0m][1m[INFO]     [0m[1m[---------------------module_utils.py:241] :   ckpt_fully_parallel_save                                     : True (bool)[0m
[[32m20260813 23:57:19[0m][[36mrank-0/5[0m][1m[INFO]     [0m[1m[---------------------module_utils.py:241] :   ckpt_fully_parallel_save_deprecated                          : False (bool)[0m
[[32m20260813 23:57:19[0m][[36mrank-0/5[0m][1m[INFO]     [0m[1m[---------------------module_utils.py:241] :   ckpt_fully_parallel_save_process_group                       : dp (str)[0m
[[32m20260813 23:57:19[0m][[36mrank-0/5[0m][1m[INFO]     [0m[1m[---------------------module_utils.py:241] :   ckpt_step                                                    : None (NoneType)[0m
[[32m20260813 23:57:19[0m][[36mrank-0/5[0m][1m[INFO]     [0m[1m[---------------------module_utils.py:241] :   classes_fraction                                             : 1.0 (float)[0m
[[32m20260813 23:57:19[0m][[36mrank-0/5[0m][1m[INFO]     [0m[1m[---------------------module_utils.py:241] :   clip_grad                                                    : 1.0 (float)[0m
[[32m20260813 23:57:19[0m][[36mrank-0/5[0m][1m[INFO]     [0m[1m[---------------------module_utils.py:241] :   clone_scatter_output_in_embedding                            : True (bool)[0m
[[32m20260813 23:57:19[0m][[36mrank-0/5[0m][1m[INFO]     [0m[1m[---------------------module_utils.py:241] :   config_logger_dir                                            :  (str)[0m
[[32m20260813 23:57:19[0m][[36mrank-0/5[0m][1m[INFO]     [0m[1m[---------------------module_utils.py:241] :   context_parallel_size                                        : 1 (int)[0m
[[32m20260813 23:57:19[0m][[36mrank-0/5[0m][1m[INFO]     [0m[1m[---------------------module_utils.py:241] :   cp_comm_type                                                 : p2p (str)[0m
[[32m20260813 23:57:19[0m][[36mrank-0/5[0m][1m[INFO]     [0m[1m[---------------------module_utils.py:241] :   cpu_offloading_num_layers                                    : 0 (int)[0m
[[32m20260813 23:57:19[0m][[36mrank-0/5[0m][1m[INFO]     [0m[1m[---------------------module_utils.py:241] :   create_all_gather_group                                      : False (bool)[0m
[[32m20260813 23:57:19[0m][[36mrank-0/5[0m][1m[INFO]     [0m[1m[---------------------module_utils.py:241] :   create_attention_mask_in_dataloader                          : True (bool)[0m
[[32m20260813 23:57:19[0m][[36mrank-0/5[0m][1m[INFO]     [0m[1m[---------------------module_utils.py:241] :   cross_entropy_fusion_impl                                    : te (str)[0m
[[32m20260813 23:57:19[0m][[36mrank-0/5[0m][1m[INFO]     [0m[1m[---------------------module_utils.py:241] :   cross_entropy_loss_fusion                                    : True (bool)[0m
[[32m20260813 23:57:19[0m][[36mrank-0/5[0m][1m[INFO]     [0m[1m[---------------------module_utils.py:241] :   cuda_graph_impl                                              : none (str)[0m
[[32m20260813 23:57:19[0m][[36mrank-0/5[0m][1m[INFO]     [0m[1m[---------------------module_utils.py:241] :   cuda_graph_scope                                             : full (str)[0m
[[32m20260813 23:57:19[0m][[36mrank-0/5[0m][1m[INFO]     [0m[1m[---------------------module_utils.py:241] :   cuda_graph_warmup_steps                                      : 3 (int)[0m
[[32m20260813 23:57:19[0m][[36mrank-0/5[0m][1m[INFO]     [0m[1m[---------------------module_utils.py:241] :   data_args_path                                               : None (NoneType)[0m
[[32m20260813 23:57:19[0m][[36mrank-0/5[0m][1m[INFO]     [0m[1m[---------------------module_utils.py:241] :   data_cache_path                                              : None (NoneType)[0m
[[32m20260813 23:57:19[0m][[36mrank-0/5[0m][1m[INFO]     [0m[1m[---------------------module_utils.py:241] :   data_parallel_random_init                                    : False (bool)[0m
[[32m20260813 23:57:19[0m][[36mrank-0/5[0m][1m[INFO]     [0m[1m[---------------------module_utils.py:241] :   data_parallel_replicate_degree                               : 1 (int)[0m
[[32m20260813 23:57:19[0m][[36mrank-0/5[0m][1m[INFO]     [0m[1m[---------------------module_utils.py:241] :   data_parallel_sharding_strategy                              : no_shard (str)[0m
[[32m20260813 23:57:19[0m][[36mrank-0/5[0m][1m[INFO]     [0m[1m[---------------------module_utils.py:241] :   data_path                                                    : None (NoneType)[0m
[[32m20260813 23:57:19[0m][[36mrank-0/5[0m][1m[INFO]     [0m[1m[---------------------module_utils.py:241] :   data_per_class_fraction                                      : 1.0 (float)[0m
[[32m20260813 23:57:19[0m][[36mrank-0/5[0m][1m[INFO]     [0m[1m[---------------------module_utils.py:241] :   data_sharding                                                : True (bool)[0m
[[32m20260813 23:57:19[0m][[36mrank-0/5[0m][1m[INFO]     [0m[1m[---------------------module_utils.py:241] :   dataloader_defer_npy_index_mmap                              : False (bool)[0m
[[32m20260813 23:57:19[0m][[36mrank-0/5[0m][1m[INFO]     [0m[1m[---------------------module_utils.py:241] :   dataloader_fast_cache_load                                   : False (bool)[0m
[[32m20260813 23:57:19[0m][[36mrank-0/5[0m][1m[INFO]     [0m[1m[---------------------module_utils.py:241] :   dataloader_type                                              : cyclic (str)[0m
[[32m20260813 23:57:19[0m][[36mrank-0/5[0m][1m[INFO]     [0m[1m[---------------------module_utils.py:241] :   ddp_average_in_collective                                    : False (bool)[0m
[[32m20260813 23:57:19[0m][[36mrank-0/5[0m][1m[INFO]     [0m[1m[---------------------module_utils.py:241] :   ddp_bucket_size                                              : None (NoneType)[0m
[[32m20260813 23:57:19[0m][[36mrank-0/5[0m][1m[INFO]     [0m[1m[---------------------module_utils.py:241] :   ddp_num_buckets                                              : None (NoneType)[0m
[[32m20260813 23:57:19[0m][[36mrank-0/5[0m][1m[INFO]     [0m[1m[---------------------module_utils.py:241] :   ddp_pad_buckets_for_high_nccl_busbw                          : False (bool)[0m
[[32m20260813 23:57:19[0m][[36mrank-0/5[0m][1m[INFO]     [0m[1m[---------------------module_utils.py:241] :   ddp_reduce_scatter_with_fp32_accumulation                    : False (bool)[0m
[[32m20260813 23:57:19[0m][[36mrank-0/5[0m][1m[INFO]     [0m[1m[---------------------module_utils.py:241] :   decode_only_cuda_graphs                                      : False (bool)[0m
[[32m20260813 23:57:19[0m][[36mrank-0/5[0m][1m[INFO]     [0m[1m[---------------------module_utils.py:241] :   decoder_first_pipeline_num_layers                            : None (NoneType)[0m
[[32m20260813 23:57:19[0m][[36mrank-0/5[0m][1m[INFO]     [0m[1m[---------------------module_utils.py:241] :   decoder_last_pipeline_num_layers                             : None (NoneType)[0m
[[32m20260813 23:57:19[0m][[36mrank-0/5[0m][1m[INFO]     [0m[1m[---------------------module_utils.py:241] :   decoder_num_layers                                           : None (NoneType)[0m
[[32m20260813 23:57:19[0m][[36mrank-0/5[0m][1m[INFO]     [0m[1m[---------------------module_utils.py:241] :   decoder_seq_length                                           : None (NoneType)[0m
[[32m20260813 23:57:19[0m][[36mrank-0/5[0m][1m[INFO]     [0m[1m[---------------------module_utils.py:241] :   decoupled_lr                                                 : None (NoneType)[0m
[[32m20260813 23:57:19[0m][[36mrank-0/5[0m][1m[INFO]     [0m[1m[---------------------module_utils.py:241] :   decoupled_min_lr                                             : None (NoneType)[0m
[[32m20260813 23:57:19[0m][[36mrank-0/5[0m][1m[INFO]     [0m[1m[---------------------module_utils.py:241] :   decrease_batch_size_if_needed                                : False (bool)[0m
[[32m20260813 23:57:19[0m][[36mrank-0/5[0m][1m[INFO]     [0m[1m[---------------------module_utils.py:241] :   defer_embedding_wgrad_compute                                : False (bool)[0m
[[32m20260813 23:57:19[0m][[36mrank-0/5[0m][1m[INFO]     [0m[1m[---------------------module_utils.py:241] :   delay_wgrad_compute                                          : False (bool)[0m
[[32m20260813 23:57:19[0m][[36mrank-0/5[0m][1m[INFO]     [0m[1m[---------------------module_utils.py:241] :   deprecated_use_mcore_models                                  : False (bool)[0m
[[32m20260813 23:57:19[0m][[36mrank-0/5[0m][1m[INFO]     [0m[1m[---------------------module_utils.py:241] :   deterministic_mode                                           : False (bool)[0m
[[32m20260813 23:57:19[0m][[36mrank-0/5[0m][1m[INFO]     [0m[1m[---------------------module_utils.py:241] :   dino_bottleneck_size                                         : 256 (int)[0m
[[32m20260813 23:57:19[0m][[36mrank-0/5[0m][1m[INFO]     [0m[1m[---------------------module_utils.py:241] :   dino_freeze_last_layer                                       : 1 (int)[0m
[[32m20260813 23:57:19[0m][[36mrank-0/5[0m][1m[INFO]     [0m[1m[---------------------module_utils.py:241] :   dino_head_hidden_size                                        : 2048 (int)[0m
[[32m20260813 23:57:19[0m][[36mrank-0/5[0m][1m[INFO]     [0m[1m[---------------------module_utils.py:241] :   dino_local_crops_number                                      : 10 (int)[0m
[[32m20260813 23:57:19[0m][[36mrank-0/5[0m][1m[INFO]     [0m[1m[---------------------module_utils.py:241] :   dino_local_img_size                                          : 96 (int)[0m
[[32m20260813 23:57:19[0m][[36mrank-0/5[0m][1m[INFO]     [0m[1m[---------------------module_utils.py:241] :   dino_norm_last_layer                                         : False (bool)[0m
[[32m20260813 23:57:19[0m][[36mrank-0/5[0m][1m[INFO]     [0m[1m[---------------------module_utils.py:241] :   dino_teacher_temp                                            : 0.07 (float)[0m
[[32m20260813 23:57:19[0m][[36mrank-0/5[0m][1m[INFO]     [0m[1m[---------------------module_utils.py:241] :   dino_warmup_teacher_temp                                     : 0.04 (float)[0m
[[32m20260813 23:57:19[0m][[36mrank-0/5[0m][1m[INFO]     [0m[1m[---------------------module_utils.py:241] :   dino_warmup_teacher_temp_epochs                              : 30 (int)[0m
[[32m20260813 23:57:19[0m][[36mrank-0/5[0m][1m[INFO]     [0m[1m[---------------------module_utils.py:241] :   disable_bf16_reduced_precision_matmul                        : False (bool)[0m
[[32m20260813 23:57:19[0m][[36mrank-0/5[0m][1m[INFO]     [0m[1m[---------------------module_utils.py:241] :   disable_jit_fuser                                            : False (bool)[0m
[[32m20260813 23:57:19[0m][[36mrank-0/5[0m][1m[INFO]     [0m[1m[---------------------module_utils.py:241] :   disable_straggler_on_startup                                 : False (bool)[0m
[[32m20260813 23:57:19[0m][[36mrank-0/5[0m][1m[INFO]     [0m[1m[---------------------module_utils.py:241] :   disable_symmetric_registration                               : False (bool)[0m
[[32m20260813 23:57:19[0m][[36mrank-0/5[0m][1m[INFO]     [0m[1m[---------------------module_utils.py:241] :   dist_ckpt_format_deprecated                                  : None (NoneType)[0m
[[32m20260813 23:57:19[0m][[36mrank-0/5[0m][1m[INFO]     [0m[1m[---------------------module_utils.py:241] :   dist_ckpt_optim_fully_reshardable                            : None (NoneType)[0m
[[32m20260813 23:57:19[0m][[36mrank-0/5[0m][1m[INFO]     [0m[1m[---------------------module_utils.py:241] :   dist_ckpt_save_pre_mcore_014                                 : None (NoneType)[0m
[[32m20260813 23:57:19[0m][[36mrank-0/5[0m][1m[INFO]     [0m[1m[---------------------module_utils.py:241] :   dist_ckpt_strictness                                         : assume_ok_unexpected (str)[0m
[[32m20260813 23:57:19[0m][[36mrank-0/5[0m][1m[INFO]     [0m[1m[---------------------module_utils.py:241] :   dist_ckpt_workers                                            : 1 (int)[0m
[[32m20260813 23:57:19[0m][[36mrank-0/5[0m][1m[INFO]     [0m[1m[---------------------module_utils.py:241] :   distrib_optim_fully_reshardable_mem_efficient                : False (bool)[0m
[[32m20260813 23:57:19[0m][[36mrank-0/5[0m][1m[INFO]     [0m[1m[---------------------module_utils.py:241] :   distribute_saved_activations                                 : False (bool)[0m
[[32m20260813 23:57:19[0m][[36mrank-0/5[0m][1m[INFO]     [0m[1m[---------------------module_utils.py:241] :   distributed_backend                                          : nccl (str)[0m
[[32m20260813 23:57:19[0m][[36mrank-0/5[0m][1m[INFO]     [0m[1m[---------------------module_utils.py:241] :   distributed_timeout_minutes                                  : 60 (int)[0m
[[32m20260813 23:57:19[0m][[36mrank-0/5[0m][1m[INFO]     [0m[1m[---------------------module_utils.py:241] :   distributed_timeout_seconds_after_init                       : None (NoneType)[0m
[[32m20260813 23:57:19[0m][[36mrank-0/5[0m][1m[INFO]     [0m[1m[---------------------module_utils.py:241] :   dsa_indexer_head_dim                                         : None (NoneType)[0m
[[32m20260813 23:57:19[0m][[36mrank-0/5[0m][1m[INFO]     [0m[1m[---------------------module_utils.py:241] :   dsa_indexer_loss_coeff                                       : None (NoneType)[0m
[[32m20260813 23:57:19[0m][[36mrank-0/5[0m][1m[INFO]     [0m[1m[---------------------module_utils.py:241] :   dsa_indexer_n_heads                                          : None (NoneType)[0m
[[32m20260813 23:57:19[0m][[36mrank-0/5[0m][1m[INFO]     [0m[1m[---------------------module_utils.py:241] :   dsa_indexer_topk                                             : None (NoneType)[0m
[[32m20260813 23:57:19[0m][[36mrank-0/5[0m][1m[INFO]     [0m[1m[---------------------module_utils.py:241] :   dsa_indexer_use_sparse_loss                                  : False (bool)[0m
[[32m20260813 23:57:19[0m][[36mrank-0/5[0m][1m[INFO]     [0m[1m[---------------------module_utils.py:241] :   dump_param_to_param_group_map                                : None (NoneType)[0m
[[32m20260813 23:57:19[0m][[36mrank-0/5[0m][1m[INFO]     [0m[1m[---------------------module_utils.py:241] :   embedding_init_method_std                                    : None (NoneType)[0m
[[32m20260813 23:57:19[0m][[36mrank-0/5[0m][1m[INFO]     [0m[1m[---------------------module_utils.py:241] :   embedding_path                                               : None (NoneType)[0m
[[32m20260813 23:57:19[0m][[36mrank-0/5[0m][1m[INFO]     [0m[1m[---------------------module_utils.py:241] :   empty_unused_memory_level                                    : 0 (int)[0m
[[32m20260813 23:57:19[0m][[36mrank-0/5[0m][1m[INFO]     [0m[1m[---------------------module_utils.py:241] :   enable_chunked_prefill                                       : False (bool)[0m
[[32m20260813 23:57:19[0m][[36mrank-0/5[0m][1m[INFO]     [0m[1m[---------------------module_utils.py:241] :   enable_cuda_graph                                            : False (bool)[0m
[[32m20260813 23:57:19[0m][[36mrank-0/5[0m][1m[INFO]     [0m[1m[---------------------module_utils.py:241] :   enable_experimental                                          : False (bool)[0m
[[32m20260813 23:57:19[0m][[36mrank-0/5[0m][1m[INFO]     [0m[1m[---------------------module_utils.py:241] :   enable_ft_package                                            : False (bool)[0m
[[32m20260813 23:57:19[0m][[36mrank-0/5[0m][1m[INFO]     [0m[1m[---------------------module_utils.py:241] :   enable_full_sharding_in_hsdp                                 : False (bool)[0m
[[32m20260813 23:57:19[0m][[36mrank-0/5[0m][1m[INFO]     [0m[1m[---------------------module_utils.py:241] :   enable_gloo_process_groups                                   : True (bool)[0m
[[32m20260813 23:57:19[0m][[36mrank-0/5[0m][1m[INFO]     [0m[1m[---------------------module_utils.py:241] :   enable_msc                                                   : True (bool)[0m
[[32m20260813 23:57:19[0m][[36mrank-0/5[0m][1m[INFO]     [0m[1m[---------------------module_utils.py:241] :   enable_one_logger                                            : True (bool)[0m
[[32m20260813 23:57:19[0m][[36mrank-0/5[0m][1m[INFO]     [0m[1m[---------------------module_utils.py:241] :   encoder_num_layers                                           : None (NoneType)[0m
[[32m20260813 23:57:19[0m][[36mrank-0/5[0m][1m[INFO]     [0m[1m[---------------------module_utils.py:241] :   encoder_seq_length                                           : None (NoneType)[0m
[[32m20260813 23:57:19[0m][[36mrank-0/5[0m][1m[INFO]     [0m[1m[---------------------module_utils.py:241] :   end_weight_decay                                             : None (NoneType)[0m
[[32m20260813 23:57:19[0m][[36mrank-0/5[0m][1m[INFO]     [0m[1m[---------------------module_utils.py:241] :   eod_mask_loss                                                : True (bool)[0m
[[32m20260813 23:57:19[0m][[36mrank-0/5[0m][1m[INFO]     [0m[1m[---------------------module_utils.py:241] :   ep_overlap_early_attn_memory_release                         : False (bool)[0m
[[32m20260813 23:57:19[0m][[36mrank-0/5[0m][1m[INFO]     [0m[1m[---------------------module_utils.py:241] :   error_injection_rate                                         : 0 (int)[0m
[[32m20260813 23:57:19[0m][[36mrank-0/5[0m][1m[INFO]     [0m[1m[---------------------module_utils.py:241] :   error_injection_type                                         : transient_error (str)[0m
[[32m20260813 23:57:19[0m][[36mrank-0/5[0m][1m[INFO]     [0m[1m[---------------------module_utils.py:241] :   eval_interval                                                : 1000 (int)[0m
[[32m20260813 23:57:19[0m][[36mrank-0/5[0m][1m[INFO]     [0m[1m[---------------------module_utils.py:241] :   eval_iters                                                   : 0 (int)[0m
[[32m20260813 23:57:19[0m][[36mrank-0/5[0m][1m[INFO]     [0m[1m[---------------------module_utils.py:241] :   evidence_data_path                                           : None (NoneType)[0m
[[32m20260813 23:57:19[0m][[36mrank-0/5[0m][1m[INFO]     [0m[1m[---------------------module_utils.py:241] :   exit_duration_in_mins                                        : None (NoneType)[0m
[[32m20260813 23:57:19[0m][[36mrank-0/5[0m][1m[INFO]     [0m[1m[---------------------module_utils.py:241] :   exit_interval                                                : None (NoneType)[0m
[[32m20260813 23:57:19[0m][[36mrank-0/5[0m][1m[INFO]     [0m[1m[---------------------module_utils.py:241] :   exit_on_missing_checkpoint                                   : True (bool)[0m
[[32m20260813 23:57:19[0m][[36mrank-0/5[0m][1m[INFO]     [0m[1m[---------------------module_utils.py:241] :   exit_signal                                                  : 15 (Signals)[0m
[[32m20260813 23:57:19[0m][[36mrank-0/5[0m][1m[INFO]     [0m[1m[---------------------module_utils.py:241] :   exit_signal_handler                                          : False (bool)[0m
[[32m20260813 23:57:19[0m][[36mrank-0/5[0m][1m[INFO]     [0m[1m[---------------------module_utils.py:241] :   exit_signal_handler_for_dataloader                           : False (bool)[0m
[[32m20260813 23:57:19[0m][[36mrank-0/5[0m][1m[INFO]     [0m[1m[---------------------module_utils.py:241] :   exp_avg_dtype                                                : fp32 (str)[0m
[[32m20260813 23:57:19[0m][[36mrank-0/5[0m][1m[INFO]     [0m[1m[---------------------module_utils.py:241] :   exp_avg_sq_dtype                                             : fp32 (str)[0m
[[32m20260813 23:57:19[0m][[36mrank-0/5[0m][1m[INFO]     [0m[1m[---------------------module_utils.py:241] :   experimental_attention_variant                               : None (NoneType)[0m
[[32m20260813 23:57:19[0m][[36mrank-0/5[0m][1m[INFO]     [0m[1m[---------------------module_utils.py:241] :   expert_model_parallel_size                                   : 1 (int)[0m
[[32m20260813 23:57:19[0m][[36mrank-0/5[0m][1m[INFO]     [0m[1m[---------------------module_utils.py:241] :   expert_tensor_parallel_size                                  : None (NoneType)[0m
[[32m20260813 23:57:19[0m][[36mrank-0/5[0m][1m[INFO]     [0m[1m[---------------------module_utils.py:241] :   external_cuda_graph                                          : False (bool)[0m
[[32m20260813 23:57:19[0m][[36mrank-0/5[0m][1m[INFO]     [0m[1m[---------------------module_utils.py:241] :   fake_process_group                                           : False (bool)[0m
[[32m20260813 23:57:19[0m][[36mrank-0/5[0m][1m[INFO]     [0m[1m[---------------------module_utils.py:241] :   ffn_hidden_size                                              : 11008 (int)[0m
[[32m20260813 23:57:19[0m][[36mrank-0/5[0m][1m[INFO]     [0m[1m[---------------------module_utils.py:241] :   fim_data                                                     : False (bool)[0m
[[32m20260813 23:57:19[0m][[36mrank-0/5[0m][1m[INFO]     [0m[1m[---------------------module_utils.py:241] :   fim_eod_token                                                : <|endoftext|> (str)[0m
[[32m20260813 23:57:19[0m][[36mrank-0/5[0m][1m[INFO]     [0m[1m[---------------------module_utils.py:241] :   fim_fragment_rate                                            : None (NoneType)[0m
[[32m20260813 23:57:19[0m][[36mrank-0/5[0m][1m[INFO]     [0m[1m[---------------------module_utils.py:241] :   fim_middle_token                                             : <fim_middle> (str)[0m
[[32m20260813 23:57:19[0m][[36mrank-0/5[0m][1m[INFO]     [0m[1m[---------------------module_utils.py:241] :   fim_no_prefix                                                : None (NoneType)[0m
[[32m20260813 23:57:19[0m][[36mrank-0/5[0m][1m[INFO]     [0m[1m[---------------------module_utils.py:241] :   fim_pad_token                                                : <fim_pad> (str)[0m
[[32m20260813 23:57:19[0m][[36mrank-0/5[0m][1m[INFO]     [0m[1m[---------------------module_utils.py:241] :   fim_prefix_token                                             : <fim_prefix> (str)[0m
[[32m20260813 23:57:19[0m][[36mrank-0/5[0m][1m[INFO]     [0m[1m[---------------------module_utils.py:241] :   fim_rate                                                     : 0.5 (float)[0m
[[32m20260813 23:57:19[0m][[36mrank-0/5[0m][1m[INFO]     [0m[1m[---------------------module_utils.py:241] :   fim_split_sample                                             : None (NoneType)[0m
[[32m20260813 23:57:19[0m][[36mrank-0/5[0m][1m[INFO]     [0m[1m[---------------------module_utils.py:241] :   fim_spm_rate                                                 : 0.5 (float)[0m
[[32m20260813 23:57:19[0m][[36mrank-0/5[0m][1m[INFO]     [0m[1m[---------------------module_utils.py:241] :   fim_suffix_token                                             : <fim_suffix> (str)[0m
[[32m20260813 23:57:19[0m][[36mrank-0/5[0m][1m[INFO]     [0m[1m[---------------------module_utils.py:241] :   fine_grained_activation_offloading                           : False (bool)[0m
[[32m20260813 23:57:19[0m][[36mrank-0/5[0m][1m[INFO]     [0m[1m[---------------------module_utils.py:241] :   finetune                                                     : False (bool)[0m
[[32m20260813 23:57:19[0m][[36mrank-0/5[0m][1m[INFO]     [0m[1m[---------------------module_utils.py:241] :   first_last_layers_bf16                                       : False (bool)[0m
[[32m20260813 23:57:19[0m][[36mrank-0/5[0m][1m[INFO]     [0m[1m[---------------------module_utils.py:241] :   flash_decode                                                 : False (bool)[0m
[[32m20260813 23:57:19[0m][[36mrank-0/5[0m][1m[INFO]     [0m[1m[---------------------module_utils.py:241] :   fp16                                                         : False (bool)[0m
[[32m20260813 23:57:19[0m][[36mrank-0/5[0m][1m[INFO]     [0m[1m[---------------------module_utils.py:241] :   fp16_lm_cross_entropy                                        : False (bool)[0m
[[32m20260813 23:57:19[0m][[36mrank-0/5[0m][1m[INFO]     [0m[1m[---------------------module_utils.py:241] :   fp32_residual_connection                                     : False (bool)[0m
[[32m20260813 23:57:19[0m][[36mrank-0/5[0m][1m[INFO]     [0m[1m[---------------------module_utils.py:241] :   fp4                                                          : None (NoneType)[0m
[[32m20260813 23:57:19[0m][[36mrank-0/5[0m][1m[INFO]     [0m[1m[---------------------module_utils.py:241] :   fp4_param                                                    : False (bool)[0m
[[32m20260813 23:57:19[0m][[36mrank-0/5[0m][1m[INFO]     [0m[1m[---------------------module_utils.py:241] :   fp4_quantizer_factory                                        : None (NoneType)[0m
[[32m20260813 23:57:19[0m][[36mrank-0/5[0m][1m[INFO]     [0m[1m[---------------------module_utils.py:241] :   fp4_recipe                                                   : nvfp4 (str)[0m
[[32m20260813 23:57:19[0m][[36mrank-0/5[0m][1m[INFO]     [0m[1m[---------------------module_utils.py:241] :   fp8                                                          : None (NoneType)[0m
[[32m20260813 23:57:19[0m][[36mrank-0/5[0m][1m[INFO]     [0m[1m[---------------------module_utils.py:241] :   fp8_amax_compute_algo                                        : max (str)[0m
[[32m20260813 23:57:19[0m][[36mrank-0/5[0m][1m[INFO]     [0m[1m[---------------------module_utils.py:241] :   fp8_amax_history_len                                         : 1024 (int)[0m
[[32m20260813 23:57:19[0m][[36mrank-0/5[0m][1m[INFO]     [0m[1m[---------------------module_utils.py:241] :   fp8_interval                                                 : 1 (int)[0m
[[32m20260813 23:57:19[0m][[36mrank-0/5[0m][1m[INFO]     [0m[1m[---------------------module_utils.py:241] :   fp8_margin                                                   : 0 (int)[0m
[[32m20260813 23:57:19[0m][[36mrank-0/5[0m][1m[INFO]     [0m[1m[---------------------module_utils.py:241] :   fp8_param_gather                                             : False (bool)[0m
[[32m20260813 23:57:19[0m][[36mrank-0/5[0m][1m[INFO]     [0m[1m[---------------------module_utils.py:241] :   fp8_quantizer_factory                                        : None (NoneType)[0m
[[32m20260813 23:57:19[0m][[36mrank-0/5[0m][1m[INFO]     [0m[1m[---------------------module_utils.py:241] :   fp8_recipe                                                   : delayed (str)[0m
[[32m20260813 23:57:19[0m][[36mrank-0/5[0m][1m[INFO]     [0m[1m[---------------------module_utils.py:241] :   fp8_wgrad                                                    : True (bool)[0m
[[32m20260813 23:57:19[0m][[36mrank-0/5[0m][1m[INFO]     [0m[1m[---------------------module_utils.py:241] :   fsdp_double_buffer                                           : False (bool)[0m
[[32m20260813 23:57:19[0m][[36mrank-0/5[0m][1m[INFO]     [0m[1m[---------------------module_utils.py:241] :   fsdp_manual_registration                                     : False (bool)[0m
[[32m20260813 23:57:19[0m][[36mrank-0/5[0m][1m[INFO]     [0m[1m[---------------------module_utils.py:241] :   ft_num_warmup_iters                                          : 5 (int)[0m
[[32m20260813 23:57:19[0m][[36mrank-0/5[0m][1m[INFO]     [0m[1m[---------------------module_utils.py:241] :   full_validation                                              : False (bool)[0m
[[32m20260813 23:57:19[0m][[36mrank-0/5[0m][1m[INFO]     [0m[1m[---------------------module_utils.py:241] :   global_batch_size                                            : 160 (int)[0m
[[32m20260813 23:57:19[0m][[36mrank-0/5[0m][1m[INFO]     [0m[1m[---------------------module_utils.py:241] :   glu_linear_offset                                            : 0.0 (float)[0m
[[32m20260813 23:57:19[0m][[36mrank-0/5[0m][1m[INFO]     [0m[1m[---------------------module_utils.py:241] :   grad_reduce_in_bf16                                          : False (bool)[0m
[[32m20260813 23:57:19[0m][[36mrank-0/5[0m][1m[INFO]     [0m[1m[---------------------module_utils.py:241] :   gradient_accumulation_fusion                                 : False (bool)[0m
[[32m20260813 23:57:19[0m][[36mrank-0/5[0m][1m[INFO]     [0m[1m[---------------------module_utils.py:241] :   gradient_reduce_div_fusion                                   : True (bool)[0m
[[32m20260813 23:57:19[0m][[36mrank-0/5[0m][1m[INFO]     [0m[1m[---------------------module_utils.py:241] :   group_query_attention                                        : False (bool)[0m
[[32m20260813 23:57:19[0m][[36mrank-0/5[0m][1m[INFO]     [0m[1m[---------------------module_utils.py:241] :   grpo_clamp_eps_lower                                         : 0.01 (float)[0m
[[32m20260813 23:57:19[0m][[36mrank-0/5[0m][1m[INFO]     [0m[1m[---------------------module_utils.py:241] :   grpo_clamp_eps_upper                                         : 0.01 (float)[0m
[[32m20260813 23:57:19[0m][[36mrank-0/5[0m][1m[INFO]     [0m[1m[---------------------module_utils.py:241] :   grpo_entropy_term_weight                                     : 0.0 (float)[0m
[[32m20260813 23:57:19[0m][[36mrank-0/5[0m][1m[INFO]     [0m[1m[---------------------module_utils.py:241] :   grpo_filter_groups_with_same_reward                          : False (bool)[0m
[[32m20260813 23:57:19[0m][[36mrank-0/5[0m][1m[INFO]     [0m[1m[---------------------module_utils.py:241] :   grpo_group_size                                              : 2 (int)[0m
[[32m20260813 23:57:19[0m][[36mrank-0/5[0m][1m[INFO]     [0m[1m[---------------------module_utils.py:241] :   grpo_iterations                                              : 2 (int)[0m
[[32m20260813 23:57:19[0m][[36mrank-0/5[0m][1m[INFO]     [0m[1m[---------------------module_utils.py:241] :   grpo_kl_beta                                                 : 0.001 (float)[0m
[[32m20260813 23:57:19[0m][[36mrank-0/5[0m][1m[INFO]     [0m[1m[---------------------module_utils.py:241] :   grpo_prompts_per_step                                        : 32 (int)[0m
[[32m20260813 23:57:19[0m][[36mrank-0/5[0m][1m[INFO]     [0m[1m[---------------------module_utils.py:241] :   head_lr_mult                                                 : 1.0 (float)[0m
[[32m20260813 23:57:19[0m][[36mrank-0/5[0m][1m[INFO]     [0m[1m[---------------------module_utils.py:241] :   heterogeneous_layers_config_encoded_json                     : None (NoneType)[0m
[[32m20260813 23:57:19[0m][[36mrank-0/5[0m][1m[INFO]     [0m[1m[---------------------module_utils.py:241] :   heterogeneous_layers_config_path                             : None (NoneType)[0m
[[32m20260813 23:57:19[0m][[36mrank-0/5[0m][1m[INFO]     [0m[1m[---------------------module_utils.py:241] :   hidden_dropout                                               : 0.0 (float)[0m
[[32m20260813 23:57:19[0m][[36mrank-0/5[0m][1m[INFO]     [0m[1m[---------------------module_utils.py:241] :   hidden_size                                                  : 4096 (int)[0m
[[32m20260813 23:57:19[0m][[36mrank-0/5[0m][1m[INFO]     [0m[1m[---------------------module_utils.py:241] :   hierarchical_context_parallel_sizes                          : None (NoneType)[0m
[[32m20260813 23:57:19[0m][[36mrank-0/5[0m][1m[INFO]     [0m[1m[---------------------module_utils.py:241] :   high_priority_stream_groups                                  : [] (list)[0m
[[32m20260813 23:57:19[0m][[36mrank-0/5[0m][1m[INFO]     [0m[1m[---------------------module_utils.py:241] :   hybrid_context_parallel                                      : False (bool)[0m
[[32m20260813 23:57:19[0m][[36mrank-0/5[0m][1m[INFO]     [0m[1m[---------------------module_utils.py:241] :   hybrid_layer_pattern                                         : None (NoneType)[0m
[[32m20260813 23:57:19[0m][[36mrank-0/5[0m][1m[INFO]     [0m[1m[---------------------module_utils.py:241] :   hybrid_override_pattern                                      : None (NoneType)[0m
[[32m20260813 23:57:19[0m][[36mrank-0/5[0m][1m[INFO]     [0m[1m[---------------------module_utils.py:241] :   hysteresis                                                   : 2 (int)[0m
[[32m20260813 23:57:19[0m][[36mrank-0/5[0m][1m[INFO]     [0m[1m[---------------------module_utils.py:241] :   ict_head_size                                                : None (NoneType)[0m
[[32m20260813 23:57:19[0m][[36mrank-0/5[0m][1m[INFO]     [0m[1m[---------------------module_utils.py:241] :   ict_load                                                     : None (NoneType)[0m
[[32m20260813 23:57:19[0m][[36mrank-0/5[0m][1m[INFO]     [0m[1m[---------------------module_utils.py:241] :   img_h                                                        : 224 (int)[0m
[[32m20260813 23:57:19[0m][[36mrank-0/5[0m][1m[INFO]     [0m[1m[---------------------module_utils.py:241] :   img_w                                                        : 224 (int)[0m
[[32m20260813 23:57:19[0m][[36mrank-0/5[0m][1m[INFO]     [0m[1m[---------------------module_utils.py:241] :   indexer_batch_size                                           : 128 (int)[0m
[[32m20260813 23:57:19[0m][[36mrank-0/5[0m][1m[INFO]     [0m[1m[---------------------module_utils.py:241] :   indexer_log_interval                                         : 1000 (int)[0m
[[32m20260813 23:57:19[0m][[36mrank-0/5[0m][1m[INFO]     [0m[1m[---------------------module_utils.py:241] :   inference_batch_times_seqlen_threshold                       : -1 (int)[0m
[[32m20260813 23:57:19[0m][[36mrank-0/5[0m][1m[INFO]     [0m[1m[---------------------module_utils.py:241] :   inference_coordinator_port                                   : None (NoneType)[0m
[[32m20260813 23:57:19[0m][[36mrank-0/5[0m][1m[INFO]     [0m[1m[---------------------module_utils.py:241] :   inference_disable_torch_grouped_mm                           : False (bool)[0m
[[32m20260813 23:57:19[0m][[36mrank-0/5[0m][1m[INFO]     [0m[1m[---------------------module_utils.py:241] :   inference_disable_triton_nvls_kernels                        : False (bool)[0m
[[32m20260813 23:57:19[0m][[36mrank-0/5[0m][1m[INFO]     [0m[1m[---------------------module_utils.py:241] :   inference_dynamic_batching                                   : False (bool)[0m
[[32m20260813 23:57:19[0m][[36mrank-0/5[0m][1m[INFO]     [0m[1m[---------------------module_utils.py:241] :   inference_dynamic_batching_block_size                        : 256 (int)[0m
[[32m20260813 23:57:19[0m][[36mrank-0/5[0m][1m[INFO]     [0m[1m[---------------------module_utils.py:241] :   inference_dynamic_batching_buffer_size_gb                    : 40.0 (float)[0m
[[32m20260813 23:57:19[0m][[36mrank-0/5[0m][1m[INFO]     [0m[1m[---------------------module_utils.py:241] :   inference_dynamic_batching_cuda_graph_max_tokens             : 16384 (int)[0m
[[32m20260813 23:57:19[0m][[36mrank-0/5[0m][1m[INFO]     [0m[1m[---------------------module_utils.py:241] :   inference_dynamic_batching_cuda_graph_mixed_prefill_count    : 16 (int)[0m
[[32m20260813 23:57:19[0m][[36mrank-0/5[0m][1m[INFO]     [0m[1m[---------------------module_utils.py:241] :   inference_dynamic_batching_enable_prefix_caching             : False (bool)[0m
[[32m20260813 23:57:19[0m][[36mrank-0/5[0m][1m[INFO]     [0m[1m[---------------------module_utils.py:241] :   inference_dynamic_batching_mamba_memory_ratio                : None (NoneType)[0m
[[32m20260813 23:57:19[0m][[36mrank-0/5[0m][1m[INFO]     [0m[1m[---------------------module_utils.py:241] :   inference_dynamic_batching_max_requests                      : None (NoneType)[0m
[[32m20260813 23:57:19[0m][[36mrank-0/5[0m][1m[INFO]     [0m[1m[---------------------module_utils.py:241] :   inference_dynamic_batching_max_tokens                        : None (NoneType)[0m
[[32m20260813 23:57:19[0m][[36mrank-0/5[0m][1m[INFO]     [0m[1m[---------------------module_utils.py:241] :   inference_dynamic_batching_num_cuda_graphs                   : 16 (int)[0m
[[32m20260813 23:57:19[0m][[36mrank-0/5[0m][1m[INFO]     [0m[1m[---------------------module_utils.py:241] :   inference_dynamic_batching_paused_buffer_size_gb             : None (NoneType)[0m
[[32m20260813 23:57:19[0m][[36mrank-0/5[0m][1m[INFO]     [0m[1m[---------------------module_utils.py:241] :   inference_dynamic_batching_prefix_caching_coordinator_policy : first_prefix_block (str)[0m
[[32m20260813 23:57:19[0m][[36mrank-0/5[0m][1m[INFO]     [0m[1m[---------------------module_utils.py:241] :   inference_dynamic_batching_prefix_caching_eviction_policy    : ref_zero (str)[0m
[[32m20260813 23:57:19[0m][[36mrank-0/5[0m][1m[INFO]     [0m[1m[---------------------module_utils.py:241] :   inference_dynamic_batching_track_generated_token_events      : False (bool)[0m
[[32m20260813 23:57:19[0m][[36mrank-0/5[0m][1m[INFO]     [0m[1m[---------------------module_utils.py:241] :   inference_dynamic_batching_track_paused_request_events       : False (bool)[0m
[[32m20260813 23:57:19[0m][[36mrank-0/5[0m][1m[INFO]     [0m[1m[---------------------module_utils.py:241] :   inference_dynamic_batching_unified_memory_level              : 0 (int)[0m
[[32m20260813 23:57:19[0m][[36mrank-0/5[0m][1m[INFO]     [0m[1m[---------------------module_utils.py:241] :   inference_fuse_tp_communication                              : False (bool)[0m
[[32m20260813 23:57:19[0m][[36mrank-0/5[0m][1m[INFO]     [0m[1m[---------------------module_utils.py:241] :   inference_logging_step_interval                              : 0 (int)[0m
[[32m20260813 23:57:19[0m][[36mrank-0/5[0m][1m[INFO]     [0m[1m[---------------------module_utils.py:241] :   inference_max_requests                                       : 8 (int)[0m
[[32m20260813 23:57:19[0m][[36mrank-0/5[0m][1m[INFO]     [0m[1m[---------------------module_utils.py:241] :   inference_max_seq_length                                     : 2560 (int)[0m
[[32m20260813 23:57:19[0m][[36mrank-0/5[0m][1m[INFO]     [0m[1m[---------------------module_utils.py:241] :   inference_rng_tracker                                        : False (bool)[0m
[[32m20260813 23:57:19[0m][[36mrank-0/5[0m][1m[INFO]     [0m[1m[---------------------module_utils.py:241] :   inference_text_gen_server_logging                            : False (bool)[0m
[[32m20260813 23:57:19[0m][[36mrank-0/5[0m][1m[INFO]     [0m[1m[---------------------module_utils.py:241] :   inference_wandb_logging                                      : False (bool)[0m
[[32m20260813 23:57:19[0m][[36mrank-0/5[0m][1m[INFO]     [0m[1m[---------------------module_utils.py:241] :   init_method_std                                              : 0.008 (float)[0m
[[32m20260813 23:57:19[0m][[36mrank-0/5[0m][1m[INFO]     [0m[1m[---------------------module_utils.py:241] :   init_method_xavier_uniform                                   : False (bool)[0m
[[32m20260813 23:57:19[0m][[36mrank-0/5[0m][1m[INFO]     [0m[1m[---------------------module_utils.py:241] :   init_model_with_meta_device                                  : False (bool)[0m
[[32m20260813 23:57:19[0m][[36mrank-0/5[0m][1m[INFO]     [0m[1m[---------------------module_utils.py:241] :   initial_loss_scale                                           : 4294967296 (int)[0m
[[32m20260813 23:57:19[0m][[36mrank-0/5[0m][1m[INFO]     [0m[1m[---------------------module_utils.py:241] :   inprocess_active_world_size                                  : 5 (int)[0m
[[32m20260813 23:57:19[0m][[36mrank-0/5[0m][1m[INFO]     [0m[1m[---------------------module_utils.py:241] :   inprocess_barrier_timeout                                    : 120 (int)[0m
[[32m20260813 23:57:19[0m][[36mrank-0/5[0m][1m[INFO]     [0m[1m[---------------------module_utils.py:241] :   inprocess_completion_timeout                                 : 120 (int)[0m
[[32m20260813 23:57:19[0m][[36mrank-0/5[0m][1m[INFO]     [0m[1m[---------------------module_utils.py:241] :   inprocess_empty_cuda_cache                                   : False (bool)[0m
[[32m20260813 23:57:19[0m][[36mrank-0/5[0m][1m[INFO]     [0m[1m[---------------------module_utils.py:241] :   inprocess_granularity                                        : node (str)[0m
[[32m20260813 23:57:19[0m][[36mrank-0/5[0m][1m[INFO]     [0m[1m[---------------------module_utils.py:241] :   inprocess_hard_timeout                                       : 90 (int)[0m
[[32m20260813 23:57:19[0m][[36mrank-0/5[0m][1m[INFO]     [0m[1m[---------------------module_utils.py:241] :   inprocess_heartbeat_interval                                 : 30 (int)[0m
[[32m20260813 23:57:19[0m][[36mrank-0/5[0m][1m[INFO]     [0m[1m[---------------------module_utils.py:241] :   inprocess_heartbeat_timeout                                  : 60 (int)[0m
[[32m20260813 23:57:19[0m][[36mrank-0/5[0m][1m[INFO]     [0m[1m[---------------------module_utils.py:241] :   inprocess_last_call_wait                                     : 1 (int)[0m
[[32m20260813 23:57:19[0m][[36mrank-0/5[0m][1m[INFO]     [0m[1m[---------------------module_utils.py:241] :   inprocess_max_iterations                                     : None (NoneType)[0m
[[32m20260813 23:57:19[0m][[36mrank-0/5[0m][1m[INFO]     [0m[1m[---------------------module_utils.py:241] :   inprocess_monitor_process_interval                           : 1.0 (float)[0m
[[32m20260813 23:57:19[0m][[36mrank-0/5[0m][1m[INFO]     [0m[1m[---------------------module_utils.py:241] :   inprocess_monitor_thread_interval                            : 1.0 (float)[0m
[[32m20260813 23:57:19[0m][[36mrank-0/5[0m][1m[INFO]     [0m[1m[---------------------module_utils.py:241] :   inprocess_progress_watchdog_interval                         : 1.0 (float)[0m
[[32m20260813 23:57:19[0m][[36mrank-0/5[0m][1m[INFO]     [0m[1m[---------------------module_utils.py:241] :   inprocess_restart                                            : False (bool)[0m
[[32m20260813 23:57:19[0m][[36mrank-0/5[0m][1m[INFO]     [0m[1m[---------------------module_utils.py:241] :   inprocess_soft_timeout                                       : 60 (int)[0m
[[32m20260813 23:57:19[0m][[36mrank-0/5[0m][1m[INFO]     [0m[1m[---------------------module_utils.py:241] :   inprocess_termination_grace_time                             : 1 (int)[0m
[[32m20260813 23:57:19[0m][[36mrank-0/5[0m][1m[INFO]     [0m[1m[---------------------module_utils.py:241] :   is_hybrid_model                                              : False (bool)[0m
[[32m20260813 23:57:19[0m][[36mrank-0/5[0m][1m[INFO]     [0m[1m[---------------------module_utils.py:241] :   iter_per_epoch                                               : 1250 (int)[0m
[[32m20260813 23:57:19[0m][[36mrank-0/5[0m][1m[INFO]     [0m[1m[---------------------module_utils.py:241] :   iterations_to_skip                                           : [] (list)[0m
[[32m20260813 23:57:19[0m][[36mrank-0/5[0m][1m[INFO]     [0m[1m[---------------------module_utils.py:241] :   keep_fp8_transpose_cache                                     : False (bool)[0m
[[32m20260813 23:57:19[0m][[36mrank-0/5[0m][1m[INFO]     [0m[1m[---------------------module_utils.py:241] :   kitchen_attention_backend                                    : sdpa (str)[0m
[[32m20260813 23:57:19[0m][[36mrank-0/5[0m][1m[INFO]     [0m[1m[---------------------module_utils.py:241] :   kv_channels                                                  : None (NoneType)[0m
[[32m20260813 23:57:19[0m][[36mrank-0/5[0m][1m[INFO]     [0m[1m[---------------------module_utils.py:241] :   kv_lora_rank                                                 : 32 (int)[0m
[[32m20260813 23:57:19[0m][[36mrank-0/5[0m][1m[INFO]     [0m[1m[---------------------module_utils.py:241] :   langrl_env_config                                            : None (NoneType)[0m
[[32m20260813 23:57:19[0m][[36mrank-0/5[0m][1m[INFO]     [0m[1m[---------------------module_utils.py:241] :   layernorm_epsilon                                            : 1e-05 (float)[0m
[[32m20260813 23:57:19[0m][[36mrank-0/5[0m][1m[INFO]     [0m[1m[---------------------module_utils.py:241] :   layernorm_zero_centered_gamma                                : False (bool)[0m
[[32m20260813 23:57:19[0m][[36mrank-0/5[0m][1m[INFO]     [0m[1m[---------------------module_utils.py:241] :   lazy_mpu_init                                                : None (NoneType)[0m
[[32m20260813 23:57:19[0m][[36mrank-0/5[0m][1m[INFO]     [0m[1m[---------------------module_utils.py:241] :   linear_attention_freq                                        : None (NoneType)[0m
[[32m20260813 23:57:19[0m][[36mrank-0/5[0m][1m[INFO]     [0m[1m[---------------------module_utils.py:241] :   linear_conv_kernel_dim                                       : 4 (int)[0m
[[32m20260813 23:57:19[0m][[36mrank-0/5[0m][1m[INFO]     [0m[1m[---------------------module_utils.py:241] :   linear_key_head_dim                                          : 128 (int)[0m
[[32m20260813 23:57:19[0m][[36mrank-0/5[0m][1m[INFO]     [0m[1m[---------------------module_utils.py:241] :   linear_num_key_heads                                         : 16 (int)[0m
[[32m20260813 23:57:19[0m][[36mrank-0/5[0m][1m[INFO]     [0m[1m[---------------------module_utils.py:241] :   linear_num_value_heads                                       : 32 (int)[0m
[[32m20260813 23:57:19[0m][[36mrank-0/5[0m][1m[INFO]     [0m[1m[---------------------module_utils.py:241] :   linear_value_head_dim                                        : 128 (int)[0m
[[32m20260813 23:57:19[0m][[36mrank-0/5[0m][1m[INFO]     [0m[1m[---------------------module_utils.py:241] :   load                                                         : None (NoneType)[0m
[[32m20260813 23:57:19[0m][[36mrank-0/5[0m][1m[INFO]     [0m[1m[---------------------module_utils.py:241] :   load_main_params_from_ckpt                                   : False (bool)[0m
[[32m20260813 23:57:19[0m][[36mrank-0/5[0m][1m[INFO]     [0m[1m[---------------------module_utils.py:241] :   local_rank                                                   : 0 (int)[0m
[[32m20260813 23:57:19[0m][[36mrank-0/5[0m][1m[INFO]     [0m[1m[---------------------module_utils.py:241] :   log_device_memory_used                                       : False (bool)[0m
[[32m20260813 23:57:19[0m][[36mrank-0/5[0m][1m[INFO]     [0m[1m[---------------------module_utils.py:241] :   log_energy                                                   : False (bool)[0m
[[32m20260813 23:57:19[0m][[36mrank-0/5[0m][1m[INFO]     [0m[1m[---------------------module_utils.py:241] :   log_interval                                                 : 1 (int)[0m
[[32m20260813 23:57:19[0m][[36mrank-0/5[0m][1m[INFO]     [0m[1m[---------------------module_utils.py:241] :   log_loss_scale_to_tensorboard                                : True (bool)[0m
[[32m20260813 23:57:19[0m][[36mrank-0/5[0m][1m[INFO]     [0m[1m[---------------------module_utils.py:241] :   log_max_attention_logit                                      : False (bool)[0m
[[32m20260813 23:57:19[0m][[36mrank-0/5[0m][1m[INFO]     [0m[1m[---------------------module_utils.py:241] :   log_memory_interval                                          : None (NoneType)[0m
[[32m20260813 23:57:19[0m][[36mrank-0/5[0m][1m[INFO]     [0m[1m[---------------------module_utils.py:241] :   log_memory_to_tensorboard                                    : False (bool)[0m
[[32m20260813 23:57:19[0m][[36mrank-0/5[0m][1m[INFO]     [0m[1m[---------------------module_utils.py:241] :   log_num_zeros_in_grad                                        : False (bool)[0m
[[32m20260813 23:57:19[0m][[36mrank-0/5[0m][1m[INFO]     [0m[1m[---------------------module_utils.py:241] :   log_params_norm                                              : False (bool)[0m
[[32m20260813 23:57:19[0m][[36mrank-0/5[0m][1m[INFO]     [0m[1m[---------------------module_utils.py:241] :   log_progress                                                 : False (bool)[0m
[[32m20260813 23:57:19[0m][[36mrank-0/5[0m][1m[INFO]     [0m[1m[---------------------module_utils.py:241] :   log_straggler                                                : False (bool)[0m
[[32m20260813 23:57:19[0m][[36mrank-0/5[0m][1m[INFO]     [0m[1m[---------------------module_utils.py:241] :   log_throughput                                               : True (bool)[0m
[[32m20260813 23:57:19[0m][[36mrank-0/5[0m][1m[INFO]     [0m[1m[---------------------module_utils.py:241] :   log_timers_to_tensorboard                                    : True (bool)[0m
[[32m20260813 23:57:19[0m][[36mrank-0/5[0m][1m[INFO]     [0m[1m[---------------------module_utils.py:241] :   log_validation_ppl_to_tensorboard                            : False (bool)[0m
[[32m20260813 23:57:19[0m][[36mrank-0/5[0m][1m[INFO]     [0m[1m[---------------------module_utils.py:241] :   log_world_size_to_tensorboard                                : False (bool)[0m
[[32m20260813 23:57:19[0m][[36mrank-0/5[0m][1m[INFO]     [0m[1m[---------------------module_utils.py:241] :   logging_level                                                : None (NoneType)[0m
[[32m20260813 23:57:19[0m][[36mrank-0/5[0m][1m[INFO]     [0m[1m[---------------------module_utils.py:241] :   loss_scale                                                   : None (NoneType)[0m
[[32m20260813 23:57:19[0m][[36mrank-0/5[0m][1m[INFO]     [0m[1m[---------------------module_utils.py:241] :   loss_scale_window                                            : 1000 (int)[0m
[[32m20260813 23:57:19[0m][[36mrank-0/5[0m][1m[INFO]     [0m[1m[---------------------module_utils.py:241] :   lr                                                           : 1e-05 (float)[0m
[[32m20260813 23:57:19[0m][[36mrank-0/5[0m][1m[INFO]     [0m[1m[---------------------module_utils.py:241] :   lr_decay_iters                                               : None (NoneType)[0m
[[32m20260813 23:57:19[0m][[36mrank-0/5[0m][1m[INFO]     [0m[1m[---------------------module_utils.py:241] :   lr_decay_samples                                             : None (NoneType)[0m
[[32m20260813 23:57:19[0m][[36mrank-0/5[0m][1m[INFO]     [0m[1m[---------------------module_utils.py:241] :   lr_decay_style                                               : cosine (str)[0m
[[32m20260813 23:57:19[0m][[36mrank-0/5[0m][1m[INFO]     [0m[1m[---------------------module_utils.py:241] :   lr_warmup_fraction                                           : None (NoneType)[0m
[[32m20260813 23:57:19[0m][[36mrank-0/5[0m][1m[INFO]     [0m[1m[---------------------module_utils.py:241] :   lr_warmup_init                                               : 0.0 (float)[0m
[[32m20260813 23:57:19[0m][[36mrank-0/5[0m][1m[INFO]     [0m[1m[---------------------module_utils.py:241] :   lr_warmup_iters                                              : 2 (int)[0m
[[32m20260813 23:57:19[0m][[36mrank-0/5[0m][1m[INFO]     [0m[1m[---------------------module_utils.py:241] :   lr_warmup_samples                                            : 0 (int)[0m
[[32m20260813 23:57:19[0m][[36mrank-0/5[0m][1m[INFO]     [0m[1m[---------------------module_utils.py:241] :   lr_wsd_decay_iters                                           : None (NoneType)[0m
[[32m20260813 23:57:19[0m][[36mrank-0/5[0m][1m[INFO]     [0m[1m[---------------------module_utils.py:241] :   lr_wsd_decay_samples                                         : None (NoneType)[0m
[[32m20260813 23:57:19[0m][[36mrank-0/5[0m][1m[INFO]     [0m[1m[---------------------module_utils.py:241] :   lr_wsd_decay_style                                           : exponential (str)[0m
[[32m20260813 23:57:19[0m][[36mrank-0/5[0m][1m[INFO]     [0m[1m[---------------------module_utils.py:241] :   main_grads_dtype                                             : fp32 (str)[0m
[[32m20260813 23:57:19[0m][[36mrank-0/5[0m][1m[INFO]     [0m[1m[---------------------module_utils.py:241] :   main_params_dtype                                            : fp32 (str)[0m
[[32m20260813 23:57:19[0m][[36mrank-0/5[0m][1m[INFO]     [0m[1m[---------------------module_utils.py:241] :   make_vocab_size_divisible_by                                 : 128 (int)[0m
[[32m20260813 23:57:19[0m][[36mrank-0/5[0m][1m[INFO]     [0m[1m[---------------------module_utils.py:241] :   mamba_head_dim                                               : 64 (int)[0m
[[32m20260813 23:57:19[0m][[36mrank-0/5[0m][1m[INFO]     [0m[1m[---------------------module_utils.py:241] :   mamba_inference_conv_states_dtype                            : bf16 (str)[0m
[[32m20260813 23:57:19[0m][[36mrank-0/5[0m][1m[INFO]     [0m[1m[---------------------module_utils.py:241] :   mamba_inference_ssm_states_dtype                             : bf16 (str)[0m
[[32m20260813 23:57:19[0m][[36mrank-0/5[0m][1m[INFO]     [0m[1m[---------------------module_utils.py:241] :   mamba_num_groups                                             : 8 (int)[0m
[[32m20260813 23:57:19[0m][[36mrank-0/5[0m][1m[INFO]     [0m[1m[---------------------module_utils.py:241] :   mamba_num_heads                                              : None (NoneType)[0m
[[32m20260813 23:57:19[0m][[36mrank-0/5[0m][1m[INFO]     [0m[1m[---------------------module_utils.py:241] :   mamba_state_dim                                              : 128 (int)[0m
[[32m20260813 23:57:19[0m][[36mrank-0/5[0m][1m[INFO]     [0m[1m[---------------------module_utils.py:241] :   manual_gc                                                    : False (bool)[0m
[[32m20260813 23:57:19[0m][[36mrank-0/5[0m][1m[INFO]     [0m[1m[---------------------module_utils.py:241] :   manual_gc_eval                                               : False (bool)[0m
[[32m20260813 23:57:19[0m][[36mrank-0/5[0m][1m[INFO]     [0m[1m[---------------------module_utils.py:241] :   manual_gc_interval                                           : 1 (int)[0m
[[32m20260813 23:57:19[0m][[36mrank-0/5[0m][1m[INFO]     [0m[1m[---------------------module_utils.py:241] :   mask_factor                                                  : 1.0 (float)[0m
[[32m20260813 23:57:19[0m][[36mrank-0/5[0m][1m[INFO]     [0m[1m[---------------------module_utils.py:241] :   mask_prob                                                    : 0.15 (float)[0m
[[32m20260813 23:57:19[0m][[36mrank-0/5[0m][1m[INFO]     [0m[1m[---------------------module_utils.py:241] :   mask_type                                                    : random (str)[0m
[[32m20260813 23:57:19[0m][[36mrank-0/5[0m][1m[INFO]     [0m[1m[---------------------module_utils.py:241] :   masked_softmax_fusion                                        : False (bool)[0m
[[32m20260813 23:57:19[0m][[36mrank-0/5[0m][1m[INFO]     [0m[1m[---------------------module_utils.py:241] :   max_position_embeddings                                      : 4096 (int)[0m
[[32m20260813 23:57:19[0m][[36mrank-0/5[0m][1m[INFO]     [0m[1m[---------------------module_utils.py:241] :   max_seqlen_per_dp_cp_rank                                    : None (NoneType)[0m
[[32m20260813 23:57:19[0m][[36mrank-0/5[0m][1m[INFO]     [0m[1m[---------------------module_utils.py:241] :   max_tokens_to_oom                                            : 12000 (int)[0m
[[32m20260813 23:57:19[0m][[36mrank-0/5[0m][1m[INFO]     [0m[1m[---------------------module_utils.py:241] :   megatron_fsdp_grad_comm_dtype                                : fp32 (str)[0m
[[32m20260813 23:57:19[0m][[36mrank-0/5[0m][1m[INFO]     [0m[1m[---------------------module_utils.py:241] :   megatron_fsdp_main_grads_dtype                               : fp32 (str)[0m
[[32m20260813 23:57:19[0m][[36mrank-0/5[0m][1m[INFO]     [0m[1m[---------------------module_utils.py:241] :   megatron_fsdp_main_params_dtype                              : fp32 (str)[0m
[[32m20260813 23:57:19[0m][[36mrank-0/5[0m][1m[INFO]     [0m[1m[---------------------module_utils.py:241] :   memory_snapshot_path                                         : snapshot.pickle (str)[0m
[[32m20260813 23:57:19[0m][[36mrank-0/5[0m][1m[INFO]     [0m[1m[---------------------module_utils.py:241] :   merge_file                                                   : None (NoneType)[0m
[[32m20260813 23:57:19[0m][[36mrank-0/5[0m][1m[INFO]     [0m[1m[---------------------module_utils.py:241] :   micro_batch_size                                             : 4 (int)[0m
[[32m20260813 23:57:19[0m][[36mrank-0/5[0m][1m[INFO]     [0m[1m[---------------------module_utils.py:241] :   microbatch_group_size_per_vp_stage                           : None (NoneType)[0m
[[32m20260813 23:57:19[0m][[36mrank-0/5[0m][1m[INFO]     [0m[1m[---------------------module_utils.py:241] :   mid_level_dataset_surplus                                    : 0.005 (float)[0m
[[32m20260813 23:57:19[0m][[36mrank-0/5[0m][1m[INFO]     [0m[1m[---------------------module_utils.py:241] :   min_loss_scale                                               : 1.0 (float)[0m
[[32m20260813 23:57:19[0m][[36mrank-0/5[0m][1m[INFO]     [0m[1m[---------------------module_utils.py:241] :   min_lr                                                       : 0.0 (float)[0m
[[32m20260813 23:57:19[0m][[36mrank-0/5[0m][1m[INFO]     [0m[1m[---------------------module_utils.py:241] :   min_offloaded_tensor_size                                    : 1048576 (int)[0m
[[32m20260813 23:57:19[0m][[36mrank-0/5[0m][1m[INFO]     [0m[1m[---------------------module_utils.py:241] :   mlp_chunks_for_prefill                                       : 1 (int)[0m
[[32m20260813 23:57:19[0m][[36mrank-0/5[0m][1m[INFO]     [0m[1m[---------------------module_utils.py:241] :   mmap_bin_files                                               : True (bool)[0m
[[32m20260813 23:57:19[0m][[36mrank-0/5[0m][1m[INFO]     [0m[1m[---------------------module_utils.py:241] :   mock_data                                                    : True (bool)[0m
[[32m20260813 23:57:19[0m][[36mrank-0/5[0m][1m[INFO]     [0m[1m[---------------------module_utils.py:241] :   model_parallel_size                                          : None (NoneType)[0m
[[32m20260813 23:57:19[0m][[36mrank-0/5[0m][1m[INFO]     [0m[1m[---------------------module_utils.py:241] :   moe_apply_probs_on_input                                     : False (bool)[0m
[[32m20260813 23:57:19[0m][[36mrank-0/5[0m][1m[INFO]     [0m[1m[---------------------module_utils.py:241] :   moe_aux_loss_coeff                                           : 0.0 (float)[0m
[[32m20260813 23:57:19[0m][[36mrank-0/5[0m][1m[INFO]     [0m[1m[---------------------module_utils.py:241] :   moe_deepep_num_sms                                           : 20 (int)[0m
[[32m20260813 23:57:19[0m][[36mrank-0/5[0m][1m[INFO]     [0m[1m[---------------------module_utils.py:241] :   moe_enable_deepep                                            : False (bool)[0m
[[32m20260813 23:57:19[0m][[36mrank-0/5[0m][1m[INFO]     [0m[1m[---------------------module_utils.py:241] :   moe_enable_routing_replay                                    : False (bool)[0m
[[32m20260813 23:57:19[0m][[36mrank-0/5[0m][1m[INFO]     [0m[1m[---------------------module_utils.py:241] :   moe_expert_capacity_factor                                   : None (NoneType)[0m
[[32m20260813 23:57:19[0m][[36mrank-0/5[0m][1m[INFO]     [0m[1m[---------------------module_utils.py:241] :   moe_ffn_hidden_size                                          : None (NoneType)[0m
[[32m20260813 23:57:19[0m][[36mrank-0/5[0m][1m[INFO]     [0m[1m[---------------------module_utils.py:241] :   moe_flex_dispatcher_backend                                  : deepep (str)[0m
[[32m20260813 23:57:19[0m][[36mrank-0/5[0m][1m[INFO]     [0m[1m[---------------------module_utils.py:241] :   moe_grouped_gemm                                             : False (bool)[0m
[[32m20260813 23:57:19[0m][[36mrank-0/5[0m][1m[INFO]     [0m[1m[---------------------module_utils.py:241] :   moe_hybridep_num_sms                                         : 16 (int)[0m
[[32m20260813 23:57:19[0m][[36mrank-0/5[0m][1m[INFO]     [0m[1m[---------------------module_utils.py:241] :   moe_input_jitter_eps                                         : None (NoneType)[0m
[[32m20260813 23:57:19[0m][[36mrank-0/5[0m][1m[INFO]     [0m[1m[---------------------module_utils.py:241] :   moe_latent_size                                              : None (NoneType)[0m
[[32m20260813 23:57:19[0m][[36mrank-0/5[0m][1m[INFO]     [0m[1m[---------------------module_utils.py:241] :   moe_layer_freq                                               : 1 (int)[0m
[[32m20260813 23:57:19[0m][[36mrank-0/5[0m][1m[INFO]     [0m[1m[---------------------module_utils.py:241] :   moe_layer_recompute                                          : False (bool)[0m
[[32m20260813 23:57:19[0m][[36mrank-0/5[0m][1m[INFO]     [0m[1m[---------------------module_utils.py:241] :   moe_pad_expert_input_to_capacity                             : False (bool)[0m
[[32m20260813 23:57:19[0m][[36mrank-0/5[0m][1m[INFO]     [0m[1m[---------------------module_utils.py:241] :   moe_pad_experts_for_cuda_graph_inference                     : False (bool)[0m
[[32m20260813 23:57:19[0m][[36mrank-0/5[0m][1m[INFO]     [0m[1m[---------------------module_utils.py:241] :   moe_per_layer_logging                                        : False (bool)[0m
[[32m20260813 23:57:19[0m][[36mrank-0/5[0m][1m[INFO]     [0m[1m[---------------------module_utils.py:241] :   moe_permute_fusion                                           : False (bool)[0m
[[32m20260813 23:57:19[0m][[36mrank-0/5[0m][1m[INFO]     [0m[1m[---------------------module_utils.py:241] :   moe_router_bias_update_rate                                  : 0.001 (float)[0m
[[32m20260813 23:57:19[0m][[36mrank-0/5[0m][1m[INFO]     [0m[1m[---------------------module_utils.py:241] :   moe_router_dtype                                             : None (NoneType)[0m
[[32m20260813 23:57:19[0m][[36mrank-0/5[0m][1m[INFO]     [0m[1m[---------------------module_utils.py:241] :   moe_router_enable_expert_bias                                : False (bool)[0m
[[32m20260813 23:57:19[0m][[36mrank-0/5[0m][1m[INFO]     [0m[1m[---------------------module_utils.py:241] :   moe_router_force_load_balancing                              : False (bool)[0m
[[32m20260813 23:57:19[0m][[36mrank-0/5[0m][1m[INFO]     [0m[1m[---------------------module_utils.py:241] :   moe_router_fusion                                            : False (bool)[0m
[[32m20260813 23:57:19[0m][[36mrank-0/5[0m][1m[INFO]     [0m[1m[---------------------module_utils.py:241] :   moe_router_group_topk                                        : None (NoneType)[0m
[[32m20260813 23:57:19[0m][[36mrank-0/5[0m][1m[INFO]     [0m[1m[---------------------module_utils.py:241] :   moe_router_load_balancing_type                               : aux_loss (str)[0m
[[32m20260813 23:57:19[0m][[36mrank-0/5[0m][1m[INFO]     [0m[1m[---------------------module_utils.py:241] :   moe_router_num_groups                                        : None (NoneType)[0m
[[32m20260813 23:57:19[0m][[36mrank-0/5[0m][1m[INFO]     [0m[1m[---------------------module_utils.py:241] :   moe_router_padding_for_fp8                                   : False (bool)[0m
[[32m20260813 23:57:19[0m][[36mrank-0/5[0m][1m[INFO]     [0m[1m[---------------------module_utils.py:241] :   moe_router_padding_for_quantization                          : False (bool)[0m
[[32m20260813 23:57:19[0m][[36mrank-0/5[0m][1m[INFO]     [0m[1m[---------------------module_utils.py:241] :   moe_router_pre_softmax                                       : False (bool)[0m
[[32m20260813 23:57:19[0m][[36mrank-0/5[0m][1m[INFO]     [0m[1m[---------------------module_utils.py:241] :   moe_router_score_function                                    : softmax (str)[0m
[[32m20260813 23:57:19[0m][[36mrank-0/5[0m][1m[INFO]     [0m[1m[---------------------module_utils.py:241] :   moe_router_topk                                              : 2 (int)[0m
[[32m20260813 23:57:19[0m][[36mrank-0/5[0m][1m[INFO]     [0m[1m[---------------------module_utils.py:241] :   moe_router_topk_scaling_factor                               : None (NoneType)[0m
[[32m20260813 23:57:19[0m][[36mrank-0/5[0m][1m[INFO]     [0m[1m[---------------------module_utils.py:241] :   moe_shared_expert_gate                                       : False (bool)[0m
[[32m20260813 23:57:19[0m][[36mrank-0/5[0m][1m[INFO]     [0m[1m[---------------------module_utils.py:241] :   moe_shared_expert_intermediate_size                          : None (NoneType)[0m
[[32m20260813 23:57:19[0m][[36mrank-0/5[0m][1m[INFO]     [0m[1m[---------------------module_utils.py:241] :   moe_shared_expert_overlap                                    : False (bool)[0m
[[32m20260813 23:57:19[0m][[36mrank-0/5[0m][1m[INFO]     [0m[1m[---------------------module_utils.py:241] :   moe_token_dispatcher_type                                    : allgather (str)[0m
[[32m20260813 23:57:19[0m][[36mrank-0/5[0m][1m[INFO]     [0m[1m[---------------------module_utils.py:241] :   moe_token_drop_policy                                        : probs (str)[0m
[[32m20260813 23:57:19[0m][[36mrank-0/5[0m][1m[INFO]     [0m[1m[---------------------module_utils.py:241] :   moe_upcycling_granularity                                    : 1 (int)[0m
[[32m20260813 23:57:19[0m][[36mrank-0/5[0m][1m[INFO]     [0m[1m[---------------------module_utils.py:241] :   moe_use_upcycling                                            : False (bool)[0m
[[32m20260813 23:57:19[0m][[36mrank-0/5[0m][1m[INFO]     [0m[1m[---------------------module_utils.py:241] :   moe_z_loss_coeff                                             : None (NoneType)[0m
[[32m20260813 23:57:19[0m][[36mrank-0/5[0m][1m[INFO]     [0m[1m[---------------------module_utils.py:241] :   mrope_section                                                : None (NoneType)[0m
[[32m20260813 23:57:19[0m][[36mrank-0/5[0m][1m[INFO]     [0m[1m[---------------------module_utils.py:241] :   mscale                                                       : 1.0 (float)[0m
[[32m20260813 23:57:19[0m][[36mrank-0/5[0m][1m[INFO]     [0m[1m[---------------------module_utils.py:241] :   mscale_all_dim                                               : 1.0 (float)[0m
[[32m20260813 23:57:19[0m][[36mrank-0/5[0m][1m[INFO]     [0m[1m[---------------------module_utils.py:241] :   mtp_hybrid_override_pattern                                  : None (NoneType)[0m
[[32m20260813 23:57:19[0m][[36mrank-0/5[0m][1m[INFO]     [0m[1m[---------------------module_utils.py:241] :   mtp_loss_scaling_factor                                      : 0.1 (float)[0m
[[32m20260813 23:57:19[0m][[36mrank-0/5[0m][1m[INFO]     [0m[1m[---------------------module_utils.py:241] :   mtp_num_layers                                               : None (NoneType)[0m
[[32m20260813 23:57:19[0m][[36mrank-0/5[0m][1m[INFO]     [0m[1m[---------------------module_utils.py:241] :   mtp_standalone                                               : False (bool)[0m
[[32m20260813 23:57:19[0m][[36mrank-0/5[0m][1m[INFO]     [0m[1m[---------------------module_utils.py:241] :   mtp_use_repeated_layer                                       : False (bool)[0m
[[32m20260813 23:57:19[0m][[36mrank-0/5[0m][1m[INFO]     [0m[1m[---------------------module_utils.py:241] :   multi_latent_attention                                       : False (bool)[0m
[[32m20260813 23:57:19[0m][[36mrank-0/5[0m][1m[INFO]     [0m[1m[---------------------module_utils.py:241] :   multiple_validation_sets                                     : False (bool)[0m
[[32m20260813 23:57:19[0m][[36mrank-0/5[0m][1m[INFO]     [0m[1m[---------------------module_utils.py:241] :   muon_extra_scale_factor                                      : 1.0 (float)[0m
[[32m20260813 23:57:19[0m][[36mrank-0/5[0m][1m[INFO]     [0m[1m[---------------------module_utils.py:241] :   muon_fp32_matmul_prec                                        : medium (str)[0m
[[32m20260813 23:57:19[0m][[36mrank-0/5[0m][1m[INFO]     [0m[1m[---------------------module_utils.py:241] :   muon_momentum                                                : 0.95 (float)[0m
[[32m20260813 23:57:19[0m][[36mrank-0/5[0m][1m[INFO]     [0m[1m[---------------------module_utils.py:241] :   muon_num_ns_steps                                            : 5 (int)[0m
[[32m20260813 23:57:19[0m][[36mrank-0/5[0m][1m[INFO]     [0m[1m[---------------------module_utils.py:241] :   muon_scale_mode                                              : spectral (str)[0m
[[32m20260813 23:57:19[0m][[36mrank-0/5[0m][1m[INFO]     [0m[1m[---------------------module_utils.py:241] :   muon_split_qkv                                               : True (bool)[0m
[[32m20260813 23:57:19[0m][[36mrank-0/5[0m][1m[INFO]     [0m[1m[---------------------module_utils.py:241] :   muon_tp_mode                                                 : blockwise (str)[0m
[[32m20260813 23:57:19[0m][[36mrank-0/5[0m][1m[INFO]     [0m[1m[---------------------module_utils.py:241] :   muon_use_nesterov                                            : False (bool)[0m
[[32m20260813 23:57:19[0m][[36mrank-0/5[0m][1m[INFO]     [0m[1m[---------------------module_utils.py:241] :   mup_attn_scale_power                                         : 1.0 (float)[0m
[[32m20260813 23:57:19[0m][[36mrank-0/5[0m][1m[INFO]     [0m[1m[---------------------module_utils.py:241] :   mup_base_head_dim                                            : None (NoneType)[0m
[[32m20260813 23:57:19[0m][[36mrank-0/5[0m][1m[INFO]     [0m[1m[---------------------module_utils.py:241] :   mup_base_hidden_size                                         : None (NoneType)[0m
[[32m20260813 23:57:19[0m][[36mrank-0/5[0m][1m[INFO]     [0m[1m[---------------------module_utils.py:241] :   mup_embedding_mult                                           : 1.0 (float)[0m
[[32m20260813 23:57:19[0m][[36mrank-0/5[0m][1m[INFO]     [0m[1m[---------------------module_utils.py:241] :   mup_output_mult                                              : 1.0 (float)[0m
[[32m20260813 23:57:19[0m][[36mrank-0/5[0m][1m[INFO]     [0m[1m[---------------------module_utils.py:241] :   mup_width_mult                                               : 1.0 (float)[0m
[[32m20260813 23:57:19[0m][[36mrank-0/5[0m][1m[INFO]     [0m[1m[---------------------module_utils.py:241] :   nccl_all_reduce_for_prefill                                  : False (bool)[0m
[[32m20260813 23:57:19[0m][[36mrank-0/5[0m][1m[INFO]     [0m[1m[---------------------module_utils.py:241] :   nccl_communicator_config_path                                : None (NoneType)[0m
[[32m20260813 23:57:19[0m][[36mrank-0/5[0m][1m[INFO]     [0m[1m[---------------------module_utils.py:241] :   nccl_ub                                                      : False (bool)[0m
[[32m20260813 23:57:19[0m][[36mrank-0/5[0m][1m[INFO]     [0m[1m[---------------------module_utils.py:241] :   no_load_optim                                                : None (NoneType)[0m
[[32m20260813 23:57:19[0m][[36mrank-0/5[0m][1m[INFO]     [0m[1m[---------------------module_utils.py:241] :   no_load_rng                                                  : None (NoneType)[0m
[[32m20260813 23:57:19[0m][[36mrank-0/5[0m][1m[INFO]     [0m[1m[---------------------module_utils.py:241] :   no_persist_layer_norm                                        : False (bool)[0m
[[32m20260813 23:57:19[0m][[36mrank-0/5[0m][1m[INFO]     [0m[1m[---------------------module_utils.py:241] :   no_rope_freq                                                 : None (NoneType)[0m
[[32m20260813 23:57:19[0m][[36mrank-0/5[0m][1m[INFO]     [0m[1m[---------------------module_utils.py:241] :   no_save_optim                                                : None (NoneType)[0m
[[32m20260813 23:57:19[0m][[36mrank-0/5[0m][1m[INFO]     [0m[1m[---------------------module_utils.py:241] :   no_save_rng                                                  : None (NoneType)[0m
[[32m20260813 23:57:19[0m][[36mrank-0/5[0m][1m[INFO]     [0m[1m[---------------------module_utils.py:241] :   no_weight_decay_cond_type                                    : None (NoneType)[0m
[[32m20260813 23:57:19[0m][[36mrank-0/5[0m][1m[INFO]     [0m[1m[---------------------module_utils.py:241] :   non_persistent_ckpt_type                                     : None (NoneType)[0m
[[32m20260813 23:57:19[0m][[36mrank-0/5[0m][1m[INFO]     [0m[1m[---------------------module_utils.py:241] :   non_persistent_global_ckpt_dir                               : None (NoneType)[0m
[[32m20260813 23:57:19[0m][[36mrank-0/5[0m][1m[INFO]     [0m[1m[---------------------module_utils.py:241] :   non_persistent_local_ckpt_algo                               : fully_parallel (str)[0m
[[32m20260813 23:57:19[0m][[36mrank-0/5[0m][1m[INFO]     [0m[1m[---------------------module_utils.py:241] :   non_persistent_local_ckpt_dir                                : None (NoneType)[0m
[[32m20260813 23:57:19[0m][[36mrank-0/5[0m][1m[INFO]     [0m[1m[---------------------module_utils.py:241] :   non_persistent_save_interval                                 : None (NoneType)[0m
[[32m20260813 23:57:19[0m][[36mrank-0/5[0m][1m[INFO]     [0m[1m[---------------------module_utils.py:241] :   normalization                                                : RMSNorm (str)[0m
[[32m20260813 23:57:19[0m][[36mrank-0/5[0m][1m[INFO]     [0m[1m[---------------------module_utils.py:241] :   num_attention_heads                                          : 32 (int)[0m
[[32m20260813 23:57:19[0m][[36mrank-0/5[0m][1m[INFO]     [0m[1m[---------------------module_utils.py:241] :   num_channels                                                 : 3 (int)[0m
[[32m20260813 23:57:19[0m][[36mrank-0/5[0m][1m[INFO]     [0m[1m[---------------------module_utils.py:241] :   num_classes                                                  : 1000 (int)[0m
[[32m20260813 23:57:19[0m][[36mrank-0/5[0m][1m[INFO]     [0m[1m[---------------------module_utils.py:241] :   num_dataset_builder_threads                                  : 1 (int)[0m
[[32m20260813 23:57:19[0m][[36mrank-0/5[0m][1m[INFO]     [0m[1m[---------------------module_utils.py:241] :   num_distributed_optimizer_instances                          : 1 (int)[0m
[[32m20260813 23:57:19[0m][[36mrank-0/5[0m][1m[INFO]     [0m[1m[---------------------module_utils.py:241] :   num_experts                                                  : None (NoneType)[0m
[[32m20260813 23:57:19[0m][[36mrank-0/5[0m][1m[INFO]     [0m[1m[---------------------module_utils.py:241] :   num_layers                                                   : 32 (int)[0m
[[32m20260813 23:57:19[0m][[36mrank-0/5[0m][1m[INFO]     [0m[1m[---------------------module_utils.py:241] :   num_layers_at_end_in_bf16                                    : 1 (int)[0m
[[32m20260813 23:57:19[0m][[36mrank-0/5[0m][1m[INFO]     [0m[1m[---------------------module_utils.py:241] :   num_layers_at_start_in_bf16                                  : 1 (int)[0m
[[32m20260813 23:57:19[0m][[36mrank-0/5[0m][1m[INFO]     [0m[1m[---------------------module_utils.py:241] :   num_layers_per_virtual_pipeline_stage                        : None (NoneType)[0m
[[32m20260813 23:57:19[0m][[36mrank-0/5[0m][1m[INFO]     [0m[1m[---------------------module_utils.py:241] :   num_query_groups                                             : None (NoneType)[0m
[[32m20260813 23:57:19[0m][[36mrank-0/5[0m][1m[INFO]     [0m[1m[---------------------module_utils.py:241] :   num_virtual_stages_per_pipeline_rank                         : None (NoneType)[0m
[[32m20260813 23:57:19[0m][[36mrank-0/5[0m][1m[INFO]     [0m[1m[---------------------module_utils.py:241] :   num_workers                                                  : 8 (int)[0m
[[32m20260813 23:57:19[0m][[36mrank-0/5[0m][1m[INFO]     [0m[1m[---------------------module_utils.py:241] :   object_storage_cache_path                                    : None (NoneType)[0m
[[32m20260813 23:57:19[0m][[36mrank-0/5[0m][1m[INFO]     [0m[1m[---------------------module_utils.py:241] :   offload_modules                                              : [] (list)[0m
[[32m20260813 23:57:19[0m][[36mrank-0/5[0m][1m[INFO]     [0m[1m[---------------------module_utils.py:241] :   one_logger_async                                             : False (bool)[0m
[[32m20260813 23:57:19[0m][[36mrank-0/5[0m][1m[INFO]     [0m[1m[---------------------module_utils.py:241] :   one_logger_project                                           : megatron-lm (str)[0m
[[32m20260813 23:57:19[0m][[36mrank-0/5[0m][1m[INFO]     [0m[1m[---------------------module_utils.py:241] :   one_logger_run_name                                          : None (NoneType)[0m
[[32m20260813 23:57:19[0m][[36mrank-0/5[0m][1m[INFO]     [0m[1m[---------------------module_utils.py:241] :   onnx_safe                                                    : None (NoneType)[0m
[[32m20260813 23:57:19[0m][[36mrank-0/5[0m][1m[INFO]     [0m[1m[---------------------module_utils.py:241] :   openai_gelu                                                  : False (bool)[0m
[[32m20260813 23:57:19[0m][[36mrank-0/5[0m][1m[INFO]     [0m[1m[---------------------module_utils.py:241] :   optimizer                                                    : adam (str)[0m
[[32m20260813 23:57:19[0m][[36mrank-0/5[0m][1m[INFO]     [0m[1m[---------------------module_utils.py:241] :   optimizer_cpu_offload                                        : False (bool)[0m
[[32m20260813 23:57:19[0m][[36mrank-0/5[0m][1m[INFO]     [0m[1m[---------------------module_utils.py:241] :   optimizer_offload_fraction                                   : 1.0 (float)[0m
[[32m20260813 23:57:19[0m][[36mrank-0/5[0m][1m[INFO]     [0m[1m[---------------------module_utils.py:241] :   outer_dp_sharding_strategy                                   : no_shard (str)[0m
[[32m20260813 23:57:19[0m][[36mrank-0/5[0m][1m[INFO]     [0m[1m[---------------------module_utils.py:241] :   output_bert_embeddings                                       : False (bool)[0m
[[32m20260813 23:57:19[0m][[36mrank-0/5[0m][1m[INFO]     [0m[1m[---------------------module_utils.py:241] :   overlap_cpu_optimizer_d2h_h2d                                : False (bool)[0m
[[32m20260813 23:57:19[0m][[36mrank-0/5[0m][1m[INFO]     [0m[1m[---------------------module_utils.py:241] :   overlap_grad_reduce                                          : True (bool)[0m
[[32m20260813 23:57:19[0m][[36mrank-0/5[0m][1m[INFO]     [0m[1m[---------------------module_utils.py:241] :   overlap_moe_expert_parallel_comm                             : False (bool)[0m
[[32m20260813 23:57:19[0m][[36mrank-0/5[0m][1m[INFO]     [0m[1m[---------------------module_utils.py:241] :   overlap_p2p_comm                                             : True (bool)[0m
[[32m20260813 23:57:19[0m][[36mrank-0/5[0m][1m[INFO]     [0m[1m[---------------------module_utils.py:241] :   overlap_p2p_comm_warmup_flush                                : False (bool)[0m
[[32m20260813 23:57:19[0m][[36mrank-0/5[0m][1m[INFO]     [0m[1m[---------------------module_utils.py:241] :   overlap_param_gather                                         : True (bool)[0m
[[32m20260813 23:57:19[0m][[36mrank-0/5[0m][1m[INFO]     [0m[1m[---------------------module_utils.py:241] :   overlap_param_gather_with_optimizer_step                     : False (bool)[0m
[[32m20260813 23:57:19[0m][[36mrank-0/5[0m][1m[INFO]     [0m[1m[---------------------module_utils.py:241] :   override_opt_param_scheduler                                 : True (bool)[0m
[[32m20260813 23:57:19[0m][[36mrank-0/5[0m][1m[INFO]     [0m[1m[---------------------module_utils.py:241] :   padded_vocab_size                                            : None (NoneType)[0m
[[32m20260813 23:57:19[0m][[36mrank-0/5[0m][1m[INFO]     [0m[1m[---------------------module_utils.py:241] :   patch_dim                                                    : 16 (int)[0m
[[32m20260813 23:57:19[0m][[36mrank-0/5[0m][1m[INFO]     [0m[1m[---------------------module_utils.py:241] :   per_dataset_sequences_path                                   : None (NoneType)[0m
[[32m20260813 23:57:19[0m][[36mrank-0/5[0m][1m[INFO]     [0m[1m[---------------------module_utils.py:241] :   per_split_data_args_path                                     : None (NoneType)[0m
[[32m20260813 23:57:19[0m][[36mrank-0/5[0m][1m[INFO]     [0m[1m[---------------------module_utils.py:241] :   perform_initialization                                       : True (bool)[0m
[[32m20260813 23:57:19[0m][[36mrank-0/5[0m][1m[INFO]     [0m[1m[---------------------module_utils.py:241] :   perform_rl_step                                              : False (bool)[0m
[[32m20260813 23:57:19[0m][[36mrank-0/5[0m][1m[INFO]     [0m[1m[---------------------module_utils.py:241] :   phase_transition_iterations                                  : None (NoneType)[0m
[[32m20260813 23:57:19[0m][[36mrank-0/5[0m][1m[INFO]     [0m[1m[---------------------module_utils.py:241] :   pin_cpu_grads                                                : True (bool)[0m
[[32m20260813 23:57:19[0m][[36mrank-0/5[0m][1m[INFO]     [0m[1m[---------------------module_utils.py:241] :   pin_cpu_params                                               : True (bool)[0m
[[32m20260813 23:57:19[0m][[36mrank-0/5[0m][1m[INFO]     [0m[1m[---------------------module_utils.py:241] :   pipeline_model_parallel_comm_backend                         : None (NoneType)[0m
[[32m20260813 23:57:19[0m][[36mrank-0/5[0m][1m[INFO]     [0m[1m[---------------------module_utils.py:241] :   pipeline_model_parallel_layout                               : None (NoneType)[0m
[[32m20260813 23:57:19[0m][[36mrank-0/5[0m][1m[INFO]     [0m[1m[---------------------module_utils.py:241] :   pipeline_model_parallel_size                                 : 1 (int)[0m
[[32m20260813 23:57:19[0m][[36mrank-0/5[0m][1m[INFO]     [0m[1m[---------------------module_utils.py:241] :   position_embedding_type                                      : rope (str)[0m
[[32m20260813 23:57:19[0m][[36mrank-0/5[0m][1m[INFO]     [0m[1m[---------------------module_utils.py:241] :   pretrained_checkpoint                                        : None (NoneType)[0m
[[32m20260813 23:57:19[0m][[36mrank-0/5[0m][1m[INFO]     [0m[1m[---------------------module_utils.py:241] :   profile                                                      : False (bool)[0m
[[32m20260813 23:57:19[0m][[36mrank-0/5[0m][1m[INFO]     [0m[1m[---------------------module_utils.py:241] :   profile_ranks                                                : [0] (list)[0m
[[32m20260813 23:57:19[0m][[36mrank-0/5[0m][1m[INFO]     [0m[1m[---------------------module_utils.py:241] :   profile_step_end                                             : 12 (int)[0m
[[32m20260813 23:57:19[0m][[36mrank-0/5[0m][1m[INFO]     [0m[1m[---------------------module_utils.py:241] :   profile_step_start                                           : 10 (int)[0m
[[32m20260813 23:57:19[0m][[36mrank-0/5[0m][1m[INFO]     [0m[1m[---------------------module_utils.py:241] :   pytorch_profiler_collect_callstack                           : False (bool)[0m
[[32m20260813 23:57:19[0m][[36mrank-0/5[0m][1m[INFO]     [0m[1m[---------------------module_utils.py:241] :   pytorch_profiler_collect_chakra                              : False (bool)[0m
[[32m20260813 23:57:19[0m][[36mrank-0/5[0m][1m[INFO]     [0m[1m[---------------------module_utils.py:241] :   pytorch_profiler_collect_shapes                              : False (bool)[0m
[[32m20260813 23:57:19[0m][[36mrank-0/5[0m][1m[INFO]     [0m[1m[---------------------module_utils.py:241] :   q_lora_rank                                                  : None (NoneType)[0m
[[32m20260813 23:57:19[0m][[36mrank-0/5[0m][1m[INFO]     [0m[1m[---------------------module_utils.py:241] :   qk_clip                                                      : False (bool)[0m
[[32m20260813 23:57:19[0m][[36mrank-0/5[0m][1m[INFO]     [0m[1m[---------------------module_utils.py:241] :   qk_clip_alpha                                                : 0.5 (float)[0m
[[32m20260813 23:57:19[0m][[36mrank-0/5[0m][1m[INFO]     [0m[1m[---------------------module_utils.py:241] :   qk_clip_threshold                                            : 100 (int)[0m
[[32m20260813 23:57:19[0m][[36mrank-0/5[0m][1m[INFO]     [0m[1m[---------------------module_utils.py:241] :   qk_head_dim                                                  : 128 (int)[0m
[[32m20260813 23:57:19[0m][[36mrank-0/5[0m][1m[INFO]     [0m[1m[---------------------module_utils.py:241] :   qk_l2_norm                                                   : False (bool)[0m
[[32m20260813 23:57:19[0m][[36mrank-0/5[0m][1m[INFO]     [0m[1m[---------------------module_utils.py:241] :   qk_layernorm                                                 : False (bool)[0m
[[32m20260813 23:57:19[0m][[36mrank-0/5[0m][1m[INFO]     [0m[1m[---------------------module_utils.py:241] :   qk_pos_emb_head_dim                                          : 64 (int)[0m
[[32m20260813 23:57:19[0m][[36mrank-0/5[0m][1m[INFO]     [0m[1m[---------------------module_utils.py:241] :   query_in_block_prob                                          : 0.1 (float)[0m
[[32m20260813 23:57:19[0m][[36mrank-0/5[0m][1m[INFO]     [0m[1m[---------------------module_utils.py:241] :   quick_geglu                                                  : False (bool)[0m
[[32m20260813 23:57:19[0m][[36mrank-0/5[0m][1m[INFO]     [0m[1m[---------------------module_utils.py:241] :   rampup_batch_size                                            : None (NoneType)[0m
[[32m20260813 23:57:19[0m][[36mrank-0/5[0m][1m[INFO]     [0m[1m[---------------------module_utils.py:241] :   rank                                                         : 0 (int)[0m
[[32m20260813 23:57:19[0m][[36mrank-0/5[0m][1m[INFO]     [0m[1m[---------------------module_utils.py:241] :   recompute_activations                                        : False (bool)[0m
[[32m20260813 23:57:19[0m][[36mrank-0/5[0m][1m[INFO]     [0m[1m[---------------------module_utils.py:241] :   recompute_granularity                                        : None (NoneType)[0m
[[32m20260813 23:57:19[0m][[36mrank-0/5[0m][1m[INFO]     [0m[1m[---------------------module_utils.py:241] :   recompute_method                                             : None (NoneType)[0m
[[32m20260813 23:57:19[0m][[36mrank-0/5[0m][1m[INFO]     [0m[1m[---------------------module_utils.py:241] :   recompute_modules                                            : None (NoneType)[0m
[[32m20260813 23:57:19[0m][[36mrank-0/5[0m][1m[INFO]     [0m[1m[---------------------module_utils.py:241] :   recompute_num_layers                                         : None (NoneType)[0m
[[32m20260813 23:57:19[0m][[36mrank-0/5[0m][1m[INFO]     [0m[1m[---------------------module_utils.py:241] :   record_memory_history                                        : False (bool)[0m
[[32m20260813 23:57:19[0m][[36mrank-0/5[0m][1m[INFO]     [0m[1m[---------------------module_utils.py:241] :   refit_method                                                 : gloo (str)[0m
[[32m20260813 23:57:19[0m][[36mrank-0/5[0m][1m[INFO]     [0m[1m[---------------------module_utils.py:241] :   relative_attention_max_distance                              : 128 (int)[0m
[[32m20260813 23:57:19[0m][[36mrank-0/5[0m][1m[INFO]     [0m[1m[---------------------module_utils.py:241] :   relative_attention_num_buckets                               : 32 (int)[0m
[[32m20260813 23:57:19[0m][[36mrank-0/5[0m][1m[INFO]     [0m[1m[---------------------module_utils.py:241] :   replication                                                  : False (bool)[0m
[[32m20260813 23:57:19[0m][[36mrank-0/5[0m][1m[INFO]     [0m[1m[---------------------module_utils.py:241] :   replication_factor                                           : None (NoneType)[0m
[[32m20260813 23:57:19[0m][[36mrank-0/5[0m][1m[INFO]     [0m[1m[---------------------module_utils.py:241] :   replication_jump                                             : None (NoneType)[0m
[[32m20260813 23:57:19[0m][[36mrank-0/5[0m][1m[INFO]     [0m[1m[---------------------module_utils.py:241] :   rerun_mode                                                   : disabled (str)[0m
[[32m20260813 23:57:19[0m][[36mrank-0/5[0m][1m[INFO]     [0m[1m[---------------------module_utils.py:241] :   reset_attention_mask                                         : False (bool)[0m
[[32m20260813 23:57:19[0m][[36mrank-0/5[0m][1m[INFO]     [0m[1m[---------------------module_utils.py:241] :   reset_position_ids                                           : False (bool)[0m
[[32m20260813 23:57:19[0m][[36mrank-0/5[0m][1m[INFO]     [0m[1m[---------------------module_utils.py:241] :   result_rejected_tracker_filename                             : None (NoneType)[0m
[[32m20260813 23:57:19[0m][[36mrank-0/5[0m][1m[INFO]     [0m[1m[---------------------module_utils.py:241] :   retriever_report_topk_accuracies                             : [] (list)[0m
[[32m20260813 23:57:19[0m][[36mrank-0/5[0m][1m[INFO]     [0m[1m[---------------------module_utils.py:241] :   retriever_score_scaling                                      : False (bool)[0m
[[32m20260813 23:57:19[0m][[36mrank-0/5[0m][1m[INFO]     [0m[1m[---------------------module_utils.py:241] :   reuse_grad_buf_for_mxfp8_param_ag                            : False (bool)[0m
[[32m20260813 23:57:19[0m][[36mrank-0/5[0m][1m[INFO]     [0m[1m[---------------------module_utils.py:241] :   rl_default_temperature                                       : 1.0 (float)[0m
[[32m20260813 23:57:19[0m][[36mrank-0/5[0m][1m[INFO]     [0m[1m[---------------------module_utils.py:241] :   rl_default_top_k                                             : -1 (int)[0m
[[32m20260813 23:57:19[0m][[36mrank-0/5[0m][1m[INFO]     [0m[1m[---------------------module_utils.py:241] :   rl_default_top_p                                             : 0 (int)[0m
[[32m20260813 23:57:19[0m][[36mrank-0/5[0m][1m[INFO]     [0m[1m[---------------------module_utils.py:241] :   rl_importance_sampling_truncation_coef                       : None (NoneType)[0m
[[32m20260813 23:57:19[0m][[36mrank-0/5[0m][1m[INFO]     [0m[1m[---------------------module_utils.py:241] :   rl_inference_expert_model_parallel_size                      : None (NoneType)[0m
[[32m20260813 23:57:19[0m][[36mrank-0/5[0m][1m[INFO]     [0m[1m[---------------------module_utils.py:241] :   rl_inference_expert_tensor_model_parallel_size               : None (NoneType)[0m
[[32m20260813 23:57:19[0m][[36mrank-0/5[0m][1m[INFO]     [0m[1m[---------------------module_utils.py:241] :   rl_inference_logprobs_is_correction                          : False (bool)[0m
[[32m20260813 23:57:19[0m][[36mrank-0/5[0m][1m[INFO]     [0m[1m[---------------------module_utils.py:241] :   rl_inference_model_unified_memory_level                      : 0 (int)[0m
[[32m20260813 23:57:19[0m][[36mrank-0/5[0m][1m[INFO]     [0m[1m[---------------------module_utils.py:241] :   rl_inference_pipeline_model_parallel_size                    : None (NoneType)[0m
[[32m20260813 23:57:19[0m][[36mrank-0/5[0m][1m[INFO]     [0m[1m[---------------------module_utils.py:241] :   rl_inference_tensor_model_parallel_size                      : None (NoneType)[0m
[[32m20260813 23:57:19[0m][[36mrank-0/5[0m][1m[INFO]     [0m[1m[---------------------module_utils.py:241] :   rl_kv_cache_management_mode                                  : persist (str)[0m
[[32m20260813 23:57:19[0m][[36mrank-0/5[0m][1m[INFO]     [0m[1m[---------------------module_utils.py:241] :   rl_offload_inference_model_weights_when_idle                 : False (bool)[0m
[[32m20260813 23:57:19[0m][[36mrank-0/5[0m][1m[INFO]     [0m[1m[---------------------module_utils.py:241] :   rl_offload_optimizer_during_inference                        : False (bool)[0m
[[32m20260813 23:57:19[0m][[36mrank-0/5[0m][1m[INFO]     [0m[1m[---------------------module_utils.py:241] :   rl_parallel_generation_tasks                                 : 512 (int)[0m
[[32m20260813 23:57:19[0m][[36mrank-0/5[0m][1m[INFO]     [0m[1m[---------------------module_utils.py:241] :   rl_partial_rollouts                                          : False (bool)[0m
[[32m20260813 23:57:19[0m][[36mrank-0/5[0m][1m[INFO]     [0m[1m[---------------------module_utils.py:241] :   rl_persist_cuda_graphs                                       : False (bool)[0m
[[32m20260813 23:57:19[0m][[36mrank-0/5[0m][1m[INFO]     [0m[1m[---------------------module_utils.py:241] :   rl_prompts_per_eval                                          : 32 (int)[0m
[[32m20260813 23:57:19[0m][[36mrank-0/5[0m][1m[INFO]     [0m[1m[---------------------module_utils.py:241] :   rl_sequence_packing_algo                                     : fifo (str)[0m
[[32m20260813 23:57:19[0m][[36mrank-0/5[0m][1m[INFO]     [0m[1m[---------------------module_utils.py:241] :   rl_sequence_packing_max_sequences_per_bin                    : 50 (int)[0m
[[32m20260813 23:57:19[0m][[36mrank-0/5[0m][1m[INFO]     [0m[1m[---------------------module_utils.py:241] :   rl_skip_bos_token                                            : False (bool)[0m
[[32m20260813 23:57:19[0m][[36mrank-0/5[0m][1m[INFO]     [0m[1m[---------------------module_utils.py:241] :   rl_training_cuda_graphs                                      : False (bool)[0m
[[32m20260813 23:57:19[0m][[36mrank-0/5[0m][1m[INFO]     [0m[1m[---------------------module_utils.py:241] :   rl_use_sequence_packing                                      : False (bool)[0m
[[32m20260813 23:57:19[0m][[36mrank-0/5[0m][1m[INFO]     [0m[1m[---------------------module_utils.py:241] :   rl_verify_model_weights_swap                                 : False (bool)[0m
[[32m20260813 23:57:19[0m][[36mrank-0/5[0m][1m[INFO]     [0m[1m[---------------------module_utils.py:241] :   rope_scaling_factor                                          : 8.0 (float)[0m
[[32m20260813 23:57:19[0m][[36mrank-0/5[0m][1m[INFO]     [0m[1m[---------------------module_utils.py:241] :   rope_type                                                    : None (NoneType)[0m
[[32m20260813 23:57:19[0m][[36mrank-0/5[0m][1m[INFO]     [0m[1m[---------------------module_utils.py:241] :   rotary_base                                                  : 10000 (int)[0m
[[32m20260813 23:57:19[0m][[36mrank-0/5[0m][1m[INFO]     [0m[1m[---------------------module_utils.py:241] :   rotary_interleaved                                           : False (bool)[0m
[[32m20260813 23:57:19[0m][[36mrank-0/5[0m][1m[INFO]     [0m[1m[---------------------module_utils.py:241] :   rotary_percent                                               : 1.0 (float)[0m
[[32m20260813 23:57:19[0m][[36mrank-0/5[0m][1m[INFO]     [0m[1m[---------------------module_utils.py:241] :   rotary_scaling_factor                                        : 40 (int)[0m
[[32m20260813 23:57:19[0m][[36mrank-0/5[0m][1m[INFO]     [0m[1m[---------------------module_utils.py:241] :   rotary_seq_len_interpolation_factor                          : None (NoneType)[0m
[[32m20260813 23:57:19[0m][[36mrank-0/5[0m][1m[INFO]     [0m[1m[---------------------module_utils.py:241] :   run_workload_inspector_server                                : False (bool)[0m
[[32m20260813 23:57:19[0m][[36mrank-0/5[0m][1m[INFO]     [0m[1m[---------------------module_utils.py:241] :   sample_rate                                                  : 1.0 (float)[0m
[[32m20260813 23:57:19[0m][[36mrank-0/5[0m][1m[INFO]     [0m[1m[---------------------module_utils.py:241] :   save                                                         : None (NoneType)[0m
[[32m20260813 23:57:19[0m][[36mrank-0/5[0m][1m[INFO]     [0m[1m[---------------------module_utils.py:241] :   save_dgrads_interval                                         : None (NoneType)[0m
[[32m20260813 23:57:19[0m][[36mrank-0/5[0m][1m[INFO]     [0m[1m[---------------------module_utils.py:241] :   save_interval                                                : 20000 (int)[0m
[[32m20260813 23:57:19[0m][[36mrank-0/5[0m][1m[INFO]     [0m[1m[---------------------module_utils.py:241] :   save_retain_interval                                         : None (NoneType)[0m
[[32m20260813 23:57:19[0m][[36mrank-0/5[0m][1m[INFO]     [0m[1m[---------------------module_utils.py:241] :   save_wgrads_interval                                         : None (NoneType)[0m
[[32m20260813 23:57:19[0m][[36mrank-0/5[0m][1m[INFO]     [0m[1m[---------------------module_utils.py:241] :   scatter_gather_tensors_in_pipeline                           : True (bool)[0m
[[32m20260813 23:57:19[0m][[36mrank-0/5[0m][1m[INFO]     [0m[1m[---------------------module_utils.py:241] :   seed                                                         : 1234 (int)[0m
[[32m20260813 23:57:19[0m][[36mrank-0/5[0m][1m[INFO]     [0m[1m[---------------------module_utils.py:241] :   seq_length                                                   : 4096 (int)[0m
[[32m20260813 23:57:19[0m][[36mrank-0/5[0m][1m[INFO]     [0m[1m[---------------------module_utils.py:241] :   sequence_parallel                                            : False (bool)[0m
[[32m20260813 23:57:19[0m][[36mrank-0/5[0m][1m[INFO]     [0m[1m[---------------------module_utils.py:241] :   sft                                                          : False (bool)[0m
[[32m20260813 23:57:19[0m][[36mrank-0/5[0m][1m[INFO]     [0m[1m[---------------------module_utils.py:241] :   sft_tokenizer_prompt_format                                  : nemotron-h-aligned (str)[0m
[[32m20260813 23:57:19[0m][[36mrank-0/5[0m][1m[INFO]     [0m[1m[---------------------module_utils.py:241] :   sgd_momentum                                                 : 0.9 (float)[0m
[[32m20260813 23:57:19[0m][[36mrank-0/5[0m][1m[INFO]     [0m[1m[---------------------module_utils.py:241] :   sharp_enabled_group                                          : None (NoneType)[0m
[[32m20260813 23:57:19[0m][[36mrank-0/5[0m][1m[INFO]     [0m[1m[---------------------module_utils.py:241] :   short_seq_prob                                               : 0.1 (float)[0m
[[32m20260813 23:57:19[0m][[36mrank-0/5[0m][1m[INFO]     [0m[1m[---------------------module_utils.py:241] :   skip_train                                                   : False (bool)[0m
[[32m20260813 23:57:19[0m][[36mrank-0/5[0m][1m[INFO]     [0m[1m[---------------------module_utils.py:241] :   softmax_type                                                 : vanilla (str)[0m
[[32m20260813 23:57:19[0m][[36mrank-0/5[0m][1m[INFO]     [0m[1m[---------------------module_utils.py:241] :   spec                                                         : None (NoneType)[0m
[[32m20260813 23:57:19[0m][[36mrank-0/5[0m][1m[INFO]     [0m[1m[---------------------module_utils.py:241] :   split                                                        : None (NoneType)[0m
[[32m20260813 23:57:19[0m][[36mrank-0/5[0m][1m[INFO]     [0m[1m[---------------------module_utils.py:241] :   squared_relu                                                 : False (bool)[0m
[[32m20260813 23:57:19[0m][[36mrank-0/5[0m][1m[INFO]     [0m[1m[---------------------module_utils.py:241] :   start_weight_decay                                           : None (NoneType)[0m
[[32m20260813 23:57:19[0m][[36mrank-0/5[0m][1m[INFO]     [0m[1m[---------------------module_utils.py:241] :   straggler_ctrlr_port                                         : 65535 (int)[0m
[[32m20260813 23:57:19[0m][[36mrank-0/5[0m][1m[INFO]     [0m[1m[---------------------module_utils.py:241] :   straggler_minmax_count                                       : 1 (int)[0m
[[32m20260813 23:57:19[0m][[36mrank-0/5[0m][1m[INFO]     [0m[1m[---------------------module_utils.py:241] :   strict_fsdp_dtensor_load                                     : True (bool)[0m
[[32m20260813 23:57:19[0m][[36mrank-0/5[0m][1m[INFO]     [0m[1m[---------------------module_utils.py:241] :   suggested_communication_unit_size                            : 400000000 (int)[0m
[[32m20260813 23:57:19[0m][[36mrank-0/5[0m][1m[INFO]     [0m[1m[---------------------module_utils.py:241] :   swiglu                                                       : True (bool)[0m
[[32m20260813 23:57:19[0m][[36mrank-0/5[0m][1m[INFO]     [0m[1m[---------------------module_utils.py:241] :   swin_backbone_type                                           : tiny (str)[0m
[[32m20260813 23:57:19[0m][[36mrank-0/5[0m][1m[INFO]     [0m[1m[---------------------module_utils.py:241] :   symmetric_ar_type                                            : None (NoneType)[0m
[[32m20260813 23:57:19[0m][[36mrank-0/5[0m][1m[INFO]     [0m[1m[---------------------module_utils.py:241] :   te_precision_config_file                                     : None (NoneType)[0m
[[32m20260813 23:57:19[0m][[36mrank-0/5[0m][1m[INFO]     [0m[1m[---------------------module_utils.py:241] :   te_rng_tracker                                               : False (bool)[0m
[[32m20260813 23:57:19[0m][[36mrank-0/5[0m][1m[INFO]     [0m[1m[---------------------module_utils.py:241] :   tensor_model_parallel_size                                   : 1 (int)[0m
[[32m20260813 23:57:19[0m][[36mrank-0/5[0m][1m[INFO]     [0m[1m[---------------------module_utils.py:241] :   tensorboard_dir                                              : None (NoneType)[0m
[[32m20260813 23:57:19[0m][[36mrank-0/5[0m][1m[INFO]     [0m[1m[---------------------module_utils.py:241] :   tensorboard_log_interval                                     : 1 (int)[0m
[[32m20260813 23:57:19[0m][[36mrank-0/5[0m][1m[INFO]     [0m[1m[---------------------module_utils.py:241] :   tensorboard_queue_size                                       : 1000 (int)[0m
[[32m20260813 23:57:19[0m][[36mrank-0/5[0m][1m[INFO]     [0m[1m[---------------------module_utils.py:241] :   test_data_path                                               : None (NoneType)[0m
[[32m20260813 23:57:19[0m][[36mrank-0/5[0m][1m[INFO]     [0m[1m[---------------------module_utils.py:241] :   test_mode                                                    : False (bool)[0m
[[32m20260813 23:57:19[0m][[36mrank-0/5[0m][1m[INFO]     [0m[1m[---------------------module_utils.py:241] :   tiktoken_num_special_tokens                                  : 1000 (int)[0m
[[32m20260813 23:57:19[0m][[36mrank-0/5[0m][1m[INFO]     [0m[1m[---------------------module_utils.py:241] :   tiktoken_pattern                                             : None (NoneType)[0m
[[32m20260813 23:57:19[0m][[36mrank-0/5[0m][1m[INFO]     [0m[1m[---------------------module_utils.py:241] :   tiktoken_special_tokens                                      : None (NoneType)[0m
[[32m20260813 23:57:19[0m][[36mrank-0/5[0m][1m[INFO]     [0m[1m[---------------------module_utils.py:241] :   timing_log_level                                             : 0 (int)[0m
[[32m20260813 23:57:19[0m][[36mrank-0/5[0m][1m[INFO]     [0m[1m[---------------------module_utils.py:241] :   timing_log_option                                            : minmax (str)[0m
[[32m20260813 23:57:19[0m][[36mrank-0/5[0m][1m[INFO]     [0m[1m[---------------------module_utils.py:241] :   titles_data_path                                             : None (NoneType)[0m
[[32m20260813 23:57:19[0m][[36mrank-0/5[0m][1m[INFO]     [0m[1m[---------------------module_utils.py:241] :   tokenizer_hf_include_special_tokens                          : True (bool)[0m
[[32m20260813 23:57:19[0m][[36mrank-0/5[0m][1m[INFO]     [0m[1m[---------------------module_utils.py:241] :   tokenizer_hf_no_include_special_tokens                       : False (bool)[0m
[[32m20260813 23:57:19[0m][[36mrank-0/5[0m][1m[INFO]     [0m[1m[---------------------module_utils.py:241] :   tokenizer_hf_no_use_fast                                     : False (bool)[0m
[[32m20260813 23:57:19[0m][[36mrank-0/5[0m][1m[INFO]     [0m[1m[---------------------module_utils.py:241] :   tokenizer_hf_use_fast                                        : True (bool)[0m
[[32m20260813 23:57:19[0m][[36mrank-0/5[0m][1m[INFO]     [0m[1m[---------------------module_utils.py:241] :   tokenizer_metadata                                           : None (NoneType)[0m
[[32m20260813 23:57:19[0m][[36mrank-0/5[0m][1m[INFO]     [0m[1m[---------------------module_utils.py:241] :   tokenizer_model                                              : None (NoneType)[0m
[[32m20260813 23:57:19[0m][[36mrank-0/5[0m][1m[INFO]     [0m[1m[---------------------module_utils.py:241] :   tokenizer_sentencepiece_legacy                               : False (bool)[0m
[[32m20260813 23:57:19[0m][[36mrank-0/5[0m][1m[INFO]     [0m[1m[---------------------module_utils.py:241] :   tokenizer_special_tokens                                     : None (NoneType)[0m
[[32m20260813 23:57:19[0m][[36mrank-0/5[0m][1m[INFO]     [0m[1m[---------------------module_utils.py:241] :   tokenizer_type                                               : NullTokenizer (str)[0m
[[32m20260813 23:57:19[0m][[36mrank-0/5[0m][1m[INFO]     [0m[1m[---------------------module_utils.py:241] :   torch_fsdp2_reshard_after_forward                            : True (bool)[0m
[[32m20260813 23:57:19[0m][[36mrank-0/5[0m][1m[INFO]     [0m[1m[---------------------module_utils.py:241] :   tp_comm_bootstrap_backend                                    : nccl (str)[0m
[[32m20260813 23:57:19[0m][[36mrank-0/5[0m][1m[INFO]     [0m[1m[---------------------module_utils.py:241] :   tp_comm_bulk_dgrad                                           : True (bool)[0m
[[32m20260813 23:57:19[0m][[36mrank-0/5[0m][1m[INFO]     [0m[1m[---------------------module_utils.py:241] :   tp_comm_bulk_wgrad                                           : True (bool)[0m
[[32m20260813 23:57:19[0m][[36mrank-0/5[0m][1m[INFO]     [0m[1m[---------------------module_utils.py:241] :   tp_comm_overlap                                              : False (bool)[0m
[[32m20260813 23:57:19[0m][[36mrank-0/5[0m][1m[INFO]     [0m[1m[---------------------module_utils.py:241] :   tp_comm_overlap_ag                                           : True (bool)[0m
[[32m20260813 23:57:19[0m][[36mrank-0/5[0m][1m[INFO]     [0m[1m[---------------------module_utils.py:241] :   tp_comm_overlap_cfg                                          : None (NoneType)[0m
[[32m20260813 23:57:19[0m][[36mrank-0/5[0m][1m[INFO]     [0m[1m[---------------------module_utils.py:241] :   tp_comm_overlap_rs                                           : True (bool)[0m
[[32m20260813 23:57:19[0m][[36mrank-0/5[0m][1m[INFO]     [0m[1m[---------------------module_utils.py:241] :   tp_comm_overlap_rs_dgrad                                     : False (bool)[0m
[[32m20260813 23:57:19[0m][[36mrank-0/5[0m][1m[INFO]     [0m[1m[---------------------module_utils.py:241] :   tp_comm_split_ag                                             : True (bool)[0m
[[32m20260813 23:57:19[0m][[36mrank-0/5[0m][1m[INFO]     [0m[1m[---------------------module_utils.py:241] :   tp_comm_split_rs                                             : True (bool)[0m
[[32m20260813 23:57:19[0m][[36mrank-0/5[0m][1m[INFO]     [0m[1m[---------------------module_utils.py:241] :   train_data_path                                              : None (NoneType)[0m
[[32m20260813 23:57:19[0m][[36mrank-0/5[0m][1m[INFO]     [0m[1m[---------------------module_utils.py:241] :   train_iters                                                  : 50 (int)[0m
[[32m20260813 23:57:19[0m][[36mrank-0/5[0m][1m[INFO]     [0m[1m[---------------------module_utils.py:241] :   train_samples                                                : None (NoneType)[0m
[[32m20260813 23:57:19[0m][[36mrank-0/5[0m][1m[INFO]     [0m[1m[---------------------module_utils.py:241] :   train_sync_interval                                          : None (NoneType)[0m
[[32m20260813 23:57:19[0m][[36mrank-0/5[0m][1m[INFO]     [0m[1m[---------------------module_utils.py:241] :   transformer_impl                                             : transformer_engine (str)[0m
[[32m20260813 23:57:19[0m][[36mrank-0/5[0m][1m[INFO]     [0m[1m[---------------------module_utils.py:241] :   trust_remote_code                                            : False (bool)[0m
[[32m20260813 23:57:19[0m][[36mrank-0/5[0m][1m[INFO]     [0m[1m[---------------------module_utils.py:241] :   untie_embeddings_and_output_weights                          : True (bool)[0m
[[32m20260813 23:57:19[0m][[36mrank-0/5[0m][1m[INFO]     [0m[1m[---------------------module_utils.py:241] :   use_checkpoint_args                                          : False (bool)[0m
[[32m20260813 23:57:19[0m][[36mrank-0/5[0m][1m[INFO]     [0m[1m[---------------------module_utils.py:241] :   use_checkpoint_opt_param_scheduler                           : False (bool)[0m
[[32m20260813 23:57:19[0m][[36mrank-0/5[0m][1m[INFO]     [0m[1m[---------------------module_utils.py:241] :   use_cpu_initialization                                       : None (NoneType)[0m
[[32m20260813 23:57:19[0m][[36mrank-0/5[0m][1m[INFO]     [0m[1m[---------------------module_utils.py:241] :   use_dist_ckpt_deprecated                                     : False (bool)[0m
[[32m20260813 23:57:19[0m][[36mrank-0/5[0m][1m[INFO]     [0m[1m[---------------------module_utils.py:241] :   use_distributed_optimizer                                    : True (bool)[0m
[[32m20260813 23:57:19[0m][[36mrank-0/5[0m][1m[INFO]     [0m[1m[---------------------module_utils.py:241] :   use_flash_attn                                               : True (bool)[0m
[[32m20260813 23:57:19[0m][[36mrank-0/5[0m][1m[INFO]     [0m[1m[---------------------module_utils.py:241] :   use_fused_weighted_squared_relu                              : False (bool)[0m
[[32m20260813 23:57:19[0m][[36mrank-0/5[0m][1m[INFO]     [0m[1m[---------------------module_utils.py:241] :   use_kitchen_attention                                        : False (bool)[0m
[[32m20260813 23:57:19[0m][[36mrank-0/5[0m][1m[INFO]     [0m[1m[---------------------module_utils.py:241] :   use_legacy_models                                            : False (bool)[0m
[[32m20260813 23:57:19[0m][[36mrank-0/5[0m][1m[INFO]     [0m[1m[---------------------module_utils.py:241] :   use_legacy_static_engine                                     : False (bool)[0m
[[32m20260813 23:57:19[0m][[36mrank-0/5[0m][1m[INFO]     [0m[1m[---------------------module_utils.py:241] :   use_mamba_mem_eff_path                                       : True (bool)[0m
[[32m20260813 23:57:19[0m][[36mrank-0/5[0m][1m[INFO]     [0m[1m[---------------------module_utils.py:241] :   use_megatron_fsdp                                            : False (bool)[0m
[[32m20260813 23:57:19[0m][[36mrank-0/5[0m][1m[INFO]     [0m[1m[---------------------module_utils.py:241] :   use_mp_args_from_checkpoint_args                             : False (bool)[0m
[[32m20260813 23:57:19[0m][[36mrank-0/5[0m][1m[INFO]     [0m[1m[---------------------module_utils.py:241] :   use_mup                                                      : False (bool)[0m
[[32m20260813 23:57:19[0m][[36mrank-0/5[0m][1m[INFO]     [0m[1m[---------------------module_utils.py:241] :   use_one_sent_docs                                            : False (bool)[0m
[[32m20260813 23:57:19[0m][[36mrank-0/5[0m][1m[INFO]     [0m[1m[---------------------module_utils.py:241] :   use_persistent_ckpt_worker                                   : False (bool)[0m
[[32m20260813 23:57:19[0m][[36mrank-0/5[0m][1m[INFO]     [0m[1m[---------------------module_utils.py:241] :   use_precision_aware_optimizer                                : False (bool)[0m
[[32m20260813 23:57:19[0m][[36mrank-0/5[0m][1m[INFO]     [0m[1m[---------------------module_utils.py:241] :   use_pytorch_profiler                                         : False (bool)[0m
[[32m20260813 23:57:19[0m][[36mrank-0/5[0m][1m[INFO]     [0m[1m[---------------------module_utils.py:241] :   use_ring_exchange_p2p                                        : False (bool)[0m
[[32m20260813 23:57:19[0m][[36mrank-0/5[0m][1m[INFO]     [0m[1m[---------------------module_utils.py:241] :   use_rope_scaling                                             : False (bool)[0m
[[32m20260813 23:57:19[0m][[36mrank-0/5[0m][1m[INFO]     [0m[1m[---------------------module_utils.py:241] :   use_rotary_position_embeddings                               : None (NoneType)[0m
[[32m20260813 23:57:19[0m][[36mrank-0/5[0m][1m[INFO]     [0m[1m[---------------------module_utils.py:241] :   use_sharp                                                    : False (bool)[0m
[[32m20260813 23:57:19[0m][[36mrank-0/5[0m][1m[INFO]     [0m[1m[---------------------module_utils.py:241] :   use_te_activation_func                                       : False (bool)[0m
[[32m20260813 23:57:19[0m][[36mrank-0/5[0m][1m[INFO]     [0m[1m[---------------------module_utils.py:241] :   use_tokenizer_model_from_checkpoint_args                     : True (bool)[0m
[[32m20260813 23:57:19[0m][[36mrank-0/5[0m][1m[INFO]     [0m[1m[---------------------module_utils.py:241] :   use_torch_fsdp2                                              : False (bool)[0m
[[32m20260813 23:57:19[0m][[36mrank-0/5[0m][1m[INFO]     [0m[1m[---------------------module_utils.py:241] :   use_torch_optimizer_for_cpu_offload                          : False (bool)[0m
[[32m20260813 23:57:19[0m][[36mrank-0/5[0m][1m[INFO]     [0m[1m[---------------------module_utils.py:241] :   use_tp_pp_dp_mapping                                         : False (bool)[0m
[[32m20260813 23:57:19[0m][[36mrank-0/5[0m][1m[INFO]     [0m[1m[---------------------module_utils.py:241] :   v_head_dim                                                   : 128 (int)[0m
[[32m20260813 23:57:19[0m][[36mrank-0/5[0m][1m[INFO]     [0m[1m[---------------------module_utils.py:241] :   valid_data_path                                              : None (NoneType)[0m
[[32m20260813 23:57:19[0m][[36mrank-0/5[0m][1m[INFO]     [0m[1m[---------------------module_utils.py:241] :   vision_backbone_type                                         : vit (str)[0m
[[32m20260813 23:57:19[0m][[36mrank-0/5[0m][1m[INFO]     [0m[1m[---------------------module_utils.py:241] :   vision_pretraining                                           : False (bool)[0m
[[32m20260813 23:57:19[0m][[36mrank-0/5[0m][1m[INFO]     [0m[1m[---------------------module_utils.py:241] :   vision_pretraining_type                                      : classify (str)[0m
[[32m20260813 23:57:19[0m][[36mrank-0/5[0m][1m[INFO]     [0m[1m[---------------------module_utils.py:241] :   vocab_extra_ids                                              : 0 (int)[0m
[[32m20260813 23:57:19[0m][[36mrank-0/5[0m][1m[INFO]     [0m[1m[---------------------module_utils.py:241] :   vocab_file                                                   : None (NoneType)[0m
[[32m20260813 23:57:19[0m][[36mrank-0/5[0m][1m[INFO]     [0m[1m[---------------------module_utils.py:241] :   vocab_size                                                   : 32000 (int)[0m
[[32m20260813 23:57:19[0m][[36mrank-0/5[0m][1m[INFO]     [0m[1m[---------------------module_utils.py:241] :   wandb_entity                                                 : None (NoneType)[0m
[[32m20260813 23:57:19[0m][[36mrank-0/5[0m][1m[INFO]     [0m[1m[---------------------module_utils.py:241] :   wandb_exp_name                                               : None (NoneType)[0m
[[32m20260813 23:57:19[0m][[36mrank-0/5[0m][1m[INFO]     [0m[1m[---------------------module_utils.py:241] :   wandb_project                                                : None (NoneType)[0m
[[32m20260813 23:57:19[0m][[36mrank-0/5[0m][1m[INFO]     [0m[1m[---------------------module_utils.py:241] :   wandb_save_dir                                               : None (NoneType)[0m
[[32m20260813 23:57:19[0m][[36mrank-0/5[0m][1m[INFO]     [0m[1m[---------------------module_utils.py:241] :   warmup                                                       : None (NoneType)[0m
[[32m20260813 23:57:19[0m][[36mrank-0/5[0m][1m[INFO]     [0m[1m[---------------------module_utils.py:241] :   weight_decay                                                 : 0.1 (float)[0m
[[32m20260813 23:57:19[0m][[36mrank-0/5[0m][1m[INFO]     [0m[1m[---------------------module_utils.py:241] :   weight_decay_incr_style                                      : constant (str)[0m
[[32m20260813 23:57:19[0m][[36mrank-0/5[0m][1m[INFO]     [0m[1m[---------------------module_utils.py:241] :   wgrad_deferral_limit                                         : 0 (int)[0m
[[32m20260813 23:57:19[0m][[36mrank-0/5[0m][1m[INFO]     [0m[1m[---------------------module_utils.py:241] :   window_attn_skip_freq                                        : None (NoneType)[0m
[[32m20260813 23:57:19[0m][[36mrank-0/5[0m][1m[INFO]     [0m[1m[---------------------module_utils.py:241] :   window_size                                                  : None (NoneType)[0m
[[32m20260813 23:57:19[0m][[36mrank-0/5[0m][1m[INFO]     [0m[1m[---------------------module_utils.py:241] :   world_size                                                   : 5 (int)[0m
[[32m20260813 23:57:19[0m][[36mrank-0/5[0m][1m[INFO]     [0m[1m[---------------------module_utils.py:241] :   yaml_cfg                                                     : None (NoneType)[0m
[[32m20260813 23:57:19[0m][[36mrank-0/5[0m][1m[INFO]     [0m[1m[---------------------module_utils.py:244] : --------------------------------------------------------------------------------[0m
[[32m20260813 23:57:19[0m][[36mrank-0/5[0m][1m[INFO]     [0m[1m[---------------------module_utils.py:224] : --------------------------------------------------------------------------------[0m
[[32m20260813 23:57:19[0m][[36mrank-0/5[0m][1m[INFO]     [0m[1m[---------------------module_utils.py:234] : Primus-specific parameters: (142 parameters)[0m
[[32m20260813 23:57:19[0m][[36mrank-0/5[0m][1m[INFO]     [0m[1m[---------------------module_utils.py:241] :   allow_padding_num_layers                              : True (bool)[0m
[[32m20260813 23:57:19[0m][[36mrank-0/5[0m][1m[INFO]     [0m[1m[---------------------module_utils.py:241] :   apply_layernorm_1p                                    : False (bool)[0m
[[32m20260813 23:57:19[0m][[36mrank-0/5[0m][1m[INFO]     [0m[1m[---------------------module_utils.py:241] :   async_tensor_model_parallel_allreduce                 : True (bool)[0m
[[32m20260813 23:57:19[0m][[36mrank-0/5[0m][1m[INFO]     [0m[1m[---------------------module_utils.py:241] :   attn_logit_softcapping                                : None (NoneType)[0m
[[32m20260813 23:57:19[0m][[36mrank-0/5[0m][1m[INFO]     [0m[1m[---------------------module_utils.py:241] :   auto_continue_train                                   : False (bool)[0m
[[32m20260813 23:57:19[0m][[36mrank-0/5[0m][1m[INFO]     [0m[1m[---------------------module_utils.py:241] :   auto_offload_time                                     : True (bool)[0m
[[32m20260813 23:57:19[0m][[36mrank-0/5[0m][1m[INFO]     [0m[1m[---------------------module_utils.py:241] :   communication_method                                  : async_p2p (str)[0m
[[32m20260813 23:57:19[0m][[36mrank-0/5[0m][1m[INFO]     [0m[1m[---------------------module_utils.py:241] :   conv_L_cache                                          : 3 (int)[0m
[[32m20260813 23:57:19[0m][[36mrank-0/5[0m][1m[INFO]     [0m[1m[---------------------module_utils.py:241] :   conv_bias                                             : False (bool)[0m
[[32m20260813 23:57:19[0m][[36mrank-0/5[0m][1m[INFO]     [0m[1m[---------------------module_utils.py:241] :   cpu_offload                                           : False (bool)[0m
[[32m20260813 23:57:19[0m][[36mrank-0/5[0m][1m[INFO]     [0m[1m[---------------------module_utils.py:241] :   dataloader_mp_context                                 : None (NoneType)[0m
[[32m20260813 23:57:19[0m][[36mrank-0/5[0m][1m[INFO]     [0m[1m[---------------------module_utils.py:241] :   debug_scheduler_table                                 : False (bool)[0m
[[32m20260813 23:57:19[0m][[36mrank-0/5[0m][1m[INFO]     [0m[1m[---------------------module_utils.py:241] :   decoder_pipeline_manual_split_list                    : None (NoneType)[0m
[[32m20260813 23:57:19[0m][[36mrank-0/5[0m][1m[INFO]     [0m[1m[---------------------module_utils.py:241] :   disable_compile_dependencies                          : True (bool)[0m
[[32m20260813 23:57:19[0m][[36mrank-0/5[0m][1m[INFO]     [0m[1m[---------------------module_utils.py:241] :   disable_last_saving                                   : True (bool)[0m
[[32m20260813 23:57:19[0m][[36mrank-0/5[0m][1m[INFO]     [0m[1m[---------------------module_utils.py:241] :   disable_mlflow                                        : True (bool)[0m
[[32m20260813 23:57:19[0m][[36mrank-0/5[0m][1m[INFO]     [0m[1m[---------------------module_utils.py:241] :   disable_primus_topk_router                            : False (bool)[0m
[[32m20260813 23:57:19[0m][[36mrank-0/5[0m][1m[INFO]     [0m[1m[---------------------module_utils.py:241] :   disable_profiler_activity_cpu                         : False (bool)[0m
[[32m20260813 23:57:19[0m][[36mrank-0/5[0m][1m[INFO]     [0m[1m[---------------------module_utils.py:241] :   disable_tensorboard                                   : True (bool)[0m
[[32m20260813 23:57:19[0m][[36mrank-0/5[0m][1m[INFO]     [0m[1m[---------------------module_utils.py:241] :   disable_wandb                                         : True (bool)[0m
[[32m20260813 23:57:19[0m][[36mrank-0/5[0m][1m[INFO]     [0m[1m[---------------------module_utils.py:241] :   dump_pp_data                                          : False (bool)[0m
[[32m20260813 23:57:19[0m][[36mrank-0/5[0m][1m[INFO]     [0m[1m[---------------------module_utils.py:241] :   enable_1f1b_v                                         : False (bool)[0m
[[32m20260813 23:57:19[0m][[36mrank-0/5[0m][1m[INFO]     [0m[1m[---------------------module_utils.py:241] :   enable_exactly_numeric_match                          : True (bool)[0m
[[32m20260813 23:57:19[0m][[36mrank-0/5[0m][1m[INFO]     [0m[1m[---------------------module_utils.py:241] :   enable_optimizer_post_validation                      : False (bool)[0m
[[32m20260813 23:57:19[0m][[36mrank-0/5[0m][1m[INFO]     [0m[1m[---------------------module_utils.py:241] :   enable_primus_turbo                                   : True (bool)[0m
[[32m20260813 23:57:19[0m][[36mrank-0/5[0m][1m[INFO]     [0m[1m[---------------------module_utils.py:241] :   enable_turbo_attention_float8                         : False (bool)[0m
[[32m20260813 23:57:19[0m][[36mrank-0/5[0m][1m[INFO]     [0m[1m[---------------------module_utils.py:241] :   enable_zb_runtime                                     : True (bool)[0m
[[32m20260813 23:57:19[0m][[36mrank-0/5[0m][1m[INFO]     [0m[1m[---------------------module_utils.py:241] :   enable_zero_bubble                                    : True (bool)[0m
[[32m20260813 23:57:19[0m][[36mrank-0/5[0m][1m[INFO]     [0m[1m[---------------------module_utils.py:241] :   encoder_pipeline_model_parallel_size                  : 0 (int)[0m
[[32m20260813 23:57:19[0m][[36mrank-0/5[0m][1m[INFO]     [0m[1m[---------------------module_utils.py:241] :   encoder_tensor_model_parallel_size                    : 0 (int)[0m
[[32m20260813 23:57:19[0m][[36mrank-0/5[0m][1m[INFO]     [0m[1m[---------------------module_utils.py:241] :   file_sink_level                                       : DEBUG (str)[0m
[[32m20260813 23:57:19[0m][[36mrank-0/5[0m][1m[INFO]     [0m[1m[---------------------module_utils.py:241] :   final_logit_softcapping                               : None (NoneType)[0m
[[32m20260813 23:57:19[0m][[36mrank-0/5[0m][1m[INFO]     [0m[1m[---------------------module_utils.py:241] :   generate_tracelens_report                             : False (bool)[0m
[[32m20260813 23:57:19[0m][[36mrank-0/5[0m][1m[INFO]     [0m[1m[---------------------module_utils.py:241] :   grpo_default_temperature                              : 1.0 (float)[0m
[[32m20260813 23:57:19[0m][[36mrank-0/5[0m][1m[INFO]     [0m[1m[---------------------module_utils.py:241] :   grpo_default_top_p                                    : 0 (int)[0m
[[32m20260813 23:57:19[0m][[36mrank-0/5[0m][1m[INFO]     [0m[1m[---------------------module_utils.py:241] :   inference_dynamic_batching_buffer_guaranteed_fraction : 0.2 (float)[0m
[[32m20260813 23:57:19[0m][[36mrank-0/5[0m][1m[INFO]     [0m[1m[---------------------module_utils.py:241] :   inference_dynamic_batching_buffer_overflow_factor     : None (NoneType)[0m
[[32m20260813 23:57:19[0m][[36mrank-0/5[0m][1m[INFO]     [0m[1m[---------------------module_utils.py:241] :   inference_dynamic_batching_max_requests_override      : None (NoneType)[0m
[[32m20260813 23:57:19[0m][[36mrank-0/5[0m][1m[INFO]     [0m[1m[---------------------module_utils.py:241] :   inference_dynamic_batching_max_tokens_override        : None (NoneType)[0m
[[32m20260813 23:57:19[0m][[36mrank-0/5[0m][1m[INFO]     [0m[1m[---------------------module_utils.py:241] :   interleave_group_size                                 : 0 (int)[0m
[[32m20260813 23:57:19[0m][[36mrank-0/5[0m][1m[INFO]     [0m[1m[---------------------module_utils.py:241] :   keep_fp8_transpose_cache_when_using_custom_fsdp       : False (bool)[0m
[[32m20260813 23:57:19[0m][[36mrank-0/5[0m][1m[INFO]     [0m[1m[---------------------module_utils.py:241] :   langrl_inference_server_conversation_template         : None (NoneType)[0m
[[32m20260813 23:57:19[0m][[36mrank-0/5[0m][1m[INFO]     [0m[1m[---------------------module_utils.py:241] :   langrl_inference_server_type                          : inplace_megatron (str)[0m
[[32m20260813 23:57:19[0m][[36mrank-0/5[0m][1m[INFO]     [0m[1m[---------------------module_utils.py:241] :   legacy_tokenizer                                      : False (bool)[0m
[[32m20260813 23:57:19[0m][[36mrank-0/5[0m][1m[INFO]     [0m[1m[---------------------module_utils.py:241] :   lfm_layer_types                                       : None (NoneType)[0m
[[32m20260813 23:57:19[0m][[36mrank-0/5[0m][1m[INFO]     [0m[1m[---------------------module_utils.py:241] :   log_avg_reset_interval                                : 50 (int)[0m
[[32m20260813 23:57:19[0m][[36mrank-0/5[0m][1m[INFO]     [0m[1m[---------------------module_utils.py:241] :   log_avg_skip_iterations                               : 2 (int)[0m
[[32m20260813 23:57:19[0m][[36mrank-0/5[0m][1m[INFO]     [0m[1m[---------------------module_utils.py:241] :   log_batch_size_to_tensorboard                         : True (bool)[0m
[[32m20260813 23:57:19[0m][[36mrank-0/5[0m][1m[INFO]     [0m[1m[---------------------module_utils.py:241] :   log_learning_rate_to_tensorboard                      : True (bool)[0m
[[32m20260813 23:57:19[0m][[36mrank-0/5[0m][1m[INFO]     [0m[1m[---------------------module_utils.py:241] :   mlflow_experiment_name                                : None (NoneType)[0m
[[32m20260813 23:57:19[0m][[36mrank-0/5[0m][1m[INFO]     [0m[1m[---------------------module_utils.py:241] :   mlflow_run_name                                       : None (NoneType)[0m
[[32m20260813 23:57:19[0m][[36mrank-0/5[0m][1m[INFO]     [0m[1m[---------------------module_utils.py:241] :   mlflow_tracelens_auto_install                         : True (bool)[0m
[[32m20260813 23:57:19[0m][[36mrank-0/5[0m][1m[INFO]     [0m[1m[---------------------module_utils.py:241] :   mlflow_tracelens_cleanup_after_upload                 : False (bool)[0m
[[32m20260813 23:57:19[0m][[36mrank-0/5[0m][1m[INFO]     [0m[1m[---------------------module_utils.py:241] :   mlflow_tracelens_output_format                        : xlsx (str)[0m
[[32m20260813 23:57:19[0m][[36mrank-0/5[0m][1m[INFO]     [0m[1m[---------------------module_utils.py:241] :   mlflow_tracelens_ranks                                : None (NoneType)[0m
[[32m20260813 23:57:19[0m][[36mrank-0/5[0m][1m[INFO]     [0m[1m[---------------------module_utils.py:241] :   mlflow_upload_logs                                    : False (bool)[0m
[[32m20260813 23:57:19[0m][[36mrank-0/5[0m][1m[INFO]     [0m[1m[---------------------module_utils.py:241] :   mlflow_upload_performance_metrics                     : False (bool)[0m
[[32m20260813 23:57:19[0m][[36mrank-0/5[0m][1m[INFO]     [0m[1m[---------------------module_utils.py:241] :   mlflow_upload_tracelens_report                        : False (bool)[0m
[[32m20260813 23:57:19[0m][[36mrank-0/5[0m][1m[INFO]     [0m[1m[---------------------module_utils.py:241] :   mlflow_upload_traces                                  : False (bool)[0m
[[32m20260813 23:57:19[0m][[36mrank-0/5[0m][1m[INFO]     [0m[1m[---------------------module_utils.py:241] :   mock_dataset.class                                    : None (NoneType)[0m
[[32m20260813 23:57:19[0m][[36mrank-0/5[0m][1m[INFO]     [0m[1m[---------------------module_utils.py:241] :   mock_dataset.params.image_size                        : 512 (int)[0m
[[32m20260813 23:57:19[0m][[36mrank-0/5[0m][1m[INFO]     [0m[1m[---------------------module_utils.py:241] :   mock_dataset.params.num_samples                       : 1000 (int)[0m
[[32m20260813 23:57:19[0m][[36mrank-0/5[0m][1m[INFO]     [0m[1m[---------------------module_utils.py:241] :   model                                                 : llama2_7B.yaml (str)[0m
[[32m20260813 23:57:19[0m][[36mrank-0/5[0m][1m[INFO]     [0m[1m[---------------------module_utils.py:241] :   model_type                                            : gpt (str)[0m
[[32m20260813 23:57:19[0m][[36mrank-0/5[0m][1m[INFO]     [0m[1m[---------------------module_utils.py:241] :   moe_extended_tp                                       : False (bool)[0m
[[32m20260813 23:57:19[0m][[36mrank-0/5[0m][1m[INFO]     [0m[1m[---------------------module_utils.py:241] :   moe_router_force_load_balancing_type                  : even (str)[0m
[[32m20260813 23:57:19[0m][[36mrank-0/5[0m][1m[INFO]     [0m[1m[---------------------module_utils.py:241] :   moe_use_fused_router_with_aux_score                   : False (bool)[0m
[[32m20260813 23:57:19[0m][[36mrank-0/5[0m][1m[INFO]     [0m[1m[---------------------module_utils.py:241] :   moe_use_legacy_grouped_gemm                           : False (bool)[0m
[[32m20260813 23:57:19[0m][[36mrank-0/5[0m][1m[INFO]     [0m[1m[---------------------module_utils.py:241] :   no_fp8_weight_transpose_cache                         : False (bool)[0m
[[32m20260813 23:57:19[0m][[36mrank-0/5[0m][1m[INFO]     [0m[1m[---------------------module_utils.py:241] :   norm_epsilon                                          : 1e-06 (float)[0m
[[32m20260813 23:57:19[0m][[36mrank-0/5[0m][1m[INFO]     [0m[1m[---------------------module_utils.py:241] :   num_seq_splits                                        : 1 (int)[0m
[[32m20260813 23:57:19[0m][[36mrank-0/5[0m][1m[INFO]     [0m[1m[---------------------module_utils.py:241] :   offload                                               : False (bool)[0m
[[32m20260813 23:57:19[0m][[36mrank-0/5[0m][1m[INFO]     [0m[1m[---------------------module_utils.py:241] :   offload_chunk_num                                     : 0 (int)[0m
[[32m20260813 23:57:19[0m][[36mrank-0/5[0m][1m[INFO]     [0m[1m[---------------------module_utils.py:241] :   offload_ops                                           :  (str)[0m
[[32m20260813 23:57:19[0m][[36mrank-0/5[0m][1m[INFO]     [0m[1m[---------------------module_utils.py:241] :   offload_overlap_sr                                    : True (bool)[0m
[[32m20260813 23:57:19[0m][[36mrank-0/5[0m][1m[INFO]     [0m[1m[---------------------module_utils.py:241] :   offload_time                                          : 1.0 (float)[0m
[[32m20260813 23:57:19[0m][[36mrank-0/5[0m][1m[INFO]     [0m[1m[---------------------module_utils.py:241] :   original_max_position_embeddings                      : None (NoneType)[0m
[[32m20260813 23:57:19[0m][[36mrank-0/5[0m][1m[INFO]     [0m[1m[---------------------module_utils.py:241] :   patch_moe_overlap                                     : False (bool)[0m
[[32m20260813 23:57:19[0m][[36mrank-0/5[0m][1m[INFO]     [0m[1m[---------------------module_utils.py:241] :   patch_primus_pipeline                                 : False (bool)[0m
[[32m20260813 23:57:19[0m][[36mrank-0/5[0m][1m[INFO]     [0m[1m[---------------------module_utils.py:241] :   patch_zero_bubble                                     : False (bool)[0m
[[32m20260813 23:57:19[0m][[36mrank-0/5[0m][1m[INFO]     [0m[1m[---------------------module_utils.py:241] :   pipeline_model_parallel_split_rank                    : None (NoneType)[0m
[[32m20260813 23:57:19[0m][[36mrank-0/5[0m][1m[INFO]     [0m[1m[---------------------module_utils.py:241] :   pp_algorithm                                          : 1f1b-interleaved (str)[0m
[[32m20260813 23:57:19[0m][[36mrank-0/5[0m][1m[INFO]     [0m[1m[---------------------module_utils.py:241] :   pp_cost_b                                             : None (NoneType)[0m
[[32m20260813 23:57:19[0m][[36mrank-0/5[0m][1m[INFO]     [0m[1m[---------------------module_utils.py:241] :   pp_cost_f                                             : None (NoneType)[0m
[[32m20260813 23:57:19[0m][[36mrank-0/5[0m][1m[INFO]     [0m[1m[---------------------module_utils.py:241] :   pp_cost_w                                             : None (NoneType)[0m
[[32m20260813 23:57:19[0m][[36mrank-0/5[0m][1m[INFO]     [0m[1m[---------------------module_utils.py:241] :   pp_max_mem                                            : None (NoneType)[0m
[[32m20260813 23:57:19[0m][[36mrank-0/5[0m][1m[INFO]     [0m[1m[---------------------module_utils.py:241] :   pp_warmup                                             : False (bool)[0m
[[32m20260813 23:57:19[0m][[36mrank-0/5[0m][1m[INFO]     [0m[1m[---------------------module_utils.py:241] :   pre_communication_optimization                        : False (bool)[0m
[[32m20260813 23:57:19[0m][[36mrank-0/5[0m][1m[INFO]     [0m[1m[---------------------module_utils.py:241] :   profile_memory_iter                                   : -1 (int)[0m
[[32m20260813 23:57:19[0m][[36mrank-0/5[0m][1m[INFO]     [0m[1m[---------------------module_utils.py:241] :   recompute_layer_ids                                   : None (NoneType)[0m
[[32m20260813 23:57:19[0m][[36mrank-0/5[0m][1m[INFO]     [0m[1m[---------------------module_utils.py:241] :   retriever_seq_length                                  : 256 (int)[0m
[[32m20260813 23:57:19[0m][[36mrank-0/5[0m][1m[INFO]     [0m[1m[---------------------module_utils.py:241] :   retro_add_retriever                                   : False (bool)[0m
[[32m20260813 23:57:19[0m][[36mrank-0/5[0m][1m[INFO]     [0m[1m[---------------------module_utils.py:241] :   retro_attention_gate                                  : 1 (int)[0m
[[32m20260813 23:57:19[0m][[36mrank-0/5[0m][1m[INFO]     [0m[1m[---------------------module_utils.py:241] :   retro_cyclic_train_iters                              : None (NoneType)[0m
[[32m20260813 23:57:19[0m][[36mrank-0/5[0m][1m[INFO]     [0m[1m[---------------------module_utils.py:241] :   retro_encoder_attention_dropout                       : 0.1 (float)[0m
[[32m20260813 23:57:19[0m][[36mrank-0/5[0m][1m[INFO]     [0m[1m[---------------------module_utils.py:241] :   retro_encoder_hidden_dropout                          : 0.1 (float)[0m
[[32m20260813 23:57:19[0m][[36mrank-0/5[0m][1m[INFO]     [0m[1m[---------------------module_utils.py:241] :   retro_encoder_layers                                  : 2 (int)[0m
[[32m20260813 23:57:19[0m][[36mrank-0/5[0m][1m[INFO]     [0m[1m[---------------------module_utils.py:241] :   retro_num_neighbors                                   : 2 (int)[0m
[[32m20260813 23:57:19[0m][[36mrank-0/5[0m][1m[INFO]     [0m[1m[---------------------module_utils.py:241] :   retro_num_retrieved_chunks                            : 2 (int)[0m
[[32m20260813 23:57:19[0m][[36mrank-0/5[0m][1m[INFO]     [0m[1m[---------------------module_utils.py:241] :   retro_project_dir                                     : None (NoneType)[0m
[[32m20260813 23:57:19[0m][[36mrank-0/5[0m][1m[INFO]     [0m[1m[---------------------module_utils.py:241] :   retro_verify_neighbor_count                           : True (bool)[0m
[[32m20260813 23:57:19[0m][[36mrank-0/5[0m][1m[INFO]     [0m[1m[---------------------module_utils.py:241] :   rl_calculate_intra_group_similarity                   : False (bool)[0m
[[32m20260813 23:57:19[0m][[36mrank-0/5[0m][1m[INFO]     [0m[1m[---------------------module_utils.py:241] :   rl_offload_kv_cache_during_training                   : False (bool)[0m
[[32m20260813 23:57:19[0m][[36mrank-0/5[0m][1m[INFO]     [0m[1m[---------------------module_utils.py:241] :   rl_remove_kv_cache_during_training                    : False (bool)[0m
[[32m20260813 23:57:19[0m][[36mrank-0/5[0m][1m[INFO]     [0m[1m[---------------------module_utils.py:241] :   rl_reset_cuda_graphs                                  : False (bool)[0m
[[32m20260813 23:57:19[0m][[36mrank-0/5[0m][1m[INFO]     [0m[1m[---------------------module_utils.py:241] :   router_logit_softcapping                              : None (NoneType)[0m
[[32m20260813 23:57:19[0m][[36mrank-0/5[0m][1m[INFO]     [0m[1m[---------------------module_utils.py:241] :   sink_level                                            : None (NoneType)[0m
[[32m20260813 23:57:19[0m][[36mrank-0/5[0m][1m[INFO]     [0m[1m[---------------------module_utils.py:241] :   sink_sliding_window                                   : 0 (int)[0m
[[32m20260813 23:57:19[0m][[36mrank-0/5[0m][1m[INFO]     [0m[1m[---------------------module_utils.py:241] :   sink_window_even_layers_only                          : True (bool)[0m
[[32m20260813 23:57:19[0m][[36mrank-0/5[0m][1m[INFO]     [0m[1m[---------------------module_utils.py:241] :   standalone_embedding_stage                            : False (bool)[0m
[[32m20260813 23:57:19[0m][[36mrank-0/5[0m][1m[INFO]     [0m[1m[---------------------module_utils.py:241] :   stderr_sink_level                                     : DEBUG (str)[0m
[[32m20260813 23:57:19[0m][[36mrank-0/5[0m][1m[INFO]     [0m[1m[---------------------module_utils.py:241] :   torch_compile.backend                                 : inductor (str)[0m
[[32m20260813 23:57:19[0m][[36mrank-0/5[0m][1m[INFO]     [0m[1m[---------------------module_utils.py:241] :   torch_compile.enable                                  : False (bool)[0m
[[32m20260813 23:57:19[0m][[36mrank-0/5[0m][1m[INFO]     [0m[1m[---------------------module_utils.py:241] :   torch_compile.fullgraph                               : False (bool)[0m
[[32m20260813 23:57:19[0m][[36mrank-0/5[0m][1m[INFO]     [0m[1m[---------------------module_utils.py:241] :   torch_compile.mode                                    : default (str)[0m
[[32m20260813 23:57:19[0m][[36mrank-0/5[0m][1m[INFO]     [0m[1m[---------------------module_utils.py:241] :   torch_profiler_record_shapes                          : True (bool)[0m
[[32m20260813 23:57:19[0m][[36mrank-0/5[0m][1m[INFO]     [0m[1m[---------------------module_utils.py:241] :   torch_profiler_use_gzip                               : True (bool)[0m
[[32m20260813 23:57:19[0m][[36mrank-0/5[0m][1m[INFO]     [0m[1m[---------------------module_utils.py:241] :   torch_profiler_with_stack                             : True (bool)[0m
[[32m20260813 23:57:19[0m][[36mrank-0/5[0m][1m[INFO]     [0m[1m[---------------------module_utils.py:241] :   trainable                                             : True (bool)[0m
[[32m20260813 23:57:19[0m][[36mrank-0/5[0m][1m[INFO]     [0m[1m[---------------------module_utils.py:241] :   turbo_deepep_num_cu                                   : 32 (int)[0m
[[32m20260813 23:57:19[0m][[36mrank-0/5[0m][1m[INFO]     [0m[1m[---------------------module_utils.py:241] :   turbo_deepep_use_comm_stream                          : False (bool)[0m
[[32m20260813 23:57:19[0m][[36mrank-0/5[0m][1m[INFO]     [0m[1m[---------------------module_utils.py:241] :   turbo_sync_free_moe_stage                             : 0 (int)[0m
[[32m20260813 23:57:19[0m][[36mrank-0/5[0m][1m[INFO]     [0m[1m[---------------------module_utils.py:241] :   use_custom_fsdp                                       : False (bool)[0m
[[32m20260813 23:57:19[0m][[36mrank-0/5[0m][1m[INFO]     [0m[1m[---------------------module_utils.py:241] :   use_deprecated_20241209_moe_layer                     : False (bool)[0m
[[32m20260813 23:57:19[0m][[36mrank-0/5[0m][1m[INFO]     [0m[1m[---------------------module_utils.py:241] :   use_rocm_mem_info                                     : False (bool)[0m
[[32m20260813 23:57:19[0m][[36mrank-0/5[0m][1m[INFO]     [0m[1m[---------------------module_utils.py:241] :   use_rocm_mem_info_iters                               : [1, 2] (list)[0m
[[32m20260813 23:57:19[0m][[36mrank-0/5[0m][1m[INFO]     [0m[1m[---------------------module_utils.py:241] :   use_sink_attention                                    : False (bool)[0m
[[32m20260813 23:57:19[0m][[36mrank-0/5[0m][1m[INFO]     [0m[1m[---------------------module_utils.py:241] :   use_turbo_attention                                   : False (bool)[0m
[[32m20260813 23:57:19[0m][[36mrank-0/5[0m][1m[INFO]     [0m[1m[---------------------module_utils.py:241] :   use_turbo_autotune                                    : False (bool)[0m
[[32m20260813 23:57:19[0m][[36mrank-0/5[0m][1m[INFO]     [0m[1m[---------------------module_utils.py:241] :   use_turbo_deepep                                      : False (bool)[0m
[[32m20260813 23:57:19[0m][[36mrank-0/5[0m][1m[INFO]     [0m[1m[---------------------module_utils.py:241] :   use_turbo_fused_act_with_probs                        : False (bool)[0m
[[32m20260813 23:57:19[0m][[36mrank-0/5[0m][1m[INFO]     [0m[1m[---------------------module_utils.py:241] :   use_turbo_gemm                                        : False (bool)[0m
[[32m20260813 23:57:19[0m][[36mrank-0/5[0m][1m[INFO]     [0m[1m[---------------------module_utils.py:241] :   use_turbo_grouped_gemm                                : False (bool)[0m
[[32m20260813 23:57:19[0m][[36mrank-0/5[0m][1m[INFO]     [0m[1m[---------------------module_utils.py:241] :   use_turbo_rms_norm                                    : False (bool)[0m
[[32m20260813 23:57:19[0m][[36mrank-0/5[0m][1m[INFO]     [0m[1m[---------------------module_utils.py:241] :   virtual_pipeline_model_parallel_size                  : None (NoneType)[0m
[[32m20260813 23:57:19[0m][[36mrank-0/5[0m][1m[INFO]     [0m[1m[---------------------module_utils.py:241] :   wall_clock_step_timer                                 : False (bool)[0m
[[32m20260813 23:57:19[0m][[36mrank-0/5[0m][1m[INFO]     [0m[1m[---------------------module_utils.py:241] :   zero_bubble_adaptive_memory_limit_percentile          : 85 (int)[0m
[[32m20260813 23:57:19[0m][[36mrank-0/5[0m][1m[INFO]     [0m[1m[---------------------module_utils.py:241] :   zero_bubble_max_pending_backward                      : auto (str)[0m
[[32m20260813 23:57:19[0m][[36mrank-0/5[0m][1m[INFO]     [0m[1m[---------------------module_utils.py:241] :   zero_bubble_pipeline_timers_end_iter                  : 110 (int)[0m
[[32m20260813 23:57:19[0m][[36mrank-0/5[0m][1m[INFO]     [0m[1m[---------------------module_utils.py:241] :   zero_bubble_pipeline_timers_start_iter                : 100 (int)[0m
[[32m20260813 23:57:19[0m][[36mrank-0/5[0m][1m[INFO]     [0m[1m[---------------------module_utils.py:241] :   zero_bubble_v_schedule                                : False (bool)[0m
[[32m20260813 23:57:19[0m][[36mrank-0/5[0m][1m[INFO]     [0m[1m[---------------------module_utils.py:241] :   zero_bubble_v_schedule_mem_setup                      : half (str)[0m
[[32m20260813 23:57:19[0m][[36mrank-0/5[0m][1m[INFO]     [0m[1m[---------------------module_utils.py:244] : --------------------------------------------------------------------------------[0m
[[32m20260813 23:57:19[0m][[36mrank-0/5[0m][1m[INFO]     [0m[1m[--------------------train_runtime.py:453] : [TrainRuntime] WARNING: trainer_class not found, will use default for stage[0m
[[32m20260813 23:57:19[0m][[36mrank-0/5[0m][1m[INFO]     [0m[1m[--------------------train_runtime.py:458] : [TrainRuntime] Loading trainer: stage=pretrain, trainer_class=None[0m
[[32m20260813 23:57:19[0m][[36mrank-0/5[0m][1m[INFO]     [0m[1m[------------------megatron_adapter.py:53] : [Primus:MegatronAdapter] Loaded trainer class: MegatronPretrainTrainer[0m
[[32m20260813 23:57:19[0m][[36mrank-0/5[0m][1m[INFO]     [0m[1m[--------------------train_runtime.py:466] : [TrainRuntime] Loaded trainer class: MegatronPretrainTrainer[0m
[[32m20260813 23:57:19[0m][[36mrank-0/5[0m][1m[INFO]     [0m[1m[--------------------train_runtime.py:210] : [Runtime] Applying setup patches...[0m
[[32m20260813 23:57:19[0m][[36mrank-0/5[0m][1m[INFO]     [0m[1m[----------------------patch_runner.py:92] : --------------------------------------------------------------------------------[0m
[[32m20260813 23:57:19[0m][[36mrank-0/5[0m][1m[INFO]     [0m[1m[----------------------patch_runner.py:93] : [Patch] Executing patches: backend=megatron, phase=setup, backend_version=0.16.0rc0, primus_version=None, model=llama2_7B.yaml, module=pre_trainer, platform=None, dry_run=False, enabled_ids=None[0m
[[32m20260813 23:57:19[0m][[36mrank-0/5[0m][1m[INFO]     [0m[1m[---------------------patch_runner.py:107] : [Patch] Pre-filtered 3 patches (out of 3 total) for megatron/setup[0m
[[32m20260813 23:57:19[0m][[36mrank-0/5[0m][1m[INFO]     [0m[1m[---------------------patch_runner.py:116] : --------------------------------------------------------------------------------[0m
[[32m20260813 23:57:19[0m][[36mrank-0/5[0m][1m[INFO]     [0m[1m[---------------------patch_runner.py:126] : [Patch] Applying megatron.args.add_megatron_arguments_compat: Inject add_megatron_arguments(parser) for Megatron versions that only build parsers inside parse_args().[0m
[[32m20260813 23:57:19[0m][[36mrank-0/5[0m][1m[INFO]     [0m[1m[---------------------patch_runner.py:130] : [Patch] ✓ Applied: megatron.args.add_megatron_arguments_compat (priority=50)[0m
[[32m20260813 23:57:19[0m][[36mrank-0/5[0m][1m[INFO]     [0m[1m[---------------------patch_runner.py:116] : --------------------------------------------------------------------------------[0m
[[32m20260813 23:57:19[0m][[36mrank-0/5[0m][1m[INFO]     [0m[1m[---------------------patch_runner.py:126] : [Patch] Applying megatron.env.cuda_device_max_connections: Set CUDA_DEVICE_MAX_CONNECTIONS based on FSDP configuration[0m
[[32m20260813 23:57:19[0m][[36mrank-0/5[0m][1m[INFO]     [0m[1m[-----------------------env_patches.py:62] : [Patch:megatron.env.cuda_device_max_connections]   -use_fsdp:False[0m
[[32m20260813 23:57:19[0m][[36mrank-0/5[0m][1m[INFO]     [0m[1m[-----------------------env_patches.py:66] : [Patch:megatron.env.cuda_device_max_connections]   -env[CUDA_DEVICE_MAX_CONNECTIONS]:1[0m
[[32m20260813 23:57:19[0m][[36mrank-0/5[0m][1m[INFO]     [0m[1m[---------------------patch_runner.py:130] : [Patch] ✓ Applied: megatron.env.cuda_device_max_connections (priority=50)[0m
[[32m20260813 23:57:19[0m][[36mrank-0/5[0m][1m[INFO]     [0m[1m[---------------------patch_runner.py:116] : --------------------------------------------------------------------------------[0m
[[32m20260813 23:57:19[0m][[36mrank-0/5[0m][1m[INFO]     [0m[1m[---------------------patch_runner.py:126] : [Patch] Applying megatron.tokenizer.build_tokenizer_override: Override Megatron's build_tokenizer to support Primus custom tokenizer types with HuggingFace Hub IDs[0m
[[32m20260813 23:57:20[0m][[36mrank-0/5[0m][1m[INFO]     [0m[1m[---------tokenizer_builder_patches.py:98] : [Patch:megatron.tokenizer.build_tokenizer_override] ✓ Also patched megatron.core.tokenizers.utils.build_tokenizer[0m
[[32m20260813 23:57:20[0m][[36mrank-0/5[0m][1m[INFO]     [0m[1m[--------tokenizer_builder_patches.py:105] : [Patch:megatron.tokenizer.build_tokenizer_override] ✓ Replaced Megatron build_tokenizer with Primus version[0m
[[32m20260813 23:57:20[0m][[36mrank-0/5[0m][1m[INFO]     [0m[1m[---------------------patch_runner.py:130] : [Patch] ✓ Applied: megatron.tokenizer.build_tokenizer_override (priority=50)[0m
[[32m20260813 23:57:20[0m][[36mrank-0/5[0m][1m[INFO]     [0m[1m[---------------------patch_runner.py:143] : [Patch] Applied 3/3 patches for megatron/setup: ['megatron.args.add_megatron_arguments_compat', 'megatron.env.cuda_device_max_connections', 'megatron.tokenizer.build_tokenizer_override'][0m
[[32m20260813 23:57:20[0m][[36mrank-0/5[0m][1m[INFO]     [0m[1m[---------------------patch_runner.py:146] : --------------------------------------------------------------------------------[0m
[[32m20260813 23:57:20[0m][[36mrank-0/5[0m][1m[INFO]     [0m[1m[--------------------train_runtime.py:495] : ================================================================================[0m
[[32m20260813 23:57:20[0m][[36mrank-0/5[0m][1m[INFO]     [0m[1m[--------------------train_runtime.py:496] : Setup started.[0m
[[32m20260813 23:57:20[0m][[36mrank-0/5[0m][1m[INFO]     [0m[1m[--------------------train_runtime.py:497] : ================================================================================[0m
[[32m20260813 23:57:20[0m][[36mrank-0/5[0m][1m[INFO]     [0m[1m[------------megatron_base_trainer.py:195] : Patching Megatron-LM parse_args()[0m
[[32m20260813 23:57:20[0m][[36mrank-0/5[0m][1m[INFO]     [0m[1m[------------megatron_base_trainer.py:204] : Patched parse_args(); Primus provided 811 arguments[0m
[[32m20260813 23:57:20[0m][[36mrank-0/5[0m][1m[INFO]     [0m[1m[--------------------train_runtime.py:499] : ================================================================================[0m
[[32m20260813 23:57:20[0m][[36mrank-0/5[0m][1m[INFO]     [0m[1m[--------------------train_runtime.py:500] : Setup completed.[0m
[[32m20260813 23:57:20[0m][[36mrank-0/5[0m][1m[INFO]     [0m[1m[--------------------train_runtime.py:501] : ================================================================================[0m
[[32m20260813 23:57:20[0m][[36mrank-0/5[0m][1m[INFO]     [0m[1m[--------------------train_runtime.py:495] : ================================================================================[0m
[[32m20260813 23:57:20[0m][[36mrank-0/5[0m][1m[INFO]     [0m[1m[--------------------train_runtime.py:496] : Init started.[0m
[[32m20260813 23:57:20[0m][[36mrank-0/5[0m][1m[INFO]     [0m[1m[--------------------train_runtime.py:497] : ================================================================================[0m
[[32m20260813 23:57:20[0m][[36mrank-0/5[0m][1m[INFO]     [0m[1m[------------megatron_base_trainer.py:106] : Initializing Megatron training...[0m
[[32m20260813 23:57:20[0m][[36mrank-0/5[0m][1m[INFO]     [0m[1m[--------------------train_runtime.py:499] : ================================================================================[0m
[[32m20260813 23:57:20[0m][[36mrank-0/5[0m][1m[INFO]     [0m[1m[--------------------train_runtime.py:500] : Init completed.[0m
[[32m20260813 23:57:20[0m][[36mrank-0/5[0m][1m[INFO]     [0m[1m[--------------------train_runtime.py:501] : ================================================================================[0m
[[32m20260813 23:57:20[0m][[36mrank-0/5[0m][1m[INFO]     [0m[1m[--------------------train_runtime.py:210] : [Runtime] Applying before_train patches...[0m
[[32m20260813 23:57:20[0m][[36mrank-0/5[0m][1m[INFO]     [0m[1m[----------------------patch_runner.py:92] : --------------------------------------------------------------------------------[0m
[[32m20260813 23:57:20[0m][[36mrank-0/5[0m][1m[INFO]     [0m[1m[----------------------patch_runner.py:93] : [Patch] Executing patches: backend=megatron, phase=before_train, backend_version=0.16.0rc0, primus_version=None, model=llama2_7B.yaml, module=pre_trainer, platform=None, dry_run=False, enabled_ids=None[0m
[[32m20260813 23:57:20[0m][[36mrank-0/5[0m][1m[INFO]     [0m[1m[----------------------------patch.py:115] : [Patch] ⊘ Skipped: megatron.validate_args.decoder_pipeline_manual_split (condition not met)[0m
[[32m20260813 23:57:20[0m][[36mrank-0/5[0m][1m[INFO]     [0m[1m[----------------------------patch.py:115] : [Patch] ⊘ Skipped: megatron.validate_args.fp4_te_version (condition not met)[0m
[[32m20260813 23:57:20[0m][[36mrank-0/5[0m][1m[INFO]     [0m[1m[----------------------------patch.py:115] : [Patch] ⊘ Skipped: megatron.training.training.skip_float16_module (condition not met)[0m
[[32m20260813 23:57:20[0m][[36mrank-0/5[0m][1m[INFO]     [0m[1m[----------------------------patch.py:115] : [Patch] ⊘ Skipped: megatron.dataloader_mp_context (condition not met)[0m
[[32m20260813 23:57:20[0m][[36mrank-0/5[0m][1m[INFO]     [0m[1m[----------------------------patch.py:115] : [Patch] ⊘ Skipped: megatron.ddp.overlap_param_gather_compile (condition not met)[0m
[[32m20260813 23:57:20[0m][[36mrank-0/5[0m][1m[INFO]     [0m[1m[----------------------------patch.py:115] : [Patch] ⊘ Skipped: megatron.deepseek_v4.flops_reporting (condition not met)[0m
[[32m20260813 23:57:20[0m][[36mrank-0/5[0m][1m[INFO]     [0m[1m[----------------------------patch.py:115] : [Patch] ⊘ Skipped: megatron.deepseek_v4.pp_token_pre_broadcast (condition not met)[0m
[[32m20260813 23:57:20[0m][[36mrank-0/5[0m][1m[INFO]     [0m[1m[----------------------------patch.py:115] : [Patch] ⊘ Skipped: megatron.deepseek_v4.pp_tensor_shape (condition not met)[0m
[[32m20260813 23:57:20[0m][[36mrank-0/5[0m][1m[INFO]     [0m[1m[----------------------------patch.py:115] : [Patch] ⊘ Skipped: megatron.fp8.delayed_scaling_update (condition not met)[0m
[[32m20260813 23:57:20[0m][[36mrank-0/5[0m][1m[INFO]     [0m[1m[----------------------------patch.py:115] : [Patch] ⊘ Skipped: megatron.grad_zero_and_data_prefetch (condition not met)[0m
[[32m20260813 23:57:20[0m][[36mrank-0/5[0m][1m[INFO]     [0m[1m[----------------------------patch.py:115] : [Patch] ⊘ Skipped: megatron.distributed.init_process_group_device_id (condition not met)[0m
[[32m20260813 23:57:20[0m][[36mrank-0/5[0m][1m[INFO]     [0m[1m[----------------------------patch.py:115] : [Patch] ⊘ Skipped: megatron.training.evaluate (condition not met)[0m
[[32m20260813 23:57:20[0m][[36mrank-0/5[0m][1m[INFO]     [0m[1m[----------------------------patch.py:115] : [Patch] ⊘ Skipped: megatron.training.train_step_fp8_cache_update (condition not met)[0m
[[32m20260813 23:57:20[0m][[36mrank-0/5[0m][1m[INFO]     [0m[1m[----------------------------patch.py:115] : [Patch] ⊘ Skipped: megatron.gpt.decoder_layer_specs (condition not met)[0m
[[32m20260813 23:57:20[0m][[36mrank-0/5[0m][1m[INFO]     [0m[1m[----------------------------patch.py:115] : [Patch] ⊘ Skipped: megatron.fsdp.device_mesh (condition not met)[0m
[[32m20260813 23:57:20[0m][[36mrank-0/5[0m][1m[INFO]     [0m[1m[----------------------------patch.py:115] : [Patch] ⊘ Skipped: megatron.transformer.patch_mla_attention (condition not met)[0m
[[32m20260813 23:57:20[0m][[36mrank-0/5[0m][1m[INFO]     [0m[1m[----------------------------patch.py:115] : [Patch] ⊘ Skipped: megatron.moe.deprecated_20241209 (condition not met)[0m
[[32m20260813 23:57:20[0m][[36mrank-0/5[0m][1m[INFO]     [0m[1m[----------------------------patch.py:115] : [Patch] ⊘ Skipped: megatron.moe_alltoall_dtoh_turbo_grouped_gemm (condition not met)[0m
[[32m20260813 23:57:20[0m][[36mrank-0/5[0m][1m[INFO]     [0m[1m[----------------------------patch.py:115] : [Patch] ⊘ Skipped: megatron.moe.permute_fusion (condition not met)[0m
[[32m20260813 23:57:20[0m][[36mrank-0/5[0m][1m[INFO]     [0m[1m[----------------------------patch.py:115] : [Patch] ⊘ Skipped: megatron.optimizer.fsdp2_fp32_param (condition not met)[0m
[[32m20260813 23:57:20[0m][[36mrank-0/5[0m][1m[INFO]     [0m[1m[----------------------------patch.py:115] : [Patch] ⊘ Skipped: megatron.optimizer.fsdp2_bf16_master_weight (condition not met)[0m
[[32m20260813 23:57:20[0m][[36mrank-0/5[0m][1m[INFO]     [0m[1m[----------------------------patch.py:115] : [Patch] ⊘ Skipped: megatron.optimizer.precision_aware_fp8_tensorwise (condition not met)[0m
[[32m20260813 23:57:20[0m][[36mrank-0/5[0m][1m[INFO]     [0m[1m[----------------------------patch.py:115] : [Patch] ⊘ Skipped: megatron.pretrain_gpt.forward_step.zero_bubble (condition not met)[0m
[[32m20260813 23:57:20[0m][[36mrank-0/5[0m][1m[INFO]     [0m[1m[----------------------------patch.py:115] : [Patch] ⊘ Skipped: megatron.pp.linear_grad_split (condition not met)[0m
[[32m20260813 23:57:20[0m][[36mrank-0/5[0m][1m[INFO]     [0m[1m[----------------------------patch.py:115] : [Patch] ⊘ Skipped: megatron.pp.schedule (condition not met)[0m
[[32m20260813 23:57:20[0m][[36mrank-0/5[0m][1m[INFO]     [0m[1m[----------------------------patch.py:115] : [Patch] ⊘ Skipped: megatron.pp.te_wgrad_split (condition not met)[0m
[[32m20260813 23:57:20[0m][[36mrank-0/5[0m][1m[INFO]     [0m[1m[----------------------------patch.py:115] : [Patch] ⊘ Skipped: megatron.training.train_step_seq_split (condition not met)[0m
[[32m20260813 23:57:20[0m][[36mrank-0/5[0m][1m[INFO]     [0m[1m[----------------------------patch.py:115] : [Patch] ⊘ Skipped: megatron.pp.v_schedule (condition not met)[0m
[[32m20260813 23:57:20[0m][[36mrank-0/5[0m][1m[INFO]     [0m[1m[----------------------------patch.py:115] : [Patch] ⊘ Skipped: megatron.pp.zero_bubble_optimizer (condition not met)[0m
[[32m20260813 23:57:20[0m][[36mrank-0/5[0m][1m[INFO]     [0m[1m[----------------------------patch.py:115] : [Patch] ⊘ Skipped: megatron.distributed.sdma_param_all_gather (condition not met)[0m
[[32m20260813 23:57:20[0m][[36mrank-0/5[0m][1m[INFO]     [0m[1m[----------------------------patch.py:115] : [Patch] ⊘ Skipped: megatron.pp.dump_pp_data.before_train (condition not met)[0m
[[32m20260813 23:57:20[0m][[36mrank-0/5[0m][1m[INFO]     [0m[1m[----------------------------patch.py:115] : [Patch] ⊘ Skipped: megatron.transformer.custom_recompute_layer_ids (condition not met)[0m
[[32m20260813 23:57:20[0m][[36mrank-0/5[0m][1m[INFO]     [0m[1m[----------------------------patch.py:115] : [Patch] ⊘ Skipped: megatron.fsdp.sdma_symm_mem_collectives (condition not met)[0m
[[32m20260813 23:57:20[0m][[36mrank-0/5[0m][1m[INFO]     [0m[1m[----------------------------patch.py:115] : [Patch] ⊘ Skipped: megatron.sft.grad_sanitize (condition not met)[0m
[[32m20260813 23:57:20[0m][[36mrank-0/5[0m][1m[INFO]     [0m[1m[----------------------------patch.py:115] : [Patch] ⊘ Skipped: megatron.te.fmha_bshd_layout (condition not met)[0m
[[32m20260813 23:57:20[0m][[36mrank-0/5[0m][1m[INFO]     [0m[1m[----------------------------patch.py:115] : [Patch] ⊘ Skipped: megatron.te.delayed_scaling_reduce_amax (condition not met)[0m
[[32m20260813 23:57:20[0m][[36mrank-0/5[0m][1m[INFO]     [0m[1m[----------------------------patch.py:115] : [Patch] ⊘ Skipped: megatron.te.delayed_scaling_save_original_input (condition not met)[0m
[[32m20260813 23:57:20[0m][[36mrank-0/5[0m][1m[INFO]     [0m[1m[----------------------------patch.py:115] : [Patch] ⊘ Skipped: megatron.te.dpa_consolidated_prologue (condition not met)[0m
[[32m20260813 23:57:20[0m][[36mrank-0/5[0m][1m[INFO]     [0m[1m[----------------------------patch.py:115] : [Patch] ⊘ Skipped: megatron.te.fused_bias_swiglu (condition not met)[0m
[[32m20260813 23:57:20[0m][[36mrank-0/5[0m][1m[INFO]     [0m[1m[----------------------------patch.py:115] : [Patch] ⊘ Skipped: megatron.te.layernorm_linear_fp8_cache (condition not met)[0m
[[32m20260813 23:57:20[0m][[36mrank-0/5[0m][1m[INFO]     [0m[1m[----------------------------patch.py:115] : [Patch] ⊘ Skipped: megatron.pp.legacy_grouped_mlp_wgrad_split (condition not met)[0m
[[32m20260813 23:57:20[0m][[36mrank-0/5[0m][1m[INFO]     [0m[1m[----------------------------patch.py:115] : [Patch] ⊘ Skipped: megatron.te.linear_fp8_cache (condition not met)[0m
[[32m20260813 23:57:20[0m][[36mrank-0/5[0m][1m[INFO]     [0m[1m[----------------------------patch.py:115] : [Patch] ⊘ Skipped: megatron.te.tp_overlap_te2 (condition not met)[0m
[[32m20260813 23:57:20[0m][[36mrank-0/5[0m][1m[INFO]     [0m[1m[----------------------------patch.py:115] : [Patch] ⊘ Skipped: megatron.te.tp_overlap_te1 (condition not met)[0m
[[32m20260813 23:57:20[0m][[36mrank-0/5[0m][1m[INFO]     [0m[1m[----------------------------patch.py:115] : [Patch] ⊘ Skipped: megatron.training.torch_compile (condition not met)[0m
[[32m20260813 23:57:20[0m][[36mrank-0/5[0m][1m[INFO]     [0m[1m[----------------------------patch.py:115] : [Patch] ⊘ Skipped: megatron.fsdp.torch_fsdp2 (condition not met)[0m
[[32m20260813 23:57:20[0m][[36mrank-0/5[0m][1m[INFO]     [0m[1m[----------------------------patch.py:115] : [Patch] ⊘ Skipped: megatron.turbo.aiter_deepbind (condition not met)[0m
[[32m20260813 23:57:20[0m][[36mrank-0/5[0m][1m[INFO]     [0m[1m[----------------------------patch.py:115] : [Patch] ⊘ Skipped: megatron.core.enums (condition not met)[0m
[[32m20260813 23:57:20[0m][[36mrank-0/5[0m][1m[INFO]     [0m[1m[----------------------------patch.py:115] : [Patch] ⊘ Skipped: megatron.core.fp4_utils (condition not met)[0m
[[32m20260813 23:57:20[0m][[36mrank-0/5[0m][1m[INFO]     [0m[1m[----------------------------patch.py:115] : [Patch] ⊘ Skipped: megatron.fp8.context (condition not met)[0m
[[32m20260813 23:57:20[0m][[36mrank-0/5[0m][1m[INFO]     [0m[1m[----------------------------patch.py:115] : [Patch] ⊘ Skipped: transformer_engine.pytorch.fp8 (condition not met)[0m
[[32m20260813 23:57:20[0m][[36mrank-0/5[0m][1m[INFO]     [0m[1m[----------------------------patch.py:115] : [Patch] ⊘ Skipped: megatron.turbo.fused_residual_norm (condition not met)[0m
[[32m20260813 23:57:20[0m][[36mrank-0/5[0m][1m[INFO]     [0m[1m[----------------------------patch.py:115] : [Patch] ⊘ Skipped: megatron.turbo.moe_dispatcher (condition not met)[0m
[[32m20260813 23:57:20[0m][[36mrank-0/5[0m][1m[INFO]     [0m[1m[----------------------------patch.py:115] : [Patch] ⊘ Skipped: megatron.turbo.rms_norm (condition not met)[0m
[[32m20260813 23:57:20[0m][[36mrank-0/5[0m][1m[INFO]     [0m[1m[-----------------------------utils.py:33] : [Patch:megatron.turbo.te_spec_provider] Primus Turbo enabled; using Primus Turbo backend...[0m
[[32m20260813 23:57:20[0m][[36mrank-0/5[0m][1m[INFO]     [0m[1m[----------------------------patch.py:115] : [Patch] ⊘ Skipped: megatron.training.validation_num_samples (condition not met)[0m
[[32m20260813 23:57:20[0m][[36mrank-0/5[0m][1m[INFO]     [0m[1m[----------------------------patch.py:115] : [Patch] ⊘ Skipped: megatron.training.validation_data_loader (condition not met)[0m
[[32m20260813 23:57:20[0m][[36mrank-0/5[0m][1m[INFO]     [0m[1m[----------------------------patch.py:115] : [Patch] ⊘ Skipped: megatron.training.zebra_llama_flops (condition not met)[0m
[[32m20260813 23:57:20[0m][[36mrank-0/5[0m][1m[INFO]     [0m[1m[----------------------------patch.py:115] : [Patch] ⊘ Skipped: mlperf_llama2_70b.megatron.fp4_mxfp4 (condition not met)[0m
[[32m20260813 23:57:20[0m][[36mrank-0/5[0m][1m[INFO]     [0m[1m[----------------------------patch.py:115] : [Patch] ⊘ Skipped: mlperf_llama2_70b.megatron.te_swiglu (condition not met)[0m
[[32m20260813 23:57:20[0m][[36mrank-0/5[0m][1m[INFO]     [0m[1m[---------------------patch_runner.py:107] : [Patch] Pre-filtered 21 patches (out of 80 total) for megatron/before_train[0m
[[32m20260813 23:57:20[0m][[36mrank-0/5[0m][1m[INFO]     [0m[1m[---------------------patch_runner.py:116] : --------------------------------------------------------------------------------[0m
[[32m20260813 23:57:20[0m][[36mrank-0/5[0m][1m[INFO]     [0m[1m[---------------------patch_runner.py:126] : [Patch] Applying megatron.runtime.skip_compile_dependencies: Skip Megatron CUDA fused kernel compilation (ROCm compatibility)[0m
[[32m20260813 23:57:20[0m][[36mrank-0/5[0m][1m[INFO]     [0m[1m[-------------runtime_hooks_patches.py:46] : [Patch:megatron.runtime.skip_compile_dependencies] Patching _compile_dependencies to skip CUDA kernel compilation[0m
[[32m20260813 23:57:20[0m][[36mrank-0/5[0m][1m[INFO]     [0m[1m[-------------runtime_hooks_patches.py:59] : [Patch:megatron.runtime.skip_compile_dependencies] Patched _compile_dependencies to skip CUDA kernel compilation[0m
[[32m20260813 23:57:20[0m][[36mrank-0/5[0m][1m[INFO]     [0m[1m[---------------------patch_runner.py:130] : [Patch] ✓ Applied: megatron.runtime.skip_compile_dependencies (priority=0)[0m
[[32m20260813 23:57:20[0m][[36mrank-0/5[0m][1m[INFO]     [0m[1m[---------------------patch_runner.py:116] : --------------------------------------------------------------------------------[0m
[[32m20260813 23:57:20[0m][[36mrank-0/5[0m][1m[INFO]     [0m[1m[---------------------patch_runner.py:126] : [Patch] Applying megatron.training.skip_redundant_mp_sync: Skip redundant model-parallel all-reduces when TP=1 and PP=1[0m
[[32m20260813 23:57:20[0m][[36mrank-0/5[0m][1m[INFO]     [0m[1m[--------------mp_sync_skip_patches.py:63] : [Patch:skip_redundant_mp_sync] Replaced MP sync functions with passthrough (TP=1, PP=1)[0m
[[32m20260813 23:57:20[0m][[36mrank-0/5[0m][1m[INFO]     [0m[1m[---------------------patch_runner.py:130] : [Patch] ✓ Applied: megatron.training.skip_redundant_mp_sync (priority=35)[0m
[[32m20260813 23:57:20[0m][[36mrank-0/5[0m][1m[INFO]     [0m[1m[---------------------patch_runner.py:116] : --------------------------------------------------------------------------------[0m
[[32m20260813 23:57:20[0m][[36mrank-0/5[0m][1m[INFO]     [0m[1m[---------------------patch_runner.py:126] : [Patch] Applying megatron.turbo.te_spec_provider: Replace TESpecProvider with Primus provider for PrimusTurbo or legacy grouped GEMM[0m
[[32m20260813 23:57:20[0m][[36mrank-0/5[0m][1m[INFO]     [0m[1m[----------te_spec_provider_patches.py:70] : [Patch:megatron.turbo.te_spec_provider] Patch TESpecProvider to PrimusTurboSpecProvider; PrimusTurbo backend enabled[0m
[[32m20260813 23:57:20[0m][[36mrank-0/5[0m][1m[INFO]     [0m[1m[----------te_spec_provider_patches.py:81] : [Patch:megatron.turbo.te_spec_provider]   Patched megatron.core.extensions.transformer_engine.TESpecProvider -> PrimusTurboSpecProvider[0m
[[32m20260813 23:57:20[0m][[36mrank-0/5[0m][1m[INFO]     [0m[1m[----------te_spec_provider_patches.py:87] : [Patch:megatron.turbo.te_spec_provider]   Patched megatron.core.models.gpt.gpt_layer_specs.TESpecProvider -> PrimusTurboSpecProvider[0m
[[32m20260813 23:57:20[0m][[36mrank-0/5[0m][1m[INFO]     [0m[1m[----------te_spec_provider_patches.py:93] : [Patch:megatron.turbo.te_spec_provider]   Patched megatron.core.models.gpt.moe_module_specs.TESpecProvider -> PrimusTurboSpecProvider[0m
[[32m20260813 23:57:20[0m][[36mrank-0/5[0m][1m[INFO]     [0m[1m[----------te_spec_provider_patches.py:99] : [Patch:megatron.turbo.te_spec_provider]   Patched megatron.core.transformer.multi_token_prediction.TESpecProvider -> PrimusTurboSpecProvider[0m
[[32m20260813 23:57:20[0m][[36mrank-0/5[0m][1m[INFO]     [0m[1m[---------te_spec_provider_patches.py:104] : [Patch:megatron.turbo.te_spec_provider] Using Primus spec provider (PrimusTurbo backend enabled)[0m
[[32m20260813 23:57:20[0m][[36mrank-0/5[0m][1m[INFO]     [0m[1m[---------------------patch_runner.py:130] : [Patch] ✓ Applied: megatron.turbo.te_spec_provider (priority=41)[0m
[[32m20260813 23:57:20[0m][[36mrank-0/5[0m][1m[INFO]     [0m[1m[---------------------patch_runner.py:116] : --------------------------------------------------------------------------------[0m
[[32m20260813 23:57:20[0m][[36mrank-0/5[0m][1m[INFO]     [0m[1m[---------------------patch_runner.py:126] : [Patch] Applying megatron.validate_args: Wrap validate_args with ROCm-specific validation[0m
[[32m20260813 23:57:20[0m][[36mrank-0/5[0m][1m[INFO]     [0m[1m[-------------validate_args_patches.py:51] : [Patch:megatron.validate_args] Wrapped with ROCm validation[0m
[[32m20260813 23:57:20[0m][[36mrank-0/5[0m][1m[INFO]     [0m[1m[---------------------patch_runner.py:130] : [Patch] ✓ Applied: megatron.validate_args (priority=50)[0m
[[32m20260813 23:57:20[0m][[36mrank-0/5[0m][1m[INFO]     [0m[1m[---------------------patch_runner.py:116] : --------------------------------------------------------------------------------[0m
[[32m20260813 23:57:20[0m][[36mrank-0/5[0m][1m[INFO]     [0m[1m[---------------------patch_runner.py:126] : [Patch] Applying megatron.attention_backend.rocm_safe: Let attention_backend override ROCm's baked NVTE_*_ATTN instead of asserting[0m
[[32m20260813 23:57:20[0m][[36mrank-0/5[0m][1m[INFO]     [0m[1m[---------attention_backend_patches.py:85] : [Patch:megatron.attention_backend.rocm_safe] attention_backend now overrides baked NVTE_*_ATTN[0m
[[32m20260813 23:57:20[0m][[36mrank-0/5[0m][1m[INFO]     [0m[1m[---------------------patch_runner.py:130] : [Patch] ✓ Applied: megatron.attention_backend.rocm_safe (priority=50)[0m
[[32m20260813 23:57:20[0m][[36mrank-0/5[0m][1m[INFO]     [0m[1m[---------------------patch_runner.py:116] : --------------------------------------------------------------------------------[0m
[[32m20260813 23:57:20[0m][[36mrank-0/5[0m][1m[INFO]     [0m[1m[---------------------patch_runner.py:126] : [Patch] Applying megatron.training.training.get_model.disable_second_ddp: Monkey patch megatron.training.training.get_model to disable the second DDP construction inside torch.cuda.stream().[0m
[[32m20260813 23:57:20[0m][[36mrank-0/5[0m][1m[INFO]     [0m[1m[---------------build_model_patches.py:71] : [Patch:megatron.get_model] Disabled second DDP via torch.cuda.stream no-op wrapper[0m
[[32m20260813 23:57:20[0m][[36mrank-0/5[0m][1m[INFO]     [0m[1m[---------------------patch_runner.py:130] : [Patch] ✓ Applied: megatron.training.training.get_model.disable_second_ddp (priority=50)[0m
[[32m20260813 23:57:20[0m][[36mrank-0/5[0m][1m[INFO]     [0m[1m[---------------------patch_runner.py:116] : --------------------------------------------------------------------------------[0m
[[32m20260813 23:57:20[0m][[36mrank-0/5[0m][1m[INFO]     [0m[1m[---------------------patch_runner.py:126] : [Patch] Applying megatron.patch.apply_factory_merges_tolerant: Patch apply_factory_merges to tolerate missing keys (e.g. LoRA adapter factories not in base checkpoint) when loading PEFT-wrapped models from a base Megatron checkpoint.[0m
[[32m20260813 23:57:20[0m][[36mrank-0/5[0m][1m[INFO]     [0m[1m[----------------checkpoint_patches.py:38] : [Patch:megatron.patch.apply_factory_merges_tolerant] Patching apply_factory_merges...[0m
[[32m20260813 23:57:20[0m][[36mrank-0/5[0m][1m[INFO]     [0m[1m[----------------checkpoint_patches.py:86] : [Patch:megatron.patch.apply_factory_merges_tolerant] Patch applied.[0m
[[32m20260813 23:57:20[0m][[36mrank-0/5[0m][1m[INFO]     [0m[1m[---------------------patch_runner.py:130] : [Patch] ✓ Applied: megatron.patch.apply_factory_merges_tolerant (priority=50)[0m
[[32m20260813 23:57:20[0m][[36mrank-0/5[0m][1m[INFO]     [0m[1m[---------------------patch_runner.py:116] : --------------------------------------------------------------------------------[0m
[[32m20260813 23:57:20[0m][[36mrank-0/5[0m][1m[INFO]     [0m[1m[---------------------patch_runner.py:126] : [Patch] Applying megatron.patch.load_checkpoint_distributed_fix: Fix load_checkpoint to handle torch_dist checkpoints where model weights are already loaded via dist_checkpointing.load() and state_dict has no 'model' key.[0m
[[32m20260813 23:57:20[0m][[36mrank-0/5[0m][1m[INFO]     [0m[1m[---------------checkpoint_patches.py:105] : [Patch:megatron.checkpoint.load_checkpoint] Patching for distributed checkpoint support...[0m
[[32m20260813 23:57:20[0m][[36mrank-0/5[0m][1m[INFO]     [0m[1m[---------------checkpoint_patches.py:144] : [Patch:megatron.checkpoint.load_checkpoint] Patch applied successfully.[0m
[[32m20260813 23:57:20[0m][[36mrank-0/5[0m][1m[INFO]     [0m[1m[---------------------patch_runner.py:130] : [Patch] ✓ Applied: megatron.patch.load_checkpoint_distributed_fix (priority=50)[0m
[[32m20260813 23:57:20[0m][[36mrank-0/5[0m][1m[INFO]     [0m[1m[---------------------patch_runner.py:116] : --------------------------------------------------------------------------------[0m
[[32m20260813 23:57:20[0m][[36mrank-0/5[0m][1m[INFO]     [0m[1m[---------------------patch_runner.py:126] : [Patch] Applying megatron.patch.filesystem_writer_async: Replace Megatron's FileSystemWriterAsync with Primus implementation to support ROCm-aware checkpointing behavior.[0m
[[32m20260813 23:57:20[0m][[36mrank-0/5[0m][1m[INFO]     [0m[1m[---------------checkpoint_patches.py:165] : [Patch:megatron.checkpoint.filesystem_writer_async] Patching FileSystemWriterAsync...[0m
[[32m20260813 23:57:20[0m][[36mrank-0/5[0m][1m[INFO]     [0m[1m[---------------checkpoint_patches.py:175] : [Patch:megatron.checkpoint.filesystem_writer_async] Patch FileSystemWriterAsync successfully.[0m
[[32m20260813 23:57:20[0m][[36mrank-0/5[0m][1m[INFO]     [0m[1m[---------------------patch_runner.py:130] : [Patch] ✓ Applied: megatron.patch.filesystem_writer_async (priority=50)[0m
[[32m20260813 23:57:20[0m][[36mrank-0/5[0m][1m[INFO]     [0m[1m[---------------------patch_runner.py:116] : --------------------------------------------------------------------------------[0m
[[32m20260813 23:57:20[0m][[36mrank-0/5[0m][1m[INFO]     [0m[1m[---------------------patch_runner.py:126] : [Patch] Applying megatron.checkpoint.save_checkpoint: Wrap save_checkpoint to skip saving at the last iteration[0m
[[32m20260813 23:57:20[0m][[36mrank-0/5[0m][1m[INFO]     [0m[1m[---------------checkpoint_patches.py:253] : [Patch:megatron.checkpoint.save_checkpoint] Patch save_checkpoint successfully.[0m
[[32m20260813 23:57:20[0m][[36mrank-0/5[0m][1m[INFO]     [0m[1m[---------------------patch_runner.py:130] : [Patch] ✓ Applied: megatron.checkpoint.save_checkpoint (priority=50)[0m
[[32m20260813 23:57:20[0m][[36mrank-0/5[0m][1m[INFO]     [0m[1m[---------------------patch_runner.py:116] : --------------------------------------------------------------------------------[0m
[[32m20260813 23:57:20[0m][[36mrank-0/5[0m][1m[INFO]     [0m[1m[---------------------patch_runner.py:126] : [Patch] Applying megatron.emerging_optimizers.log_level: Raise the 'absl' logger (used by emerging_optimizers) to INFO so the Muon Newton-Schulz coefficient DEBUG lines do not flood the logs.[0m
[[32m20260813 23:57:20[0m][[36mrank-0/5[0m][1m[INFO]     [0m[1m[emerging_optimizers_log_level_patches.py:58] : [Patch:megatron.emerging_optimizers.log_level] 'absl' logger raised to INFO.[0m
[[32m20260813 23:57:20[0m][[36mrank-0/5[0m][1m[INFO]     [0m[1m[------------------------patch_runner.py:130] : [Patch] ✓ Applied: megatron.emerging_optimizers.log_level (priority=50)[0m
[[32m20260813 23:57:20[0m][[36mrank-0/5[0m][1m[INFO]     [0m[1m[------------------------patch_runner.py:116] : --------------------------------------------------------------------------------[0m
[[32m20260813 23:57:20[0m][[36mrank-0/5[0m][1m[INFO]     [0m[1m[------------------------patch_runner.py:126] : [Patch] Applying megatron.fused_pad_routing_map: Replace Megatron fused_pad_routing_map with the Primus Triton implementation[0m
[[32m20260813 23:57:20[0m][[36mrank-0/5[0m][1m[INFO]     [0m[1m[--------fused_pad_routing_map_patches.py:40] : [Patch:megatron.fused_pad_routing_map] Patching fused_pad_routing_map...[0m
[[32m20260813 23:57:21[0m][[36mrank-1/5[0m][34m[1m[DEBUG]    [0m[34m[1m[-------hipify_python.py:215] : /opt/venv/lib/python3.12/site-packages/apex/csrc/megatron/fused_weight_gradient_dense.cpp -> /opt/venv/lib/python3.12/site-packages/apex/csrc/megatron/fused_weight_gradient_dense.cpp [skipped, no changes][0m
[[32m20260813 23:57:21[0m][[36mrank-1/5[0m][34m[1m[DEBUG]    [0m[34m[1m[-------hipify_python.py:215] : /opt/venv/lib/python3.12/site-packages/apex/csrc/compat.h -> /opt/venv/lib/python3.12/site-packages/apex/csrc/compat.h [skipped, no changes][0m
[[32m20260813 23:57:21[0m][[36mrank-1/5[0m][34m[1m[DEBUG]    [0m[34m[1m[-------hipify_python.py:215] : /opt/venv/lib/python3.12/site-packages/apex/csrc/type_shim.h -> /opt/venv/lib/python3.12/site-packages/apex/csrc/type_shim_hip.h [ok][0m
[[32m20260813 23:57:21[0m][[36mrank-1/5[0m][34m[1m[DEBUG]    [0m[34m[1m[-------hipify_python.py:215] : /opt/venv/lib/python3.12/site-packages/apex/csrc/megatron/fused_weight_gradient_dense_cuda.cu -> /opt/venv/lib/python3.12/site-packages/apex/csrc/megatron/fused_weight_gradient_dense_hip.hip [skipped, already hipified][0m
[[32m20260813 23:57:21[0m][[36mrank-1/5[0m][34m[1m[DEBUG]    [0m[34m[1m[-------hipify_python.py:215] : /opt/venv/lib/python3.12/site-packages/apex/csrc/megatron/fused_weight_gradient_dense_16bit_prec_cuda.cu -> /opt/venv/lib/python3.12/site-packages/apex/csrc/megatron/fused_weight_gradient_dense_16bit_prec_hip.hip [skipped, already hipified][0m
[[32m20260813 23:57:21[0m][[36mrank-1/5[0m][34m[1m[DEBUG]    [0m[34m[1m[-------hipify_python.py:215] : /opt/venv/lib/python3.12/site-packages/apex/csrc/static_switch.h -> /opt/venv/lib/python3.12/site-packages/apex/csrc/static_switch.h [skipped, no changes][0m
[[32m20260813 23:57:21[0m][[36mrank-1/5[0m][34m[1m[DEBUG]    [0m[34m[1m[-------hipify_python.py:215] : /opt/venv/lib/python3.12/site-packages/apex/csrc/compat.h -> /opt/venv/lib/python3.12/site-packages/apex/csrc/compat.h [skipped, no changes][0m
[[32m20260813 23:57:21[0m][[36mrank-1/5[0m][34m[1m[DEBUG]    [0m[34m[1m[-------hipify_python.py:215] : /opt/venv/lib/python3.12/site-packages/apex/csrc/multi_tensor_apply_base.cuh -> /opt/venv/lib/python3.12/site-packages/apex/csrc/multi_tensor_apply_base_hip.cuh [skipped, already hipified][0m
[[32m20260813 23:57:21[0m][[36mrank-1/5[0m][34m[1m[DEBUG]    [0m[34m[1m[-------hipify_python.py:215] : /opt/venv/lib/python3.12/site-packages/apex/csrc/multi_tensor_apply.cuh -> /opt/venv/lib/python3.12/site-packages/apex/csrc/multi_tensor_apply_hip.cuh [skipped, already hipified][0m
[[32m20260813 23:57:21[0m][[36mrank-1/5[0m][34m[1m[DEBUG]    [0m[34m[1m[-------hipify_python.py:215] : /opt/venv/lib/python3.12/site-packages/apex/csrc/type_shim.h -> /opt/venv/lib/python3.12/site-packages/apex/csrc/type_shim_hip.h [skipped, already hipified][0m
[[32m20260813 23:57:21[0m][[36mrank-1/5[0m][34m[1m[DEBUG]    [0m[34m[1m[-------hipify_python.py:215] : /opt/venv/lib/python3.12/site-packages/apex/csrc/megatron/scaled_upper_triang_masked_softmax.h -> /opt/venv/lib/python3.12/site-packages/apex/csrc/megatron/scaled_upper_triang_masked_softmax_hip.h [skipped, already hipified][0m
[[32m20260813 23:57:21[0m][[36mrank-1/5[0m][34m[1m[DEBUG]    [0m[34m[1m[-------hipify_python.py:215] : /opt/venv/lib/python3.12/site-packages/apex/csrc/megatron/fused_rotary_positional_embedding.h -> /opt/venv/lib/python3.12/site-packages/apex/csrc/megatron/fused_rotary_positional_embedding_hip.h [skipped, already hipified][0m
[[32m20260813 23:57:21[0m][[36mrank-1/5[0m][34m[1m[DEBUG]    [0m[34m[1m[-------hipify_python.py:215] : /opt/venv/lib/python3.12/site-packages/apex/csrc/megatron/scaled_masked_softmax.h -> /opt/venv/lib/python3.12/site-packages/apex/csrc/megatron/scaled_masked_softmax_hip.h [skipped, already hipified][0m
[[32m20260813 23:57:21[0m][[36mrank-1/5[0m][34m[1m[DEBUG]    [0m[34m[1m[-------hipify_python.py:215] : /opt/venv/lib/python3.12/site-packages/apex/csrc/megatron/generic_scaled_masked_softmax.h -> /opt/venv/lib/python3.12/site-packages/apex/csrc/megatron/generic_scaled_masked_softmax_hip.h [skipped, already hipified][0m
[[32m20260813 23:57:21[0m][[36mrank-1/5[0m][34m[1m[DEBUG]    [0m[34m[1m[-------hipify_python.py:215] : /opt/venv/lib/python3.12/site-packages/apex/csrc/megatron/scaled_upper_triang_masked_softmax.h -> /opt/venv/lib/python3.12/site-packages/apex/csrc/megatron/scaled_upper_triang_masked_softmax_hip.h [skipped, already hipified][0m
[[32m20260813 23:57:21[0m][[36mrank-1/5[0m][34m[1m[DEBUG]    [0m[34m[1m[-------hipify_python.py:215] : /opt/venv/lib/python3.12/site-packages/apex/csrc/megatron/fused_rotary_positional_embedding.h -> /opt/venv/lib/python3.12/site-packages/apex/csrc/megatron/fused_rotary_positional_embedding_hip.h [skipped, already hipified][0m
[[32m20260813 23:57:21[0m][[36mrank-1/5[0m][34m[1m[DEBUG]    [0m[34m[1m[-------hipify_python.py:215] : /opt/venv/lib/python3.12/site-packages/apex/csrc/megatron/scaled_masked_softmax.h -> /opt/venv/lib/python3.12/site-packages/apex/csrc/megatron/scaled_masked_softmax_hip.h [skipped, already hipified][0m
[[32m20260813 23:57:21[0m][[36mrank-1/5[0m][34m[1m[DEBUG]    [0m[34m[1m[-------hipify_python.py:215] : /opt/venv/lib/python3.12/site-packages/apex/csrc/megatron/generic_scaled_masked_softmax.h -> /opt/venv/lib/python3.12/site-packages/apex/csrc/megatron/generic_scaled_masked_softmax_hip.h [skipped, already hipified][0m
[[32m20260813 23:57:21[0m][[36mrank-1/5[0m][34m[1m[DEBUG]    [0m[34m[1m[------hipify_python.py:1169] : [92mSuccessfully preprocessed all matching files.[0m[0m
[[32m20260813 23:57:21[0m][[36mrank-1/5[0m][34m[1m[DEBUG]    [0m[34m[1m[-------hipify_python.py:226] : Total number of unsupported CUDA function calls: 0[0m
[[32m20260813 23:57:21[0m][[36mrank-1/5[0m][34m[1m[DEBUG]    [0m[34m[1m[-------hipify_python.py:229] : [0m
[[32m20260813 23:57:21[0m][[36mrank-1/5[0m][34m[1m[DEBUG]    [0m[34m[1m[-------hipify_python.py:232] : 
Total number of replaced kernel launches: 164[0m
[1/4] c++ -MMD -MF fused_weight_gradient_dense.o.d -DTORCH_EXTENSION_NAME=fused_weight_gradient_mlp_cuda -DTORCH_API_INCLUDE_EXTENSION_H -I/opt/venv/lib/python3.12/site-packages/apex/csrc -I/opt/venv/lib/python3.12/site-packages/apex/csrc/megatron -isystem /opt/venv/lib/python3.12/site-packages/torch/include -isystem /opt/venv/lib/python3.12/site-packages/torch/include/torch/csrc/api/include -isystem /opt/venv/lib/python3.12/site-packages/torch/include/THH -isystem /opt/venv/lib/python3.12/site-packages/_rocm_sdk_devel/include -isystem /usr/include/python3.12 -fPIC -std=c++20 -O3 -std=c++17 -g -Wno-reorder -DVERSION_GE_1_1 -DVERSION_GE_1_3 -DVERSION_GE_1_5 -UC10_USE_GLOG -D__HIP_PLATFORM_AMD__=1 -DROCM_WAVEFRONT_SIZE=64 -c /opt/venv/lib/python3.12/site-packages/apex/csrc/megatron/fused_weight_gradient_dense.cpp -o fused_weight_gradient_dense.o -D__HIP_PLATFORM_AMD__=1 -DUSE_ROCM=1 -DHIPBLAS_V2 -fPIC
[2/4] /opt/venv/lib/python3.12/site-packages/_rocm_sdk_devel/bin/hipcc  -DWITH_HIP -DTORCH_EXTENSION_NAME=fused_weight_gradient_mlp_cuda -DTORCH_API_INCLUDE_EXTENSION_H -I/opt/venv/lib/python3.12/site-packages/apex/csrc -I/opt/venv/lib/python3.12/site-packages/apex/csrc/megatron -isystem /opt/venv/lib/python3.12/site-packages/torch/include -isystem /opt/venv/lib/python3.12/site-packages/torch/include/torch/csrc/api/include -isystem /opt/venv/lib/python3.12/site-packages/torch/include/THH -isystem /opt/venv/lib/python3.12/site-packages/_rocm_sdk_devel/include -isystem /usr/include/python3.12 -O3 -std=c++17 -g -Wno-reorder -DVERSION_GE_1_1 -DVERSION_GE_1_3 -DVERSION_GE_1_5 -UC10_USE_GLOG -D__HIP_PLATFORM_AMD__=1 -DROCM_WAVEFRONT_SIZE=64 -D__HIP_PLATFORM_AMD__=1 -DUSE_ROCM=1 -DHIPBLAS_V2 -fPIC -DCUDA_HAS_FP16=1 -D__HIP_NO_HALF_OPERATORS__=1 -D__HIP_NO_HALF_CONVERSIONS__=1 -DHIP_ENABLE_WARP_SYNC_BUILTINS=1 -std=c++20 --offload-arch=gfx950 -fno-gpu-rdc -O3 -U__CUDA_NO_HALF_OPERATORS__ -U__CUDA_NO_HALF_CONVERSIONS__ -DVERSION_GE_1_1 -DVERSION_GE_1_3 -DVERSION_GE_1_5 -UC10_USE_GLOG -c /opt/venv/lib/python3.12/site-packages/apex/csrc/megatron/fused_weight_gradient_dense_hip.hip -o fused_weight_gradient_dense_hip.cuda.o 
[3/4] /opt/venv/lib/python3.12/site-packages/_rocm_sdk_devel/bin/hipcc  -DWITH_HIP -DTORCH_EXTENSION_NAME=fused_weight_gradient_mlp_cuda -DTORCH_API_INCLUDE_EXTENSION_H -I/opt/venv/lib/python3.12/site-packages/apex/csrc -I/opt/venv/lib/python3.12/site-packages/apex/csrc/megatron -isystem /opt/venv/lib/python3.12/site-packages/torch/include -isystem /opt/venv/lib/python3.12/site-packages/torch/include/torch/csrc/api/include -isystem /opt/venv/lib/python3.12/site-packages/torch/include/THH -isystem /opt/venv/lib/python3.12/site-packages/_rocm_sdk_devel/include -isystem /usr/include/python3.12 -O3 -std=c++17 -g -Wno-reorder -DVERSION_GE_1_1 -DVERSION_GE_1_3 -DVERSION_GE_1_5 -UC10_USE_GLOG -D__HIP_PLATFORM_AMD__=1 -DROCM_WAVEFRONT_SIZE=64 -D__HIP_PLATFORM_AMD__=1 -DUSE_ROCM=1 -DHIPBLAS_V2 -fPIC -DCUDA_HAS_FP16=1 -D__HIP_NO_HALF_OPERATORS__=1 -D__HIP_NO_HALF_CONVERSIONS__=1 -DHIP_ENABLE_WARP_SYNC_BUILTINS=1 -std=c++20 --offload-arch=gfx950 -fno-gpu-rdc -O3 -U__CUDA_NO_HALF_OPERATORS__ -U__CUDA_NO_HALF_CONVERSIONS__ -DVERSION_GE_1_1 -DVERSION_GE_1_3 -DVERSION_GE_1_5 -UC10_USE_GLOG -c /opt/venv/lib/python3.12/site-packages/apex/csrc/megatron/fused_weight_gradient_dense_16bit_prec_hip.hip -o fused_weight_gradient_dense_16bit_prec_hip.cuda.o 
[4/4] c++ fused_weight_gradient_dense.o fused_weight_gradient_dense_hip.cuda.o fused_weight_gradient_dense_16bit_prec_hip.cuda.o -shared -L/opt/venv/lib/python3.12/site-packages/torch/lib -lc10 -lc10_hip -ltorch_cpu -ltorch_hip -ltorch -ltorch_python -L/opt/venv/lib/python3.12/site-packages/_rocm_sdk_devel/lib -lamdhip64 -o fused_weight_gradient_mlp_cuda.so
[[32m20260813 23:57:40[0m][[36mrank-1/5[0m][34m[1m[DEBUG]    [0m[34m[1m[-------------builder.py:603] : Time to load fused_weight_gradient_mlp_cuda op: 19.903979301452637 seconds[0m
[[32m20260813 23:57:40[0m][[36mrank-1/5[0m][34m[1m[DEBUG]    [0m[34m[1m[-------hipify_python.py:215] : /opt/venv/lib/python3.12/site-packages/apex/csrc/amp_C_frontend.cpp -> /opt/venv/lib/python3.12/site-packages/apex/csrc/amp_C_frontend.cpp [skipped, no changes][0m
[[32m20260813 23:57:40[0m][[36mrank-1/5[0m][34m[1m[DEBUG]    [0m[34m[1m[-------hipify_python.py:215] : /opt/venv/lib/python3.12/site-packages/apex/csrc/multi_tensor_sgd_kernel.cu -> /opt/venv/lib/python3.12/site-packages/apex/csrc/multi_tensor_sgd_kernel.hip [skipped, already hipified][0m
[[32m20260813 23:57:40[0m][[36mrank-3/5[0m][34m[1m[DEBUG]    [0m[34m[1m[-------------builder.py:603] : Time to load fused_weight_gradient_mlp_cuda op: 19.46707797050476 seconds[0m
[[32m20260813 23:57:40[0m][[36mrank-1/5[0m][34m[1m[DEBUG]    [0m[34m[1m[-------hipify_python.py:215] : /opt/venv/lib/python3.12/site-packages/apex/csrc/multi_tensor_scale_kernel.cu -> /opt/venv/lib/python3.12/site-packages/apex/csrc/multi_tensor_scale_kernel.hip [skipped, already hipified][0m
[[32m20260813 23:57:40[0m][[36mrank-2/5[0m][34m[1m[DEBUG]    [0m[34m[1m[-------------builder.py:603] : Time to load fused_weight_gradient_mlp_cuda op: 19.834182262420654 seconds[0m
[[32m20260813 23:57:40[0m][[36mrank-1/5[0m][34m[1m[DEBUG]    [0m[34m[1m[-------hipify_python.py:215] : /opt/venv/lib/python3.12/site-packages/apex/csrc/multi_tensor_axpby_kernel.cu -> /opt/venv/lib/python3.12/site-packages/apex/csrc/multi_tensor_axpby_kernel.hip [skipped, already hipified][0m
[[32m20260813 23:57:40[0m][[36mrank-1/5[0m][34m[1m[DEBUG]    [0m[34m[1m[-------hipify_python.py:215] : /opt/venv/lib/python3.12/site-packages/apex/csrc/multi_tensor_l2norm_kernel.cu -> /opt/venv/lib/python3.12/site-packages/apex/csrc/multi_tensor_l2norm_kernel.hip [skipped, already hipified][0m
[[32m20260813 23:57:40[0m][[36mrank-1/5[0m][34m[1m[DEBUG]    [0m[34m[1m[-------hipify_python.py:215] : /opt/venv/lib/python3.12/site-packages/apex/csrc/multi_tensor_l2norm_kernel_mp.cu -> /opt/venv/lib/python3.12/site-packages/apex/csrc/multi_tensor_l2norm_kernel_mp.hip [skipped, already hipified][0m
[[32m20260813 23:57:40[0m][[36mrank-1/5[0m][34m[1m[DEBUG]    [0m[34m[1m[-------hipify_python.py:215] : /opt/venv/lib/python3.12/site-packages/apex/csrc/multi_tensor_l2norm_scale_kernel.cu -> /opt/venv/lib/python3.12/site-packages/apex/csrc/multi_tensor_l2norm_scale_kernel.hip [skipped, already hipified][0m
[[32m20260813 23:57:40[0m][[36mrank-1/5[0m][34m[1m[DEBUG]    [0m[34m[1m[-------hipify_python.py:215] : /opt/venv/lib/python3.12/site-packages/apex/csrc/multi_tensor_lamb_stage_1.cu -> /opt/venv/lib/python3.12/site-packages/apex/csrc/multi_tensor_lamb_stage_1.hip [skipped, already hipified][0m
[[32m20260813 23:57:40[0m][[36mrank-1/5[0m][34m[1m[DEBUG]    [0m[34m[1m[-------hipify_python.py:215] : /opt/venv/lib/python3.12/site-packages/apex/csrc/multi_tensor_lamb_stage_2.cu -> /opt/venv/lib/python3.12/site-packages/apex/csrc/multi_tensor_lamb_stage_2.hip [skipped, already hipified][0m
[[32m20260813 23:57:40[0m][[36mrank-1/5[0m][34m[1m[DEBUG]    [0m[34m[1m[-------hipify_python.py:215] : /opt/venv/lib/python3.12/site-packages/apex/csrc/multi_tensor_adam.cu -> /opt/venv/lib/python3.12/site-packages/apex/csrc/multi_tensor_adam.hip [skipped, already hipified][0m
[[32m20260813 23:57:40[0m][[36mrank-1/5[0m][34m[1m[DEBUG]    [0m[34m[1m[-------hipify_python.py:215] : /opt/venv/lib/python3.12/site-packages/apex/csrc/multi_tensor_adagrad.cu -> /opt/venv/lib/python3.12/site-packages/apex/csrc/multi_tensor_adagrad.hip [skipped, already hipified][0m
[[32m20260813 23:57:40[0m][[36mrank-1/5[0m][34m[1m[DEBUG]    [0m[34m[1m[-------hipify_python.py:215] : /opt/venv/lib/python3.12/site-packages/apex/csrc/multi_tensor_novograd.cu -> /opt/venv/lib/python3.12/site-packages/apex/csrc/multi_tensor_novograd.hip [skipped, already hipified][0m
[[32m20260813 23:57:40[0m][[36mrank-1/5[0m][34m[1m[DEBUG]    [0m[34m[1m[-------hipify_python.py:215] : /opt/venv/lib/python3.12/site-packages/apex/csrc/multi_tensor_lars.cu -> /opt/venv/lib/python3.12/site-packages/apex/csrc/multi_tensor_lars.hip [skipped, already hipified][0m
[[32m20260813 23:57:40[0m][[36mrank-1/5[0m][34m[1m[DEBUG]    [0m[34m[1m[-------hipify_python.py:215] : /opt/venv/lib/python3.12/site-packages/apex/csrc/multi_tensor_lamb.cu -> /opt/venv/lib/python3.12/site-packages/apex/csrc/multi_tensor_lamb.hip [skipped, already hipified][0m
[[32m20260813 23:57:40[0m][[36mrank-1/5[0m][34m[1m[DEBUG]    [0m[34m[1m[-------hipify_python.py:215] : /opt/venv/lib/python3.12/site-packages/apex/csrc/multi_tensor_lamb_mp.cu -> /opt/venv/lib/python3.12/site-packages/apex/csrc/multi_tensor_lamb_mp.hip [skipped, already hipified][0m
[[32m20260813 23:57:40[0m][[36mrank-1/5[0m][34m[1m[DEBUG]    [0m[34m[1m[-------hipify_python.py:215] : /opt/venv/lib/python3.12/site-packages/apex/csrc/static_switch.h -> /opt/venv/lib/python3.12/site-packages/apex/csrc/static_switch.h [skipped, no changes][0m
[[32m20260813 23:57:40[0m][[36mrank-1/5[0m][34m[1m[DEBUG]    [0m[34m[1m[-------hipify_python.py:215] : /opt/venv/lib/python3.12/site-packages/apex/csrc/compat.h -> /opt/venv/lib/python3.12/site-packages/apex/csrc/compat.h [skipped, no changes][0m
[[32m20260813 23:57:40[0m][[36mrank-1/5[0m][34m[1m[DEBUG]    [0m[34m[1m[-------hipify_python.py:215] : /opt/venv/lib/python3.12/site-packages/apex/csrc/multi_tensor_apply_base.cuh -> /opt/venv/lib/python3.12/site-packages/apex/csrc/multi_tensor_apply_base_hip.cuh [skipped, already hipified][0m
[[32m20260813 23:57:40[0m][[36mrank-1/5[0m][34m[1m[DEBUG]    [0m[34m[1m[-------hipify_python.py:215] : /opt/venv/lib/python3.12/site-packages/apex/csrc/multi_tensor_apply.cuh -> /opt/venv/lib/python3.12/site-packages/apex/csrc/multi_tensor_apply_hip.cuh [skipped, already hipified][0m
[[32m20260813 23:57:40[0m][[36mrank-1/5[0m][34m[1m[DEBUG]    [0m[34m[1m[-------hipify_python.py:215] : /opt/venv/lib/python3.12/site-packages/apex/csrc/type_shim.h -> /opt/venv/lib/python3.12/site-packages/apex/csrc/type_shim_hip.h [skipped, already hipified][0m
[[32m20260813 23:57:40[0m][[36mrank-0/5[0m][34m[1m[DEBUG]    [0m[34m[1m[-----------------------------builder.py:603] : Time to load fused_weight_gradient_mlp_cuda op: 19.958282709121704 seconds[0m
[[32m20260813 23:57:40[0m][[36mrank-1/5[0m][34m[1m[DEBUG]    [0m[34m[1m[-------hipify_python.py:215] : /opt/venv/lib/python3.12/site-packages/apex/csrc/megatron/scaled_upper_triang_masked_softmax.h -> /opt/venv/lib/python3.12/site-packages/apex/csrc/megatron/scaled_upper_triang_masked_softmax_hip.h [skipped, already hipified][0m
[[32m20260813 23:57:40[0m][[36mrank-1/5[0m][34m[1m[DEBUG]    [0m[34m[1m[-------hipify_python.py:215] : /opt/venv/lib/python3.12/site-packages/apex/csrc/megatron/fused_rotary_positional_embedding.h -> /opt/venv/lib/python3.12/site-packages/apex/csrc/megatron/fused_rotary_positional_embedding_hip.h [skipped, already hipified][0m
[[32m20260813 23:57:40[0m][[36mrank-1/5[0m][34m[1m[DEBUG]    [0m[34m[1m[-------hipify_python.py:215] : /opt/venv/lib/python3.12/site-packages/apex/csrc/megatron/scaled_masked_softmax.h -> /opt/venv/lib/python3.12/site-packages/apex/csrc/megatron/scaled_masked_softmax_hip.h [skipped, already hipified][0m
[[32m20260813 23:57:40[0m][[36mrank-1/5[0m][34m[1m[DEBUG]    [0m[34m[1m[-------hipify_python.py:215] : /opt/venv/lib/python3.12/site-packages/apex/csrc/megatron/generic_scaled_masked_softmax.h -> /opt/venv/lib/python3.12/site-packages/apex/csrc/megatron/generic_scaled_masked_softmax_hip.h [skipped, already hipified][0m
[[32m20260813 23:57:40[0m][[36mrank-1/5[0m][34m[1m[DEBUG]    [0m[34m[1m[------hipify_python.py:1169] : [92mSuccessfully preprocessed all matching files.[0m[0m
[[32m20260813 23:57:40[0m][[36mrank-1/5[0m][34m[1m[DEBUG]    [0m[34m[1m[-------hipify_python.py:226] : Total number of unsupported CUDA function calls: 0[0m
[[32m20260813 23:57:40[0m][[36mrank-1/5[0m][34m[1m[DEBUG]    [0m[34m[1m[-------hipify_python.py:229] : [0m
[[32m20260813 23:57:40[0m][[36mrank-1/5[0m][34m[1m[DEBUG]    [0m[34m[1m[-------hipify_python.py:232] : 
Total number of replaced kernel launches: 87[0m
[[32m20260813 23:57:40[0m][[36mrank-4/5[0m][34m[1m[DEBUG]    [0m[34m[1m[-------------builder.py:603] : Time to load fused_weight_gradient_mlp_cuda op: 19.92798662185669 seconds[0m
[1/16] /opt/venv/lib/python3.12/site-packages/_rocm_sdk_devel/bin/hipcc  -DWITH_HIP -DTORCH_EXTENSION_NAME=amp_C -DTORCH_API_INCLUDE_EXTENSION_H -I/opt/venv/lib/python3.12/site-packages/apex/csrc -isystem /opt/venv/lib/python3.12/site-packages/torch/include -isystem /opt/venv/lib/python3.12/site-packages/torch/include/torch/csrc/api/include -isystem /opt/venv/lib/python3.12/site-packages/torch/include/THH -isystem /opt/venv/lib/python3.12/site-packages/_rocm_sdk_devel/include -isystem /usr/include/python3.12 -O3 -std=c++17 -g -Wno-reorder -DVERSION_GE_1_1 -DVERSION_GE_1_3 -DVERSION_GE_1_5 -UC10_USE_GLOG -D__HIP_PLATFORM_AMD__=1 -DROCM_WAVEFRONT_SIZE=64 -D__HIP_PLATFORM_AMD__=1 -DUSE_ROCM=1 -DHIPBLAS_V2 -fPIC -DCUDA_HAS_FP16=1 -D__HIP_NO_HALF_OPERATORS__=1 -D__HIP_NO_HALF_CONVERSIONS__=1 -DHIP_ENABLE_WARP_SYNC_BUILTINS=1 -std=c++20 --offload-arch=gfx950 -fno-gpu-rdc -O3 -DVERSION_GE_1_1 -DVERSION_GE_1_3 -DVERSION_GE_1_5 -UC10_USE_GLOG -c /opt/venv/lib/python3.12/site-packages/apex/csrc/multi_tensor_adagrad.hip -o multi_tensor_adagrad.cuda.o 
[2/16] /opt/venv/lib/python3.12/site-packages/_rocm_sdk_devel/bin/hipcc  -DWITH_HIP -DTORCH_EXTENSION_NAME=amp_C -DTORCH_API_INCLUDE_EXTENSION_H -I/opt/venv/lib/python3.12/site-packages/apex/csrc -isystem /opt/venv/lib/python3.12/site-packages/torch/include -isystem /opt/venv/lib/python3.12/site-packages/torch/include/torch/csrc/api/include -isystem /opt/venv/lib/python3.12/site-packages/torch/include/THH -isystem /opt/venv/lib/python3.12/site-packages/_rocm_sdk_devel/include -isystem /usr/include/python3.12 -O3 -std=c++17 -g -Wno-reorder -DVERSION_GE_1_1 -DVERSION_GE_1_3 -DVERSION_GE_1_5 -UC10_USE_GLOG -D__HIP_PLATFORM_AMD__=1 -DROCM_WAVEFRONT_SIZE=64 -D__HIP_PLATFORM_AMD__=1 -DUSE_ROCM=1 -DHIPBLAS_V2 -fPIC -DCUDA_HAS_FP16=1 -D__HIP_NO_HALF_OPERATORS__=1 -D__HIP_NO_HALF_CONVERSIONS__=1 -DHIP_ENABLE_WARP_SYNC_BUILTINS=1 -std=c++20 --offload-arch=gfx950 -fno-gpu-rdc -O3 -DVERSION_GE_1_1 -DVERSION_GE_1_3 -DVERSION_GE_1_5 -UC10_USE_GLOG -c /opt/venv/lib/python3.12/site-packages/apex/csrc/multi_tensor_lamb_stage_2.hip -o multi_tensor_lamb_stage_2.cuda.o 
[3/16] /opt/venv/lib/python3.12/site-packages/_rocm_sdk_devel/bin/hipcc  -DWITH_HIP -DTORCH_EXTENSION_NAME=amp_C -DTORCH_API_INCLUDE_EXTENSION_H -I/opt/venv/lib/python3.12/site-packages/apex/csrc -isystem /opt/venv/lib/python3.12/site-packages/torch/include -isystem /opt/venv/lib/python3.12/site-packages/torch/include/torch/csrc/api/include -isystem /opt/venv/lib/python3.12/site-packages/torch/include/THH -isystem /opt/venv/lib/python3.12/site-packages/_rocm_sdk_devel/include -isystem /usr/include/python3.12 -O3 -std=c++17 -g -Wno-reorder -DVERSION_GE_1_1 -DVERSION_GE_1_3 -DVERSION_GE_1_5 -UC10_USE_GLOG -D__HIP_PLATFORM_AMD__=1 -DROCM_WAVEFRONT_SIZE=64 -D__HIP_PLATFORM_AMD__=1 -DUSE_ROCM=1 -DHIPBLAS_V2 -fPIC -DCUDA_HAS_FP16=1 -D__HIP_NO_HALF_OPERATORS__=1 -D__HIP_NO_HALF_CONVERSIONS__=1 -DHIP_ENABLE_WARP_SYNC_BUILTINS=1 -std=c++20 --offload-arch=gfx950 -fno-gpu-rdc -O3 -DVERSION_GE_1_1 -DVERSION_GE_1_3 -DVERSION_GE_1_5 -UC10_USE_GLOG -c /opt/venv/lib/python3.12/site-packages/apex/csrc/multi_tensor_sgd_kernel.hip -o multi_tensor_sgd_kernel.cuda.o 
[4/16] /opt/venv/lib/python3.12/site-packages/_rocm_sdk_devel/bin/hipcc  -DWITH_HIP -DTORCH_EXTENSION_NAME=amp_C -DTORCH_API_INCLUDE_EXTENSION_H -I/opt/venv/lib/python3.12/site-packages/apex/csrc -isystem /opt/venv/lib/python3.12/site-packages/torch/include -isystem /opt/venv/lib/python3.12/site-packages/torch/include/torch/csrc/api/include -isystem /opt/venv/lib/python3.12/site-packages/torch/include/THH -isystem /opt/venv/lib/python3.12/site-packages/_rocm_sdk_devel/include -isystem /usr/include/python3.12 -O3 -std=c++17 -g -Wno-reorder -DVERSION_GE_1_1 -DVERSION_GE_1_3 -DVERSION_GE_1_5 -UC10_USE_GLOG -D__HIP_PLATFORM_AMD__=1 -DROCM_WAVEFRONT_SIZE=64 -D__HIP_PLATFORM_AMD__=1 -DUSE_ROCM=1 -DHIPBLAS_V2 -fPIC -DCUDA_HAS_FP16=1 -D__HIP_NO_HALF_OPERATORS__=1 -D__HIP_NO_HALF_CONVERSIONS__=1 -DHIP_ENABLE_WARP_SYNC_BUILTINS=1 -std=c++20 --offload-arch=gfx950 -fno-gpu-rdc -O3 -DVERSION_GE_1_1 -DVERSION_GE_1_3 -DVERSION_GE_1_5 -UC10_USE_GLOG -c /opt/venv/lib/python3.12/site-packages/apex/csrc/multi_tensor_lamb.hip -o multi_tensor_lamb.cuda.o 
[5/16] /opt/venv/lib/python3.12/site-packages/_rocm_sdk_devel/bin/hipcc  -DWITH_HIP -DTORCH_EXTENSION_NAME=amp_C -DTORCH_API_INCLUDE_EXTENSION_H -I/opt/venv/lib/python3.12/site-packages/apex/csrc -isystem /opt/venv/lib/python3.12/site-packages/torch/include -isystem /opt/venv/lib/python3.12/site-packages/torch/include/torch/csrc/api/include -isystem /opt/venv/lib/python3.12/site-packages/torch/include/THH -isystem /opt/venv/lib/python3.12/site-packages/_rocm_sdk_devel/include -isystem /usr/include/python3.12 -O3 -std=c++17 -g -Wno-reorder -DVERSION_GE_1_1 -DVERSION_GE_1_3 -DVERSION_GE_1_5 -UC10_USE_GLOG -D__HIP_PLATFORM_AMD__=1 -DROCM_WAVEFRONT_SIZE=64 -D__HIP_PLATFORM_AMD__=1 -DUSE_ROCM=1 -DHIPBLAS_V2 -fPIC -DCUDA_HAS_FP16=1 -D__HIP_NO_HALF_OPERATORS__=1 -D__HIP_NO_HALF_CONVERSIONS__=1 -DHIP_ENABLE_WARP_SYNC_BUILTINS=1 -std=c++20 --offload-arch=gfx950 -fno-gpu-rdc -O3 -DVERSION_GE_1_1 -DVERSION_GE_1_3 -DVERSION_GE_1_5 -UC10_USE_GLOG -c /opt/venv/lib/python3.12/site-packages/apex/csrc/multi_tensor_l2norm_kernel_mp.hip -o multi_tensor_l2norm_kernel_mp.cuda.o 
In file included from /opt/venv/lib/python3.12/site-packages/apex/csrc/multi_tensor_l2norm_kernel_mp.hip:13:
/opt/venv/lib/python3.12/site-packages/apex/csrc/type_shim_hip.h:441:3: warning: loop not unrolled: the optimizer was unable to perform the requested transformation; the transformation might be disabled or specified as part of an unsupported transformation ordering [-Wpass-failed=transform-warning]
  441 |   for(int i = (blockSize >> 1); i >= double_warp_size; i >>= 1)
      |   ^
/opt/venv/lib/python3.12/site-packages/apex/csrc/type_shim_hip.h:441:3: warning: loop not unrolled: the optimizer was unable to perform the requested transformation; the transformation might be disabled or specified as part of an unsupported transformation ordering [-Wpass-failed=transform-warning]
/opt/venv/lib/python3.12/site-packages/apex/csrc/type_shim_hip.h:441:3: warning: loop not unrolled: the optimizer was unable to perform the requested transformation; the transformation might be disabled or specified as part of an unsupported transformation ordering [-Wpass-failed=transform-warning]
/opt/venv/lib/python3.12/site-packages/apex/csrc/type_shim_hip.h:441:3: warning: loop not unrolled: the optimizer was unable to perform the requested transformation; the transformation might be disabled or specified as part of an unsupported transformation ordering [-Wpass-failed=transform-warning]
4 warnings generated when compiling for gfx950.
[6/16] /opt/venv/lib/python3.12/site-packages/_rocm_sdk_devel/bin/hipcc  -DWITH_HIP -DTORCH_EXTENSION_NAME=amp_C -DTORCH_API_INCLUDE_EXTENSION_H -I/opt/venv/lib/python3.12/site-packages/apex/csrc -isystem /opt/venv/lib/python3.12/site-packages/torch/include -isystem /opt/venv/lib/python3.12/site-packages/torch/include/torch/csrc/api/include -isystem /opt/venv/lib/python3.12/site-packages/torch/include/THH -isystem /opt/venv/lib/python3.12/site-packages/_rocm_sdk_devel/include -isystem /usr/include/python3.12 -O3 -std=c++17 -g -Wno-reorder -DVERSION_GE_1_1 -DVERSION_GE_1_3 -DVERSION_GE_1_5 -UC10_USE_GLOG -D__HIP_PLATFORM_AMD__=1 -DROCM_WAVEFRONT_SIZE=64 -D__HIP_PLATFORM_AMD__=1 -DUSE_ROCM=1 -DHIPBLAS_V2 -fPIC -DCUDA_HAS_FP16=1 -D__HIP_NO_HALF_OPERATORS__=1 -D__HIP_NO_HALF_CONVERSIONS__=1 -DHIP_ENABLE_WARP_SYNC_BUILTINS=1 -std=c++20 --offload-arch=gfx950 -fno-gpu-rdc -O3 -DVERSION_GE_1_1 -DVERSION_GE_1_3 -DVERSION_GE_1_5 -UC10_USE_GLOG -c /opt/venv/lib/python3.12/site-packages/apex/csrc/multi_tensor_novograd.hip -o multi_tensor_novograd.cuda.o 
[7/16] /opt/venv/lib/python3.12/site-packages/_rocm_sdk_devel/bin/hipcc  -DWITH_HIP -DTORCH_EXTENSION_NAME=amp_C -DTORCH_API_INCLUDE_EXTENSION_H -I/opt/venv/lib/python3.12/site-packages/apex/csrc -isystem /opt/venv/lib/python3.12/site-packages/torch/include -isystem /opt/venv/lib/python3.12/site-packages/torch/include/torch/csrc/api/include -isystem /opt/venv/lib/python3.12/site-packages/torch/include/THH -isystem /opt/venv/lib/python3.12/site-packages/_rocm_sdk_devel/include -isystem /usr/include/python3.12 -O3 -std=c++17 -g -Wno-reorder -DVERSION_GE_1_1 -DVERSION_GE_1_3 -DVERSION_GE_1_5 -UC10_USE_GLOG -D__HIP_PLATFORM_AMD__=1 -DROCM_WAVEFRONT_SIZE=64 -D__HIP_PLATFORM_AMD__=1 -DUSE_ROCM=1 -DHIPBLAS_V2 -fPIC -DCUDA_HAS_FP16=1 -D__HIP_NO_HALF_OPERATORS__=1 -D__HIP_NO_HALF_CONVERSIONS__=1 -DHIP_ENABLE_WARP_SYNC_BUILTINS=1 -std=c++20 --offload-arch=gfx950 -fno-gpu-rdc -O3 -DVERSION_GE_1_1 -DVERSION_GE_1_3 -DVERSION_GE_1_5 -UC10_USE_GLOG -c /opt/venv/lib/python3.12/site-packages/apex/csrc/multi_tensor_l2norm_kernel.hip -o multi_tensor_l2norm_kernel.cuda.o 
In file included from /opt/venv/lib/python3.12/site-packages/apex/csrc/multi_tensor_l2norm_kernel.hip:13:
/opt/venv/lib/python3.12/site-packages/apex/csrc/type_shim_hip.h:441:3: warning: loop not unrolled: the optimizer was unable to perform the requested transformation; the transformation might be disabled or specified as part of an unsupported transformation ordering [-Wpass-failed=transform-warning]
  441 |   for(int i = (blockSize >> 1); i >= double_warp_size; i >>= 1)
      |   ^
/opt/venv/lib/python3.12/site-packages/apex/csrc/type_shim_hip.h:441:3: warning: loop not unrolled: the optimizer was unable to perform the requested transformation; the transformation might be disabled or specified as part of an unsupported transformation ordering [-Wpass-failed=transform-warning]
/opt/venv/lib/python3.12/site-packages/apex/csrc/type_shim_hip.h:441:3: warning: loop not unrolled: the optimizer was unable to perform the requested transformation; the transformation might be disabled or specified as part of an unsupported transformation ordering [-Wpass-failed=transform-warning]
/opt/venv/lib/python3.12/site-packages/apex/csrc/type_shim_hip.h:497:3: warning: loop not unrolled: the optimizer was unable to perform the requested transformation; the transformation might be disabled or specified as part of an unsupported transformation ordering [-Wpass-failed=transform-warning]
  497 |   for(int i = (blockSize >> 1); i >= double_warp_size; i >>= 1)
      |   ^
/opt/venv/lib/python3.12/site-packages/apex/csrc/type_shim_hip.h:441:3: warning: loop not unrolled: the optimizer was unable to perform the requested transformation; the transformation might be disabled or specified as part of an unsupported transformation ordering [-Wpass-failed=transform-warning]
  441 |   for(int i = (blockSize >> 1); i >= double_warp_size; i >>= 1)
      |   ^
/opt/venv/lib/python3.12/site-packages/apex/csrc/type_shim_hip.h:497:3: warning: loop not unrolled: the optimizer was unable to perform the requested transformation; the transformation might be disabled or specified as part of an unsupported transformation ordering [-Wpass-failed=transform-warning]
  497 |   for(int i = (blockSize >> 1); i >= double_warp_size; i >>= 1)
      |   ^
/opt/venv/lib/python3.12/site-packages/apex/csrc/type_shim_hip.h:441:3: warning: loop not unrolled: the optimizer was unable to perform the requested transformation; the transformation might be disabled or specified as part of an unsupported transformation ordering [-Wpass-failed=transform-warning]
  441 |   for(int i = (blockSize >> 1); i >= double_warp_size; i >>= 1)
      |   ^
/opt/venv/lib/python3.12/site-packages/apex/csrc/type_shim_hip.h:441:3: warning: loop not unrolled: the optimizer was unable to perform the requested transformation; the transformation might be disabled or specified as part of an unsupported transformation ordering [-Wpass-failed=transform-warning]
/opt/venv/lib/python3.12/site-packages/apex/csrc/type_shim_hip.h:441:3: warning: loop not unrolled: the optimizer was unable to perform the requested transformation; the transformation might be disabled or specified as part of an unsupported transformation ordering [-Wpass-failed=transform-warning]
/opt/venv/lib/python3.12/site-packages/apex/csrc/type_shim_hip.h:497:3: warning: loop not unrolled: the optimizer was unable to perform the requested transformation; the transformation might be disabled or specified as part of an unsupported transformation ordering [-Wpass-failed=transform-warning]
  497 |   for(int i = (blockSize >> 1); i >= double_warp_size; i >>= 1)
      |   ^
/opt/venv/lib/python3.12/site-packages/apex/csrc/type_shim_hip.h:497:3: warning: loop not unrolled: the optimizer was unable to perform the requested transformation; the transformation might be disabled or specified as part of an unsupported transformation ordering [-Wpass-failed=transform-warning]
/opt/venv/lib/python3.12/site-packages/apex/csrc/type_shim_hip.h:497:3: warning: loop not unrolled: the optimizer was unable to perform the requested transformation; the transformation might be disabled or specified as part of an unsupported transformation ordering [-Wpass-failed=transform-warning]
12 warnings generated when compiling for gfx950.
[8/16] /opt/venv/lib/python3.12/site-packages/_rocm_sdk_devel/bin/hipcc  -DWITH_HIP -DTORCH_EXTENSION_NAME=amp_C -DTORCH_API_INCLUDE_EXTENSION_H -I/opt/venv/lib/python3.12/site-packages/apex/csrc -isystem /opt/venv/lib/python3.12/site-packages/torch/include -isystem /opt/venv/lib/python3.12/site-packages/torch/include/torch/csrc/api/include -isystem /opt/venv/lib/python3.12/site-packages/torch/include/THH -isystem /opt/venv/lib/python3.12/site-packages/_rocm_sdk_devel/include -isystem /usr/include/python3.12 -O3 -std=c++17 -g -Wno-reorder -DVERSION_GE_1_1 -DVERSION_GE_1_3 -DVERSION_GE_1_5 -UC10_USE_GLOG -D__HIP_PLATFORM_AMD__=1 -DROCM_WAVEFRONT_SIZE=64 -D__HIP_PLATFORM_AMD__=1 -DUSE_ROCM=1 -DHIPBLAS_V2 -fPIC -DCUDA_HAS_FP16=1 -D__HIP_NO_HALF_OPERATORS__=1 -D__HIP_NO_HALF_CONVERSIONS__=1 -DHIP_ENABLE_WARP_SYNC_BUILTINS=1 -std=c++20 --offload-arch=gfx950 -fno-gpu-rdc -O3 -DVERSION_GE_1_1 -DVERSION_GE_1_3 -DVERSION_GE_1_5 -UC10_USE_GLOG -c /opt/venv/lib/python3.12/site-packages/apex/csrc/multi_tensor_lamb_mp.hip -o multi_tensor_lamb_mp.cuda.o 
[9/16] /opt/venv/lib/python3.12/site-packages/_rocm_sdk_devel/bin/hipcc  -DWITH_HIP -DTORCH_EXTENSION_NAME=amp_C -DTORCH_API_INCLUDE_EXTENSION_H -I/opt/venv/lib/python3.12/site-packages/apex/csrc -isystem /opt/venv/lib/python3.12/site-packages/torch/include -isystem /opt/venv/lib/python3.12/site-packages/torch/include/torch/csrc/api/include -isystem /opt/venv/lib/python3.12/site-packages/torch/include/THH -isystem /opt/venv/lib/python3.12/site-packages/_rocm_sdk_devel/include -isystem /usr/include/python3.12 -O3 -std=c++17 -g -Wno-reorder -DVERSION_GE_1_1 -DVERSION_GE_1_3 -DVERSION_GE_1_5 -UC10_USE_GLOG -D__HIP_PLATFORM_AMD__=1 -DROCM_WAVEFRONT_SIZE=64 -D__HIP_PLATFORM_AMD__=1 -DUSE_ROCM=1 -DHIPBLAS_V2 -fPIC -DCUDA_HAS_FP16=1 -D__HIP_NO_HALF_OPERATORS__=1 -D__HIP_NO_HALF_CONVERSIONS__=1 -DHIP_ENABLE_WARP_SYNC_BUILTINS=1 -std=c++20 --offload-arch=gfx950 -fno-gpu-rdc -O3 -DVERSION_GE_1_1 -DVERSION_GE_1_3 -DVERSION_GE_1_5 -UC10_USE_GLOG -c /opt/venv/lib/python3.12/site-packages/apex/csrc/multi_tensor_l2norm_scale_kernel.hip -o multi_tensor_l2norm_scale_kernel.cuda.o 
In file included from /opt/venv/lib/python3.12/site-packages/apex/csrc/multi_tensor_l2norm_scale_kernel.hip:13:
/opt/venv/lib/python3.12/site-packages/apex/csrc/type_shim_hip.h:441:3: warning: loop not unrolled: the optimizer was unable to perform the requested transformation; the transformation might be disabled or specified as part of an unsupported transformation ordering [-Wpass-failed=transform-warning]
  441 |   for(int i = (blockSize >> 1); i >= double_warp_size; i >>= 1)
      |   ^
/opt/venv/lib/python3.12/site-packages/apex/csrc/type_shim_hip.h:441:3: warning: loop not unrolled: the optimizer was unable to perform the requested transformation; the transformation might be disabled or specified as part of an unsupported transformation ordering [-Wpass-failed=transform-warning]
/opt/venv/lib/python3.12/site-packages/apex/csrc/type_shim_hip.h:441:3: warning: loop not unrolled: the optimizer was unable to perform the requested transformation; the transformation might be disabled or specified as part of an unsupported transformation ordering [-Wpass-failed=transform-warning]
/opt/venv/lib/python3.12/site-packages/apex/csrc/type_shim_hip.h:441:3: warning: loop not unrolled: the optimizer was unable to perform the requested transformation; the transformation might be disabled or specified as part of an unsupported transformation ordering [-Wpass-failed=transform-warning]
/opt/venv/lib/python3.12/site-packages/apex/csrc/type_shim_hip.h:441:3: warning: loop not unrolled: the optimizer was unable to perform the requested transformation; the transformation might be disabled or specified as part of an unsupported transformation ordering [-Wpass-failed=transform-warning]
/opt/venv/lib/python3.12/site-packages/apex/csrc/type_shim_hip.h:441:3: warning: loop not unrolled: the optimizer was unable to perform the requested transformation; the transformation might be disabled or specified as part of an unsupported transformation ordering [-Wpass-failed=transform-warning]
6 warnings generated when compiling for gfx950.
[10/16] /opt/venv/lib/python3.12/site-packages/_rocm_sdk_devel/bin/hipcc  -DWITH_HIP -DTORCH_EXTENSION_NAME=amp_C -DTORCH_API_INCLUDE_EXTENSION_H -I/opt/venv/lib/python3.12/site-packages/apex/csrc -isystem /opt/venv/lib/python3.12/site-packages/torch/include -isystem /opt/venv/lib/python3.12/site-packages/torch/include/torch/csrc/api/include -isystem /opt/venv/lib/python3.12/site-packages/torch/include/THH -isystem /opt/venv/lib/python3.12/site-packages/_rocm_sdk_devel/include -isystem /usr/include/python3.12 -O3 -std=c++17 -g -Wno-reorder -DVERSION_GE_1_1 -DVERSION_GE_1_3 -DVERSION_GE_1_5 -UC10_USE_GLOG -D__HIP_PLATFORM_AMD__=1 -DROCM_WAVEFRONT_SIZE=64 -D__HIP_PLATFORM_AMD__=1 -DUSE_ROCM=1 -DHIPBLAS_V2 -fPIC -DCUDA_HAS_FP16=1 -D__HIP_NO_HALF_OPERATORS__=1 -D__HIP_NO_HALF_CONVERSIONS__=1 -DHIP_ENABLE_WARP_SYNC_BUILTINS=1 -std=c++20 --offload-arch=gfx950 -fno-gpu-rdc -O3 -DVERSION_GE_1_1 -DVERSION_GE_1_3 -DVERSION_GE_1_5 -UC10_USE_GLOG -c /opt/venv/lib/python3.12/site-packages/apex/csrc/multi_tensor_scale_kernel.hip -o multi_tensor_scale_kernel.cuda.o 
[11/16] /opt/venv/lib/python3.12/site-packages/_rocm_sdk_devel/bin/hipcc  -DWITH_HIP -DTORCH_EXTENSION_NAME=amp_C -DTORCH_API_INCLUDE_EXTENSION_H -I/opt/venv/lib/python3.12/site-packages/apex/csrc -isystem /opt/venv/lib/python3.12/site-packages/torch/include -isystem /opt/venv/lib/python3.12/site-packages/torch/include/torch/csrc/api/include -isystem /opt/venv/lib/python3.12/site-packages/torch/include/THH -isystem /opt/venv/lib/python3.12/site-packages/_rocm_sdk_devel/include -isystem /usr/include/python3.12 -O3 -std=c++17 -g -Wno-reorder -DVERSION_GE_1_1 -DVERSION_GE_1_3 -DVERSION_GE_1_5 -UC10_USE_GLOG -D__HIP_PLATFORM_AMD__=1 -DROCM_WAVEFRONT_SIZE=64 -D__HIP_PLATFORM_AMD__=1 -DUSE_ROCM=1 -DHIPBLAS_V2 -fPIC -DCUDA_HAS_FP16=1 -D__HIP_NO_HALF_OPERATORS__=1 -D__HIP_NO_HALF_CONVERSIONS__=1 -DHIP_ENABLE_WARP_SYNC_BUILTINS=1 -std=c++20 --offload-arch=gfx950 -fno-gpu-rdc -O3 -DVERSION_GE_1_1 -DVERSION_GE_1_3 -DVERSION_GE_1_5 -UC10_USE_GLOG -c /opt/venv/lib/python3.12/site-packages/apex/csrc/multi_tensor_lars.hip -o multi_tensor_lars.cuda.o 
[12/16] /opt/venv/lib/python3.12/site-packages/_rocm_sdk_devel/bin/hipcc  -DWITH_HIP -DTORCH_EXTENSION_NAME=amp_C -DTORCH_API_INCLUDE_EXTENSION_H -I/opt/venv/lib/python3.12/site-packages/apex/csrc -isystem /opt/venv/lib/python3.12/site-packages/torch/include -isystem /opt/venv/lib/python3.12/site-packages/torch/include/torch/csrc/api/include -isystem /opt/venv/lib/python3.12/site-packages/torch/include/THH -isystem /opt/venv/lib/python3.12/site-packages/_rocm_sdk_devel/include -isystem /usr/include/python3.12 -O3 -std=c++17 -g -Wno-reorder -DVERSION_GE_1_1 -DVERSION_GE_1_3 -DVERSION_GE_1_5 -UC10_USE_GLOG -D__HIP_PLATFORM_AMD__=1 -DROCM_WAVEFRONT_SIZE=64 -D__HIP_PLATFORM_AMD__=1 -DUSE_ROCM=1 -DHIPBLAS_V2 -fPIC -DCUDA_HAS_FP16=1 -D__HIP_NO_HALF_OPERATORS__=1 -D__HIP_NO_HALF_CONVERSIONS__=1 -DHIP_ENABLE_WARP_SYNC_BUILTINS=1 -std=c++20 --offload-arch=gfx950 -fno-gpu-rdc -O3 -DVERSION_GE_1_1 -DVERSION_GE_1_3 -DVERSION_GE_1_5 -UC10_USE_GLOG -c /opt/venv/lib/python3.12/site-packages/apex/csrc/multi_tensor_adam.hip -o multi_tensor_adam.cuda.o 
[13/16] /opt/venv/lib/python3.12/site-packages/_rocm_sdk_devel/bin/hipcc  -DWITH_HIP -DTORCH_EXTENSION_NAME=amp_C -DTORCH_API_INCLUDE_EXTENSION_H -I/opt/venv/lib/python3.12/site-packages/apex/csrc -isystem /opt/venv/lib/python3.12/site-packages/torch/include -isystem /opt/venv/lib/python3.12/site-packages/torch/include/torch/csrc/api/include -isystem /opt/venv/lib/python3.12/site-packages/torch/include/THH -isystem /opt/venv/lib/python3.12/site-packages/_rocm_sdk_devel/include -isystem /usr/include/python3.12 -O3 -std=c++17 -g -Wno-reorder -DVERSION_GE_1_1 -DVERSION_GE_1_3 -DVERSION_GE_1_5 -UC10_USE_GLOG -D__HIP_PLATFORM_AMD__=1 -DROCM_WAVEFRONT_SIZE=64 -D__HIP_PLATFORM_AMD__=1 -DUSE_ROCM=1 -DHIPBLAS_V2 -fPIC -DCUDA_HAS_FP16=1 -D__HIP_NO_HALF_OPERATORS__=1 -D__HIP_NO_HALF_CONVERSIONS__=1 -DHIP_ENABLE_WARP_SYNC_BUILTINS=1 -std=c++20 --offload-arch=gfx950 -fno-gpu-rdc -O3 -DVERSION_GE_1_1 -DVERSION_GE_1_3 -DVERSION_GE_1_5 -UC10_USE_GLOG -c /opt/venv/lib/python3.12/site-packages/apex/csrc/multi_tensor_axpby_kernel.hip -o multi_tensor_axpby_kernel.cuda.o 
[14/16] /opt/venv/lib/python3.12/site-packages/_rocm_sdk_devel/bin/hipcc  -DWITH_HIP -DTORCH_EXTENSION_NAME=amp_C -DTORCH_API_INCLUDE_EXTENSION_H -I/opt/venv/lib/python3.12/site-packages/apex/csrc -isystem /opt/venv/lib/python3.12/site-packages/torch/include -isystem /opt/venv/lib/python3.12/site-packages/torch/include/torch/csrc/api/include -isystem /opt/venv/lib/python3.12/site-packages/torch/include/THH -isystem /opt/venv/lib/python3.12/site-packages/_rocm_sdk_devel/include -isystem /usr/include/python3.12 -O3 -std=c++17 -g -Wno-reorder -DVERSION_GE_1_1 -DVERSION_GE_1_3 -DVERSION_GE_1_5 -UC10_USE_GLOG -D__HIP_PLATFORM_AMD__=1 -DROCM_WAVEFRONT_SIZE=64 -D__HIP_PLATFORM_AMD__=1 -DUSE_ROCM=1 -DHIPBLAS_V2 -fPIC -DCUDA_HAS_FP16=1 -D__HIP_NO_HALF_OPERATORS__=1 -D__HIP_NO_HALF_CONVERSIONS__=1 -DHIP_ENABLE_WARP_SYNC_BUILTINS=1 -std=c++20 --offload-arch=gfx950 -fno-gpu-rdc -O3 -DVERSION_GE_1_1 -DVERSION_GE_1_3 -DVERSION_GE_1_5 -UC10_USE_GLOG -c /opt/venv/lib/python3.12/site-packages/apex/csrc/multi_tensor_lamb_stage_1.hip -o multi_tensor_lamb_stage_1.cuda.o 
[15/16] c++ -MMD -MF amp_C_frontend.o.d -DTORCH_EXTENSION_NAME=amp_C -DTORCH_API_INCLUDE_EXTENSION_H -I/opt/venv/lib/python3.12/site-packages/apex/csrc -isystem /opt/venv/lib/python3.12/site-packages/torch/include -isystem /opt/venv/lib/python3.12/site-packages/torch/include/torch/csrc/api/include -isystem /opt/venv/lib/python3.12/site-packages/torch/include/THH -isystem /opt/venv/lib/python3.12/site-packages/_rocm_sdk_devel/include -isystem /usr/include/python3.12 -fPIC -std=c++20 -O3 -std=c++17 -g -Wno-reorder -DVERSION_GE_1_1 -DVERSION_GE_1_3 -DVERSION_GE_1_5 -UC10_USE_GLOG -D__HIP_PLATFORM_AMD__=1 -DROCM_WAVEFRONT_SIZE=64 -c /opt/venv/lib/python3.12/site-packages/apex/csrc/amp_C_frontend.cpp -o amp_C_frontend.o -D__HIP_PLATFORM_AMD__=1 -DUSE_ROCM=1 -DHIPBLAS_V2 -fPIC
[16/16] c++ amp_C_frontend.o multi_tensor_l2norm_kernel.cuda.o multi_tensor_l2norm_scale_kernel.cuda.o multi_tensor_adam.cuda.o multi_tensor_scale_kernel.cuda.o multi_tensor_lamb_stage_1.cuda.o multi_tensor_lars.cuda.o multi_tensor_lamb.cuda.o multi_tensor_axpby_kernel.cuda.o multi_tensor_sgd_kernel.cuda.o multi_tensor_lamb_stage_2.cuda.o multi_tensor_novograd.cuda.o multi_tensor_lamb_mp.cuda.o multi_tensor_adagrad.cuda.o multi_tensor_l2norm_kernel_mp.cuda.o -shared -L/opt/venv/lib/python3.12/site-packages/torch/lib -lc10 -lc10_hip -ltorch_cpu -ltorch_hip -ltorch -ltorch_python -L/opt/venv/lib/python3.12/site-packages/_rocm_sdk_devel/lib -lamdhip64 -o amp_C.so
[[32m20260813 23:57:56[0m][[36mrank-1/5[0m][34m[1m[DEBUG]    [0m[34m[1m[-------------builder.py:603] : Time to load amp_C op: 16.364033460617065 seconds[0m
[[32m20260813 23:57:56[0m][[36mrank-1/5[0m][34m[1m[DEBUG]    [0m[34m[1m[-------hipify_python.py:215] : /opt/venv/lib/python3.12/site-packages/apex/csrc/syncbn.cpp -> /opt/venv/lib/python3.12/site-packages/apex/csrc/syncbn.cpp [skipped, no changes][0m
[[32m20260813 23:57:56[0m][[36mrank-1/5[0m][34m[1m[DEBUG]    [0m[34m[1m[-------hipify_python.py:215] : /opt/venv/lib/python3.12/site-packages/apex/csrc/welford.cu -> /opt/venv/lib/python3.12/site-packages/apex/csrc/welford.hip [skipped, already hipified][0m
[[32m20260813 23:57:56[0m][[36mrank-1/5[0m][34m[1m[DEBUG]    [0m[34m[1m[-------hipify_python.py:215] : /opt/venv/lib/python3.12/site-packages/apex/csrc/static_switch.h -> /opt/venv/lib/python3.12/site-packages/apex/csrc/static_switch.h [skipped, no changes][0m
[[32m20260813 23:57:56[0m][[36mrank-1/5[0m][34m[1m[DEBUG]    [0m[34m[1m[-------hipify_python.py:215] : /opt/venv/lib/python3.12/site-packages/apex/csrc/compat.h -> /opt/venv/lib/python3.12/site-packages/apex/csrc/compat.h [skipped, no changes][0m
[[32m20260813 23:57:56[0m][[36mrank-1/5[0m][34m[1m[DEBUG]    [0m[34m[1m[-------hipify_python.py:215] : /opt/venv/lib/python3.12/site-packages/apex/csrc/multi_tensor_apply_base.cuh -> /opt/venv/lib/python3.12/site-packages/apex/csrc/multi_tensor_apply_base_hip.cuh [skipped, already hipified][0m
[[32m20260813 23:57:56[0m][[36mrank-1/5[0m][34m[1m[DEBUG]    [0m[34m[1m[-------hipify_python.py:215] : /opt/venv/lib/python3.12/site-packages/apex/csrc/multi_tensor_apply.cuh -> /opt/venv/lib/python3.12/site-packages/apex/csrc/multi_tensor_apply_hip.cuh [skipped, already hipified][0m
[[32m20260813 23:57:56[0m][[36mrank-4/5[0m][34m[1m[DEBUG]    [0m[34m[1m[-------------builder.py:603] : Time to load amp_C op: 15.927223920822144 seconds[0m
[[32m20260813 23:57:56[0m][[36mrank-1/5[0m][34m[1m[DEBUG]    [0m[34m[1m[-------hipify_python.py:215] : /opt/venv/lib/python3.12/site-packages/apex/csrc/type_shim.h -> /opt/venv/lib/python3.12/site-packages/apex/csrc/type_shim_hip.h [skipped, already hipified][0m
[[32m20260813 23:57:56[0m][[36mrank-1/5[0m][34m[1m[DEBUG]    [0m[34m[1m[-------hipify_python.py:215] : /opt/venv/lib/python3.12/site-packages/apex/csrc/megatron/scaled_upper_triang_masked_softmax.h -> /opt/venv/lib/python3.12/site-packages/apex/csrc/megatron/scaled_upper_triang_masked_softmax_hip.h [skipped, already hipified][0m
[[32m20260813 23:57:56[0m][[36mrank-1/5[0m][34m[1m[DEBUG]    [0m[34m[1m[-------hipify_python.py:215] : /opt/venv/lib/python3.12/site-packages/apex/csrc/megatron/fused_rotary_positional_embedding.h -> /opt/venv/lib/python3.12/site-packages/apex/csrc/megatron/fused_rotary_positional_embedding_hip.h [skipped, already hipified][0m
[[32m20260813 23:57:56[0m][[36mrank-1/5[0m][34m[1m[DEBUG]    [0m[34m[1m[-------hipify_python.py:215] : /opt/venv/lib/python3.12/site-packages/apex/csrc/megatron/scaled_masked_softmax.h -> /opt/venv/lib/python3.12/site-packages/apex/csrc/megatron/scaled_masked_softmax_hip.h [skipped, already hipified][0m
[[32m20260813 23:57:56[0m][[36mrank-1/5[0m][34m[1m[DEBUG]    [0m[34m[1m[-------hipify_python.py:215] : /opt/venv/lib/python3.12/site-packages/apex/csrc/megatron/generic_scaled_masked_softmax.h -> /opt/venv/lib/python3.12/site-packages/apex/csrc/megatron/generic_scaled_masked_softmax_hip.h [skipped, already hipified][0m
[[32m20260813 23:57:56[0m][[36mrank-1/5[0m][34m[1m[DEBUG]    [0m[34m[1m[------hipify_python.py:1169] : [92mSuccessfully preprocessed all matching files.[0m[0m
[[32m20260813 23:57:56[0m][[36mrank-1/5[0m][34m[1m[DEBUG]    [0m[34m[1m[-------hipify_python.py:226] : Total number of unsupported CUDA function calls: 0[0m
[[32m20260813 23:57:56[0m][[36mrank-1/5[0m][34m[1m[DEBUG]    [0m[34m[1m[-------hipify_python.py:229] : [0m
[[32m20260813 23:57:56[0m][[36mrank-1/5[0m][34m[1m[DEBUG]    [0m[34m[1m[-------hipify_python.py:232] : 
Total number of replaced kernel launches: 100[0m
[[32m20260813 23:57:56[0m][[36mrank-0/5[0m][34m[1m[DEBUG]    [0m[34m[1m[-----------------------------builder.py:603] : Time to load amp_C op: 16.329932928085327 seconds[0m
[[32m20260813 23:57:56[0m][[36mrank-3/5[0m][34m[1m[DEBUG]    [0m[34m[1m[-------------builder.py:603] : Time to load amp_C op: 16.425028085708618 seconds[0m
[[32m20260813 23:57:56[0m][[36mrank-2/5[0m][34m[1m[DEBUG]    [0m[34m[1m[-------------builder.py:603] : Time to load amp_C op: 16.42751908302307 seconds[0m
[1/3] /opt/venv/lib/python3.12/site-packages/_rocm_sdk_devel/bin/hipcc  -DWITH_HIP -DTORCH_EXTENSION_NAME=syncbn -DTORCH_API_INCLUDE_EXTENSION_H -I/opt/venv/lib/python3.12/site-packages/apex/csrc -isystem /opt/venv/lib/python3.12/site-packages/torch/include -isystem /opt/venv/lib/python3.12/site-packages/torch/include/torch/csrc/api/include -isystem /opt/venv/lib/python3.12/site-packages/torch/include/THH -isystem /opt/venv/lib/python3.12/site-packages/_rocm_sdk_devel/include -isystem /usr/include/python3.12 -O3 -std=c++17 -g -Wno-reorder -DVERSION_GE_1_1 -DVERSION_GE_1_3 -DVERSION_GE_1_5 -UC10_USE_GLOG -D__HIP_PLATFORM_AMD__=1 -DROCM_WAVEFRONT_SIZE=64 -D__HIP_PLATFORM_AMD__=1 -DUSE_ROCM=1 -DHIPBLAS_V2 -fPIC -DCUDA_HAS_FP16=1 -D__HIP_NO_HALF_OPERATORS__=1 -D__HIP_NO_HALF_CONVERSIONS__=1 -DHIP_ENABLE_WARP_SYNC_BUILTINS=1 -std=c++20 --offload-arch=gfx950 -fno-gpu-rdc -O3 -DVERSION_GE_1_1 -DVERSION_GE_1_3 -DVERSION_GE_1_5 -UC10_USE_GLOG -c /opt/venv/lib/python3.12/site-packages/apex/csrc/welford.hip -o welford.cuda.o 
/opt/venv/lib/python3.12/site-packages/apex/csrc/welford.hip:216:3: warning: loop not unrolled: the optimizer was unable to perform the requested transformation; the transformation might be disabled or specified as part of an unsupported transformation ordering [-Wpass-failed=transform-warning]
  216 |   for (int offset = blockDim.y/2; offset > 0; offset >>= 1) {
      |   ^
/opt/venv/lib/python3.12/site-packages/apex/csrc/welford.hip:216:3: warning: loop not unrolled: the optimizer was unable to perform the requested transformation; the transformation might be disabled or specified as part of an unsupported transformation ordering [-Wpass-failed=transform-warning]
/opt/venv/lib/python3.12/site-packages/apex/csrc/welford.hip:216:3: warning: loop not unrolled: the optimizer was unable to perform the requested transformation; the transformation might be disabled or specified as part of an unsupported transformation ordering [-Wpass-failed=transform-warning]
/opt/venv/lib/python3.12/site-packages/apex/csrc/welford.hip:216:3: warning: loop not unrolled: the optimizer was unable to perform the requested transformation; the transformation might be disabled or specified as part of an unsupported transformation ordering [-Wpass-failed=transform-warning]
/opt/venv/lib/python3.12/site-packages/apex/csrc/welford.hip:246:3: warning: loop not unrolled: the optimizer was unable to perform the requested transformation; the transformation might be disabled or specified as part of an unsupported transformation ordering [-Wpass-failed=transform-warning]
  246 |   for (int offset = blockDim.y/2; offset > 0; offset >>= 1) {
      |   ^
/opt/venv/lib/python3.12/site-packages/apex/csrc/welford.hip:246:3: warning: loop not unrolled: the optimizer was unable to perform the requested transformation; the transformation might be disabled or specified as part of an unsupported transformation ordering [-Wpass-failed=transform-warning]
/opt/venv/lib/python3.12/site-packages/apex/csrc/welford.hip:246:3: warning: loop not unrolled: the optimizer was unable to perform the requested transformation; the transformation might be disabled or specified as part of an unsupported transformation ordering [-Wpass-failed=transform-warning]
/opt/venv/lib/python3.12/site-packages/apex/csrc/welford.hip:246:3: warning: loop not unrolled: the optimizer was unable to perform the requested transformation; the transformation might be disabled or specified as part of an unsupported transformation ordering [-Wpass-failed=transform-warning]
/opt/venv/lib/python3.12/site-packages/apex/csrc/welford.hip:246:3: warning: loop not unrolled: the optimizer was unable to perform the requested transformation; the transformation might be disabled or specified as part of an unsupported transformation ordering [-Wpass-failed=transform-warning]
/opt/venv/lib/python3.12/site-packages/apex/csrc/welford.hip:246:3: warning: loop not unrolled: the optimizer was unable to perform the requested transformation; the transformation might be disabled or specified as part of an unsupported transformation ordering [-Wpass-failed=transform-warning]
10 warnings generated when compiling for gfx950.
[2/3] c++ -MMD -MF syncbn.o.d -DTORCH_EXTENSION_NAME=syncbn -DTORCH_API_INCLUDE_EXTENSION_H -I/opt/venv/lib/python3.12/site-packages/apex/csrc -isystem /opt/venv/lib/python3.12/site-packages/torch/include -isystem /opt/venv/lib/python3.12/site-packages/torch/include/torch/csrc/api/include -isystem /opt/venv/lib/python3.12/site-packages/torch/include/THH -isystem /opt/venv/lib/python3.12/site-packages/_rocm_sdk_devel/include -isystem /usr/include/python3.12 -fPIC -std=c++20 -O3 -std=c++17 -g -Wno-reorder -DVERSION_GE_1_1 -DVERSION_GE_1_3 -DVERSION_GE_1_5 -UC10_USE_GLOG -D__HIP_PLATFORM_AMD__=1 -DROCM_WAVEFRONT_SIZE=64 -c /opt/venv/lib/python3.12/site-packages/apex/csrc/syncbn.cpp -o syncbn.o -D__HIP_PLATFORM_AMD__=1 -DUSE_ROCM=1 -DHIPBLAS_V2 -fPIC
[3/3] c++ syncbn.o welford.cuda.o -shared -L/opt/venv/lib/python3.12/site-packages/torch/lib -lc10 -lc10_hip -ltorch_cpu -ltorch_hip -ltorch -ltorch_python -L/opt/venv/lib/python3.12/site-packages/_rocm_sdk_devel/lib -lamdhip64 -o syncbn.so
[[32m20260813 23:58:11[0m][[36mrank-1/5[0m][34m[1m[DEBUG]    [0m[34m[1m[-------------builder.py:603] : Time to load syncbn op: 15.225055694580078 seconds[0m
[[32m20260813 23:58:11[0m][[36mrank-4/5[0m][34m[1m[DEBUG]    [0m[34m[1m[-------------builder.py:603] : Time to load syncbn op: 15.219712018966675 seconds[0m
[[32m20260813 23:58:11[0m][[36mrank-3/5[0m][34m[1m[DEBUG]    [0m[34m[1m[-------------builder.py:603] : Time to load syncbn op: 15.219731330871582 seconds[0m
[[32m20260813 23:58:11[0m][[36mrank-2/5[0m][34m[1m[DEBUG]    [0m[34m[1m[-------------builder.py:603] : Time to load syncbn op: 15.21799612045288 seconds[0m
[[32m20260813 23:58:11[0m][[36mrank-0/5[0m][34m[1m[DEBUG]    [0m[34m[1m[-----------------------------builder.py:603] : Time to load syncbn op: 15.226478099822998 seconds[0m
[[32m20260813 23:58:11[0m][[36mrank-0/5[0m][1m[INFO]     [0m[1m[--------fused_pad_routing_map_patches.py:64] : [Patch:megatron.fused_pad_routing_map]   Patched megatron.core.fusions.fused_pad_routing_map.fused_pad_routing_map -> primus (also updated already-imported refs: ['megatron.core.transformer.moe.token_dispatcher'])[0m
[[32m20260813 23:58:11[0m][[36mrank-0/5[0m][1m[INFO]     [0m[1m[------------------------patch_runner.py:130] : [Patch] ✓ Applied: megatron.fused_pad_routing_map (priority=50)[0m
[[32m20260813 23:58:11[0m][[36mrank-0/5[0m][1m[INFO]     [0m[1m[------------------------patch_runner.py:116] : --------------------------------------------------------------------------------[0m
[[32m20260813 23:58:11[0m][[36mrank-0/5[0m][1m[INFO]     [0m[1m[------------------------patch_runner.py:126] : [Patch] Applying megatron.mamba.rocm_chunk_state_bwd_db: Disable Triton buffer_ops in Mamba _chunk_state_bwd_db backward pass to work around ROCm-specific correctness issues.[0m
[[32m20260813 23:58:12[0m][[36mrank-4/5[0m][34m[1m[DEBUG]    [0m[34m[1m[---------global_vars.py:241] : WARNING: one_logger package is required to enable e2e metrics tracking. please go to https://confluence.nvidia.com/display/MLWFO/Package+Repositories for details to install it[0m
[[32m20260813 23:58:12[0m][[36mrank-0/5[0m][1m[INFO]     [0m[1m[-------------------mamba_rocm_patches.py:69] : [Patch:megatron.mamba.rocm_chunk_state_bwd_db] Patched mamba_ssm.ops.triton.ssd_chunk_state._chunk_state_bwd_db[0m
[[32m20260813 23:58:12[0m][[36mrank-0/5[0m][1m[INFO]     [0m[1m[-------------------mamba_rocm_patches.py:76] : [Patch:megatron.mamba.rocm_chunk_state_bwd_db] Patched mamba_ssm.ops.triton.ssd_combined._chunk_state_bwd_db[0m
[[32m20260813 23:58:12[0m][[36mrank-0/5[0m][1m[INFO]     [0m[1m[------------------------patch_runner.py:130] : [Patch] ✓ Applied: megatron.mamba.rocm_chunk_state_bwd_db (priority=50)[0m
[[32m20260813 23:58:12[0m][[36mrank-0/5[0m][1m[INFO]     [0m[1m[------------------------patch_runner.py:116] : --------------------------------------------------------------------------------[0m
[[32m20260813 23:58:12[0m][[36mrank-0/5[0m][1m[INFO]     [0m[1m[------------------------patch_runner.py:126] : [Patch] Applying megatron.moe.skip_identity_sort: Short-circuit sort_chunks_by_idxs in the MoE token dispatcher when the local-expert permutation is identity (e.g. EP=1/TP=1); gated by MOE_SKIP_IDENTITY_SORT (default on).[0m
[[32m20260813 23:58:12[0m][[36mrank-0/5[0m][1m[INFO]     [0m[1m[----------skip_identity_sort_patches.py:118] : [Patch:megatron.moe.skip_identity_sort] Patched token_dispatcher.sort_chunks_by_idxs to skip identity permutations.[0m
[[32m20260813 23:58:12[0m][[36mrank-0/5[0m][1m[INFO]     [0m[1m[------------------------patch_runner.py:130] : [Patch] ✓ Applied: megatron.moe.skip_identity_sort (priority=50)[0m
[[32m20260813 23:58:12[0m][[36mrank-0/5[0m][1m[INFO]     [0m[1m[------------------------patch_runner.py:116] : --------------------------------------------------------------------------------[0m
[[32m20260813 23:58:12[0m][[36mrank-0/5[0m][1m[INFO]     [0m[1m[------------------------patch_runner.py:126] : [Patch] Applying megatron.core.transformer.pipeline_parallel_layer_layout: Replace PipelineParallelLayerLayout with Primus implementation[0m
[[32m20260813 23:58:12[0m][[36mrank-0/5[0m][1m[INFO]     [0m[1m[-----pipeline_parallel_layout_patches.py:36] : [Patch:megatron.core.transformer.pipeline_parallel_layer_layout]   Patched megatron.core.transformer.pipeline_parallel_layer_layout.PipelineParallelLayerLayout -> PrimusPipelineParallelLayerLayout[0m
[[32m20260813 23:58:12[0m][[36mrank-0/5[0m][1m[INFO]     [0m[1m[------------------------patch_runner.py:130] : [Patch] ✓ Applied: megatron.core.transformer.pipeline_parallel_layer_layout (priority=50)[0m
[[32m20260813 23:58:12[0m][[36mrank-0/5[0m][1m[INFO]     [0m[1m[------------------------patch_runner.py:116] : --------------------------------------------------------------------------------[0m
[[32m20260813 23:58:12[0m][[36mrank-0/5[0m][1m[INFO]     [0m[1m[------------------------patch_runner.py:126] : [Patch] Applying megatron.training.pp_warmup.wrap_train: Wrap train() to run PP warmup before the first train() call when args.pp_warmup is True.[0m
[[32m20260813 23:58:12[0m][[36mrank-0/5[0m][1m[INFO]     [0m[1m[-------------------pp_warmup_patches.py:327] : [Patch:megatron.pp_warmup] Wrapped train(); PP warmup runs before train when args.pp_warmup = True[0m
[[32m20260813 23:58:12[0m][[36mrank-0/5[0m][1m[INFO]     [0m[1m[------------------------patch_runner.py:130] : [Patch] ✓ Applied: megatron.training.pp_warmup.wrap_train (priority=50)[0m
[[32m20260813 23:58:12[0m][[36mrank-0/5[0m][1m[INFO]     [0m[1m[------------------------patch_runner.py:116] : --------------------------------------------------------------------------------[0m
[[32m20260813 23:58:12[0m][[36mrank-0/5[0m][1m[INFO]     [0m[1m[------------------------patch_runner.py:126] : [Patch] Applying megatron.te.general_gemm_workspace_helper: Patch Megatron te_general_gemm workspace helper for TE compatibility[0m
[[32m20260813 23:58:12[0m][[36mrank-0/5[0m][1m[INFO]     [0m[1m[-------general_gemm_workspace_patches.py:80] : [Patch:megatron.te.general_gemm_workspace_helper] TE general_gemm does not expose a workspace parameter; disabled workspace injection[0m
[[32m20260813 23:58:12[0m][[36mrank-0/5[0m][1m[INFO]     [0m[1m[------------------------patch_runner.py:130] : [Patch] ✓ Applied: megatron.te.general_gemm_workspace_helper (priority=50)[0m
[[32m20260813 23:58:12[0m][[36mrank-0/5[0m][1m[INFO]     [0m[1m[------------------------patch_runner.py:116] : --------------------------------------------------------------------------------[0m
[[32m20260813 23:58:12[0m][[36mrank-0/5[0m][1m[INFO]     [0m[1m[------------------------patch_runner.py:126] : [Patch] Applying megatron.torch_profiler: Patch torch.profiler.profile with Primus profiler options (trainer.py L1277-1298)[0m
[[32m20260813 23:58:12[0m][[36mrank-0/5[0m][1m[INFO]     [0m[1m[--------------torch_profiler_patches.py:105] : [Patch:megatron.torch_profiler] Patched torch.profiler.profile with Primus options.[0m
[[32m20260813 23:58:12[0m][[36mrank-0/5[0m][1m[INFO]     [0m[1m[------------------------patch_runner.py:130] : [Patch] ✓ Applied: megatron.torch_profiler (priority=50)[0m
[[32m20260813 23:58:12[0m][[36mrank-0/5[0m][1m[INFO]     [0m[1m[------------------------patch_runner.py:116] : --------------------------------------------------------------------------------[0m
[[32m20260813 23:58:12[0m][[36mrank-0/5[0m][1m[INFO]     [0m[1m[------------------------patch_runner.py:126] : [Patch] Applying megatron.training_log.unified_patch: Patch training_log to use Primus print_rank_last (ROCm, throughput) only inside training_log.[0m
[[32m20260813 23:58:12[0m][[36mrank-0/5[0m][1m[INFO]     [0m[1m[-------------print_rank_last_patches.py:312] : [Patch:megatron.training_log] ElapsedAverageExtension initialized with log_avg_skip_iterations: 2 log_avg_reset_interval: 50[0m
[[32m20260813 23:58:12[0m][[36mrank-0/5[0m][1m[INFO]     [0m[1m[-------------print_rank_last_patches.py:383] : [Patch:megatron.training_log] ThroughputAverageExtension initialized with seq_len: 4096 world_size: 5 log_avg_skip_iterations: 2 log_avg_reset_interval: 50[0m
[[32m20260813 23:58:12[0m][[36mrank-0/5[0m][1m[INFO]     [0m[1m[-------------print_rank_last_patches.py:623] : [Patch:megatron.training_log] Wrapped training_log with Primus print_rank_last hook[0m
[[32m20260813 23:58:12[0m][[36mrank-0/5[0m][1m[INFO]     [0m[1m[------------------------patch_runner.py:130] : [Patch] ✓ Applied: megatron.training_log.unified_patch (priority=50)[0m
[[32m20260813 23:58:12[0m][[36mrank-0/5[0m][1m[INFO]     [0m[1m[------------------------patch_runner.py:116] : --------------------------------------------------------------------------------[0m
[[32m20260813 23:58:12[0m][[36mrank-0/5[0m][1m[INFO]     [0m[1m[------------------------patch_runner.py:126] : [Patch] Applying megatron_bridge.training_log.forward_to_rank0: Forward Megatron-Bridge last-rank training_log line to rank 0 for single-node console visibility.[0m
[[32m20260813 23:58:12[0m][[36mrank-0/5[0m][1m[INFO]     [0m[1m[-------------print_rank_last_patches.py:696] : [Patch:megatron_bridge.training_log][SKIP] Import failed: No module named 'megatron.bridge'[0m
[[32m20260813 23:58:12[0m][[36mrank-0/5[0m][1m[INFO]     [0m[1m[------------------------patch_runner.py:130] : [Patch] ✓ Applied: megatron_bridge.training_log.forward_to_rank0 (priority=50)[0m
[[32m20260813 23:58:12[0m][[36mrank-0/5[0m][1m[INFO]     [0m[1m[------------------------patch_runner.py:116] : --------------------------------------------------------------------------------[0m
[[32m20260813 23:58:12[0m][[36mrank-0/5[0m][1m[INFO]     [0m[1m[------------------------patch_runner.py:126] : [Patch] Applying megatron.triton.silence_autotune_print: Force Triton knobs.autotuning.print off so the autotuner does not flood stderr with one print line per kernel config it benchmarks.[0m
[[32m20260813 23:58:12[0m][[36mrank-0/5[0m][1m[INFO]     [0m[1m[--------triton_autotune_print_patches.py:66] : [Patch:megatron.triton.silence_autotune_print] Triton autotuner printing disabled.[0m
[[32m20260813 23:58:12[0m][[36mrank-0/5[0m][1m[INFO]     [0m[1m[------------------------patch_runner.py:130] : [Patch] ✓ Applied: megatron.triton.silence_autotune_print (priority=50)[0m
[[32m20260813 23:58:12[0m][[36mrank-0/5[0m][1m[INFO]     [0m[1m[------------------------patch_runner.py:143] : [Patch] Applied 21/21 patches for megatron/before_train: ['megatron.runtime.skip_compile_dependencies', 'megatron.training.skip_redundant_mp_sync', 'megatron.turbo.te_spec_provider', 'megatron.validate_args', 'megatron.attention_backend.rocm_safe', 'megatron.training.training.get_model.disable_second_ddp', 'megatron.patch.apply_factory_merges_tolerant', 'megatron.patch.load_checkpoint_distributed_fix', 'megatron.patch.filesystem_writer_async', 'megatron.checkpoint.save_checkpoint', 'megatron.emerging_optimizers.log_level', 'megatron.fused_pad_routing_map', 'megatron.mamba.rocm_chunk_state_bwd_db', 'megatron.moe.skip_identity_sort', 'megatron.core.transformer.pipeline_parallel_layer_layout', 'megatron.training.pp_warmup.wrap_train', 'megatron.te.general_gemm_workspace_helper', 'megatron.torch_profiler', 'megatron.training_log.unified_patch', 'megatron_bridge.training_log.forward_to_rank0', 'megatron.triton.silence_autotune_print'][0m
[[32m20260813 23:58:12[0m][[36mrank-0/5[0m][1m[INFO]     [0m[1m[------------------------patch_runner.py:146] : --------------------------------------------------------------------------------[0m
[[32m20260813 23:58:12[0m][[36mrank-0/5[0m][1m[INFO]     [0m[1m[-----------------------train_runtime.py:521] : Python GC disabled for training (matching NeMo memory management)[0m
[[32m20260813 23:58:12[0m][[36mrank-0/5[0m][1m[INFO]     [0m[1m[-----------------------train_runtime.py:495] : ================================================================================[0m
[[32m20260813 23:58:12[0m][[36mrank-0/5[0m][1m[INFO]     [0m[1m[-----------------------train_runtime.py:496] : Training started.[0m
[[32m20260813 23:58:12[0m][[36mrank-0/5[0m][1m[INFO]     [0m[1m[-----------------------train_runtime.py:497] : ================================================================================[0m
[[32m20260813 23:58:12[0m][[36mrank-0/5[0m][1m[INFO]     [0m[1m[-----------megatron_pretrain_trainer.py:130] : Executing Megatron pretrain...[0m
[[32m20260813 23:58:12[0m][[36mrank-0/5[0m][1m[INFO]     [0m[1m[-----------megatron_pretrain_trainer.py:141] : -detected model_type: gpt[0m
[[32m20260813 23:58:12[0m][[36mrank-0/5[0m][1m[INFO]     [0m[1m[---------------megatron_base_trainer.py:198] : parse_args() called; returning Primus arguments[0m
[[32m20260813 23:58:12[0m][[36mrank-0/5[0m][1m[INFO]     [0m[1m[-------------------------import_utils.py:30] : [Primus][MegatronCompat] Loaded model_provider from model_provider[0m
[[32m20260813 23:58:12[0m][[36mrank-0/5[0m][1m[INFO]     [0m[1m[-------------------------import_utils.py:30] : [Primus][MegatronCompat] Loaded gpt_builder from gpt_builders[0m
[[32m20260813 23:58:12[0m][[36mrank-0/5[0m][1m[INFO]     [0m[1m[-----------megatron_pretrain_trainer.py:200] : -model_provider: functools.partial(<function model_provider at 0x76114d4356c0>, <function gpt_builder at 0x76114d511440>)[0m
[[32m20260813 23:58:12[0m][[36mrank-0/5[0m][1m[INFO]     [0m[1m[---------------megatron_base_trainer.py:198] : parse_args() called; returning Primus arguments[0m
[[32m20260813 23:58:12[0m][[36mrank-0/5[0m][1m[INFO]     [0m[1m[---------------megatron_base_trainer.py:198] : parse_args() called; returning Primus arguments[0m
[[32m20260813 23:58:12[0m][[36mrank-0/5[0m][34m[1m[DEBUG]    [0m[34m[1m[-------------------------------utils.py:401] : using world size: 5, data-parallel size: 5, context-parallel size: 1, hierarchical context-parallel sizes: None, tensor-model-parallel size: 1, pipeline-model-parallel size: 1[0m
/workspace/Primus/third_party/Megatron-LM/megatron/training/utils.py:411: UserWarning: Overriding default arguments for tokenizer_type:GPT2BPETokenizer with tokenizer_type:NullTokenizer
  warnings.warn(message)
[[32m20260813 23:58:12[0m][[36mrank-0/5[0m][34m[1m[DEBUG]    [0m[34m[1m[-------------------------------utils.py:401] : Number of virtual stages per pipeline stage: None[0m
[[32m20260813 23:58:12[0m][[36mrank-0/5[0m][34m[1m[DEBUG]    [0m[34m[1m[-------------------------------utils.py:401] : accumulate and all-reduce gradients in fp32 for bfloat16 data type.[0m
[[32m20260813 23:58:12[0m][[36mrank-0/5[0m][34m[1m[DEBUG]    [0m[34m[1m[-------------------------------utils.py:401] : using torch.bfloat16 for parameters ...[0m
/workspace/Primus/third_party/Megatron-LM/megatron/training/utils.py:411: UserWarning: full scope is deprecated. Use empty cuda_graph_scope to capture the whole layer.
  warnings.warn(message)
/workspace/Primus/third_party/Megatron-LM/megatron/training/utils.py:411: UserWarning: --tokenizer-hf-use-fast argument is deprecated and will be removed soon. `use_fast` is set to True by default for HF tokenizers.Use --tokenizer-hf-no-use-fast if you want to disable `use_fast`.
  warnings.warn(message)
/workspace/Primus/third_party/Megatron-LM/megatron/training/utils.py:411: UserWarning: --tokenizer-hf-include-special-tokens argument is deprecated and will be removed soon. `include_special_tokens` is set to True by default for HF tokenizers.Use --tokenizer-hf-no-include-special-tokens if you want to disable `include_special_tokens`.
  warnings.warn(message)
[[32m20260813 23:58:12[0m][[36mrank-0/5[0m][34m[1m[DEBUG]    [0m[34m[1m[--------------------------arguments.py:1570] : ------------------------ arguments ------------------------[0m
[[32m20260813 23:58:12[0m][[36mrank-0/5[0m][34m[1m[DEBUG]    [0m[34m[1m[--------------------------arguments.py:1576] :   account_for_embedding_in_pipeline_split ......... False[0m
[[32m20260813 23:58:12[0m][[36mrank-0/5[0m][34m[1m[DEBUG]    [0m[34m[1m[--------------------------arguments.py:1576] :   account_for_loss_in_pipeline_split .............. False[0m
[[32m20260813 23:58:12[0m][[36mrank-0/5[0m][34m[1m[DEBUG]    [0m[34m[1m[--------------------------arguments.py:1576] :   accumulate_allreduce_grads_in_fp32 .............. True[0m
[[32m20260813 23:58:12[0m][[36mrank-0/5[0m][34m[1m[DEBUG]    [0m[34m[1m[--------------------------arguments.py:1576] :   activation_func_clamp_value ..................... None[0m
[[32m20260813 23:58:12[0m][[36mrank-0/5[0m][34m[1m[DEBUG]    [0m[34m[1m[--------------------------arguments.py:1576] :   adam_beta1 ...................................... 0.9[0m
[[32m20260813 23:58:12[0m][[36mrank-0/5[0m][34m[1m[DEBUG]    [0m[34m[1m[--------------------------arguments.py:1576] :   adam_beta2 ...................................... 0.95[0m
[[32m20260813 23:58:12[0m][[36mrank-0/5[0m][34m[1m[DEBUG]    [0m[34m[1m[--------------------------arguments.py:1576] :   adam_eps ........................................ 1e-08[0m
[[32m20260813 23:58:12[0m][[36mrank-0/5[0m][34m[1m[DEBUG]    [0m[34m[1m[--------------------------arguments.py:1576] :   add_bias_linear ................................. False[0m
[[32m20260813 23:58:12[0m][[36mrank-0/5[0m][34m[1m[DEBUG]    [0m[34m[1m[--------------------------arguments.py:1576] :   add_position_embedding .......................... False[0m
[[32m20260813 23:58:12[0m][[36mrank-0/5[0m][34m[1m[DEBUG]    [0m[34m[1m[--------------------------arguments.py:1576] :   add_qkv_bias .................................... False[0m
[[32m20260813 23:58:12[0m][[36mrank-0/5[0m][34m[1m[DEBUG]    [0m[34m[1m[--------------------------arguments.py:1576] :   adlr_autoresume ................................. False[0m
[[32m20260813 23:58:12[0m][[36mrank-0/5[0m][34m[1m[DEBUG]    [0m[34m[1m[--------------------------arguments.py:1576] :   adlr_autoresume_interval ........................ 1000[0m
[[32m20260813 23:58:12[0m][[36mrank-0/5[0m][34m[1m[DEBUG]    [0m[34m[1m[--------------------------arguments.py:1576] :   align_grad_reduce ............................... True[0m
[[32m20260813 23:58:12[0m][[36mrank-0/5[0m][34m[1m[DEBUG]    [0m[34m[1m[--------------------------arguments.py:1576] :   align_param_gather .............................. False[0m
[[32m20260813 23:58:12[0m][[36mrank-0/5[0m][34m[1m[DEBUG]    [0m[34m[1m[--------------------------arguments.py:1576] :   allow_ambiguous_pad_tokens ...................... False[0m
[[32m20260813 23:58:12[0m][[36mrank-0/5[0m][34m[1m[DEBUG]    [0m[34m[1m[--------------------------arguments.py:1576] :   allow_padding_num_layers ........................ True[0m
[[32m20260813 23:58:12[0m][[36mrank-0/5[0m][34m[1m[DEBUG]    [0m[34m[1m[--------------------------arguments.py:1576] :   app_tag_run_name ................................ None[0m
[[32m20260813 23:58:12[0m][[36mrank-0/5[0m][34m[1m[DEBUG]    [0m[34m[1m[--------------------------arguments.py:1576] :   app_tag_run_version ............................. 0.0.0[0m
[[32m20260813 23:58:12[0m][[36mrank-0/5[0m][34m[1m[DEBUG]    [0m[34m[1m[--------------------------arguments.py:1576] :   apply_layernorm_1p .............................. False[0m
[[32m20260813 23:58:12[0m][[36mrank-0/5[0m][34m[1m[DEBUG]    [0m[34m[1m[--------------------------arguments.py:1576] :   apply_query_key_layer_scaling ................... False[0m
[[32m20260813 23:58:12[0m][[36mrank-0/5[0m][34m[1m[DEBUG]    [0m[34m[1m[--------------------------arguments.py:1576] :   apply_residual_connection_post_layernorm ........ False[0m
[[32m20260813 23:58:12[0m][[36mrank-0/5[0m][34m[1m[DEBUG]    [0m[34m[1m[--------------------------arguments.py:1576] :   apply_rope_fusion ............................... True[0m
[[32m20260813 23:58:12[0m][[36mrank-0/5[0m][34m[1m[DEBUG]    [0m[34m[1m[--------------------------arguments.py:1576] :   apply_wd_to_qk_layernorm ........................ False[0m
[[32m20260813 23:58:12[0m][[36mrank-0/5[0m][34m[1m[DEBUG]    [0m[34m[1m[--------------------------arguments.py:1576] :   async_save ...................................... None[0m
[[32m20260813 23:58:12[0m][[36mrank-0/5[0m][34m[1m[DEBUG]    [0m[34m[1m[--------------------------arguments.py:1576] :   async_tensor_model_parallel_allreduce ........... True[0m
[[32m20260813 23:58:12[0m][[36mrank-0/5[0m][34m[1m[DEBUG]    [0m[34m[1m[--------------------------arguments.py:1576] :   attention_backend ............................... AttnBackend.auto[0m
[[32m20260813 23:58:12[0m][[36mrank-0/5[0m][34m[1m[DEBUG]    [0m[34m[1m[--------------------------arguments.py:1576] :   attention_dropout ............................... 0.0[0m
[[32m20260813 23:58:12[0m][[36mrank-0/5[0m][34m[1m[DEBUG]    [0m[34m[1m[--------------------------arguments.py:1576] :   attention_output_gate ........................... False[0m
[[32m20260813 23:58:12[0m][[36mrank-0/5[0m][34m[1m[DEBUG]    [0m[34m[1m[--------------------------arguments.py:1576] :   attention_softmax_in_fp32 ....................... True[0m
[[32m20260813 23:58:12[0m][[36mrank-0/5[0m][34m[1m[DEBUG]    [0m[34m[1m[--------------------------arguments.py:1576] :   attn_logit_softcapping .......................... None[0m
[[32m20260813 23:58:12[0m][[36mrank-0/5[0m][34m[1m[DEBUG]    [0m[34m[1m[--------------------------arguments.py:1576] :   auto_continue_train ............................. False[0m
[[32m20260813 23:58:12[0m][[36mrank-0/5[0m][34m[1m[DEBUG]    [0m[34m[1m[--------------------------arguments.py:1576] :   auto_detect_ckpt_format ......................... False[0m
[[32m20260813 23:58:12[0m][[36mrank-0/5[0m][34m[1m[DEBUG]    [0m[34m[1m[--------------------------arguments.py:1576] :   auto_offload_time ............................... True[0m
[[32m20260813 23:58:12[0m][[36mrank-0/5[0m][34m[1m[DEBUG]    [0m[34m[1m[--------------------------arguments.py:1576] :   barrier_with_L1_time ............................ True[0m
[[32m20260813 23:58:12[0m][[36mrank-0/5[0m][34m[1m[DEBUG]    [0m[34m[1m[--------------------------arguments.py:1576] :   batch_invariant_mode ............................ False[0m
[[32m20260813 23:58:12[0m][[36mrank-0/5[0m][34m[1m[DEBUG]    [0m[34m[1m[--------------------------arguments.py:1576] :   bert_binary_head ................................ True[0m
[[32m20260813 23:58:12[0m][[36mrank-0/5[0m][34m[1m[DEBUG]    [0m[34m[1m[--------------------------arguments.py:1576] :   bert_embedder_type .............................. megatron[0m
[[32m20260813 23:58:12[0m][[36mrank-0/5[0m][34m[1m[DEBUG]    [0m[34m[1m[--------------------------arguments.py:1576] :   bert_load ....................................... None[0m
[[32m20260813 23:58:12[0m][[36mrank-0/5[0m][34m[1m[DEBUG]    [0m[34m[1m[--------------------------arguments.py:1576] :   bf16 ............................................ True[0m
[[32m20260813 23:58:12[0m][[36mrank-0/5[0m][34m[1m[DEBUG]    [0m[34m[1m[--------------------------arguments.py:1576] :   bias_dropout_fusion ............................. True[0m
[[32m20260813 23:58:12[0m][[36mrank-0/5[0m][34m[1m[DEBUG]    [0m[34m[1m[--------------------------arguments.py:1576] :   bias_gelu_fusion ................................ False[0m
[[32m20260813 23:58:12[0m][[36mrank-0/5[0m][34m[1m[DEBUG]    [0m[34m[1m[--------------------------arguments.py:1576] :   bias_swiglu_fusion .............................. True[0m
[[32m20260813 23:58:12[0m][[36mrank-0/5[0m][34m[1m[DEBUG]    [0m[34m[1m[--------------------------arguments.py:1576] :   biencoder_projection_dim ........................ 0[0m
[[32m20260813 23:58:12[0m][[36mrank-0/5[0m][34m[1m[DEBUG]    [0m[34m[1m[--------------------------arguments.py:1576] :   biencoder_shared_query_context_model ............ False[0m
[[32m20260813 23:58:12[0m][[36mrank-0/5[0m][34m[1m[DEBUG]    [0m[34m[1m[--------------------------arguments.py:1576] :   block_data_path ................................. None[0m
[[32m20260813 23:58:12[0m][[36mrank-0/5[0m][34m[1m[DEBUG]    [0m[34m[1m[--------------------------arguments.py:1576] :   cache_mla_latents ............................... False[0m
[[32m20260813 23:58:12[0m][[36mrank-0/5[0m][34m[1m[DEBUG]    [0m[34m[1m[--------------------------arguments.py:1576] :   calc_ft_timeouts ................................ False[0m
[[32m20260813 23:58:12[0m][[36mrank-0/5[0m][34m[1m[DEBUG]    [0m[34m[1m[--------------------------arguments.py:1576] :   calculate_per_token_loss ........................ False[0m
[[32m20260813 23:58:12[0m][[36mrank-0/5[0m][34m[1m[DEBUG]    [0m[34m[1m[--------------------------arguments.py:1576] :   check_for_large_grads ........................... False[0m
[[32m20260813 23:58:12[0m][[36mrank-0/5[0m][34m[1m[DEBUG]    [0m[34m[1m[--------------------------arguments.py:1576] :   check_for_nan_in_loss_and_grad .................. True[0m
[[32m20260813 23:58:12[0m][[36mrank-0/5[0m][34m[1m[DEBUG]    [0m[34m[1m[--------------------------arguments.py:1576] :   check_for_spiky_loss ............................ False[0m
[[32m20260813 23:58:12[0m][[36mrank-0/5[0m][34m[1m[DEBUG]    [0m[34m[1m[--------------------------arguments.py:1576] :   check_weight_hash_across_dp_replicas_interval ... None[0m
[[32m20260813 23:58:12[0m][[36mrank-0/5[0m][34m[1m[DEBUG]    [0m[34m[1m[--------------------------arguments.py:1576] :   ckpt_assume_constant_structure .................. False[0m
[[32m20260813 23:58:12[0m][[36mrank-0/5[0m][34m[1m[DEBUG]    [0m[34m[1m[--------------------------arguments.py:1576] :   ckpt_convert_format ............................. None[0m
[[32m20260813 23:58:12[0m][[36mrank-0/5[0m][34m[1m[DEBUG]    [0m[34m[1m[--------------------------arguments.py:1576] :   ckpt_convert_save ............................... None[0m
[[32m20260813 23:58:12[0m][[36mrank-0/5[0m][34m[1m[DEBUG]    [0m[34m[1m[--------------------------arguments.py:1576] :   ckpt_convert_update_legacy_dist_opt_format ...... False[0m
[[32m20260813 23:58:12[0m][[36mrank-0/5[0m][34m[1m[DEBUG]    [0m[34m[1m[--------------------------arguments.py:1576] :   ckpt_format ..................................... torch[0m
[[32m20260813 23:58:12[0m][[36mrank-0/5[0m][34m[1m[DEBUG]    [0m[34m[1m[--------------------------arguments.py:1576] :   ckpt_fully_parallel_load ........................ False[0m
[[32m20260813 23:58:12[0m][[36mrank-0/5[0m][34m[1m[DEBUG]    [0m[34m[1m[--------------------------arguments.py:1576] :   ckpt_fully_parallel_load_exchange_algo .......... broadcast[0m
[[32m20260813 23:58:12[0m][[36mrank-0/5[0m][34m[1m[DEBUG]    [0m[34m[1m[--------------------------arguments.py:1576] :   ckpt_fully_parallel_load_process_group .......... dp[0m
[[32m20260813 23:58:12[0m][[36mrank-0/5[0m][34m[1m[DEBUG]    [0m[34m[1m[--------------------------arguments.py:1576] :   ckpt_fully_parallel_save ........................ True[0m
[[32m20260813 23:58:12[0m][[36mrank-0/5[0m][34m[1m[DEBUG]    [0m[34m[1m[--------------------------arguments.py:1576] :   ckpt_fully_parallel_save_deprecated ............. False[0m
[[32m20260813 23:58:12[0m][[36mrank-0/5[0m][34m[1m[DEBUG]    [0m[34m[1m[--------------------------arguments.py:1576] :   ckpt_fully_parallel_save_process_group .......... dp[0m
[[32m20260813 23:58:12[0m][[36mrank-0/5[0m][34m[1m[DEBUG]    [0m[34m[1m[--------------------------arguments.py:1576] :   ckpt_step ....................................... None[0m
[[32m20260813 23:58:12[0m][[36mrank-0/5[0m][34m[1m[DEBUG]    [0m[34m[1m[--------------------------arguments.py:1576] :   classes_fraction ................................ 1.0[0m
[[32m20260813 23:58:12[0m][[36mrank-0/5[0m][34m[1m[DEBUG]    [0m[34m[1m[--------------------------arguments.py:1576] :   clip_grad ....................................... 1.0[0m
[[32m20260813 23:58:12[0m][[36mrank-0/5[0m][34m[1m[DEBUG]    [0m[34m[1m[--------------------------arguments.py:1576] :   clone_scatter_output_in_embedding ............... True[0m
[[32m20260813 23:58:12[0m][[36mrank-0/5[0m][34m[1m[DEBUG]    [0m[34m[1m[--------------------------arguments.py:1576] :   communication_method ............................ async_p2p[0m
[[32m20260813 23:58:12[0m][[36mrank-0/5[0m][34m[1m[DEBUG]    [0m[34m[1m[--------------------------arguments.py:1576] :   config_logger_dir ............................... [0m
[[32m20260813 23:58:12[0m][[36mrank-0/5[0m][34m[1m[DEBUG]    [0m[34m[1m[--------------------------arguments.py:1576] :   consumed_train_samples .......................... 0[0m
[[32m20260813 23:58:12[0m][[36mrank-0/5[0m][34m[1m[DEBUG]    [0m[34m[1m[--------------------------arguments.py:1576] :   consumed_valid_samples .......................... 0[0m
[[32m20260813 23:58:12[0m][[36mrank-0/5[0m][34m[1m[DEBUG]    [0m[34m[1m[--------------------------arguments.py:1576] :   context_parallel_size ........................... 1[0m
[[32m20260813 23:58:12[0m][[36mrank-0/5[0m][34m[1m[DEBUG]    [0m[34m[1m[--------------------------arguments.py:1576] :   conv_bias ....................................... False[0m
[[32m20260813 23:58:12[0m][[36mrank-0/5[0m][34m[1m[DEBUG]    [0m[34m[1m[--------------------------arguments.py:1576] :   conv_L_cache .................................... 3[0m
[[32m20260813 23:58:12[0m][[36mrank-0/5[0m][34m[1m[DEBUG]    [0m[34m[1m[--------------------------arguments.py:1576] :   cp_comm_type .................................... p2p[0m
[[32m20260813 23:58:12[0m][[36mrank-0/5[0m][34m[1m[DEBUG]    [0m[34m[1m[--------------------------arguments.py:1576] :   cpu_offload ..................................... False[0m
[[32m20260813 23:58:12[0m][[36mrank-0/5[0m][34m[1m[DEBUG]    [0m[34m[1m[--------------------------arguments.py:1576] :   cpu_offloading_num_layers ....................... 0[0m
[[32m20260813 23:58:12[0m][[36mrank-0/5[0m][34m[1m[DEBUG]    [0m[34m[1m[--------------------------arguments.py:1576] :   create_all_gather_group ......................... False[0m
[[32m20260813 23:58:12[0m][[36mrank-0/5[0m][34m[1m[DEBUG]    [0m[34m[1m[--------------------------arguments.py:1576] :   create_attention_mask_in_dataloader ............. True[0m
[[32m20260813 23:58:12[0m][[36mrank-0/5[0m][34m[1m[DEBUG]    [0m[34m[1m[--------------------------arguments.py:1576] :   cross_entropy_fusion_impl ....................... te[0m
[[32m20260813 23:58:12[0m][[36mrank-0/5[0m][34m[1m[DEBUG]    [0m[34m[1m[--------------------------arguments.py:1576] :   cross_entropy_loss_fusion ....................... True[0m
[[32m20260813 23:58:12[0m][[36mrank-0/5[0m][34m[1m[DEBUG]    [0m[34m[1m[--------------------------arguments.py:1576] :   cuda_graph_impl ................................. none[0m
[[32m20260813 23:58:12[0m][[36mrank-0/5[0m][34m[1m[DEBUG]    [0m[34m[1m[--------------------------arguments.py:1576] :   cuda_graph_scope ................................ [][0m
[[32m20260813 23:58:12[0m][[36mrank-0/5[0m][34m[1m[DEBUG]    [0m[34m[1m[--------------------------arguments.py:1576] :   cuda_graph_warmup_steps ......................... 3[0m
[[32m20260813 23:58:12[0m][[36mrank-0/5[0m][34m[1m[DEBUG]    [0m[34m[1m[--------------------------arguments.py:1576] :   data_args_path .................................. None[0m
[[32m20260813 23:58:12[0m][[36mrank-0/5[0m][34m[1m[DEBUG]    [0m[34m[1m[--------------------------arguments.py:1576] :   data_cache_path ................................. None[0m
[[32m20260813 23:58:12[0m][[36mrank-0/5[0m][34m[1m[DEBUG]    [0m[34m[1m[--------------------------arguments.py:1576] :   data_parallel_random_init ....................... False[0m
[[32m20260813 23:58:12[0m][[36mrank-0/5[0m][34m[1m[DEBUG]    [0m[34m[1m[--------------------------arguments.py:1576] :   data_parallel_replicate_degree .................. 1[0m
[[32m20260813 23:58:12[0m][[36mrank-0/5[0m][34m[1m[DEBUG]    [0m[34m[1m[--------------------------arguments.py:1576] :   data_parallel_sharding_strategy ................. no_shard[0m
[[32m20260813 23:58:12[0m][[36mrank-0/5[0m][34m[1m[DEBUG]    [0m[34m[1m[--------------------------arguments.py:1576] :   data_parallel_size .............................. 5[0m
[[32m20260813 23:58:12[0m][[36mrank-0/5[0m][34m[1m[DEBUG]    [0m[34m[1m[--------------------------arguments.py:1576] :   data_path ....................................... None[0m
[[32m20260813 23:58:12[0m][[36mrank-0/5[0m][34m[1m[DEBUG]    [0m[34m[1m[--------------------------arguments.py:1576] :   data_per_class_fraction ......................... 1.0[0m
[[32m20260813 23:58:12[0m][[36mrank-0/5[0m][34m[1m[DEBUG]    [0m[34m[1m[--------------------------arguments.py:1576] :   data_sharding ................................... True[0m
[[32m20260813 23:58:12[0m][[36mrank-0/5[0m][34m[1m[DEBUG]    [0m[34m[1m[--------------------------arguments.py:1576] :   dataloader_defer_npy_index_mmap ................. False[0m
[[32m20260813 23:58:12[0m][[36mrank-0/5[0m][34m[1m[DEBUG]    [0m[34m[1m[--------------------------arguments.py:1576] :   dataloader_fast_cache_load ...................... False[0m
[[32m20260813 23:58:12[0m][[36mrank-0/5[0m][34m[1m[DEBUG]    [0m[34m[1m[--------------------------arguments.py:1576] :   dataloader_mp_context ........................... None[0m
[[32m20260813 23:58:12[0m][[36mrank-0/5[0m][34m[1m[DEBUG]    [0m[34m[1m[--------------------------arguments.py:1576] :   dataloader_type ................................. cyclic[0m
[[32m20260813 23:58:12[0m][[36mrank-0/5[0m][34m[1m[DEBUG]    [0m[34m[1m[--------------------------arguments.py:1576] :   ddp_average_in_collective ....................... False[0m
[[32m20260813 23:58:12[0m][[36mrank-0/5[0m][34m[1m[DEBUG]    [0m[34m[1m[--------------------------arguments.py:1576] :   ddp_bucket_size ................................. None[0m
[[32m20260813 23:58:12[0m][[36mrank-0/5[0m][34m[1m[DEBUG]    [0m[34m[1m[--------------------------arguments.py:1576] :   ddp_num_buckets ................................. None[0m
[[32m20260813 23:58:12[0m][[36mrank-0/5[0m][34m[1m[DEBUG]    [0m[34m[1m[--------------------------arguments.py:1576] :   ddp_pad_buckets_for_high_nccl_busbw ............. False[0m
[[32m20260813 23:58:12[0m][[36mrank-0/5[0m][34m[1m[DEBUG]    [0m[34m[1m[--------------------------arguments.py:1576] :   ddp_reduce_scatter_with_fp32_accumulation ....... False[0m
[[32m20260813 23:58:12[0m][[36mrank-0/5[0m][34m[1m[DEBUG]    [0m[34m[1m[--------------------------arguments.py:1576] :   debug_scheduler_table ........................... False[0m
[[32m20260813 23:58:12[0m][[36mrank-0/5[0m][34m[1m[DEBUG]    [0m[34m[1m[--------------------------arguments.py:1576] :   decode_only_cuda_graphs ......................... False[0m
[[32m20260813 23:58:12[0m][[36mrank-0/5[0m][34m[1m[DEBUG]    [0m[34m[1m[--------------------------arguments.py:1576] :   decoder_first_pipeline_num_layers ............... None[0m
[[32m20260813 23:58:12[0m][[36mrank-0/5[0m][34m[1m[DEBUG]    [0m[34m[1m[--------------------------arguments.py:1576] :   decoder_last_pipeline_num_layers ................ None[0m
[[32m20260813 23:58:12[0m][[36mrank-0/5[0m][34m[1m[DEBUG]    [0m[34m[1m[--------------------------arguments.py:1576] :   decoder_num_layers .............................. None[0m
[[32m20260813 23:58:12[0m][[36mrank-0/5[0m][34m[1m[DEBUG]    [0m[34m[1m[--------------------------arguments.py:1576] :   decoder_pipeline_manual_split_list .............. None[0m
[[32m20260813 23:58:12[0m][[36mrank-0/5[0m][34m[1m[DEBUG]    [0m[34m[1m[--------------------------arguments.py:1576] :   decoder_seq_length .............................. None[0m
[[32m20260813 23:58:12[0m][[36mrank-0/5[0m][34m[1m[DEBUG]    [0m[34m[1m[--------------------------arguments.py:1576] :   decoupled_lr .................................... None[0m
[[32m20260813 23:58:12[0m][[36mrank-0/5[0m][34m[1m[DEBUG]    [0m[34m[1m[--------------------------arguments.py:1576] :   decoupled_min_lr ................................ None[0m
[[32m20260813 23:58:12[0m][[36mrank-0/5[0m][34m[1m[DEBUG]    [0m[34m[1m[--------------------------arguments.py:1576] :   decrease_batch_size_if_needed ................... False[0m
[[32m20260813 23:58:12[0m][[36mrank-0/5[0m][34m[1m[DEBUG]    [0m[34m[1m[--------------------------arguments.py:1576] :   defer_embedding_wgrad_compute ................... False[0m
[[32m20260813 23:58:12[0m][[36mrank-0/5[0m][34m[1m[DEBUG]    [0m[34m[1m[--------------------------arguments.py:1576] :   delay_wgrad_compute ............................. False[0m
[[32m20260813 23:58:12[0m][[36mrank-0/5[0m][34m[1m[DEBUG]    [0m[34m[1m[--------------------------arguments.py:1576] :   deprecated_use_mcore_models ..................... False[0m
[[32m20260813 23:58:12[0m][[36mrank-0/5[0m][34m[1m[DEBUG]    [0m[34m[1m[--------------------------arguments.py:1576] :   deterministic_mode .............................. False[0m
[[32m20260813 23:58:12[0m][[36mrank-0/5[0m][34m[1m[DEBUG]    [0m[34m[1m[--------------------------arguments.py:1576] :   dino_bottleneck_size ............................ 256[0m
[[32m20260813 23:58:12[0m][[36mrank-0/5[0m][34m[1m[DEBUG]    [0m[34m[1m[--------------------------arguments.py:1576] :   dino_freeze_last_layer .......................... 1[0m
[[32m20260813 23:58:12[0m][[36mrank-0/5[0m][34m[1m[DEBUG]    [0m[34m[1m[--------------------------arguments.py:1576] :   dino_head_hidden_size ........................... 2048[0m
[[32m20260813 23:58:12[0m][[36mrank-0/5[0m][34m[1m[DEBUG]    [0m[34m[1m[--------------------------arguments.py:1576] :   dino_local_crops_number ......................... 10[0m
[[32m20260813 23:58:12[0m][[36mrank-0/5[0m][34m[1m[DEBUG]    [0m[34m[1m[--------------------------arguments.py:1576] :   dino_local_img_size ............................. 96[0m
[[32m20260813 23:58:12[0m][[36mrank-0/5[0m][34m[1m[DEBUG]    [0m[34m[1m[--------------------------arguments.py:1576] :   dino_norm_last_layer ............................ False[0m
[[32m20260813 23:58:12[0m][[36mrank-0/5[0m][34m[1m[DEBUG]    [0m[34m[1m[--------------------------arguments.py:1576] :   dino_teacher_temp ............................... 0.07[0m
[[32m20260813 23:58:12[0m][[36mrank-0/5[0m][34m[1m[DEBUG]    [0m[34m[1m[--------------------------arguments.py:1576] :   dino_warmup_teacher_temp ........................ 0.04[0m
[[32m20260813 23:58:12[0m][[36mrank-0/5[0m][34m[1m[DEBUG]    [0m[34m[1m[--------------------------arguments.py:1576] :   dino_warmup_teacher_temp_epochs ................. 30[0m
[[32m20260813 23:58:12[0m][[36mrank-0/5[0m][34m[1m[DEBUG]    [0m[34m[1m[--------------------------arguments.py:1576] :   disable_bf16_reduced_precision_matmul ........... False[0m
[[32m20260813 23:58:12[0m][[36mrank-0/5[0m][34m[1m[DEBUG]    [0m[34m[1m[--------------------------arguments.py:1576] :   disable_compile_dependencies .................... True[0m
[[32m20260813 23:58:12[0m][[36mrank-0/5[0m][34m[1m[DEBUG]    [0m[34m[1m[--------------------------arguments.py:1576] :   disable_jit_fuser ............................... False[0m
[[32m20260813 23:58:12[0m][[36mrank-0/5[0m][34m[1m[DEBUG]    [0m[34m[1m[--------------------------arguments.py:1576] :   disable_last_saving ............................. True[0m
[[32m20260813 23:58:12[0m][[36mrank-0/5[0m][34m[1m[DEBUG]    [0m[34m[1m[--------------------------arguments.py:1576] :   disable_mlflow .................................. True[0m
[[32m20260813 23:58:12[0m][[36mrank-0/5[0m][34m[1m[DEBUG]    [0m[34m[1m[--------------------------arguments.py:1576] :   disable_primus_topk_router ...................... False[0m
[[32m20260813 23:58:12[0m][[36mrank-0/5[0m][34m[1m[DEBUG]    [0m[34m[1m[--------------------------arguments.py:1576] :   disable_profiler_activity_cpu ................... False[0m
[[32m20260813 23:58:12[0m][[36mrank-0/5[0m][34m[1m[DEBUG]    [0m[34m[1m[--------------------------arguments.py:1576] :   disable_straggler_on_startup .................... False[0m
[[32m20260813 23:58:12[0m][[36mrank-0/5[0m][34m[1m[DEBUG]    [0m[34m[1m[--------------------------arguments.py:1576] :   disable_symmetric_registration .................. False[0m
[[32m20260813 23:58:12[0m][[36mrank-0/5[0m][34m[1m[DEBUG]    [0m[34m[1m[--------------------------arguments.py:1576] :   disable_tensorboard ............................. True[0m
[[32m20260813 23:58:12[0m][[36mrank-0/5[0m][34m[1m[DEBUG]    [0m[34m[1m[--------------------------arguments.py:1576] :   disable_wandb ................................... True[0m
[[32m20260813 23:58:12[0m][[36mrank-0/5[0m][34m[1m[DEBUG]    [0m[34m[1m[--------------------------arguments.py:1576] :   dist_ckpt_format_deprecated ..................... None[0m
[[32m20260813 23:58:12[0m][[36mrank-0/5[0m][34m[1m[DEBUG]    [0m[34m[1m[--------------------------arguments.py:1576] :   dist_ckpt_optim_fully_reshardable ............... None[0m
[[32m20260813 23:58:12[0m][[36mrank-0/5[0m][34m[1m[DEBUG]    [0m[34m[1m[--------------------------arguments.py:1576] :   dist_ckpt_save_pre_mcore_014 .................... None[0m
[[32m20260813 23:58:12[0m][[36mrank-0/5[0m][34m[1m[DEBUG]    [0m[34m[1m[--------------------------arguments.py:1576] :   dist_ckpt_strictness ............................ assume_ok_unexpected[0m
[[32m20260813 23:58:12[0m][[36mrank-0/5[0m][34m[1m[DEBUG]    [0m[34m[1m[--------------------------arguments.py:1576] :   dist_ckpt_workers ............................... 1[0m
[[32m20260813 23:58:12[0m][[36mrank-0/5[0m][34m[1m[DEBUG]    [0m[34m[1m[--------------------------arguments.py:1576] :   distrib_optim_fully_reshardable_mem_efficient ... False[0m
[[32m20260813 23:58:12[0m][[36mrank-0/5[0m][34m[1m[DEBUG]    [0m[34m[1m[--------------------------arguments.py:1576] :   distribute_saved_activations .................... False[0m
[[32m20260813 23:58:12[0m][[36mrank-0/5[0m][34m[1m[DEBUG]    [0m[34m[1m[--------------------------arguments.py:1576] :   distributed_backend ............................. nccl[0m
[[32m20260813 23:58:12[0m][[36mrank-0/5[0m][34m[1m[DEBUG]    [0m[34m[1m[--------------------------arguments.py:1576] :   distributed_timeout_minutes ..................... 60[0m
[[32m20260813 23:58:12[0m][[36mrank-0/5[0m][34m[1m[DEBUG]    [0m[34m[1m[--------------------------arguments.py:1576] :   distributed_timeout_seconds_after_init .......... None[0m
[[32m20260813 23:58:12[0m][[36mrank-0/5[0m][34m[1m[DEBUG]    [0m[34m[1m[--------------------------arguments.py:1576] :   dsa_indexer_head_dim ............................ None[0m
[[32m20260813 23:58:12[0m][[36mrank-0/5[0m][34m[1m[DEBUG]    [0m[34m[1m[--------------------------arguments.py:1576] :   dsa_indexer_loss_coeff .......................... None[0m
[[32m20260813 23:58:12[0m][[36mrank-0/5[0m][34m[1m[DEBUG]    [0m[34m[1m[--------------------------arguments.py:1576] :   dsa_indexer_n_heads ............................. None[0m
[[32m20260813 23:58:12[0m][[36mrank-0/5[0m][34m[1m[DEBUG]    [0m[34m[1m[--------------------------arguments.py:1576] :   dsa_indexer_topk ................................ None[0m
[[32m20260813 23:58:12[0m][[36mrank-0/5[0m][34m[1m[DEBUG]    [0m[34m[1m[--------------------------arguments.py:1576] :   dsa_indexer_use_sparse_loss ..................... False[0m
[[32m20260813 23:58:12[0m][[36mrank-0/5[0m][34m[1m[DEBUG]    [0m[34m[1m[--------------------------arguments.py:1576] :   dump_param_to_param_group_map ................... None[0m
[[32m20260813 23:58:12[0m][[36mrank-0/5[0m][34m[1m[DEBUG]    [0m[34m[1m[--------------------------arguments.py:1576] :   dump_pp_data .................................... False[0m
[[32m20260813 23:58:12[0m][[36mrank-0/5[0m][34m[1m[DEBUG]    [0m[34m[1m[--------------------------arguments.py:1576] :   embedding_init_method_std ....................... None[0m
[[32m20260813 23:58:12[0m][[36mrank-0/5[0m][34m[1m[DEBUG]    [0m[34m[1m[--------------------------arguments.py:1576] :   embedding_path .................................. None[0m
[[32m20260813 23:58:12[0m][[36mrank-0/5[0m][34m[1m[DEBUG]    [0m[34m[1m[--------------------------arguments.py:1576] :   empty_unused_memory_level ....................... 0[0m
[[32m20260813 23:58:12[0m][[36mrank-0/5[0m][34m[1m[DEBUG]    [0m[34m[1m[--------------------------arguments.py:1576] :   enable_1f1b_v ................................... False[0m
[[32m20260813 23:58:12[0m][[36mrank-0/5[0m][34m[1m[DEBUG]    [0m[34m[1m[--------------------------arguments.py:1576] :   enable_chunked_prefill .......................... False[0m
[[32m20260813 23:58:12[0m][[36mrank-0/5[0m][34m[1m[DEBUG]    [0m[34m[1m[--------------------------arguments.py:1576] :   enable_cuda_graph ............................... False[0m
[[32m20260813 23:58:12[0m][[36mrank-0/5[0m][34m[1m[DEBUG]    [0m[34m[1m[--------------------------arguments.py:1576] :   enable_exactly_numeric_match .................... True[0m
[[32m20260813 23:58:12[0m][[36mrank-0/5[0m][34m[1m[DEBUG]    [0m[34m[1m[--------------------------arguments.py:1576] :   enable_experimental ............................. False[0m
[[32m20260813 23:58:12[0m][[36mrank-0/5[0m][34m[1m[DEBUG]    [0m[34m[1m[--------------------------arguments.py:1576] :   enable_ft_package ............................... False[0m
[[32m20260813 23:58:12[0m][[36mrank-0/5[0m][34m[1m[DEBUG]    [0m[34m[1m[--------------------------arguments.py:1576] :   enable_full_sharding_in_hsdp .................... False[0m
[[32m20260813 23:58:12[0m][[36mrank-0/5[0m][34m[1m[DEBUG]    [0m[34m[1m[--------------------------arguments.py:1576] :   enable_gloo_process_groups ...................... True[0m
[[32m20260813 23:58:12[0m][[36mrank-0/5[0m][34m[1m[DEBUG]    [0m[34m[1m[--------------------------arguments.py:1576] :   enable_msc ...................................... True[0m
[[32m20260813 23:58:12[0m][[36mrank-0/5[0m][34m[1m[DEBUG]    [0m[34m[1m[--------------------------arguments.py:1576] :   enable_one_logger ............................... True[0m
[[32m20260813 23:58:12[0m][[36mrank-0/5[0m][34m[1m[DEBUG]    [0m[34m[1m[--------------------------arguments.py:1576] :   enable_optimizer_post_validation ................ False[0m
[[32m20260813 23:58:12[0m][[36mrank-0/5[0m][34m[1m[DEBUG]    [0m[34m[1m[--------------------------arguments.py:1576] :   enable_primus_turbo ............................. True[0m
[[32m20260813 23:58:12[0m][[36mrank-0/5[0m][34m[1m[DEBUG]    [0m[34m[1m[--------------------------arguments.py:1576] :   enable_turbo_attention_float8 ................... False[0m
[[32m20260813 23:58:12[0m][[36mrank-0/5[0m][34m[1m[DEBUG]    [0m[34m[1m[--------------------------arguments.py:1576] :   enable_zb_runtime ............................... True[0m
[[32m20260813 23:58:12[0m][[36mrank-0/5[0m][34m[1m[DEBUG]    [0m[34m[1m[--------------------------arguments.py:1576] :   enable_zero_bubble .............................. True[0m
[[32m20260813 23:58:12[0m][[36mrank-0/5[0m][34m[1m[DEBUG]    [0m[34m[1m[--------------------------arguments.py:1576] :   encoder_num_layers .............................. 32[0m
[[32m20260813 23:58:12[0m][[36mrank-0/5[0m][34m[1m[DEBUG]    [0m[34m[1m[--------------------------arguments.py:1576] :   encoder_pipeline_model_parallel_size ............ 0[0m
[[32m20260813 23:58:12[0m][[36mrank-0/5[0m][34m[1m[DEBUG]    [0m[34m[1m[--------------------------arguments.py:1576] :   encoder_seq_length .............................. 4096[0m
[[32m20260813 23:58:12[0m][[36mrank-0/5[0m][34m[1m[DEBUG]    [0m[34m[1m[--------------------------arguments.py:1576] :   encoder_tensor_model_parallel_size .............. 0[0m
[[32m20260813 23:58:12[0m][[36mrank-0/5[0m][34m[1m[DEBUG]    [0m[34m[1m[--------------------------arguments.py:1576] :   end_weight_decay ................................ 0.1[0m
[[32m20260813 23:58:12[0m][[36mrank-0/5[0m][34m[1m[DEBUG]    [0m[34m[1m[--------------------------arguments.py:1576] :   eod_mask_loss ................................... True[0m
[[32m20260813 23:58:12[0m][[36mrank-0/5[0m][34m[1m[DEBUG]    [0m[34m[1m[--------------------------arguments.py:1576] :   ep_overlap_early_attn_memory_release ............ False[0m
[[32m20260813 23:58:12[0m][[36mrank-0/5[0m][34m[1m[DEBUG]    [0m[34m[1m[--------------------------arguments.py:1576] :   error_injection_rate ............................ 0[0m
[[32m20260813 23:58:12[0m][[36mrank-0/5[0m][34m[1m[DEBUG]    [0m[34m[1m[--------------------------arguments.py:1576] :   error_injection_type ............................ transient_error[0m
[[32m20260813 23:58:12[0m][[36mrank-0/5[0m][34m[1m[DEBUG]    [0m[34m[1m[--------------------------arguments.py:1576] :   eval_interval ................................... 1000[0m
[[32m20260813 23:58:12[0m][[36mrank-0/5[0m][34m[1m[DEBUG]    [0m[34m[1m[--------------------------arguments.py:1576] :   eval_iters ...................................... 0[0m
[[32m20260813 23:58:12[0m][[36mrank-0/5[0m][34m[1m[DEBUG]    [0m[34m[1m[--------------------------arguments.py:1576] :   evidence_data_path .............................. None[0m
[[32m20260813 23:58:12[0m][[36mrank-0/5[0m][34m[1m[DEBUG]    [0m[34m[1m[--------------------------arguments.py:1576] :   exit_duration_in_mins ........................... None[0m
[[32m20260813 23:58:12[0m][[36mrank-0/5[0m][34m[1m[DEBUG]    [0m[34m[1m[--------------------------arguments.py:1576] :   exit_interval ................................... None[0m
[[32m20260813 23:58:12[0m][[36mrank-0/5[0m][34m[1m[DEBUG]    [0m[34m[1m[--------------------------arguments.py:1576] :   exit_on_missing_checkpoint ...................... True[0m
[[32m20260813 23:58:12[0m][[36mrank-0/5[0m][34m[1m[DEBUG]    [0m[34m[1m[--------------------------arguments.py:1576] :   exit_signal ..................................... 15[0m
[[32m20260813 23:58:12[0m][[36mrank-0/5[0m][34m[1m[DEBUG]    [0m[34m[1m[--------------------------arguments.py:1576] :   exit_signal_handler ............................. False[0m
[[32m20260813 23:58:12[0m][[36mrank-0/5[0m][34m[1m[DEBUG]    [0m[34m[1m[--------------------------arguments.py:1576] :   exit_signal_handler_for_dataloader .............. False[0m
[[32m20260813 23:58:12[0m][[36mrank-0/5[0m][34m[1m[DEBUG]    [0m[34m[1m[--------------------------arguments.py:1576] :   exp_avg_dtype ................................... torch.float32[0m
[[32m20260813 23:58:12[0m][[36mrank-0/5[0m][34m[1m[DEBUG]    [0m[34m[1m[--------------------------arguments.py:1576] :   exp_avg_sq_dtype ................................ torch.float32[0m
[[32m20260813 23:58:12[0m][[36mrank-0/5[0m][34m[1m[DEBUG]    [0m[34m[1m[--------------------------arguments.py:1576] :   experimental_attention_variant .................. None[0m
[[32m20260813 23:58:12[0m][[36mrank-0/5[0m][34m[1m[DEBUG]    [0m[34m[1m[--------------------------arguments.py:1576] :   expert_model_parallel_size ...................... 1[0m
[[32m20260813 23:58:12[0m][[36mrank-0/5[0m][34m[1m[DEBUG]    [0m[34m[1m[--------------------------arguments.py:1576] :   expert_tensor_parallel_size ..................... 1[0m
[[32m20260813 23:58:12[0m][[36mrank-0/5[0m][34m[1m[DEBUG]    [0m[34m[1m[--------------------------arguments.py:1576] :   external_cuda_graph ............................. False[0m
[[32m20260813 23:58:12[0m][[36mrank-0/5[0m][34m[1m[DEBUG]    [0m[34m[1m[--------------------------arguments.py:1576] :   fake_process_group .............................. False[0m
[[32m20260813 23:58:12[0m][[36mrank-0/5[0m][34m[1m[DEBUG]    [0m[34m[1m[--------------------------arguments.py:1576] :   ffn_hidden_size ................................. 11008[0m
[[32m20260813 23:58:12[0m][[36mrank-0/5[0m][34m[1m[DEBUG]    [0m[34m[1m[--------------------------arguments.py:1576] :   file_sink_level ................................. DEBUG[0m
[[32m20260813 23:58:12[0m][[36mrank-0/5[0m][34m[1m[DEBUG]    [0m[34m[1m[--------------------------arguments.py:1576] :   fim_data ........................................ False[0m
[[32m20260813 23:58:12[0m][[36mrank-0/5[0m][34m[1m[DEBUG]    [0m[34m[1m[--------------------------arguments.py:1576] :   fim_eod_token ................................... <|endoftext|>[0m
[[32m20260813 23:58:12[0m][[36mrank-0/5[0m][34m[1m[DEBUG]    [0m[34m[1m[--------------------------arguments.py:1576] :   fim_fragment_rate ............................... None[0m
[[32m20260813 23:58:12[0m][[36mrank-0/5[0m][34m[1m[DEBUG]    [0m[34m[1m[--------------------------arguments.py:1576] :   fim_middle_token ................................ <fim_middle>[0m
[[32m20260813 23:58:12[0m][[36mrank-0/5[0m][34m[1m[DEBUG]    [0m[34m[1m[--------------------------arguments.py:1576] :   fim_no_prefix ................................... None[0m
[[32m20260813 23:58:12[0m][[36mrank-0/5[0m][34m[1m[DEBUG]    [0m[34m[1m[--------------------------arguments.py:1576] :   fim_pad_token ................................... <fim_pad>[0m
[[32m20260813 23:58:12[0m][[36mrank-0/5[0m][34m[1m[DEBUG]    [0m[34m[1m[--------------------------arguments.py:1576] :   fim_prefix_token ................................ <fim_prefix>[0m
[[32m20260813 23:58:12[0m][[36mrank-0/5[0m][34m[1m[DEBUG]    [0m[34m[1m[--------------------------arguments.py:1576] :   fim_rate ........................................ 0.5[0m
[[32m20260813 23:58:12[0m][[36mrank-0/5[0m][34m[1m[DEBUG]    [0m[34m[1m[--------------------------arguments.py:1576] :   fim_split_sample ................................ None[0m
[[32m20260813 23:58:12[0m][[36mrank-0/5[0m][34m[1m[DEBUG]    [0m[34m[1m[--------------------------arguments.py:1576] :   fim_spm_rate .................................... 0.5[0m
[[32m20260813 23:58:12[0m][[36mrank-0/5[0m][34m[1m[DEBUG]    [0m[34m[1m[--------------------------arguments.py:1576] :   fim_suffix_token ................................ <fim_suffix>[0m
[[32m20260813 23:58:12[0m][[36mrank-0/5[0m][34m[1m[DEBUG]    [0m[34m[1m[--------------------------arguments.py:1576] :   final_logit_softcapping ......................... None[0m
[[32m20260813 23:58:12[0m][[36mrank-0/5[0m][34m[1m[DEBUG]    [0m[34m[1m[--------------------------arguments.py:1576] :   fine_grained_activation_offloading .............. False[0m
[[32m20260813 23:58:12[0m][[36mrank-0/5[0m][34m[1m[DEBUG]    [0m[34m[1m[--------------------------arguments.py:1576] :   finetune ........................................ False[0m
[[32m20260813 23:58:12[0m][[36mrank-0/5[0m][34m[1m[DEBUG]    [0m[34m[1m[--------------------------arguments.py:1576] :   first_last_layers_bf16 .......................... False[0m
[[32m20260813 23:58:12[0m][[36mrank-0/5[0m][34m[1m[DEBUG]    [0m[34m[1m[--------------------------arguments.py:1576] :   flash_decode .................................... False[0m
[[32m20260813 23:58:12[0m][[36mrank-0/5[0m][34m[1m[DEBUG]    [0m[34m[1m[--------------------------arguments.py:1576] :   fp16 ............................................ False[0m
[[32m20260813 23:58:12[0m][[36mrank-0/5[0m][34m[1m[DEBUG]    [0m[34m[1m[--------------------------arguments.py:1576] :   fp16_lm_cross_entropy ........................... False[0m
[[32m20260813 23:58:12[0m][[36mrank-0/5[0m][34m[1m[DEBUG]    [0m[34m[1m[--------------------------arguments.py:1576] :   fp32_residual_connection ........................ False[0m
[[32m20260813 23:58:12[0m][[36mrank-0/5[0m][34m[1m[DEBUG]    [0m[34m[1m[--------------------------arguments.py:1576] :   fp4 ............................................. None[0m
[[32m20260813 23:58:12[0m][[36mrank-0/5[0m][34m[1m[DEBUG]    [0m[34m[1m[--------------------------arguments.py:1576] :   fp4_param ....................................... False[0m
[[32m20260813 23:58:12[0m][[36mrank-0/5[0m][34m[1m[DEBUG]    [0m[34m[1m[--------------------------arguments.py:1576] :   fp4_quantizer_factory ........................... None[0m
[[32m20260813 23:58:12[0m][[36mrank-0/5[0m][34m[1m[DEBUG]    [0m[34m[1m[--------------------------arguments.py:1576] :   fp4_recipe ...................................... nvfp4[0m
[[32m20260813 23:58:12[0m][[36mrank-0/5[0m][34m[1m[DEBUG]    [0m[34m[1m[--------------------------arguments.py:1576] :   fp8 ............................................. None[0m
[[32m20260813 23:58:12[0m][[36mrank-0/5[0m][34m[1m[DEBUG]    [0m[34m[1m[--------------------------arguments.py:1576] :   fp8_amax_compute_algo ........................... max[0m
[[32m20260813 23:58:12[0m][[36mrank-0/5[0m][34m[1m[DEBUG]    [0m[34m[1m[--------------------------arguments.py:1576] :   fp8_amax_history_len ............................ 1024[0m
[[32m20260813 23:58:12[0m][[36mrank-0/5[0m][34m[1m[DEBUG]    [0m[34m[1m[--------------------------arguments.py:1576] :   fp8_interval .................................... 1[0m
[[32m20260813 23:58:12[0m][[36mrank-0/5[0m][34m[1m[DEBUG]    [0m[34m[1m[--------------------------arguments.py:1576] :   fp8_margin ...................................... 0[0m
[[32m20260813 23:58:12[0m][[36mrank-0/5[0m][34m[1m[DEBUG]    [0m[34m[1m[--------------------------arguments.py:1576] :   fp8_param_gather ................................ False[0m
[[32m20260813 23:58:12[0m][[36mrank-0/5[0m][34m[1m[DEBUG]    [0m[34m[1m[--------------------------arguments.py:1576] :   fp8_quantizer_factory ........................... None[0m
[[32m20260813 23:58:12[0m][[36mrank-0/5[0m][34m[1m[DEBUG]    [0m[34m[1m[--------------------------arguments.py:1576] :   fp8_recipe ...................................... delayed[0m
[[32m20260813 23:58:12[0m][[36mrank-0/5[0m][34m[1m[DEBUG]    [0m[34m[1m[--------------------------arguments.py:1576] :   fp8_wgrad ....................................... True[0m
[[32m20260813 23:58:12[0m][[36mrank-0/5[0m][34m[1m[DEBUG]    [0m[34m[1m[--------------------------arguments.py:1576] :   fsdp_double_buffer .............................. False[0m
[[32m20260813 23:58:12[0m][[36mrank-0/5[0m][34m[1m[DEBUG]    [0m[34m[1m[--------------------------arguments.py:1576] :   fsdp_manual_registration ........................ False[0m
[[32m20260813 23:58:12[0m][[36mrank-0/5[0m][34m[1m[DEBUG]    [0m[34m[1m[--------------------------arguments.py:1576] :   ft_num_warmup_iters ............................. 5[0m
[[32m20260813 23:58:12[0m][[36mrank-0/5[0m][34m[1m[DEBUG]    [0m[34m[1m[--------------------------arguments.py:1576] :   full_validation ................................. False[0m
[[32m20260813 23:58:12[0m][[36mrank-0/5[0m][34m[1m[DEBUG]    [0m[34m[1m[--------------------------arguments.py:1576] :   generate_tracelens_report ....................... False[0m
[[32m20260813 23:58:12[0m][[36mrank-0/5[0m][34m[1m[DEBUG]    [0m[34m[1m[--------------------------arguments.py:1576] :   global_batch_size ............................... 160[0m
[[32m20260813 23:58:12[0m][[36mrank-0/5[0m][34m[1m[DEBUG]    [0m[34m[1m[--------------------------arguments.py:1576] :   glu_linear_offset ............................... 0.0[0m
[[32m20260813 23:58:12[0m][[36mrank-0/5[0m][34m[1m[DEBUG]    [0m[34m[1m[--------------------------arguments.py:1576] :   grad_reduce_in_bf16 ............................. False[0m
[[32m20260813 23:58:12[0m][[36mrank-0/5[0m][34m[1m[DEBUG]    [0m[34m[1m[--------------------------arguments.py:1576] :   gradient_accumulation_fusion .................... False[0m
[[32m20260813 23:58:12[0m][[36mrank-0/5[0m][34m[1m[DEBUG]    [0m[34m[1m[--------------------------arguments.py:1576] :   gradient_reduce_div_fusion ...................... True[0m
[[32m20260813 23:58:12[0m][[36mrank-0/5[0m][34m[1m[DEBUG]    [0m[34m[1m[--------------------------arguments.py:1576] :   group_query_attention ........................... False[0m
[[32m20260813 23:58:12[0m][[36mrank-0/5[0m][34m[1m[DEBUG]    [0m[34m[1m[--------------------------arguments.py:1576] :   grpo_clamp_eps_lower ............................ 0.01[0m
[[32m20260813 23:58:12[0m][[36mrank-0/5[0m][34m[1m[DEBUG]    [0m[34m[1m[--------------------------arguments.py:1576] :   grpo_clamp_eps_upper ............................ 0.01[0m
[[32m20260813 23:58:12[0m][[36mrank-0/5[0m][34m[1m[DEBUG]    [0m[34m[1m[--------------------------arguments.py:1576] :   grpo_default_temperature ........................ 1.0[0m
[[32m20260813 23:58:12[0m][[36mrank-0/5[0m][34m[1m[DEBUG]    [0m[34m[1m[--------------------------arguments.py:1576] :   grpo_default_top_p .............................. 0[0m
[[32m20260813 23:58:12[0m][[36mrank-0/5[0m][34m[1m[DEBUG]    [0m[34m[1m[--------------------------arguments.py:1576] :   grpo_entropy_term_weight ........................ 0.0[0m
[[32m20260813 23:58:12[0m][[36mrank-0/5[0m][34m[1m[DEBUG]    [0m[34m[1m[--------------------------arguments.py:1576] :   grpo_filter_groups_with_same_reward ............. False[0m
[[32m20260813 23:58:12[0m][[36mrank-0/5[0m][34m[1m[DEBUG]    [0m[34m[1m[--------------------------arguments.py:1576] :   grpo_group_size ................................. 2[0m
[[32m20260813 23:58:12[0m][[36mrank-0/5[0m][34m[1m[DEBUG]    [0m[34m[1m[--------------------------arguments.py:1576] :   grpo_iterations ................................. 2[0m
[[32m20260813 23:58:12[0m][[36mrank-0/5[0m][34m[1m[DEBUG]    [0m[34m[1m[--------------------------arguments.py:1576] :   grpo_kl_beta .................................... 0.001[0m
[[32m20260813 23:58:12[0m][[36mrank-0/5[0m][34m[1m[DEBUG]    [0m[34m[1m[--------------------------arguments.py:1576] :   grpo_prompts_per_step ........................... 32[0m
[[32m20260813 23:58:12[0m][[36mrank-0/5[0m][34m[1m[DEBUG]    [0m[34m[1m[--------------------------arguments.py:1576] :   head_lr_mult .................................... 1.0[0m
[[32m20260813 23:58:12[0m][[36mrank-0/5[0m][34m[1m[DEBUG]    [0m[34m[1m[--------------------------arguments.py:1576] :   heterogeneous_layers_config_encoded_json ........ None[0m
[[32m20260813 23:58:12[0m][[36mrank-0/5[0m][34m[1m[DEBUG]    [0m[34m[1m[--------------------------arguments.py:1576] :   heterogeneous_layers_config_path ................ None[0m
[[32m20260813 23:58:12[0m][[36mrank-0/5[0m][34m[1m[DEBUG]    [0m[34m[1m[--------------------------arguments.py:1576] :   hidden_dropout .................................. 0.0[0m
[[32m20260813 23:58:12[0m][[36mrank-0/5[0m][34m[1m[DEBUG]    [0m[34m[1m[--------------------------arguments.py:1576] :   hidden_size ..................................... 4096[0m
[[32m20260813 23:58:12[0m][[36mrank-0/5[0m][34m[1m[DEBUG]    [0m[34m[1m[--------------------------arguments.py:1576] :   hierarchical_context_parallel_sizes ............. None[0m
[[32m20260813 23:58:12[0m][[36mrank-0/5[0m][34m[1m[DEBUG]    [0m[34m[1m[--------------------------arguments.py:1576] :   high_priority_stream_groups ..................... [][0m
[[32m20260813 23:58:12[0m][[36mrank-0/5[0m][34m[1m[DEBUG]    [0m[34m[1m[--------------------------arguments.py:1576] :   hybrid_context_parallel ......................... False[0m
[[32m20260813 23:58:12[0m][[36mrank-0/5[0m][34m[1m[DEBUG]    [0m[34m[1m[--------------------------arguments.py:1576] :   hybrid_layer_pattern ............................ None[0m
[[32m20260813 23:58:12[0m][[36mrank-0/5[0m][34m[1m[DEBUG]    [0m[34m[1m[--------------------------arguments.py:1576] :   hybrid_override_pattern ......................... None[0m
[[32m20260813 23:58:12[0m][[36mrank-0/5[0m][34m[1m[DEBUG]    [0m[34m[1m[--------------------------arguments.py:1576] :   hysteresis ...................................... 2[0m
[[32m20260813 23:58:12[0m][[36mrank-0/5[0m][34m[1m[DEBUG]    [0m[34m[1m[--------------------------arguments.py:1576] :   ict_head_size ................................... None[0m
[[32m20260813 23:58:12[0m][[36mrank-0/5[0m][34m[1m[DEBUG]    [0m[34m[1m[--------------------------arguments.py:1576] :   ict_load ........................................ None[0m
[[32m20260813 23:58:12[0m][[36mrank-0/5[0m][34m[1m[DEBUG]    [0m[34m[1m[--------------------------arguments.py:1576] :   img_h ........................................... 224[0m
[[32m20260813 23:58:12[0m][[36mrank-0/5[0m][34m[1m[DEBUG]    [0m[34m[1m[--------------------------arguments.py:1576] :   img_w ........................................... 224[0m
[[32m20260813 23:58:12[0m][[36mrank-0/5[0m][34m[1m[DEBUG]    [0m[34m[1m[--------------------------arguments.py:1576] :   indexer_batch_size .............................. 128[0m
[[32m20260813 23:58:12[0m][[36mrank-0/5[0m][34m[1m[DEBUG]    [0m[34m[1m[--------------------------arguments.py:1576] :   indexer_log_interval ............................ 1000[0m
[[32m20260813 23:58:12[0m][[36mrank-0/5[0m][34m[1m[DEBUG]    [0m[34m[1m[--------------------------arguments.py:1576] :   inference_batch_times_seqlen_threshold .......... -1[0m
[[32m20260813 23:58:12[0m][[36mrank-0/5[0m][34m[1m[DEBUG]    [0m[34m[1m[--------------------------arguments.py:1576] :   inference_coordinator_port ...................... None[0m
[[32m20260813 23:58:12[0m][[36mrank-0/5[0m][34m[1m[DEBUG]    [0m[34m[1m[--------------------------arguments.py:1576] :   inference_disable_torch_grouped_mm .............. False[0m
[[32m20260813 23:58:12[0m][[36mrank-0/5[0m][34m[1m[DEBUG]    [0m[34m[1m[--------------------------arguments.py:1576] :   inference_disable_triton_nvls_kernels ........... False[0m
[[32m20260813 23:58:12[0m][[36mrank-0/5[0m][34m[1m[DEBUG]    [0m[34m[1m[--------------------------arguments.py:1576] :   inference_dynamic_batching ...................... False[0m
[[32m20260813 23:58:12[0m][[36mrank-0/5[0m][34m[1m[DEBUG]    [0m[34m[1m[--------------------------arguments.py:1576] :   inference_dynamic_batching_block_size ........... 256[0m
[[32m20260813 23:58:12[0m][[36mrank-0/5[0m][34m[1m[DEBUG]    [0m[34m[1m[--------------------------arguments.py:1576] :   inference_dynamic_batching_buffer_guaranteed_fraction  0.2[0m
[[32m20260813 23:58:12[0m][[36mrank-0/5[0m][34m[1m[DEBUG]    [0m[34m[1m[--------------------------arguments.py:1576] :   inference_dynamic_batching_buffer_overflow_factor  None[0m
[[32m20260813 23:58:12[0m][[36mrank-0/5[0m][34m[1m[DEBUG]    [0m[34m[1m[--------------------------arguments.py:1576] :   inference_dynamic_batching_buffer_size_gb ....... 40.0[0m
[[32m20260813 23:58:12[0m][[36mrank-0/5[0m][34m[1m[DEBUG]    [0m[34m[1m[--------------------------arguments.py:1576] :   inference_dynamic_batching_cuda_graph_max_tokens  16384[0m
[[32m20260813 23:58:12[0m][[36mrank-0/5[0m][34m[1m[DEBUG]    [0m[34m[1m[--------------------------arguments.py:1576] :   inference_dynamic_batching_cuda_graph_mixed_prefill_count  16[0m
[[32m20260813 23:58:12[0m][[36mrank-0/5[0m][34m[1m[DEBUG]    [0m[34m[1m[--------------------------arguments.py:1576] :   inference_dynamic_batching_enable_prefix_caching  False[0m
[[32m20260813 23:58:12[0m][[36mrank-0/5[0m][34m[1m[DEBUG]    [0m[34m[1m[--------------------------arguments.py:1576] :   inference_dynamic_batching_mamba_memory_ratio ... None[0m
[[32m20260813 23:58:12[0m][[36mrank-0/5[0m][34m[1m[DEBUG]    [0m[34m[1m[--------------------------arguments.py:1576] :   inference_dynamic_batching_max_requests ......... None[0m
[[32m20260813 23:58:12[0m][[36mrank-0/5[0m][34m[1m[DEBUG]    [0m[34m[1m[--------------------------arguments.py:1576] :   inference_dynamic_batching_max_requests_override  None[0m
[[32m20260813 23:58:12[0m][[36mrank-0/5[0m][34m[1m[DEBUG]    [0m[34m[1m[--------------------------arguments.py:1576] :   inference_dynamic_batching_max_tokens ........... None[0m
[[32m20260813 23:58:12[0m][[36mrank-0/5[0m][34m[1m[DEBUG]    [0m[34m[1m[--------------------------arguments.py:1576] :   inference_dynamic_batching_max_tokens_override .. None[0m
[[32m20260813 23:58:12[0m][[36mrank-0/5[0m][34m[1m[DEBUG]    [0m[34m[1m[--------------------------arguments.py:1576] :   inference_dynamic_batching_num_cuda_graphs ...... 16[0m
[[32m20260813 23:58:12[0m][[36mrank-0/5[0m][34m[1m[DEBUG]    [0m[34m[1m[--------------------------arguments.py:1576] :   inference_dynamic_batching_paused_buffer_size_gb  None[0m
[[32m20260813 23:58:12[0m][[36mrank-0/5[0m][34m[1m[DEBUG]    [0m[34m[1m[--------------------------arguments.py:1576] :   inference_dynamic_batching_prefix_caching_coordinator_policy  first_prefix_block[0m
[[32m20260813 23:58:12[0m][[36mrank-0/5[0m][34m[1m[DEBUG]    [0m[34m[1m[--------------------------arguments.py:1576] :   inference_dynamic_batching_prefix_caching_eviction_policy  ref_zero[0m
[[32m20260813 23:58:12[0m][[36mrank-0/5[0m][34m[1m[DEBUG]    [0m[34m[1m[--------------------------arguments.py:1576] :   inference_dynamic_batching_track_generated_token_events  False[0m
[[32m20260813 23:58:12[0m][[36mrank-0/5[0m][34m[1m[DEBUG]    [0m[34m[1m[--------------------------arguments.py:1576] :   inference_dynamic_batching_track_paused_request_events  False[0m
[[32m20260813 23:58:12[0m][[36mrank-0/5[0m][34m[1m[DEBUG]    [0m[34m[1m[--------------------------arguments.py:1576] :   inference_dynamic_batching_unified_memory_level . 0[0m
[[32m20260813 23:58:12[0m][[36mrank-0/5[0m][34m[1m[DEBUG]    [0m[34m[1m[--------------------------arguments.py:1576] :   inference_fuse_tp_communication ................. False[0m
[[32m20260813 23:58:12[0m][[36mrank-0/5[0m][34m[1m[DEBUG]    [0m[34m[1m[--------------------------arguments.py:1576] :   inference_logging_step_interval ................. 0[0m
[[32m20260813 23:58:12[0m][[36mrank-0/5[0m][34m[1m[DEBUG]    [0m[34m[1m[--------------------------arguments.py:1576] :   inference_max_requests .......................... 8[0m
[[32m20260813 23:58:12[0m][[36mrank-0/5[0m][34m[1m[DEBUG]    [0m[34m[1m[--------------------------arguments.py:1576] :   inference_max_seq_length ........................ 2560[0m
[[32m20260813 23:58:12[0m][[36mrank-0/5[0m][34m[1m[DEBUG]    [0m[34m[1m[--------------------------arguments.py:1576] :   inference_rng_tracker ........................... False[0m
[[32m20260813 23:58:12[0m][[36mrank-0/5[0m][34m[1m[DEBUG]    [0m[34m[1m[--------------------------arguments.py:1576] :   inference_text_gen_server_logging ............... False[0m
[[32m20260813 23:58:12[0m][[36mrank-0/5[0m][34m[1m[DEBUG]    [0m[34m[1m[--------------------------arguments.py:1576] :   inference_wandb_logging ......................... False[0m
[[32m20260813 23:58:12[0m][[36mrank-0/5[0m][34m[1m[DEBUG]    [0m[34m[1m[--------------------------arguments.py:1576] :   init_method_std ................................. 0.008[0m
[[32m20260813 23:58:12[0m][[36mrank-0/5[0m][34m[1m[DEBUG]    [0m[34m[1m[--------------------------arguments.py:1576] :   init_method_xavier_uniform ...................... False[0m
[[32m20260813 23:58:12[0m][[36mrank-0/5[0m][34m[1m[DEBUG]    [0m[34m[1m[--------------------------arguments.py:1576] :   init_model_with_meta_device ..................... False[0m
[[32m20260813 23:58:12[0m][[36mrank-0/5[0m][34m[1m[DEBUG]    [0m[34m[1m[--------------------------arguments.py:1576] :   initial_loss_scale .............................. 4294967296[0m
[[32m20260813 23:58:12[0m][[36mrank-0/5[0m][34m[1m[DEBUG]    [0m[34m[1m[--------------------------arguments.py:1576] :   inprocess_active_world_size ..................... 5[0m
[[32m20260813 23:58:12[0m][[36mrank-0/5[0m][34m[1m[DEBUG]    [0m[34m[1m[--------------------------arguments.py:1576] :   inprocess_barrier_timeout ....................... 120[0m
[[32m20260813 23:58:12[0m][[36mrank-0/5[0m][34m[1m[DEBUG]    [0m[34m[1m[--------------------------arguments.py:1576] :   inprocess_completion_timeout .................... 120[0m
[[32m20260813 23:58:12[0m][[36mrank-0/5[0m][34m[1m[DEBUG]    [0m[34m[1m[--------------------------arguments.py:1576] :   inprocess_empty_cuda_cache ...................... False[0m
[[32m20260813 23:58:12[0m][[36mrank-0/5[0m][34m[1m[DEBUG]    [0m[34m[1m[--------------------------arguments.py:1576] :   inprocess_granularity ........................... node[0m
[[32m20260813 23:58:12[0m][[36mrank-0/5[0m][34m[1m[DEBUG]    [0m[34m[1m[--------------------------arguments.py:1576] :   inprocess_hard_timeout .......................... 90[0m
[[32m20260813 23:58:12[0m][[36mrank-0/5[0m][34m[1m[DEBUG]    [0m[34m[1m[--------------------------arguments.py:1576] :   inprocess_heartbeat_interval .................... 30[0m
[[32m20260813 23:58:12[0m][[36mrank-0/5[0m][34m[1m[DEBUG]    [0m[34m[1m[--------------------------arguments.py:1576] :   inprocess_heartbeat_timeout ..................... 60[0m
[[32m20260813 23:58:12[0m][[36mrank-0/5[0m][34m[1m[DEBUG]    [0m[34m[1m[--------------------------arguments.py:1576] :   inprocess_last_call_wait ........................ 1[0m
[[32m20260813 23:58:12[0m][[36mrank-0/5[0m][34m[1m[DEBUG]    [0m[34m[1m[--------------------------arguments.py:1576] :   inprocess_max_iterations ........................ None[0m
[[32m20260813 23:58:12[0m][[36mrank-0/5[0m][34m[1m[DEBUG]    [0m[34m[1m[--------------------------arguments.py:1576] :   inprocess_monitor_process_interval .............. 1.0[0m
[[32m20260813 23:58:12[0m][[36mrank-0/5[0m][34m[1m[DEBUG]    [0m[34m[1m[--------------------------arguments.py:1576] :   inprocess_monitor_thread_interval ............... 1.0[0m
[[32m20260813 23:58:12[0m][[36mrank-0/5[0m][34m[1m[DEBUG]    [0m[34m[1m[--------------------------arguments.py:1576] :   inprocess_progress_watchdog_interval ............ 1.0[0m
[[32m20260813 23:58:12[0m][[36mrank-0/5[0m][34m[1m[DEBUG]    [0m[34m[1m[--------------------------arguments.py:1576] :   inprocess_restart ............................... False[0m
[[32m20260813 23:58:12[0m][[36mrank-0/5[0m][34m[1m[DEBUG]    [0m[34m[1m[--------------------------arguments.py:1576] :   inprocess_soft_timeout .......................... 60[0m
[[32m20260813 23:58:12[0m][[36mrank-0/5[0m][34m[1m[DEBUG]    [0m[34m[1m[--------------------------arguments.py:1576] :   inprocess_termination_grace_time ................ 1[0m
[[32m20260813 23:58:12[0m][[36mrank-0/5[0m][34m[1m[DEBUG]    [0m[34m[1m[--------------------------arguments.py:1576] :   interleave_group_size ........................... 0[0m
[[32m20260813 23:58:12[0m][[36mrank-0/5[0m][34m[1m[DEBUG]    [0m[34m[1m[--------------------------arguments.py:1576] :   is_hybrid_model ................................. False[0m
[[32m20260813 23:58:12[0m][[36mrank-0/5[0m][34m[1m[DEBUG]    [0m[34m[1m[--------------------------arguments.py:1576] :   iter_per_epoch .................................. 1250[0m
[[32m20260813 23:58:12[0m][[36mrank-0/5[0m][34m[1m[DEBUG]    [0m[34m[1m[--------------------------arguments.py:1576] :   iterations_to_skip .............................. [][0m
[[32m20260813 23:58:12[0m][[36mrank-0/5[0m][34m[1m[DEBUG]    [0m[34m[1m[--------------------------arguments.py:1576] :   keep_fp8_transpose_cache ........................ False[0m
[[32m20260813 23:58:12[0m][[36mrank-0/5[0m][34m[1m[DEBUG]    [0m[34m[1m[--------------------------arguments.py:1576] :   keep_fp8_transpose_cache_when_using_custom_fsdp . False[0m
[[32m20260813 23:58:12[0m][[36mrank-0/5[0m][34m[1m[DEBUG]    [0m[34m[1m[--------------------------arguments.py:1576] :   kitchen_attention_backend ....................... sdpa[0m
[[32m20260813 23:58:12[0m][[36mrank-0/5[0m][34m[1m[DEBUG]    [0m[34m[1m[--------------------------arguments.py:1576] :   kv_channels ..................................... 128[0m
[[32m20260813 23:58:12[0m][[36mrank-0/5[0m][34m[1m[DEBUG]    [0m[34m[1m[--------------------------arguments.py:1576] :   kv_lora_rank .................................... 32[0m
[[32m20260813 23:58:12[0m][[36mrank-0/5[0m][34m[1m[DEBUG]    [0m[34m[1m[--------------------------arguments.py:1576] :   langrl_env_config ............................... None[0m
[[32m20260813 23:58:12[0m][[36mrank-0/5[0m][34m[1m[DEBUG]    [0m[34m[1m[--------------------------arguments.py:1576] :   langrl_inference_server_conversation_template ... None[0m
[[32m20260813 23:58:12[0m][[36mrank-0/5[0m][34m[1m[DEBUG]    [0m[34m[1m[--------------------------arguments.py:1576] :   langrl_inference_server_type .................... inplace_megatron[0m
[[32m20260813 23:58:12[0m][[36mrank-0/5[0m][34m[1m[DEBUG]    [0m[34m[1m[--------------------------arguments.py:1576] :   layernorm_epsilon ............................... 1e-05[0m
[[32m20260813 23:58:12[0m][[36mrank-0/5[0m][34m[1m[DEBUG]    [0m[34m[1m[--------------------------arguments.py:1576] :   layernorm_zero_centered_gamma ................... False[0m
[[32m20260813 23:58:12[0m][[36mrank-0/5[0m][34m[1m[DEBUG]    [0m[34m[1m[--------------------------arguments.py:1576] :   lazy_mpu_init ................................... None[0m
[[32m20260813 23:58:12[0m][[36mrank-0/5[0m][34m[1m[DEBUG]    [0m[34m[1m[--------------------------arguments.py:1576] :   legacy_tokenizer ................................ False[0m
[[32m20260813 23:58:12[0m][[36mrank-0/5[0m][34m[1m[DEBUG]    [0m[34m[1m[--------------------------arguments.py:1576] :   lfm_layer_types ................................. None[0m
[[32m20260813 23:58:12[0m][[36mrank-0/5[0m][34m[1m[DEBUG]    [0m[34m[1m[--------------------------arguments.py:1576] :   linear_attention_freq ........................... None[0m
[[32m20260813 23:58:12[0m][[36mrank-0/5[0m][34m[1m[DEBUG]    [0m[34m[1m[--------------------------arguments.py:1576] :   linear_conv_kernel_dim .......................... 4[0m
[[32m20260813 23:58:12[0m][[36mrank-0/5[0m][34m[1m[DEBUG]    [0m[34m[1m[--------------------------arguments.py:1576] :   linear_key_head_dim ............................. 128[0m
[[32m20260813 23:58:12[0m][[36mrank-0/5[0m][34m[1m[DEBUG]    [0m[34m[1m[--------------------------arguments.py:1576] :   linear_num_key_heads ............................ 16[0m
[[32m20260813 23:58:12[0m][[36mrank-0/5[0m][34m[1m[DEBUG]    [0m[34m[1m[--------------------------arguments.py:1576] :   linear_num_value_heads .......................... 32[0m
[[32m20260813 23:58:12[0m][[36mrank-0/5[0m][34m[1m[DEBUG]    [0m[34m[1m[--------------------------arguments.py:1576] :   linear_value_head_dim ........................... 128[0m
[[32m20260813 23:58:12[0m][[36mrank-0/5[0m][34m[1m[DEBUG]    [0m[34m[1m[--------------------------arguments.py:1576] :   load ............................................ None[0m
[[32m20260813 23:58:12[0m][[36mrank-0/5[0m][34m[1m[DEBUG]    [0m[34m[1m[--------------------------arguments.py:1576] :   load_main_params_from_ckpt ...................... False[0m
[[32m20260813 23:58:12[0m][[36mrank-0/5[0m][34m[1m[DEBUG]    [0m[34m[1m[--------------------------arguments.py:1576] :   local_rank ...................................... 0[0m
[[32m20260813 23:58:12[0m][[36mrank-0/5[0m][34m[1m[DEBUG]    [0m[34m[1m[--------------------------arguments.py:1576] :   log_avg_reset_interval .......................... 50[0m
[[32m20260813 23:58:12[0m][[36mrank-0/5[0m][34m[1m[DEBUG]    [0m[34m[1m[--------------------------arguments.py:1576] :   log_avg_skip_iterations ......................... 2[0m
[[32m20260813 23:58:12[0m][[36mrank-0/5[0m][34m[1m[DEBUG]    [0m[34m[1m[--------------------------arguments.py:1576] :   log_batch_size_to_tensorboard ................... True[0m
[[32m20260813 23:58:12[0m][[36mrank-0/5[0m][34m[1m[DEBUG]    [0m[34m[1m[--------------------------arguments.py:1576] :   log_device_memory_used .......................... False[0m
[[32m20260813 23:58:12[0m][[36mrank-0/5[0m][34m[1m[DEBUG]    [0m[34m[1m[--------------------------arguments.py:1576] :   log_energy ...................................... False[0m
[[32m20260813 23:58:12[0m][[36mrank-0/5[0m][34m[1m[DEBUG]    [0m[34m[1m[--------------------------arguments.py:1576] :   log_interval .................................... 1[0m
[[32m20260813 23:58:12[0m][[36mrank-0/5[0m][34m[1m[DEBUG]    [0m[34m[1m[--------------------------arguments.py:1576] :   log_learning_rate_to_tensorboard ................ True[0m
[[32m20260813 23:58:12[0m][[36mrank-0/5[0m][34m[1m[DEBUG]    [0m[34m[1m[--------------------------arguments.py:1576] :   log_loss_scale_to_tensorboard ................... True[0m
[[32m20260813 23:58:12[0m][[36mrank-0/5[0m][34m[1m[DEBUG]    [0m[34m[1m[--------------------------arguments.py:1576] :   log_max_attention_logit ......................... False[0m
[[32m20260813 23:58:12[0m][[36mrank-0/5[0m][34m[1m[DEBUG]    [0m[34m[1m[--------------------------arguments.py:1576] :   log_memory_interval ............................. None[0m
[[32m20260813 23:58:12[0m][[36mrank-0/5[0m][34m[1m[DEBUG]    [0m[34m[1m[--------------------------arguments.py:1576] :   log_memory_to_tensorboard ....................... False[0m
[[32m20260813 23:58:12[0m][[36mrank-0/5[0m][34m[1m[DEBUG]    [0m[34m[1m[--------------------------arguments.py:1576] :   log_num_zeros_in_grad ........................... False[0m
[[32m20260813 23:58:12[0m][[36mrank-0/5[0m][34m[1m[DEBUG]    [0m[34m[1m[--------------------------arguments.py:1576] :   log_params_norm ................................. False[0m
[[32m20260813 23:58:12[0m][[36mrank-0/5[0m][34m[1m[DEBUG]    [0m[34m[1m[--------------------------arguments.py:1576] :   log_progress .................................... False[0m
[[32m20260813 23:58:12[0m][[36mrank-0/5[0m][34m[1m[DEBUG]    [0m[34m[1m[--------------------------arguments.py:1576] :   log_straggler ................................... False[0m
[[32m20260813 23:58:12[0m][[36mrank-0/5[0m][34m[1m[DEBUG]    [0m[34m[1m[--------------------------arguments.py:1576] :   log_throughput .................................. True[0m
[[32m20260813 23:58:12[0m][[36mrank-0/5[0m][34m[1m[DEBUG]    [0m[34m[1m[--------------------------arguments.py:1576] :   log_timers_to_tensorboard ....................... True[0m
[[32m20260813 23:58:12[0m][[36mrank-0/5[0m][34m[1m[DEBUG]    [0m[34m[1m[--------------------------arguments.py:1576] :   log_validation_ppl_to_tensorboard ............... False[0m
[[32m20260813 23:58:12[0m][[36mrank-0/5[0m][34m[1m[DEBUG]    [0m[34m[1m[--------------------------arguments.py:1576] :   log_world_size_to_tensorboard ................... False[0m
[[32m20260813 23:58:12[0m][[36mrank-0/5[0m][34m[1m[DEBUG]    [0m[34m[1m[--------------------------arguments.py:1576] :   logging_level ................................... None[0m
[[32m20260813 23:58:12[0m][[36mrank-0/5[0m][34m[1m[DEBUG]    [0m[34m[1m[--------------------------arguments.py:1576] :   loss_scale ...................................... None[0m
[[32m20260813 23:58:12[0m][[36mrank-0/5[0m][34m[1m[DEBUG]    [0m[34m[1m[--------------------------arguments.py:1576] :   loss_scale_window ............................... 1000[0m
[[32m20260813 23:58:12[0m][[36mrank-0/5[0m][34m[1m[DEBUG]    [0m[34m[1m[--------------------------arguments.py:1576] :   lr .............................................. 1e-05[0m
[[32m20260813 23:58:12[0m][[36mrank-0/5[0m][34m[1m[DEBUG]    [0m[34m[1m[--------------------------arguments.py:1576] :   lr_decay_iters .................................. None[0m
[[32m20260813 23:58:12[0m][[36mrank-0/5[0m][34m[1m[DEBUG]    [0m[34m[1m[--------------------------arguments.py:1576] :   lr_decay_samples ................................ None[0m
[[32m20260813 23:58:12[0m][[36mrank-0/5[0m][34m[1m[DEBUG]    [0m[34m[1m[--------------------------arguments.py:1576] :   lr_decay_style .................................. cosine[0m
[[32m20260813 23:58:12[0m][[36mrank-0/5[0m][34m[1m[DEBUG]    [0m[34m[1m[--------------------------arguments.py:1576] :   lr_warmup_fraction .............................. None[0m
[[32m20260813 23:58:12[0m][[36mrank-0/5[0m][34m[1m[DEBUG]    [0m[34m[1m[--------------------------arguments.py:1576] :   lr_warmup_init .................................. 0.0[0m
[[32m20260813 23:58:12[0m][[36mrank-0/5[0m][34m[1m[DEBUG]    [0m[34m[1m[--------------------------arguments.py:1576] :   lr_warmup_iters ................................. 2[0m
[[32m20260813 23:58:12[0m][[36mrank-0/5[0m][34m[1m[DEBUG]    [0m[34m[1m[--------------------------arguments.py:1576] :   lr_warmup_samples ............................... 0[0m
[[32m20260813 23:58:12[0m][[36mrank-0/5[0m][34m[1m[DEBUG]    [0m[34m[1m[--------------------------arguments.py:1576] :   lr_wsd_decay_iters .............................. None[0m
[[32m20260813 23:58:12[0m][[36mrank-0/5[0m][34m[1m[DEBUG]    [0m[34m[1m[--------------------------arguments.py:1576] :   lr_wsd_decay_samples ............................ None[0m
[[32m20260813 23:58:12[0m][[36mrank-0/5[0m][34m[1m[DEBUG]    [0m[34m[1m[--------------------------arguments.py:1576] :   lr_wsd_decay_style .............................. exponential[0m
[[32m20260813 23:58:12[0m][[36mrank-0/5[0m][34m[1m[DEBUG]    [0m[34m[1m[--------------------------arguments.py:1576] :   main_grads_dtype ................................ torch.float32[0m
[[32m20260813 23:58:12[0m][[36mrank-0/5[0m][34m[1m[DEBUG]    [0m[34m[1m[--------------------------arguments.py:1576] :   main_params_dtype ............................... torch.float32[0m
[[32m20260813 23:58:12[0m][[36mrank-0/5[0m][34m[1m[DEBUG]    [0m[34m[1m[--------------------------arguments.py:1576] :   make_vocab_size_divisible_by .................... 128[0m
[[32m20260813 23:58:12[0m][[36mrank-0/5[0m][34m[1m[DEBUG]    [0m[34m[1m[--------------------------arguments.py:1576] :   mamba_head_dim .................................. 64[0m
[[32m20260813 23:58:12[0m][[36mrank-0/5[0m][34m[1m[DEBUG]    [0m[34m[1m[--------------------------arguments.py:1576] :   mamba_inference_conv_states_dtype ............... torch.bfloat16[0m
[[32m20260813 23:58:12[0m][[36mrank-0/5[0m][34m[1m[DEBUG]    [0m[34m[1m[--------------------------arguments.py:1576] :   mamba_inference_ssm_states_dtype ................ torch.bfloat16[0m
[[32m20260813 23:58:12[0m][[36mrank-0/5[0m][34m[1m[DEBUG]    [0m[34m[1m[--------------------------arguments.py:1576] :   mamba_num_groups ................................ 8[0m
[[32m20260813 23:58:12[0m][[36mrank-0/5[0m][34m[1m[DEBUG]    [0m[34m[1m[--------------------------arguments.py:1576] :   mamba_num_heads ................................. None[0m
[[32m20260813 23:58:12[0m][[36mrank-0/5[0m][34m[1m[DEBUG]    [0m[34m[1m[--------------------------arguments.py:1576] :   mamba_state_dim ................................. 128[0m
[[32m20260813 23:58:12[0m][[36mrank-0/5[0m][34m[1m[DEBUG]    [0m[34m[1m[--------------------------arguments.py:1576] :   manual_gc ....................................... False[0m
[[32m20260813 23:58:12[0m][[36mrank-0/5[0m][34m[1m[DEBUG]    [0m[34m[1m[--------------------------arguments.py:1576] :   manual_gc_eval .................................. False[0m
[[32m20260813 23:58:12[0m][[36mrank-0/5[0m][34m[1m[DEBUG]    [0m[34m[1m[--------------------------arguments.py:1576] :   manual_gc_interval .............................. 1[0m
[[32m20260813 23:58:12[0m][[36mrank-0/5[0m][34m[1m[DEBUG]    [0m[34m[1m[--------------------------arguments.py:1576] :   mask_factor ..................................... 1.0[0m
[[32m20260813 23:58:12[0m][[36mrank-0/5[0m][34m[1m[DEBUG]    [0m[34m[1m[--------------------------arguments.py:1576] :   mask_prob ....................................... 0.15[0m
[[32m20260813 23:58:12[0m][[36mrank-0/5[0m][34m[1m[DEBUG]    [0m[34m[1m[--------------------------arguments.py:1576] :   mask_type ....................................... random[0m
[[32m20260813 23:58:12[0m][[36mrank-0/5[0m][34m[1m[DEBUG]    [0m[34m[1m[--------------------------arguments.py:1576] :   masked_softmax_fusion ........................... False[0m
[[32m20260813 23:58:12[0m][[36mrank-0/5[0m][34m[1m[DEBUG]    [0m[34m[1m[--------------------------arguments.py:1576] :   max_position_embeddings ......................... 4096[0m
[[32m20260813 23:58:12[0m][[36mrank-0/5[0m][34m[1m[DEBUG]    [0m[34m[1m[--------------------------arguments.py:1576] :   max_seqlen_per_dp_cp_rank ....................... None[0m
[[32m20260813 23:58:12[0m][[36mrank-0/5[0m][34m[1m[DEBUG]    [0m[34m[1m[--------------------------arguments.py:1576] :   max_tokens_to_oom ............................... 12000[0m
[[32m20260813 23:58:12[0m][[36mrank-0/5[0m][34m[1m[DEBUG]    [0m[34m[1m[--------------------------arguments.py:1576] :   megatron_fsdp_grad_comm_dtype ................... torch.float32[0m
[[32m20260813 23:58:12[0m][[36mrank-0/5[0m][34m[1m[DEBUG]    [0m[34m[1m[--------------------------arguments.py:1576] :   megatron_fsdp_main_grads_dtype .................. torch.float32[0m
[[32m20260813 23:58:12[0m][[36mrank-0/5[0m][34m[1m[DEBUG]    [0m[34m[1m[--------------------------arguments.py:1576] :   megatron_fsdp_main_params_dtype ................. torch.float32[0m
[[32m20260813 23:58:12[0m][[36mrank-0/5[0m][34m[1m[DEBUG]    [0m[34m[1m[--------------------------arguments.py:1576] :   memory_snapshot_path ............................ snapshot.pickle[0m
[[32m20260813 23:58:12[0m][[36mrank-0/5[0m][34m[1m[DEBUG]    [0m[34m[1m[--------------------------arguments.py:1576] :   merge_file ...................................... None[0m
[[32m20260813 23:58:12[0m][[36mrank-0/5[0m][34m[1m[DEBUG]    [0m[34m[1m[--------------------------arguments.py:1576] :   micro_batch_size ................................ 4[0m
[[32m20260813 23:58:12[0m][[36mrank-0/5[0m][34m[1m[DEBUG]    [0m[34m[1m[--------------------------arguments.py:1576] :   microbatch_group_size_per_vp_stage .............. None[0m
[[32m20260813 23:58:12[0m][[36mrank-0/5[0m][34m[1m[DEBUG]    [0m[34m[1m[--------------------------arguments.py:1576] :   mid_level_dataset_surplus ....................... 0.005[0m
[[32m20260813 23:58:12[0m][[36mrank-0/5[0m][34m[1m[DEBUG]    [0m[34m[1m[--------------------------arguments.py:1576] :   min_loss_scale .................................. 1.0[0m
[[32m20260813 23:58:12[0m][[36mrank-0/5[0m][34m[1m[DEBUG]    [0m[34m[1m[--------------------------arguments.py:1576] :   min_lr .......................................... 0.0[0m
[[32m20260813 23:58:12[0m][[36mrank-0/5[0m][34m[1m[DEBUG]    [0m[34m[1m[--------------------------arguments.py:1576] :   min_offloaded_tensor_size ....................... 1048576[0m
[[32m20260813 23:58:12[0m][[36mrank-0/5[0m][34m[1m[DEBUG]    [0m[34m[1m[--------------------------arguments.py:1576] :   mlflow_experiment_name .......................... None[0m
[[32m20260813 23:58:12[0m][[36mrank-0/5[0m][34m[1m[DEBUG]    [0m[34m[1m[--------------------------arguments.py:1576] :   mlflow_run_name ................................. None[0m
[[32m20260813 23:58:12[0m][[36mrank-0/5[0m][34m[1m[DEBUG]    [0m[34m[1m[--------------------------arguments.py:1576] :   mlflow_tracelens_auto_install ................... True[0m
[[32m20260813 23:58:12[0m][[36mrank-0/5[0m][34m[1m[DEBUG]    [0m[34m[1m[--------------------------arguments.py:1576] :   mlflow_tracelens_cleanup_after_upload ........... False[0m
[[32m20260813 23:58:12[0m][[36mrank-0/5[0m][34m[1m[DEBUG]    [0m[34m[1m[--------------------------arguments.py:1576] :   mlflow_tracelens_output_format .................. xlsx[0m
[[32m20260813 23:58:12[0m][[36mrank-0/5[0m][34m[1m[DEBUG]    [0m[34m[1m[--------------------------arguments.py:1576] :   mlflow_tracelens_ranks .......................... None[0m
[[32m20260813 23:58:12[0m][[36mrank-0/5[0m][34m[1m[DEBUG]    [0m[34m[1m[--------------------------arguments.py:1576] :   mlflow_upload_logs .............................. False[0m
[[32m20260813 23:58:12[0m][[36mrank-0/5[0m][34m[1m[DEBUG]    [0m[34m[1m[--------------------------arguments.py:1576] :   mlflow_upload_performance_metrics ............... False[0m
[[32m20260813 23:58:12[0m][[36mrank-0/5[0m][34m[1m[DEBUG]    [0m[34m[1m[--------------------------arguments.py:1576] :   mlflow_upload_tracelens_report .................. False[0m
[[32m20260813 23:58:12[0m][[36mrank-0/5[0m][34m[1m[DEBUG]    [0m[34m[1m[--------------------------arguments.py:1576] :   mlflow_upload_traces ............................ False[0m
[[32m20260813 23:58:12[0m][[36mrank-0/5[0m][34m[1m[DEBUG]    [0m[34m[1m[--------------------------arguments.py:1576] :   mlp_chunks_for_prefill .......................... 1[0m
[[32m20260813 23:58:12[0m][[36mrank-0/5[0m][34m[1m[DEBUG]    [0m[34m[1m[--------------------------arguments.py:1576] :   mmap_bin_files .................................. True[0m
[[32m20260813 23:58:12[0m][[36mrank-0/5[0m][34m[1m[DEBUG]    [0m[34m[1m[--------------------------arguments.py:1576] :   mock_data ....................................... True[0m
[[32m20260813 23:58:12[0m][[36mrank-0/5[0m][34m[1m[DEBUG]    [0m[34m[1m[--------------------------arguments.py:1576] :   mock_dataset .................................... namespace(class=None, params=namespace(num_samples=1000, image_size=512))[0m
[[32m20260813 23:58:12[0m][[36mrank-0/5[0m][34m[1m[DEBUG]    [0m[34m[1m[--------------------------arguments.py:1576] :   model ........................................... llama2_7B.yaml[0m
[[32m20260813 23:58:12[0m][[36mrank-0/5[0m][34m[1m[DEBUG]    [0m[34m[1m[--------------------------arguments.py:1576] :   model_type ...................................... gpt[0m
[[32m20260813 23:58:12[0m][[36mrank-0/5[0m][34m[1m[DEBUG]    [0m[34m[1m[--------------------------arguments.py:1576] :   moe_apply_probs_on_input ........................ False[0m
[[32m20260813 23:58:12[0m][[36mrank-0/5[0m][34m[1m[DEBUG]    [0m[34m[1m[--------------------------arguments.py:1576] :   moe_aux_loss_coeff .............................. 0.0[0m
[[32m20260813 23:58:12[0m][[36mrank-0/5[0m][34m[1m[DEBUG]    [0m[34m[1m[--------------------------arguments.py:1576] :   moe_deepep_num_sms .............................. 20[0m
[[32m20260813 23:58:12[0m][[36mrank-0/5[0m][34m[1m[DEBUG]    [0m[34m[1m[--------------------------arguments.py:1576] :   moe_enable_deepep ............................... False[0m
[[32m20260813 23:58:12[0m][[36mrank-0/5[0m][34m[1m[DEBUG]    [0m[34m[1m[--------------------------arguments.py:1576] :   moe_enable_routing_replay ....................... False[0m
[[32m20260813 23:58:12[0m][[36mrank-0/5[0m][34m[1m[DEBUG]    [0m[34m[1m[--------------------------arguments.py:1576] :   moe_expert_capacity_factor ...................... None[0m
[[32m20260813 23:58:12[0m][[36mrank-0/5[0m][34m[1m[DEBUG]    [0m[34m[1m[--------------------------arguments.py:1576] :   moe_extended_tp ................................. False[0m
[[32m20260813 23:58:12[0m][[36mrank-0/5[0m][34m[1m[DEBUG]    [0m[34m[1m[--------------------------arguments.py:1576] :   moe_ffn_hidden_size ............................. None[0m
[[32m20260813 23:58:12[0m][[36mrank-0/5[0m][34m[1m[DEBUG]    [0m[34m[1m[--------------------------arguments.py:1576] :   moe_flex_dispatcher_backend ..................... deepep[0m
[[32m20260813 23:58:12[0m][[36mrank-0/5[0m][34m[1m[DEBUG]    [0m[34m[1m[--------------------------arguments.py:1576] :   moe_grouped_gemm ................................ False[0m
[[32m20260813 23:58:12[0m][[36mrank-0/5[0m][34m[1m[DEBUG]    [0m[34m[1m[--------------------------arguments.py:1576] :   moe_hybridep_num_sms ............................ 16[0m
[[32m20260813 23:58:12[0m][[36mrank-0/5[0m][34m[1m[DEBUG]    [0m[34m[1m[--------------------------arguments.py:1576] :   moe_input_jitter_eps ............................ None[0m
[[32m20260813 23:58:12[0m][[36mrank-0/5[0m][34m[1m[DEBUG]    [0m[34m[1m[--------------------------arguments.py:1576] :   moe_latent_size ................................. None[0m
[[32m20260813 23:58:12[0m][[36mrank-0/5[0m][34m[1m[DEBUG]    [0m[34m[1m[--------------------------arguments.py:1576] :   moe_layer_freq .................................. 1[0m
[[32m20260813 23:58:12[0m][[36mrank-0/5[0m][34m[1m[DEBUG]    [0m[34m[1m[--------------------------arguments.py:1576] :   moe_layer_recompute ............................. False[0m
[[32m20260813 23:58:12[0m][[36mrank-0/5[0m][34m[1m[DEBUG]    [0m[34m[1m[--------------------------arguments.py:1576] :   moe_pad_expert_input_to_capacity ................ False[0m
[[32m20260813 23:58:12[0m][[36mrank-0/5[0m][34m[1m[DEBUG]    [0m[34m[1m[--------------------------arguments.py:1576] :   moe_pad_experts_for_cuda_graph_inference ........ False[0m
[[32m20260813 23:58:12[0m][[36mrank-0/5[0m][34m[1m[DEBUG]    [0m[34m[1m[--------------------------arguments.py:1576] :   moe_per_layer_logging ........................... False[0m
[[32m20260813 23:58:12[0m][[36mrank-0/5[0m][34m[1m[DEBUG]    [0m[34m[1m[--------------------------arguments.py:1576] :   moe_permute_fusion .............................. False[0m
[[32m20260813 23:58:12[0m][[36mrank-0/5[0m][34m[1m[DEBUG]    [0m[34m[1m[--------------------------arguments.py:1576] :   moe_router_bias_update_rate ..................... 0.001[0m
[[32m20260813 23:58:12[0m][[36mrank-0/5[0m][34m[1m[DEBUG]    [0m[34m[1m[--------------------------arguments.py:1576] :   moe_router_dtype ................................ None[0m
[[32m20260813 23:58:12[0m][[36mrank-0/5[0m][34m[1m[DEBUG]    [0m[34m[1m[--------------------------arguments.py:1576] :   moe_router_enable_expert_bias ................... False[0m
[[32m20260813 23:58:12[0m][[36mrank-0/5[0m][34m[1m[DEBUG]    [0m[34m[1m[--------------------------arguments.py:1576] :   moe_router_force_load_balancing ................. False[0m
[[32m20260813 23:58:12[0m][[36mrank-0/5[0m][34m[1m[DEBUG]    [0m[34m[1m[--------------------------arguments.py:1576] :   moe_router_force_load_balancing_type ............ even[0m
[[32m20260813 23:58:12[0m][[36mrank-0/5[0m][34m[1m[DEBUG]    [0m[34m[1m[--------------------------arguments.py:1576] :   moe_router_fusion ............................... False[0m
[[32m20260813 23:58:12[0m][[36mrank-0/5[0m][34m[1m[DEBUG]    [0m[34m[1m[--------------------------arguments.py:1576] :   moe_router_group_topk ........................... None[0m
[[32m20260813 23:58:12[0m][[36mrank-0/5[0m][34m[1m[DEBUG]    [0m[34m[1m[--------------------------arguments.py:1576] :   moe_router_load_balancing_type .................. aux_loss[0m
[[32m20260813 23:58:12[0m][[36mrank-0/5[0m][34m[1m[DEBUG]    [0m[34m[1m[--------------------------arguments.py:1576] :   moe_router_num_groups ........................... None[0m
[[32m20260813 23:58:12[0m][[36mrank-0/5[0m][34m[1m[DEBUG]    [0m[34m[1m[--------------------------arguments.py:1576] :   moe_router_padding_for_fp8 ...................... False[0m
[[32m20260813 23:58:12[0m][[36mrank-0/5[0m][34m[1m[DEBUG]    [0m[34m[1m[--------------------------arguments.py:1576] :   moe_router_padding_for_quantization ............. False[0m
[[32m20260813 23:58:12[0m][[36mrank-0/5[0m][34m[1m[DEBUG]    [0m[34m[1m[--------------------------arguments.py:1576] :   moe_router_pre_softmax .......................... False[0m
[[32m20260813 23:58:12[0m][[36mrank-0/5[0m][34m[1m[DEBUG]    [0m[34m[1m[--------------------------arguments.py:1576] :   moe_router_score_function ....................... softmax[0m
[[32m20260813 23:58:12[0m][[36mrank-0/5[0m][34m[1m[DEBUG]    [0m[34m[1m[--------------------------arguments.py:1576] :   moe_router_topk ................................. 2[0m
[[32m20260813 23:58:12[0m][[36mrank-0/5[0m][34m[1m[DEBUG]    [0m[34m[1m[--------------------------arguments.py:1576] :   moe_router_topk_scaling_factor .................. None[0m
[[32m20260813 23:58:12[0m][[36mrank-0/5[0m][34m[1m[DEBUG]    [0m[34m[1m[--------------------------arguments.py:1576] :   moe_shared_expert_gate .......................... False[0m
[[32m20260813 23:58:12[0m][[36mrank-0/5[0m][34m[1m[DEBUG]    [0m[34m[1m[--------------------------arguments.py:1576] :   moe_shared_expert_intermediate_size ............. None[0m
[[32m20260813 23:58:12[0m][[36mrank-0/5[0m][34m[1m[DEBUG]    [0m[34m[1m[--------------------------arguments.py:1576] :   moe_shared_expert_overlap ....................... False[0m
[[32m20260813 23:58:12[0m][[36mrank-0/5[0m][34m[1m[DEBUG]    [0m[34m[1m[--------------------------arguments.py:1576] :   moe_token_dispatcher_type ....................... allgather[0m
[[32m20260813 23:58:12[0m][[36mrank-0/5[0m][34m[1m[DEBUG]    [0m[34m[1m[--------------------------arguments.py:1576] :   moe_token_drop_policy ........................... probs[0m
[[32m20260813 23:58:12[0m][[36mrank-0/5[0m][34m[1m[DEBUG]    [0m[34m[1m[--------------------------arguments.py:1576] :   moe_upcycling_granularity ....................... 1[0m
[[32m20260813 23:58:12[0m][[36mrank-0/5[0m][34m[1m[DEBUG]    [0m[34m[1m[--------------------------arguments.py:1576] :   moe_use_fused_router_with_aux_score ............. False[0m
[[32m20260813 23:58:12[0m][[36mrank-0/5[0m][34m[1m[DEBUG]    [0m[34m[1m[--------------------------arguments.py:1576] :   moe_use_legacy_grouped_gemm ..................... False[0m
[[32m20260813 23:58:12[0m][[36mrank-0/5[0m][34m[1m[DEBUG]    [0m[34m[1m[--------------------------arguments.py:1576] :   moe_use_upcycling ............................... False[0m
[[32m20260813 23:58:12[0m][[36mrank-0/5[0m][34m[1m[DEBUG]    [0m[34m[1m[--------------------------arguments.py:1576] :   moe_z_loss_coeff ................................ None[0m
[[32m20260813 23:58:12[0m][[36mrank-0/5[0m][34m[1m[DEBUG]    [0m[34m[1m[--------------------------arguments.py:1576] :   mrope_section ................................... None[0m
[[32m20260813 23:58:12[0m][[36mrank-0/5[0m][34m[1m[DEBUG]    [0m[34m[1m[--------------------------arguments.py:1576] :   mscale .......................................... 1.0[0m
[[32m20260813 23:58:12[0m][[36mrank-0/5[0m][34m[1m[DEBUG]    [0m[34m[1m[--------------------------arguments.py:1576] :   mscale_all_dim .................................. 1.0[0m
[[32m20260813 23:58:12[0m][[36mrank-0/5[0m][34m[1m[DEBUG]    [0m[34m[1m[--------------------------arguments.py:1576] :   mtp_hybrid_override_pattern ..................... None[0m
[[32m20260813 23:58:12[0m][[36mrank-0/5[0m][34m[1m[DEBUG]    [0m[34m[1m[--------------------------arguments.py:1576] :   mtp_loss_scaling_factor ......................... 0.1[0m
[[32m20260813 23:58:12[0m][[36mrank-0/5[0m][34m[1m[DEBUG]    [0m[34m[1m[--------------------------arguments.py:1576] :   mtp_num_layers .................................. None[0m
[[32m20260813 23:58:12[0m][[36mrank-0/5[0m][34m[1m[DEBUG]    [0m[34m[1m[--------------------------arguments.py:1576] :   mtp_standalone .................................. False[0m
[[32m20260813 23:58:12[0m][[36mrank-0/5[0m][34m[1m[DEBUG]    [0m[34m[1m[--------------------------arguments.py:1576] :   mtp_use_repeated_layer .......................... False[0m
[[32m20260813 23:58:12[0m][[36mrank-0/5[0m][34m[1m[DEBUG]    [0m[34m[1m[--------------------------arguments.py:1576] :   multi_latent_attention .......................... False[0m
[[32m20260813 23:58:12[0m][[36mrank-0/5[0m][34m[1m[DEBUG]    [0m[34m[1m[--------------------------arguments.py:1576] :   multiple_validation_sets ........................ False[0m
[[32m20260813 23:58:12[0m][[36mrank-0/5[0m][34m[1m[DEBUG]    [0m[34m[1m[--------------------------arguments.py:1576] :   muon_extra_scale_factor ......................... 1.0[0m
[[32m20260813 23:58:12[0m][[36mrank-0/5[0m][34m[1m[DEBUG]    [0m[34m[1m[--------------------------arguments.py:1576] :   muon_fp32_matmul_prec ........................... medium[0m
[[32m20260813 23:58:12[0m][[36mrank-0/5[0m][34m[1m[DEBUG]    [0m[34m[1m[--------------------------arguments.py:1576] :   muon_momentum ................................... 0.95[0m
[[32m20260813 23:58:12[0m][[36mrank-0/5[0m][34m[1m[DEBUG]    [0m[34m[1m[--------------------------arguments.py:1576] :   muon_num_ns_steps ............................... 5[0m
[[32m20260813 23:58:12[0m][[36mrank-0/5[0m][34m[1m[DEBUG]    [0m[34m[1m[--------------------------arguments.py:1576] :   muon_scale_mode ................................. spectral[0m
[[32m20260813 23:58:12[0m][[36mrank-0/5[0m][34m[1m[DEBUG]    [0m[34m[1m[--------------------------arguments.py:1576] :   muon_split_qkv .................................. True[0m
[[32m20260813 23:58:12[0m][[36mrank-0/5[0m][34m[1m[DEBUG]    [0m[34m[1m[--------------------------arguments.py:1576] :   muon_tp_mode .................................... blockwise[0m
[[32m20260813 23:58:12[0m][[36mrank-0/5[0m][34m[1m[DEBUG]    [0m[34m[1m[--------------------------arguments.py:1576] :   muon_use_nesterov ............................... False[0m
[[32m20260813 23:58:12[0m][[36mrank-0/5[0m][34m[1m[DEBUG]    [0m[34m[1m[--------------------------arguments.py:1576] :   mup_attn_scale_power ............................ 1.0[0m
[[32m20260813 23:58:12[0m][[36mrank-0/5[0m][34m[1m[DEBUG]    [0m[34m[1m[--------------------------arguments.py:1576] :   mup_base_head_dim ............................... None[0m
[[32m20260813 23:58:12[0m][[36mrank-0/5[0m][34m[1m[DEBUG]    [0m[34m[1m[--------------------------arguments.py:1576] :   mup_base_hidden_size ............................ None[0m
[[32m20260813 23:58:12[0m][[36mrank-0/5[0m][34m[1m[DEBUG]    [0m[34m[1m[--------------------------arguments.py:1576] :   mup_embedding_mult .............................. 1.0[0m
[[32m20260813 23:58:12[0m][[36mrank-0/5[0m][34m[1m[DEBUG]    [0m[34m[1m[--------------------------arguments.py:1576] :   mup_output_mult ................................. 1.0[0m
[[32m20260813 23:58:12[0m][[36mrank-0/5[0m][34m[1m[DEBUG]    [0m[34m[1m[--------------------------arguments.py:1576] :   mup_width_mult .................................. 1.0[0m
[[32m20260813 23:58:12[0m][[36mrank-0/5[0m][34m[1m[DEBUG]    [0m[34m[1m[--------------------------arguments.py:1576] :   nccl_all_reduce_for_prefill ..................... False[0m
[[32m20260813 23:58:12[0m][[36mrank-0/5[0m][34m[1m[DEBUG]    [0m[34m[1m[--------------------------arguments.py:1576] :   nccl_communicator_config_path ................... None[0m
[[32m20260813 23:58:12[0m][[36mrank-0/5[0m][34m[1m[DEBUG]    [0m[34m[1m[--------------------------arguments.py:1576] :   nccl_ub ......................................... False[0m
[[32m20260813 23:58:12[0m][[36mrank-0/5[0m][34m[1m[DEBUG]    [0m[34m[1m[--------------------------arguments.py:1576] :   no_fp8_weight_transpose_cache ................... False[0m
[[32m20260813 23:58:12[0m][[36mrank-0/5[0m][34m[1m[DEBUG]    [0m[34m[1m[--------------------------arguments.py:1576] :   no_load_optim ................................... None[0m
[[32m20260813 23:58:12[0m][[36mrank-0/5[0m][34m[1m[DEBUG]    [0m[34m[1m[--------------------------arguments.py:1576] :   no_load_rng ..................................... None[0m
[[32m20260813 23:58:12[0m][[36mrank-0/5[0m][34m[1m[DEBUG]    [0m[34m[1m[--------------------------arguments.py:1576] :   no_persist_layer_norm ........................... False[0m
[[32m20260813 23:58:12[0m][[36mrank-0/5[0m][34m[1m[DEBUG]    [0m[34m[1m[--------------------------arguments.py:1576] :   no_rope_freq .................................... None[0m
[[32m20260813 23:58:13[0m][[36mrank-0/5[0m][34m[1m[DEBUG]    [0m[34m[1m[--------------------------arguments.py:1576] :   no_save_optim ................................... None[0m
[[32m20260813 23:58:13[0m][[36mrank-0/5[0m][34m[1m[DEBUG]    [0m[34m[1m[--------------------------arguments.py:1576] :   no_save_rng ..................................... None[0m
[[32m20260813 23:58:13[0m][[36mrank-0/5[0m][34m[1m[DEBUG]    [0m[34m[1m[--------------------------arguments.py:1576] :   no_weight_decay_cond_type ....................... None[0m
[[32m20260813 23:58:13[0m][[36mrank-0/5[0m][34m[1m[DEBUG]    [0m[34m[1m[--------------------------arguments.py:1576] :   non_persistent_ckpt_type ........................ None[0m
[[32m20260813 23:58:13[0m][[36mrank-0/5[0m][34m[1m[DEBUG]    [0m[34m[1m[--------------------------arguments.py:1576] :   non_persistent_global_ckpt_dir .................. None[0m
[[32m20260813 23:58:13[0m][[36mrank-0/5[0m][34m[1m[DEBUG]    [0m[34m[1m[--------------------------arguments.py:1576] :   non_persistent_local_ckpt_algo .................. fully_parallel[0m
[[32m20260813 23:58:13[0m][[36mrank-0/5[0m][34m[1m[DEBUG]    [0m[34m[1m[--------------------------arguments.py:1576] :   non_persistent_local_ckpt_dir ................... None[0m
[[32m20260813 23:58:13[0m][[36mrank-0/5[0m][34m[1m[DEBUG]    [0m[34m[1m[--------------------------arguments.py:1576] :   non_persistent_save_interval .................... None[0m
[[32m20260813 23:58:13[0m][[36mrank-0/5[0m][34m[1m[DEBUG]    [0m[34m[1m[--------------------------arguments.py:1576] :   norm_epsilon .................................... 1e-06[0m
[[32m20260813 23:58:13[0m][[36mrank-0/5[0m][34m[1m[DEBUG]    [0m[34m[1m[--------------------------arguments.py:1576] :   normalization ................................... RMSNorm[0m
[[32m20260813 23:58:13[0m][[36mrank-0/5[0m][34m[1m[DEBUG]    [0m[34m[1m[--------------------------arguments.py:1576] :   num_attention_heads ............................. 32[0m
[[32m20260813 23:58:13[0m][[36mrank-0/5[0m][34m[1m[DEBUG]    [0m[34m[1m[--------------------------arguments.py:1576] :   num_channels .................................... 3[0m
[[32m20260813 23:58:13[0m][[36mrank-0/5[0m][34m[1m[DEBUG]    [0m[34m[1m[--------------------------arguments.py:1576] :   num_classes ..................................... 1000[0m
[[32m20260813 23:58:13[0m][[36mrank-0/5[0m][34m[1m[DEBUG]    [0m[34m[1m[--------------------------arguments.py:1576] :   num_dataset_builder_threads ..................... 1[0m
[[32m20260813 23:58:13[0m][[36mrank-0/5[0m][34m[1m[DEBUG]    [0m[34m[1m[--------------------------arguments.py:1576] :   num_distributed_optimizer_instances ............. 1[0m
[[32m20260813 23:58:13[0m][[36mrank-0/5[0m][34m[1m[DEBUG]    [0m[34m[1m[--------------------------arguments.py:1576] :   num_experts ..................................... None[0m
[[32m20260813 23:58:13[0m][[36mrank-0/5[0m][34m[1m[DEBUG]    [0m[34m[1m[--------------------------arguments.py:1576] :   num_layers ...................................... 32[0m
[[32m20260813 23:58:13[0m][[36mrank-0/5[0m][34m[1m[DEBUG]    [0m[34m[1m[--------------------------arguments.py:1576] :   num_layers_at_end_in_bf16 ....................... 1[0m
[[32m20260813 23:58:13[0m][[36mrank-0/5[0m][34m[1m[DEBUG]    [0m[34m[1m[--------------------------arguments.py:1576] :   num_layers_at_start_in_bf16 ..................... 1[0m
[[32m20260813 23:58:13[0m][[36mrank-0/5[0m][34m[1m[DEBUG]    [0m[34m[1m[--------------------------arguments.py:1576] :   num_layers_per_virtual_pipeline_stage ........... None[0m
[[32m20260813 23:58:13[0m][[36mrank-0/5[0m][34m[1m[DEBUG]    [0m[34m[1m[--------------------------arguments.py:1576] :   num_query_groups ................................ None[0m
[[32m20260813 23:58:13[0m][[36mrank-0/5[0m][34m[1m[DEBUG]    [0m[34m[1m[--------------------------arguments.py:1576] :   num_seq_splits .................................. 1[0m
[[32m20260813 23:58:13[0m][[36mrank-0/5[0m][34m[1m[DEBUG]    [0m[34m[1m[--------------------------arguments.py:1576] :   num_virtual_stages_per_pipeline_rank ............ None[0m
[[32m20260813 23:58:13[0m][[36mrank-0/5[0m][34m[1m[DEBUG]    [0m[34m[1m[--------------------------arguments.py:1576] :   num_workers ..................................... 8[0m
[[32m20260813 23:58:13[0m][[36mrank-0/5[0m][34m[1m[DEBUG]    [0m[34m[1m[--------------------------arguments.py:1576] :   object_storage_cache_path ....................... None[0m
[[32m20260813 23:58:13[0m][[36mrank-0/5[0m][34m[1m[DEBUG]    [0m[34m[1m[--------------------------arguments.py:1576] :   offload ......................................... False[0m
[[32m20260813 23:58:13[0m][[36mrank-0/5[0m][34m[1m[DEBUG]    [0m[34m[1m[--------------------------arguments.py:1576] :   offload_chunk_num ............................... 0[0m
[[32m20260813 23:58:13[0m][[36mrank-0/5[0m][34m[1m[DEBUG]    [0m[34m[1m[--------------------------arguments.py:1576] :   offload_modules ................................. [][0m
[[32m20260813 23:58:13[0m][[36mrank-0/5[0m][34m[1m[DEBUG]    [0m[34m[1m[--------------------------arguments.py:1576] :   offload_ops ..................................... [0m
[[32m20260813 23:58:13[0m][[36mrank-0/5[0m][34m[1m[DEBUG]    [0m[34m[1m[--------------------------arguments.py:1576] :   offload_overlap_sr .............................. True[0m
[[32m20260813 23:58:13[0m][[36mrank-0/5[0m][34m[1m[DEBUG]    [0m[34m[1m[--------------------------arguments.py:1576] :   offload_time .................................... 1.0[0m
[[32m20260813 23:58:13[0m][[36mrank-0/5[0m][34m[1m[DEBUG]    [0m[34m[1m[--------------------------arguments.py:1576] :   one_logger_async ................................ False[0m
[[32m20260813 23:58:13[0m][[36mrank-0/5[0m][34m[1m[DEBUG]    [0m[34m[1m[--------------------------arguments.py:1576] :   one_logger_project .............................. megatron-lm[0m
[[32m20260813 23:58:13[0m][[36mrank-0/5[0m][34m[1m[DEBUG]    [0m[34m[1m[--------------------------arguments.py:1576] :   one_logger_run_name ............................. None[0m
[[32m20260813 23:58:13[0m][[36mrank-0/5[0m][34m[1m[DEBUG]    [0m[34m[1m[--------------------------arguments.py:1576] :   onnx_safe ....................................... None[0m
[[32m20260813 23:58:13[0m][[36mrank-0/5[0m][34m[1m[DEBUG]    [0m[34m[1m[--------------------------arguments.py:1576] :   openai_gelu ..................................... False[0m
[[32m20260813 23:58:13[0m][[36mrank-0/5[0m][34m[1m[DEBUG]    [0m[34m[1m[--------------------------arguments.py:1576] :   optimizer ....................................... adam[0m
[[32m20260813 23:58:13[0m][[36mrank-0/5[0m][34m[1m[DEBUG]    [0m[34m[1m[--------------------------arguments.py:1576] :   optimizer_cpu_offload ........................... False[0m
[[32m20260813 23:58:13[0m][[36mrank-0/5[0m][34m[1m[DEBUG]    [0m[34m[1m[--------------------------arguments.py:1576] :   optimizer_offload_fraction ...................... 1.0[0m
[[32m20260813 23:58:13[0m][[36mrank-0/5[0m][34m[1m[DEBUG]    [0m[34m[1m[--------------------------arguments.py:1576] :   original_max_position_embeddings ................ None[0m
[[32m20260813 23:58:13[0m][[36mrank-0/5[0m][34m[1m[DEBUG]    [0m[34m[1m[--------------------------arguments.py:1576] :   outer_dp_sharding_strategy ...................... no_shard[0m
[[32m20260813 23:58:13[0m][[36mrank-0/5[0m][34m[1m[DEBUG]    [0m[34m[1m[--------------------------arguments.py:1576] :   output_bert_embeddings .......................... False[0m
[[32m20260813 23:58:13[0m][[36mrank-0/5[0m][34m[1m[DEBUG]    [0m[34m[1m[--------------------------arguments.py:1576] :   overlap_cpu_optimizer_d2h_h2d ................... False[0m
[[32m20260813 23:58:13[0m][[36mrank-0/5[0m][34m[1m[DEBUG]    [0m[34m[1m[--------------------------arguments.py:1576] :   overlap_grad_reduce ............................. True[0m
[[32m20260813 23:58:13[0m][[36mrank-0/5[0m][34m[1m[DEBUG]    [0m[34m[1m[--------------------------arguments.py:1576] :   overlap_moe_expert_parallel_comm ................ False[0m
[[32m20260813 23:58:13[0m][[36mrank-0/5[0m][34m[1m[DEBUG]    [0m[34m[1m[--------------------------arguments.py:1576] :   overlap_p2p_comm ................................ False[0m
[[32m20260813 23:58:13[0m][[36mrank-0/5[0m][34m[1m[DEBUG]    [0m[34m[1m[--------------------------arguments.py:1576] :   overlap_p2p_comm_warmup_flush ................... False[0m
[[32m20260813 23:58:13[0m][[36mrank-0/5[0m][34m[1m[DEBUG]    [0m[34m[1m[--------------------------arguments.py:1576] :   overlap_param_gather ............................ True[0m
[[32m20260813 23:58:13[0m][[36mrank-0/5[0m][34m[1m[DEBUG]    [0m[34m[1m[--------------------------arguments.py:1576] :   overlap_param_gather_with_optimizer_step ........ False[0m
[[32m20260813 23:58:13[0m][[36mrank-0/5[0m][34m[1m[DEBUG]    [0m[34m[1m[--------------------------arguments.py:1576] :   override_opt_param_scheduler .................... True[0m
[[32m20260813 23:58:13[0m][[36mrank-0/5[0m][34m[1m[DEBUG]    [0m[34m[1m[--------------------------arguments.py:1576] :   padded_vocab_size ............................... None[0m
[[32m20260813 23:58:13[0m][[36mrank-0/5[0m][34m[1m[DEBUG]    [0m[34m[1m[--------------------------arguments.py:1576] :   params_dtype .................................... torch.bfloat16[0m
[[32m20260813 23:58:13[0m][[36mrank-0/5[0m][34m[1m[DEBUG]    [0m[34m[1m[--------------------------arguments.py:1576] :   patch_dim ....................................... 16[0m
[[32m20260813 23:58:13[0m][[36mrank-0/5[0m][34m[1m[DEBUG]    [0m[34m[1m[--------------------------arguments.py:1576] :   patch_moe_overlap ............................... False[0m
[[32m20260813 23:58:13[0m][[36mrank-0/5[0m][34m[1m[DEBUG]    [0m[34m[1m[--------------------------arguments.py:1576] :   patch_primus_pipeline ........................... False[0m
[[32m20260813 23:58:13[0m][[36mrank-0/5[0m][34m[1m[DEBUG]    [0m[34m[1m[--------------------------arguments.py:1576] :   patch_zero_bubble ............................... False[0m
[[32m20260813 23:58:13[0m][[36mrank-0/5[0m][34m[1m[DEBUG]    [0m[34m[1m[--------------------------arguments.py:1576] :   per_dataset_sequences_path ...................... None[0m
[[32m20260813 23:58:13[0m][[36mrank-0/5[0m][34m[1m[DEBUG]    [0m[34m[1m[--------------------------arguments.py:1576] :   per_split_data_args_path ........................ None[0m
[[32m20260813 23:58:13[0m][[36mrank-0/5[0m][34m[1m[DEBUG]    [0m[34m[1m[--------------------------arguments.py:1576] :   perform_initialization .......................... True[0m
[[32m20260813 23:58:13[0m][[36mrank-0/5[0m][34m[1m[DEBUG]    [0m[34m[1m[--------------------------arguments.py:1576] :   perform_rl_step ................................. False[0m
[[32m20260813 23:58:13[0m][[36mrank-0/5[0m][34m[1m[DEBUG]    [0m[34m[1m[--------------------------arguments.py:1576] :   phase_transition_iterations ..................... None[0m
[[32m20260813 23:58:13[0m][[36mrank-0/5[0m][34m[1m[DEBUG]    [0m[34m[1m[--------------------------arguments.py:1576] :   pin_cpu_grads ................................... True[0m
[[32m20260813 23:58:13[0m][[36mrank-0/5[0m][34m[1m[DEBUG]    [0m[34m[1m[--------------------------arguments.py:1576] :   pin_cpu_params .................................. True[0m
[[32m20260813 23:58:13[0m][[36mrank-0/5[0m][34m[1m[DEBUG]    [0m[34m[1m[--------------------------arguments.py:1576] :   pipeline_model_parallel_comm_backend ............ None[0m
[[32m20260813 23:58:13[0m][[36mrank-0/5[0m][34m[1m[DEBUG]    [0m[34m[1m[--------------------------arguments.py:1576] :   pipeline_model_parallel_layout .................. None[0m
[[32m20260813 23:58:13[0m][[36mrank-0/5[0m][34m[1m[DEBUG]    [0m[34m[1m[--------------------------arguments.py:1576] :   pipeline_model_parallel_size .................... 1[0m
[[32m20260813 23:58:13[0m][[36mrank-0/5[0m][34m[1m[DEBUG]    [0m[34m[1m[--------------------------arguments.py:1576] :   pipeline_model_parallel_split_rank .............. None[0m
[[32m20260813 23:58:13[0m][[36mrank-0/5[0m][34m[1m[DEBUG]    [0m[34m[1m[--------------------------arguments.py:1576] :   position_embedding_type ......................... rope[0m
[[32m20260813 23:58:13[0m][[36mrank-0/5[0m][34m[1m[DEBUG]    [0m[34m[1m[--------------------------arguments.py:1576] :   pp_algorithm .................................... 1f1b-interleaved[0m
[[32m20260813 23:58:13[0m][[36mrank-0/5[0m][34m[1m[DEBUG]    [0m[34m[1m[--------------------------arguments.py:1576] :   pp_cost_b ....................................... None[0m
[[32m20260813 23:58:13[0m][[36mrank-0/5[0m][34m[1m[DEBUG]    [0m[34m[1m[--------------------------arguments.py:1576] :   pp_cost_f ....................................... None[0m
[[32m20260813 23:58:13[0m][[36mrank-0/5[0m][34m[1m[DEBUG]    [0m[34m[1m[--------------------------arguments.py:1576] :   pp_cost_w ....................................... None[0m
[[32m20260813 23:58:13[0m][[36mrank-0/5[0m][34m[1m[DEBUG]    [0m[34m[1m[--------------------------arguments.py:1576] :   pp_max_mem ...................................... None[0m
[[32m20260813 23:58:13[0m][[36mrank-0/5[0m][34m[1m[DEBUG]    [0m[34m[1m[--------------------------arguments.py:1576] :   pp_warmup ....................................... False[0m
[[32m20260813 23:58:13[0m][[36mrank-0/5[0m][34m[1m[DEBUG]    [0m[34m[1m[--------------------------arguments.py:1576] :   pre_communication_optimization .................. False[0m
[[32m20260813 23:58:13[0m][[36mrank-0/5[0m][34m[1m[DEBUG]    [0m[34m[1m[--------------------------arguments.py:1576] :   pretrained_checkpoint ........................... None[0m
[[32m20260813 23:58:13[0m][[36mrank-0/5[0m][34m[1m[DEBUG]    [0m[34m[1m[--------------------------arguments.py:1576] :   profile ......................................... False[0m
[[32m20260813 23:58:13[0m][[36mrank-0/5[0m][34m[1m[DEBUG]    [0m[34m[1m[--------------------------arguments.py:1576] :   profile_memory_iter ............................. -1[0m
[[32m20260813 23:58:13[0m][[36mrank-0/5[0m][34m[1m[DEBUG]    [0m[34m[1m[--------------------------arguments.py:1576] :   profile_ranks ................................... [0][0m
[[32m20260813 23:58:13[0m][[36mrank-0/5[0m][34m[1m[DEBUG]    [0m[34m[1m[--------------------------arguments.py:1576] :   profile_step_end ................................ 12[0m
[[32m20260813 23:58:13[0m][[36mrank-0/5[0m][34m[1m[DEBUG]    [0m[34m[1m[--------------------------arguments.py:1576] :   profile_step_start .............................. 10[0m
[[32m20260813 23:58:13[0m][[36mrank-0/5[0m][34m[1m[DEBUG]    [0m[34m[1m[--------------------------arguments.py:1576] :   pytorch_profiler_collect_callstack .............. False[0m
[[32m20260813 23:58:13[0m][[36mrank-0/5[0m][34m[1m[DEBUG]    [0m[34m[1m[--------------------------arguments.py:1576] :   pytorch_profiler_collect_chakra ................. False[0m
[[32m20260813 23:58:13[0m][[36mrank-0/5[0m][34m[1m[DEBUG]    [0m[34m[1m[--------------------------arguments.py:1576] :   pytorch_profiler_collect_shapes ................. False[0m
[[32m20260813 23:58:13[0m][[36mrank-0/5[0m][34m[1m[DEBUG]    [0m[34m[1m[--------------------------arguments.py:1576] :   q_lora_rank ..................................... None[0m
[[32m20260813 23:58:13[0m][[36mrank-0/5[0m][34m[1m[DEBUG]    [0m[34m[1m[--------------------------arguments.py:1576] :   qk_clip ......................................... False[0m
[[32m20260813 23:58:13[0m][[36mrank-0/5[0m][34m[1m[DEBUG]    [0m[34m[1m[--------------------------arguments.py:1576] :   qk_clip_alpha ................................... 0.5[0m
[[32m20260813 23:58:13[0m][[36mrank-0/5[0m][34m[1m[DEBUG]    [0m[34m[1m[--------------------------arguments.py:1576] :   qk_clip_threshold ............................... 100[0m
[[32m20260813 23:58:13[0m][[36mrank-0/5[0m][34m[1m[DEBUG]    [0m[34m[1m[--------------------------arguments.py:1576] :   qk_head_dim ..................................... 128[0m
[[32m20260813 23:58:13[0m][[36mrank-0/5[0m][34m[1m[DEBUG]    [0m[34m[1m[--------------------------arguments.py:1576] :   qk_l2_norm ...................................... False[0m
[[32m20260813 23:58:13[0m][[36mrank-0/5[0m][34m[1m[DEBUG]    [0m[34m[1m[--------------------------arguments.py:1576] :   qk_layernorm .................................... False[0m
[[32m20260813 23:58:13[0m][[36mrank-0/5[0m][34m[1m[DEBUG]    [0m[34m[1m[--------------------------arguments.py:1576] :   qk_pos_emb_head_dim ............................. 64[0m
[[32m20260813 23:58:13[0m][[36mrank-0/5[0m][34m[1m[DEBUG]    [0m[34m[1m[--------------------------arguments.py:1576] :   query_in_block_prob ............................. 0.1[0m
[[32m20260813 23:58:13[0m][[36mrank-0/5[0m][34m[1m[DEBUG]    [0m[34m[1m[--------------------------arguments.py:1576] :   quick_geglu ..................................... False[0m
[[32m20260813 23:58:13[0m][[36mrank-0/5[0m][34m[1m[DEBUG]    [0m[34m[1m[--------------------------arguments.py:1576] :   rampup_batch_size ............................... None[0m
[[32m20260813 23:58:13[0m][[36mrank-0/5[0m][34m[1m[DEBUG]    [0m[34m[1m[--------------------------arguments.py:1576] :   rank ............................................ 0[0m
[[32m20260813 23:58:13[0m][[36mrank-0/5[0m][34m[1m[DEBUG]    [0m[34m[1m[--------------------------arguments.py:1576] :   recompute_granularity ........................... None[0m
[[32m20260813 23:58:13[0m][[36mrank-0/5[0m][34m[1m[DEBUG]    [0m[34m[1m[--------------------------arguments.py:1576] :   recompute_layer_ids ............................. None[0m
[[32m20260813 23:58:13[0m][[36mrank-0/5[0m][34m[1m[DEBUG]    [0m[34m[1m[--------------------------arguments.py:1576] :   recompute_method ................................ None[0m
[[32m20260813 23:58:13[0m][[36mrank-0/5[0m][34m[1m[DEBUG]    [0m[34m[1m[--------------------------arguments.py:1576] :   recompute_modules ............................... None[0m
[[32m20260813 23:58:13[0m][[36mrank-0/5[0m][34m[1m[DEBUG]    [0m[34m[1m[--------------------------arguments.py:1576] :   recompute_num_layers ............................ None[0m
[[32m20260813 23:58:13[0m][[36mrank-0/5[0m][34m[1m[DEBUG]    [0m[34m[1m[--------------------------arguments.py:1576] :   record_memory_history ........................... False[0m
[[32m20260813 23:58:13[0m][[36mrank-0/5[0m][34m[1m[DEBUG]    [0m[34m[1m[--------------------------arguments.py:1576] :   refit_method .................................... gloo[0m
[[32m20260813 23:58:13[0m][[36mrank-0/5[0m][34m[1m[DEBUG]    [0m[34m[1m[--------------------------arguments.py:1576] :   relative_attention_max_distance ................. 128[0m
[[32m20260813 23:58:13[0m][[36mrank-0/5[0m][34m[1m[DEBUG]    [0m[34m[1m[--------------------------arguments.py:1576] :   relative_attention_num_buckets .................. 32[0m
[[32m20260813 23:58:13[0m][[36mrank-0/5[0m][34m[1m[DEBUG]    [0m[34m[1m[--------------------------arguments.py:1576] :   replication ..................................... False[0m
[[32m20260813 23:58:13[0m][[36mrank-0/5[0m][34m[1m[DEBUG]    [0m[34m[1m[--------------------------arguments.py:1576] :   replication_factor .............................. None[0m
[[32m20260813 23:58:13[0m][[36mrank-0/5[0m][34m[1m[DEBUG]    [0m[34m[1m[--------------------------arguments.py:1576] :   replication_jump ................................ None[0m
[[32m20260813 23:58:13[0m][[36mrank-0/5[0m][34m[1m[DEBUG]    [0m[34m[1m[--------------------------arguments.py:1576] :   rerun_mode ...................................... disabled[0m
[[32m20260813 23:58:13[0m][[36mrank-0/5[0m][34m[1m[DEBUG]    [0m[34m[1m[--------------------------arguments.py:1576] :   reset_attention_mask ............................ False[0m
[[32m20260813 23:58:13[0m][[36mrank-0/5[0m][34m[1m[DEBUG]    [0m[34m[1m[--------------------------arguments.py:1576] :   reset_position_ids .............................. False[0m
[[32m20260813 23:58:13[0m][[36mrank-0/5[0m][34m[1m[DEBUG]    [0m[34m[1m[--------------------------arguments.py:1576] :   result_rejected_tracker_filename ................ None[0m
[[32m20260813 23:58:13[0m][[36mrank-0/5[0m][34m[1m[DEBUG]    [0m[34m[1m[--------------------------arguments.py:1576] :   retriever_report_topk_accuracies ................ [][0m
[[32m20260813 23:58:13[0m][[36mrank-0/5[0m][34m[1m[DEBUG]    [0m[34m[1m[--------------------------arguments.py:1576] :   retriever_score_scaling ......................... False[0m
[[32m20260813 23:58:13[0m][[36mrank-0/5[0m][34m[1m[DEBUG]    [0m[34m[1m[--------------------------arguments.py:1576] :   retriever_seq_length ............................ 256[0m
[[32m20260813 23:58:13[0m][[36mrank-0/5[0m][34m[1m[DEBUG]    [0m[34m[1m[--------------------------arguments.py:1576] :   retro_add_retriever ............................. False[0m
[[32m20260813 23:58:13[0m][[36mrank-0/5[0m][34m[1m[DEBUG]    [0m[34m[1m[--------------------------arguments.py:1576] :   retro_attention_gate ............................ 1[0m
[[32m20260813 23:58:13[0m][[36mrank-0/5[0m][34m[1m[DEBUG]    [0m[34m[1m[--------------------------arguments.py:1576] :   retro_cyclic_train_iters ........................ None[0m
[[32m20260813 23:58:13[0m][[36mrank-0/5[0m][34m[1m[DEBUG]    [0m[34m[1m[--------------------------arguments.py:1576] :   retro_encoder_attention_dropout ................. 0.1[0m
[[32m20260813 23:58:13[0m][[36mrank-0/5[0m][34m[1m[DEBUG]    [0m[34m[1m[--------------------------arguments.py:1576] :   retro_encoder_hidden_dropout .................... 0.1[0m
[[32m20260813 23:58:13[0m][[36mrank-0/5[0m][34m[1m[DEBUG]    [0m[34m[1m[--------------------------arguments.py:1576] :   retro_encoder_layers ............................ 2[0m
[[32m20260813 23:58:13[0m][[36mrank-0/5[0m][34m[1m[DEBUG]    [0m[34m[1m[--------------------------arguments.py:1576] :   retro_num_neighbors ............................. 2[0m
[[32m20260813 23:58:13[0m][[36mrank-0/5[0m][34m[1m[DEBUG]    [0m[34m[1m[--------------------------arguments.py:1576] :   retro_num_retrieved_chunks ...................... 2[0m
[[32m20260813 23:58:13[0m][[36mrank-0/5[0m][34m[1m[DEBUG]    [0m[34m[1m[--------------------------arguments.py:1576] :   retro_project_dir ............................... None[0m
[[32m20260813 23:58:13[0m][[36mrank-0/5[0m][34m[1m[DEBUG]    [0m[34m[1m[--------------------------arguments.py:1576] :   retro_verify_neighbor_count ..................... True[0m
[[32m20260813 23:58:13[0m][[36mrank-0/5[0m][34m[1m[DEBUG]    [0m[34m[1m[--------------------------arguments.py:1576] :   reuse_grad_buf_for_mxfp8_param_ag ............... False[0m
[[32m20260813 23:58:13[0m][[36mrank-0/5[0m][34m[1m[DEBUG]    [0m[34m[1m[--------------------------arguments.py:1576] :   rl_calculate_intra_group_similarity ............. False[0m
[[32m20260813 23:58:13[0m][[36mrank-0/5[0m][34m[1m[DEBUG]    [0m[34m[1m[--------------------------arguments.py:1576] :   rl_default_temperature .......................... 1.0[0m
[[32m20260813 23:58:13[0m][[36mrank-0/5[0m][34m[1m[DEBUG]    [0m[34m[1m[--------------------------arguments.py:1576] :   rl_default_top_k ................................ -1[0m
[[32m20260813 23:58:13[0m][[36mrank-0/5[0m][34m[1m[DEBUG]    [0m[34m[1m[--------------------------arguments.py:1576] :   rl_default_top_p ................................ 0[0m
[[32m20260813 23:58:13[0m][[36mrank-0/5[0m][34m[1m[DEBUG]    [0m[34m[1m[--------------------------arguments.py:1576] :   rl_importance_sampling_truncation_coef .......... None[0m
[[32m20260813 23:58:13[0m][[36mrank-0/5[0m][34m[1m[DEBUG]    [0m[34m[1m[--------------------------arguments.py:1576] :   rl_inference_expert_model_parallel_size ......... None[0m
[[32m20260813 23:58:13[0m][[36mrank-0/5[0m][34m[1m[DEBUG]    [0m[34m[1m[--------------------------arguments.py:1576] :   rl_inference_expert_tensor_model_parallel_size .. None[0m
[[32m20260813 23:58:13[0m][[36mrank-0/5[0m][34m[1m[DEBUG]    [0m[34m[1m[--------------------------arguments.py:1576] :   rl_inference_logprobs_is_correction ............. False[0m
[[32m20260813 23:58:13[0m][[36mrank-0/5[0m][34m[1m[DEBUG]    [0m[34m[1m[--------------------------arguments.py:1576] :   rl_inference_model_unified_memory_level ......... 0[0m
[[32m20260813 23:58:13[0m][[36mrank-0/5[0m][34m[1m[DEBUG]    [0m[34m[1m[--------------------------arguments.py:1576] :   rl_inference_pipeline_model_parallel_size ....... None[0m
[[32m20260813 23:58:13[0m][[36mrank-0/5[0m][34m[1m[DEBUG]    [0m[34m[1m[--------------------------arguments.py:1576] :   rl_inference_tensor_model_parallel_size ......... None[0m
[[32m20260813 23:58:13[0m][[36mrank-0/5[0m][34m[1m[DEBUG]    [0m[34m[1m[--------------------------arguments.py:1576] :   rl_kv_cache_management_mode ..................... persist[0m
[[32m20260813 23:58:13[0m][[36mrank-0/5[0m][34m[1m[DEBUG]    [0m[34m[1m[--------------------------arguments.py:1576] :   rl_offload_inference_model_weights_when_idle .... False[0m
[[32m20260813 23:58:13[0m][[36mrank-0/5[0m][34m[1m[DEBUG]    [0m[34m[1m[--------------------------arguments.py:1576] :   rl_offload_kv_cache_during_training ............. False[0m
[[32m20260813 23:58:13[0m][[36mrank-0/5[0m][34m[1m[DEBUG]    [0m[34m[1m[--------------------------arguments.py:1576] :   rl_offload_optimizer_during_inference ........... False[0m
[[32m20260813 23:58:13[0m][[36mrank-0/5[0m][34m[1m[DEBUG]    [0m[34m[1m[--------------------------arguments.py:1576] :   rl_parallel_generation_tasks .................... 512[0m
[[32m20260813 23:58:13[0m][[36mrank-0/5[0m][34m[1m[DEBUG]    [0m[34m[1m[--------------------------arguments.py:1576] :   rl_partial_rollouts ............................. False[0m
[[32m20260813 23:58:13[0m][[36mrank-0/5[0m][34m[1m[DEBUG]    [0m[34m[1m[--------------------------arguments.py:1576] :   rl_persist_cuda_graphs .......................... False[0m
[[32m20260813 23:58:13[0m][[36mrank-0/5[0m][34m[1m[DEBUG]    [0m[34m[1m[--------------------------arguments.py:1576] :   rl_prompts_per_eval ............................. 32[0m
[[32m20260813 23:58:13[0m][[36mrank-0/5[0m][34m[1m[DEBUG]    [0m[34m[1m[--------------------------arguments.py:1576] :   rl_remove_kv_cache_during_training .............. False[0m
[[32m20260813 23:58:13[0m][[36mrank-0/5[0m][34m[1m[DEBUG]    [0m[34m[1m[--------------------------arguments.py:1576] :   rl_reset_cuda_graphs ............................ False[0m
[[32m20260813 23:58:13[0m][[36mrank-0/5[0m][34m[1m[DEBUG]    [0m[34m[1m[--------------------------arguments.py:1576] :   rl_sequence_packing_algo ........................ fifo[0m
[[32m20260813 23:58:13[0m][[36mrank-0/5[0m][34m[1m[DEBUG]    [0m[34m[1m[--------------------------arguments.py:1576] :   rl_sequence_packing_max_sequences_per_bin ....... 50[0m
[[32m20260813 23:58:13[0m][[36mrank-0/5[0m][34m[1m[DEBUG]    [0m[34m[1m[--------------------------arguments.py:1576] :   rl_skip_bos_token ............................... False[0m
[[32m20260813 23:58:13[0m][[36mrank-0/5[0m][34m[1m[DEBUG]    [0m[34m[1m[--------------------------arguments.py:1576] :   rl_training_cuda_graphs ......................... False[0m
[[32m20260813 23:58:13[0m][[36mrank-0/5[0m][34m[1m[DEBUG]    [0m[34m[1m[--------------------------arguments.py:1576] :   rl_use_sequence_packing ......................... False[0m
[[32m20260813 23:58:13[0m][[36mrank-0/5[0m][34m[1m[DEBUG]    [0m[34m[1m[--------------------------arguments.py:1576] :   rl_verify_model_weights_swap .................... False[0m
[[32m20260813 23:58:13[0m][[36mrank-0/5[0m][34m[1m[DEBUG]    [0m[34m[1m[--------------------------arguments.py:1576] :   rope_scaling_factor ............................. 8.0[0m
[[32m20260813 23:58:13[0m][[36mrank-0/5[0m][34m[1m[DEBUG]    [0m[34m[1m[--------------------------arguments.py:1576] :   rope_type ....................................... None[0m
[[32m20260813 23:58:13[0m][[36mrank-0/5[0m][34m[1m[DEBUG]    [0m[34m[1m[--------------------------arguments.py:1576] :   rotary_base ..................................... 10000[0m
[[32m20260813 23:58:13[0m][[36mrank-0/5[0m][34m[1m[DEBUG]    [0m[34m[1m[--------------------------arguments.py:1576] :   rotary_interleaved .............................. False[0m
[[32m20260813 23:58:13[0m][[36mrank-0/5[0m][34m[1m[DEBUG]    [0m[34m[1m[--------------------------arguments.py:1576] :   rotary_percent .................................. 1.0[0m
[[32m20260813 23:58:13[0m][[36mrank-0/5[0m][34m[1m[DEBUG]    [0m[34m[1m[--------------------------arguments.py:1576] :   rotary_scaling_factor ........................... 40[0m
[[32m20260813 23:58:13[0m][[36mrank-0/5[0m][34m[1m[DEBUG]    [0m[34m[1m[--------------------------arguments.py:1576] :   rotary_seq_len_interpolation_factor ............. None[0m
[[32m20260813 23:58:13[0m][[36mrank-0/5[0m][34m[1m[DEBUG]    [0m[34m[1m[--------------------------arguments.py:1576] :   router_logit_softcapping ........................ None[0m
[[32m20260813 23:58:13[0m][[36mrank-0/5[0m][34m[1m[DEBUG]    [0m[34m[1m[--------------------------arguments.py:1576] :   run_workload_inspector_server ................... False[0m
[[32m20260813 23:58:13[0m][[36mrank-0/5[0m][34m[1m[DEBUG]    [0m[34m[1m[--------------------------arguments.py:1576] :   sample_rate ..................................... 1.0[0m
[[32m20260813 23:58:13[0m][[36mrank-0/5[0m][34m[1m[DEBUG]    [0m[34m[1m[--------------------------arguments.py:1576] :   save ............................................ None[0m
[[32m20260813 23:58:13[0m][[36mrank-0/5[0m][34m[1m[DEBUG]    [0m[34m[1m[--------------------------arguments.py:1576] :   save_dgrads_interval ............................ None[0m
[[32m20260813 23:58:13[0m][[36mrank-0/5[0m][34m[1m[DEBUG]    [0m[34m[1m[--------------------------arguments.py:1576] :   save_interval ................................... 20000[0m
[[32m20260813 23:58:13[0m][[36mrank-0/5[0m][34m[1m[DEBUG]    [0m[34m[1m[--------------------------arguments.py:1576] :   save_retain_interval ............................ None[0m
[[32m20260813 23:58:13[0m][[36mrank-0/5[0m][34m[1m[DEBUG]    [0m[34m[1m[--------------------------arguments.py:1576] :   save_wgrads_interval ............................ None[0m
[[32m20260813 23:58:13[0m][[36mrank-0/5[0m][34m[1m[DEBUG]    [0m[34m[1m[--------------------------arguments.py:1576] :   scatter_gather_tensors_in_pipeline .............. True[0m
[[32m20260813 23:58:13[0m][[36mrank-0/5[0m][34m[1m[DEBUG]    [0m[34m[1m[--------------------------arguments.py:1576] :   seed ............................................ 1234[0m
[[32m20260813 23:58:13[0m][[36mrank-0/5[0m][34m[1m[DEBUG]    [0m[34m[1m[--------------------------arguments.py:1576] :   seq_length ...................................... 4096[0m
[[32m20260813 23:58:13[0m][[36mrank-0/5[0m][34m[1m[DEBUG]    [0m[34m[1m[--------------------------arguments.py:1576] :   sequence_parallel ............................... False[0m
[[32m20260813 23:58:13[0m][[36mrank-0/5[0m][34m[1m[DEBUG]    [0m[34m[1m[--------------------------arguments.py:1576] :   sft ............................................. False[0m
[[32m20260813 23:58:13[0m][[36mrank-0/5[0m][34m[1m[DEBUG]    [0m[34m[1m[--------------------------arguments.py:1576] :   sft_tokenizer_prompt_format ..................... nemotron-h-aligned[0m
[[32m20260813 23:58:13[0m][[36mrank-0/5[0m][34m[1m[DEBUG]    [0m[34m[1m[--------------------------arguments.py:1576] :   sgd_momentum .................................... 0.9[0m
[[32m20260813 23:58:13[0m][[36mrank-0/5[0m][34m[1m[DEBUG]    [0m[34m[1m[--------------------------arguments.py:1576] :   sharp_enabled_group ............................. None[0m
[[32m20260813 23:58:13[0m][[36mrank-0/5[0m][34m[1m[DEBUG]    [0m[34m[1m[--------------------------arguments.py:1576] :   short_seq_prob .................................. 0.1[0m
[[32m20260813 23:58:13[0m][[36mrank-0/5[0m][34m[1m[DEBUG]    [0m[34m[1m[--------------------------arguments.py:1576] :   sink_level ...................................... None[0m
[[32m20260813 23:58:13[0m][[36mrank-0/5[0m][34m[1m[DEBUG]    [0m[34m[1m[--------------------------arguments.py:1576] :   sink_sliding_window ............................. 0[0m
[[32m20260813 23:58:13[0m][[36mrank-0/5[0m][34m[1m[DEBUG]    [0m[34m[1m[--------------------------arguments.py:1576] :   sink_window_even_layers_only .................... True[0m
[[32m20260813 23:58:13[0m][[36mrank-0/5[0m][34m[1m[DEBUG]    [0m[34m[1m[--------------------------arguments.py:1576] :   skip_train ...................................... False[0m
[[32m20260813 23:58:13[0m][[36mrank-0/5[0m][34m[1m[DEBUG]    [0m[34m[1m[--------------------------arguments.py:1576] :   skipped_train_samples ........................... 0[0m
[[32m20260813 23:58:13[0m][[36mrank-0/5[0m][34m[1m[DEBUG]    [0m[34m[1m[--------------------------arguments.py:1576] :   softmax_type .................................... vanilla[0m
[[32m20260813 23:58:13[0m][[36mrank-0/5[0m][34m[1m[DEBUG]    [0m[34m[1m[--------------------------arguments.py:1576] :   spec ............................................ None[0m
[[32m20260813 23:58:13[0m][[36mrank-0/5[0m][34m[1m[DEBUG]    [0m[34m[1m[--------------------------arguments.py:1576] :   split ........................................... None[0m
[[32m20260813 23:58:13[0m][[36mrank-0/5[0m][34m[1m[DEBUG]    [0m[34m[1m[--------------------------arguments.py:1576] :   squared_relu .................................... False[0m
[[32m20260813 23:58:13[0m][[36mrank-0/5[0m][34m[1m[DEBUG]    [0m[34m[1m[--------------------------arguments.py:1576] :   standalone_embedding_stage ...................... False[0m
[[32m20260813 23:58:13[0m][[36mrank-0/5[0m][34m[1m[DEBUG]    [0m[34m[1m[--------------------------arguments.py:1576] :   start_weight_decay .............................. 0.1[0m
[[32m20260813 23:58:13[0m][[36mrank-0/5[0m][34m[1m[DEBUG]    [0m[34m[1m[--------------------------arguments.py:1576] :   stderr_sink_level ............................... DEBUG[0m
[[32m20260813 23:58:13[0m][[36mrank-0/5[0m][34m[1m[DEBUG]    [0m[34m[1m[--------------------------arguments.py:1576] :   straggler_ctrlr_port ............................ 65535[0m
[[32m20260813 23:58:13[0m][[36mrank-0/5[0m][34m[1m[DEBUG]    [0m[34m[1m[--------------------------arguments.py:1576] :   straggler_minmax_count .......................... 1[0m
[[32m20260813 23:58:13[0m][[36mrank-0/5[0m][34m[1m[DEBUG]    [0m[34m[1m[--------------------------arguments.py:1576] :   strict_fsdp_dtensor_load ........................ True[0m
[[32m20260813 23:58:13[0m][[36mrank-0/5[0m][34m[1m[DEBUG]    [0m[34m[1m[--------------------------arguments.py:1576] :   suggested_communication_unit_size ............... 400000000[0m
[[32m20260813 23:58:13[0m][[36mrank-0/5[0m][34m[1m[DEBUG]    [0m[34m[1m[--------------------------arguments.py:1576] :   swiglu .......................................... True[0m
[[32m20260813 23:58:13[0m][[36mrank-0/5[0m][34m[1m[DEBUG]    [0m[34m[1m[--------------------------arguments.py:1576] :   swin_backbone_type .............................. tiny[0m
[[32m20260813 23:58:13[0m][[36mrank-0/5[0m][34m[1m[DEBUG]    [0m[34m[1m[--------------------------arguments.py:1576] :   symmetric_ar_type ............................... None[0m
[[32m20260813 23:58:13[0m][[36mrank-0/5[0m][34m[1m[DEBUG]    [0m[34m[1m[--------------------------arguments.py:1576] :   te_precision_config_file ........................ None[0m
[[32m20260813 23:58:13[0m][[36mrank-0/5[0m][34m[1m[DEBUG]    [0m[34m[1m[--------------------------arguments.py:1576] :   te_rng_tracker .................................. False[0m
[[32m20260813 23:58:13[0m][[36mrank-0/5[0m][34m[1m[DEBUG]    [0m[34m[1m[--------------------------arguments.py:1576] :   tensor_model_parallel_size ...................... 1[0m
[[32m20260813 23:58:13[0m][[36mrank-0/5[0m][34m[1m[DEBUG]    [0m[34m[1m[--------------------------arguments.py:1576] :   tensorboard_dir ................................. None[0m
[[32m20260813 23:58:13[0m][[36mrank-0/5[0m][34m[1m[DEBUG]    [0m[34m[1m[--------------------------arguments.py:1576] :   tensorboard_log_interval ........................ 1[0m
[[32m20260813 23:58:13[0m][[36mrank-0/5[0m][34m[1m[DEBUG]    [0m[34m[1m[--------------------------arguments.py:1576] :   tensorboard_queue_size .......................... 1000[0m
[[32m20260813 23:58:13[0m][[36mrank-0/5[0m][34m[1m[DEBUG]    [0m[34m[1m[--------------------------arguments.py:1576] :   test_data_path .................................. None[0m
[[32m20260813 23:58:13[0m][[36mrank-0/5[0m][34m[1m[DEBUG]    [0m[34m[1m[--------------------------arguments.py:1576] :   test_mode ....................................... False[0m
[[32m20260813 23:58:13[0m][[36mrank-0/5[0m][34m[1m[DEBUG]    [0m[34m[1m[--------------------------arguments.py:1576] :   tiktoken_num_special_tokens ..................... 1000[0m
[[32m20260813 23:58:13[0m][[36mrank-0/5[0m][34m[1m[DEBUG]    [0m[34m[1m[--------------------------arguments.py:1576] :   tiktoken_pattern ................................ None[0m
[[32m20260813 23:58:13[0m][[36mrank-0/5[0m][34m[1m[DEBUG]    [0m[34m[1m[--------------------------arguments.py:1576] :   tiktoken_special_tokens ......................... None[0m
[[32m20260813 23:58:13[0m][[36mrank-0/5[0m][34m[1m[DEBUG]    [0m[34m[1m[--------------------------arguments.py:1576] :   timing_log_level ................................ 0[0m
[[32m20260813 23:58:13[0m][[36mrank-0/5[0m][34m[1m[DEBUG]    [0m[34m[1m[--------------------------arguments.py:1576] :   timing_log_option ............................... minmax[0m
[[32m20260813 23:58:13[0m][[36mrank-0/5[0m][34m[1m[DEBUG]    [0m[34m[1m[--------------------------arguments.py:1576] :   titles_data_path ................................ None[0m
[[32m20260813 23:58:13[0m][[36mrank-0/5[0m][34m[1m[DEBUG]    [0m[34m[1m[--------------------------arguments.py:1576] :   tokenizer_hf_include_special_tokens ............. True[0m
[[32m20260813 23:58:13[0m][[36mrank-0/5[0m][34m[1m[DEBUG]    [0m[34m[1m[--------------------------arguments.py:1576] :   tokenizer_hf_no_include_special_tokens .......... False[0m
[[32m20260813 23:58:13[0m][[36mrank-0/5[0m][34m[1m[DEBUG]    [0m[34m[1m[--------------------------arguments.py:1576] :   tokenizer_hf_no_use_fast ........................ False[0m
[[32m20260813 23:58:13[0m][[36mrank-0/5[0m][34m[1m[DEBUG]    [0m[34m[1m[--------------------------arguments.py:1576] :   tokenizer_hf_use_fast ........................... True[0m
[[32m20260813 23:58:13[0m][[36mrank-0/5[0m][34m[1m[DEBUG]    [0m[34m[1m[--------------------------arguments.py:1576] :   tokenizer_metadata .............................. None[0m
[[32m20260813 23:58:13[0m][[36mrank-0/5[0m][34m[1m[DEBUG]    [0m[34m[1m[--------------------------arguments.py:1576] :   tokenizer_model ................................. None[0m
[[32m20260813 23:58:13[0m][[36mrank-0/5[0m][34m[1m[DEBUG]    [0m[34m[1m[--------------------------arguments.py:1576] :   tokenizer_sentencepiece_legacy .................. False[0m
[[32m20260813 23:58:13[0m][[36mrank-0/5[0m][34m[1m[DEBUG]    [0m[34m[1m[--------------------------arguments.py:1576] :   tokenizer_special_tokens ........................ None[0m
[[32m20260813 23:58:13[0m][[36mrank-0/5[0m][34m[1m[DEBUG]    [0m[34m[1m[--------------------------arguments.py:1576] :   tokenizer_type .................................. NullTokenizer[0m
[[32m20260813 23:58:13[0m][[36mrank-0/5[0m][34m[1m[DEBUG]    [0m[34m[1m[--------------------------arguments.py:1576] :   torch_compile ................................... namespace(enable=False, backend='inductor', mode='default', fullgraph=False)[0m
[[32m20260813 23:58:13[0m][[36mrank-0/5[0m][34m[1m[DEBUG]    [0m[34m[1m[--------------------------arguments.py:1576] :   torch_fsdp2_reshard_after_forward ............... True[0m
[[32m20260813 23:58:13[0m][[36mrank-0/5[0m][34m[1m[DEBUG]    [0m[34m[1m[--------------------------arguments.py:1576] :   torch_profiler_record_shapes .................... True[0m
[[32m20260813 23:58:13[0m][[36mrank-0/5[0m][34m[1m[DEBUG]    [0m[34m[1m[--------------------------arguments.py:1576] :   torch_profiler_use_gzip ......................... True[0m
[[32m20260813 23:58:13[0m][[36mrank-0/5[0m][34m[1m[DEBUG]    [0m[34m[1m[--------------------------arguments.py:1576] :   torch_profiler_with_stack ....................... True[0m
[[32m20260813 23:58:13[0m][[36mrank-0/5[0m][34m[1m[DEBUG]    [0m[34m[1m[--------------------------arguments.py:1576] :   tp_comm_bootstrap_backend ....................... nccl[0m
[[32m20260813 23:58:13[0m][[36mrank-0/5[0m][34m[1m[DEBUG]    [0m[34m[1m[--------------------------arguments.py:1576] :   tp_comm_bulk_dgrad .............................. True[0m
[[32m20260813 23:58:13[0m][[36mrank-0/5[0m][34m[1m[DEBUG]    [0m[34m[1m[--------------------------arguments.py:1576] :   tp_comm_bulk_wgrad .............................. True[0m
[[32m20260813 23:58:13[0m][[36mrank-0/5[0m][34m[1m[DEBUG]    [0m[34m[1m[--------------------------arguments.py:1576] :   tp_comm_overlap ................................. False[0m
[[32m20260813 23:58:13[0m][[36mrank-0/5[0m][34m[1m[DEBUG]    [0m[34m[1m[--------------------------arguments.py:1576] :   tp_comm_overlap_ag .............................. True[0m
[[32m20260813 23:58:13[0m][[36mrank-0/5[0m][34m[1m[DEBUG]    [0m[34m[1m[--------------------------arguments.py:1576] :   tp_comm_overlap_cfg ............................. None[0m
[[32m20260813 23:58:13[0m][[36mrank-0/5[0m][34m[1m[DEBUG]    [0m[34m[1m[--------------------------arguments.py:1576] :   tp_comm_overlap_rs .............................. True[0m
[[32m20260813 23:58:13[0m][[36mrank-0/5[0m][34m[1m[DEBUG]    [0m[34m[1m[--------------------------arguments.py:1576] :   tp_comm_overlap_rs_dgrad ........................ False[0m
[[32m20260813 23:58:13[0m][[36mrank-0/5[0m][34m[1m[DEBUG]    [0m[34m[1m[--------------------------arguments.py:1576] :   tp_comm_split_ag ................................ True[0m
[[32m20260813 23:58:13[0m][[36mrank-0/5[0m][34m[1m[DEBUG]    [0m[34m[1m[--------------------------arguments.py:1576] :   tp_comm_split_rs ................................ True[0m
[[32m20260813 23:58:13[0m][[36mrank-0/5[0m][34m[1m[DEBUG]    [0m[34m[1m[--------------------------arguments.py:1576] :   train_data_path ................................. None[0m
[[32m20260813 23:58:13[0m][[36mrank-0/5[0m][34m[1m[DEBUG]    [0m[34m[1m[--------------------------arguments.py:1576] :   train_iters ..................................... 50[0m
[[32m20260813 23:58:13[0m][[36mrank-0/5[0m][34m[1m[DEBUG]    [0m[34m[1m[--------------------------arguments.py:1576] :   train_samples ................................... None[0m
[[32m20260813 23:58:13[0m][[36mrank-0/5[0m][34m[1m[DEBUG]    [0m[34m[1m[--------------------------arguments.py:1576] :   train_sync_interval ............................. None[0m
[[32m20260813 23:58:13[0m][[36mrank-0/5[0m][34m[1m[DEBUG]    [0m[34m[1m[--------------------------arguments.py:1576] :   trainable ....................................... True[0m
[[32m20260813 23:58:13[0m][[36mrank-0/5[0m][34m[1m[DEBUG]    [0m[34m[1m[--------------------------arguments.py:1576] :   transformer_impl ................................ transformer_engine[0m
[[32m20260813 23:58:13[0m][[36mrank-0/5[0m][34m[1m[DEBUG]    [0m[34m[1m[--------------------------arguments.py:1576] :   transformer_pipeline_model_parallel_size ........ 1[0m
[[32m20260813 23:58:13[0m][[36mrank-0/5[0m][34m[1m[DEBUG]    [0m[34m[1m[--------------------------arguments.py:1576] :   trust_remote_code ............................... False[0m
[[32m20260813 23:58:13[0m][[36mrank-0/5[0m][34m[1m[DEBUG]    [0m[34m[1m[--------------------------arguments.py:1576] :   turbo_deepep_num_cu ............................. 32[0m
[[32m20260813 23:58:13[0m][[36mrank-0/5[0m][34m[1m[DEBUG]    [0m[34m[1m[--------------------------arguments.py:1576] :   turbo_deepep_use_comm_stream .................... False[0m
[[32m20260813 23:58:13[0m][[36mrank-0/5[0m][34m[1m[DEBUG]    [0m[34m[1m[--------------------------arguments.py:1576] :   turbo_sync_free_moe_stage ....................... 0[0m
[[32m20260813 23:58:13[0m][[36mrank-0/5[0m][34m[1m[DEBUG]    [0m[34m[1m[--------------------------arguments.py:1576] :   untie_embeddings_and_output_weights ............. True[0m
[[32m20260813 23:58:13[0m][[36mrank-0/5[0m][34m[1m[DEBUG]    [0m[34m[1m[--------------------------arguments.py:1576] :   use_checkpoint_args ............................. False[0m
[[32m20260813 23:58:13[0m][[36mrank-0/5[0m][34m[1m[DEBUG]    [0m[34m[1m[--------------------------arguments.py:1576] :   use_checkpoint_opt_param_scheduler .............. False[0m
[[32m20260813 23:58:13[0m][[36mrank-0/5[0m][34m[1m[DEBUG]    [0m[34m[1m[--------------------------arguments.py:1576] :   use_cpu_initialization .......................... None[0m
[[32m20260813 23:58:13[0m][[36mrank-0/5[0m][34m[1m[DEBUG]    [0m[34m[1m[--------------------------arguments.py:1576] :   use_custom_fsdp ................................. False[0m
[[32m20260813 23:58:13[0m][[36mrank-0/5[0m][34m[1m[DEBUG]    [0m[34m[1m[--------------------------arguments.py:1576] :   use_deprecated_20241209_moe_layer ............... False[0m
[[32m20260813 23:58:13[0m][[36mrank-0/5[0m][34m[1m[DEBUG]    [0m[34m[1m[--------------------------arguments.py:1576] :   use_dist_ckpt ................................... False[0m
[[32m20260813 23:58:13[0m][[36mrank-0/5[0m][34m[1m[DEBUG]    [0m[34m[1m[--------------------------arguments.py:1576] :   use_dist_ckpt_deprecated ........................ False[0m
[[32m20260813 23:58:13[0m][[36mrank-0/5[0m][34m[1m[DEBUG]    [0m[34m[1m[--------------------------arguments.py:1576] :   use_distributed_optimizer ....................... True[0m
[[32m20260813 23:58:13[0m][[36mrank-0/5[0m][34m[1m[DEBUG]    [0m[34m[1m[--------------------------arguments.py:1576] :   use_flash_attn .................................. True[0m
[[32m20260813 23:58:13[0m][[36mrank-0/5[0m][34m[1m[DEBUG]    [0m[34m[1m[--------------------------arguments.py:1576] :   use_fused_weighted_squared_relu ................. False[0m
[[32m20260813 23:58:13[0m][[36mrank-0/5[0m][34m[1m[DEBUG]    [0m[34m[1m[--------------------------arguments.py:1576] :   use_kitchen_attention ........................... False[0m
[[32m20260813 23:58:13[0m][[36mrank-0/5[0m][34m[1m[DEBUG]    [0m[34m[1m[--------------------------arguments.py:1576] :   use_legacy_models ............................... False[0m
[[32m20260813 23:58:13[0m][[36mrank-0/5[0m][34m[1m[DEBUG]    [0m[34m[1m[--------------------------arguments.py:1576] :   use_legacy_static_engine ........................ False[0m
[[32m20260813 23:58:13[0m][[36mrank-0/5[0m][34m[1m[DEBUG]    [0m[34m[1m[--------------------------arguments.py:1576] :   use_mamba_mem_eff_path .......................... True[0m
[[32m20260813 23:58:13[0m][[36mrank-0/5[0m][34m[1m[DEBUG]    [0m[34m[1m[--------------------------arguments.py:1576] :   use_megatron_fsdp ............................... False[0m
[[32m20260813 23:58:13[0m][[36mrank-0/5[0m][34m[1m[DEBUG]    [0m[34m[1m[--------------------------arguments.py:1576] :   use_mp_args_from_checkpoint_args ................ False[0m
[[32m20260813 23:58:13[0m][[36mrank-0/5[0m][34m[1m[DEBUG]    [0m[34m[1m[--------------------------arguments.py:1576] :   use_mup ......................................... False[0m
[[32m20260813 23:58:13[0m][[36mrank-0/5[0m][34m[1m[DEBUG]    [0m[34m[1m[--------------------------arguments.py:1576] :   use_one_sent_docs ............................... False[0m
[[32m20260813 23:58:13[0m][[36mrank-0/5[0m][34m[1m[DEBUG]    [0m[34m[1m[--------------------------arguments.py:1576] :   use_persistent_ckpt_worker ...................... False[0m
[[32m20260813 23:58:13[0m][[36mrank-0/5[0m][34m[1m[DEBUG]    [0m[34m[1m[--------------------------arguments.py:1576] :   use_precision_aware_optimizer ................... False[0m
[[32m20260813 23:58:13[0m][[36mrank-0/5[0m][34m[1m[DEBUG]    [0m[34m[1m[--------------------------arguments.py:1576] :   use_pytorch_profiler ............................ False[0m
[[32m20260813 23:58:13[0m][[36mrank-0/5[0m][34m[1m[DEBUG]    [0m[34m[1m[--------------------------arguments.py:1576] :   use_ring_exchange_p2p ........................... False[0m
[[32m20260813 23:58:13[0m][[36mrank-0/5[0m][34m[1m[DEBUG]    [0m[34m[1m[--------------------------arguments.py:1576] :   use_rocm_mem_info ............................... False[0m
[[32m20260813 23:58:13[0m][[36mrank-0/5[0m][34m[1m[DEBUG]    [0m[34m[1m[--------------------------arguments.py:1576] :   use_rocm_mem_info_iters ......................... [1, 2][0m
[[32m20260813 23:58:13[0m][[36mrank-0/5[0m][34m[1m[DEBUG]    [0m[34m[1m[--------------------------arguments.py:1576] :   use_rope_scaling ................................ False[0m
[[32m20260813 23:58:13[0m][[36mrank-0/5[0m][34m[1m[DEBUG]    [0m[34m[1m[--------------------------arguments.py:1576] :   use_rotary_position_embeddings .................. None[0m
[[32m20260813 23:58:13[0m][[36mrank-0/5[0m][34m[1m[DEBUG]    [0m[34m[1m[--------------------------arguments.py:1576] :   use_sharp ....................................... False[0m
[[32m20260813 23:58:13[0m][[36mrank-0/5[0m][34m[1m[DEBUG]    [0m[34m[1m[--------------------------arguments.py:1576] :   use_sink_attention .............................. False[0m
[[32m20260813 23:58:13[0m][[36mrank-0/5[0m][34m[1m[DEBUG]    [0m[34m[1m[--------------------------arguments.py:1576] :   use_te_activation_func .......................... False[0m
[[32m20260813 23:58:13[0m][[36mrank-0/5[0m][34m[1m[DEBUG]    [0m[34m[1m[--------------------------arguments.py:1576] :   use_tokenizer_model_from_checkpoint_args ........ True[0m
[[32m20260813 23:58:13[0m][[36mrank-0/5[0m][34m[1m[DEBUG]    [0m[34m[1m[--------------------------arguments.py:1576] :   use_torch_fsdp2 ................................. False[0m
[[32m20260813 23:58:13[0m][[36mrank-0/5[0m][34m[1m[DEBUG]    [0m[34m[1m[--------------------------arguments.py:1576] :   use_torch_optimizer_for_cpu_offload ............. False[0m
[[32m20260813 23:58:13[0m][[36mrank-0/5[0m][34m[1m[DEBUG]    [0m[34m[1m[--------------------------arguments.py:1576] :   use_tp_pp_dp_mapping ............................ False[0m
[[32m20260813 23:58:13[0m][[36mrank-0/5[0m][34m[1m[DEBUG]    [0m[34m[1m[--------------------------arguments.py:1576] :   use_turbo_attention ............................. False[0m
[[32m20260813 23:58:13[0m][[36mrank-0/5[0m][34m[1m[DEBUG]    [0m[34m[1m[--------------------------arguments.py:1576] :   use_turbo_autotune .............................. False[0m
[[32m20260813 23:58:13[0m][[36mrank-0/5[0m][34m[1m[DEBUG]    [0m[34m[1m[--------------------------arguments.py:1576] :   use_turbo_deepep ................................ False[0m
[[32m20260813 23:58:13[0m][[36mrank-0/5[0m][34m[1m[DEBUG]    [0m[34m[1m[--------------------------arguments.py:1576] :   use_turbo_fused_act_with_probs .................. False[0m
[[32m20260813 23:58:13[0m][[36mrank-0/5[0m][34m[1m[DEBUG]    [0m[34m[1m[--------------------------arguments.py:1576] :   use_turbo_gemm .................................. False[0m
[[32m20260813 23:58:13[0m][[36mrank-0/5[0m][34m[1m[DEBUG]    [0m[34m[1m[--------------------------arguments.py:1576] :   use_turbo_grouped_gemm .......................... False[0m
[[32m20260813 23:58:13[0m][[36mrank-0/5[0m][34m[1m[DEBUG]    [0m[34m[1m[--------------------------arguments.py:1576] :   use_turbo_rms_norm .............................. False[0m
[[32m20260813 23:58:13[0m][[36mrank-0/5[0m][34m[1m[DEBUG]    [0m[34m[1m[--------------------------arguments.py:1576] :   v_head_dim ...................................... 128[0m
[[32m20260813 23:58:13[0m][[36mrank-0/5[0m][34m[1m[DEBUG]    [0m[34m[1m[--------------------------arguments.py:1576] :   valid_data_path ................................. None[0m
[[32m20260813 23:58:13[0m][[36mrank-0/5[0m][34m[1m[DEBUG]    [0m[34m[1m[--------------------------arguments.py:1576] :   variable_seq_lengths ............................ False[0m
[[32m20260813 23:58:13[0m][[36mrank-0/5[0m][34m[1m[DEBUG]    [0m[34m[1m[--------------------------arguments.py:1576] :   virtual_pipeline_model_parallel_size ............ None[0m
[[32m20260813 23:58:13[0m][[36mrank-0/5[0m][34m[1m[DEBUG]    [0m[34m[1m[--------------------------arguments.py:1576] :   vision_backbone_type ............................ vit[0m
[[32m20260813 23:58:13[0m][[36mrank-0/5[0m][34m[1m[DEBUG]    [0m[34m[1m[--------------------------arguments.py:1576] :   vision_pretraining .............................. False[0m
[[32m20260813 23:58:13[0m][[36mrank-0/5[0m][34m[1m[DEBUG]    [0m[34m[1m[--------------------------arguments.py:1576] :   vision_pretraining_type ......................... classify[0m
[[32m20260813 23:58:13[0m][[36mrank-0/5[0m][34m[1m[DEBUG]    [0m[34m[1m[--------------------------arguments.py:1576] :   vocab_extra_ids ................................. 0[0m
[[32m20260813 23:58:13[0m][[36mrank-0/5[0m][34m[1m[DEBUG]    [0m[34m[1m[--------------------------arguments.py:1576] :   vocab_file ...................................... None[0m
[[32m20260813 23:58:13[0m][[36mrank-0/5[0m][34m[1m[DEBUG]    [0m[34m[1m[--------------------------arguments.py:1576] :   vocab_size ...................................... 32000[0m
[[32m20260813 23:58:13[0m][[36mrank-0/5[0m][34m[1m[DEBUG]    [0m[34m[1m[--------------------------arguments.py:1576] :   wall_clock_step_timer ........................... False[0m
[[32m20260813 23:58:13[0m][[36mrank-0/5[0m][34m[1m[DEBUG]    [0m[34m[1m[--------------------------arguments.py:1576] :   wandb_entity .................................... None[0m
[[32m20260813 23:58:13[0m][[36mrank-0/5[0m][34m[1m[DEBUG]    [0m[34m[1m[--------------------------arguments.py:1576] :   wandb_exp_name .................................. None[0m
[[32m20260813 23:58:13[0m][[36mrank-0/5[0m][34m[1m[DEBUG]    [0m[34m[1m[--------------------------arguments.py:1576] :   wandb_project ................................... None[0m
[[32m20260813 23:58:13[0m][[36mrank-0/5[0m][34m[1m[DEBUG]    [0m[34m[1m[--------------------------arguments.py:1576] :   wandb_save_dir .................................. None[0m
[[32m20260813 23:58:13[0m][[36mrank-0/5[0m][34m[1m[DEBUG]    [0m[34m[1m[--------------------------arguments.py:1576] :   weight_decay .................................... 0.1[0m
[[32m20260813 23:58:13[0m][[36mrank-0/5[0m][34m[1m[DEBUG]    [0m[34m[1m[--------------------------arguments.py:1576] :   weight_decay_incr_style ......................... constant[0m
[[32m20260813 23:58:13[0m][[36mrank-0/5[0m][34m[1m[DEBUG]    [0m[34m[1m[--------------------------arguments.py:1576] :   wgrad_deferral_limit ............................ 0[0m
[[32m20260813 23:58:13[0m][[36mrank-0/5[0m][34m[1m[DEBUG]    [0m[34m[1m[--------------------------arguments.py:1576] :   window_attn_skip_freq ........................... None[0m
[[32m20260813 23:58:13[0m][[36mrank-0/5[0m][34m[1m[DEBUG]    [0m[34m[1m[--------------------------arguments.py:1576] :   window_size ..................................... None[0m
[[32m20260813 23:58:13[0m][[36mrank-0/5[0m][34m[1m[DEBUG]    [0m[34m[1m[--------------------------arguments.py:1576] :   world_size ...................................... 5[0m
[[32m20260813 23:58:13[0m][[36mrank-0/5[0m][34m[1m[DEBUG]    [0m[34m[1m[--------------------------arguments.py:1576] :   yaml_cfg ........................................ None[0m
[[32m20260813 23:58:13[0m][[36mrank-0/5[0m][34m[1m[DEBUG]    [0m[34m[1m[--------------------------arguments.py:1576] :   zero_bubble_adaptive_memory_limit_percentile .... 85[0m
[[32m20260813 23:58:13[0m][[36mrank-0/5[0m][34m[1m[DEBUG]    [0m[34m[1m[--------------------------arguments.py:1576] :   zero_bubble_max_pending_backward ................ auto[0m
[[32m20260813 23:58:13[0m][[36mrank-0/5[0m][34m[1m[DEBUG]    [0m[34m[1m[--------------------------arguments.py:1576] :   zero_bubble_pipeline_timers_end_iter ............ 110[0m
[[32m20260813 23:58:13[0m][[36mrank-0/5[0m][34m[1m[DEBUG]    [0m[34m[1m[--------------------------arguments.py:1576] :   zero_bubble_pipeline_timers_start_iter .......... 100[0m
[[32m20260813 23:58:13[0m][[36mrank-0/5[0m][34m[1m[DEBUG]    [0m[34m[1m[--------------------------arguments.py:1576] :   zero_bubble_v_schedule .......................... False[0m
[[32m20260813 23:58:13[0m][[36mrank-0/5[0m][34m[1m[DEBUG]    [0m[34m[1m[--------------------------arguments.py:1576] :   zero_bubble_v_schedule_mem_setup ................ half[0m
[[32m20260813 23:58:13[0m][[36mrank-0/5[0m][34m[1m[DEBUG]    [0m[34m[1m[--------------------------arguments.py:1577] : -------------------- end of arguments ---------------------[0m
[[32m20260813 23:58:13[0m][[36mrank-0/5[0m][1m[INFO]     [0m[1m[---------num_microbatches_calculator.py:228] : setting number of microbatches to constant 8[0m
[[32m20260813 23:58:13[0m][[36mrank-0/5[0m][1m[INFO]     [0m[1m[---------------------------tokenizer.py:112] : -building NullTokenizer tokenizer...[0m
[[32m20260813 23:58:13[0m][[36mrank-0/5[0m][1m[INFO]     [0m[1m[---------------------build_tokenizer.py:106] :  > padded vocab (size: 32001) with 127 dummy tokens (new size: 32128)[0m
[[32m20260813 23:58:13[0m][[36mrank-0/5[0m][33m[1m[WARNING]  [0m[33m[1m[------------------rerun_state_machine.py:43] : RerunStateMachine initialized in mode RerunMode.DISABLED[0m
[[32m20260813 23:58:13[0m][[36mrank-0/5[0m][34m[1m[DEBUG]    [0m[34m[1m[-------------------------------utils.py:401] : > initializing torch distributed ...[0m
[[32m20260813 23:58:13[0m][[36mrank-0/5[0m][34m[1m[DEBUG]    [0m[34m[1m[-------------------------------utils.py:401] : > initialized tensor model parallel with size 1[0m
[[32m20260813 23:58:13[0m][[36mrank-0/5[0m][34m[1m[DEBUG]    [0m[34m[1m[-------------------------------utils.py:401] : > initialized pipeline model parallel with size 1[0m
[[32m20260813 23:58:13[0m][[36mrank-0/5[0m][34m[1m[DEBUG]    [0m[34m[1m[-------------------------------utils.py:401] : > setting random seeds to 1234 ...[0m
[[32m20260813 23:58:13[0m][[36mrank-0/5[0m][1m[INFO]     [0m[1m[----------------runtime_hooks_patches.py:52] :     Skipped _compile_dependencies() because CUDA kernels are not compatible with ROCm[0m
RCCL version : 2.30.4-HEAD:8ceab8e
HIP version  : 7.15.0-0000000
ROCm version : 7.15.0.0-9999-8ceab8e5
Hostname     : mi355-gpu-33
Librccl path : /opt/venv/lib/python3.12/site-packages/_rocm_sdk_libraries/lib/librccl.so.1

[2026-08-13 23:58:17] mi355-gpu-33:568:568 [0] /__w/rockrel/rockrel/build/comm-libs/rccl/build/hipify/src/misc/amdsmi_wrap.cc:222 NCCL WARN RCCL_USE_AMD_SMI_LIB not set, but HIP_FABRIC_API is defined. Fabric support is only available through AMD SMI. Rerun with RCCL_USE_AMD_SMI_LIB=1 to enable AMD SMI and UALoE fabric support.

[2026-08-13 23:58:17] mi355-gpu-33:570:570 [2] /__w/rockrel/rockrel/build/comm-libs/rccl/build/hipify/src/misc/amdsmi_wrap.cc:222 NCCL WARN RCCL_USE_AMD_SMI_LIB not set, but HIP_FABRIC_API is defined. Fabric support is only available through AMD SMI. Rerun with RCCL_USE_AMD_SMI_LIB=1 to enable AMD SMI and UALoE fabric support.

[2026-08-13 23:58:17] mi355-gpu-33:569:569 [1] /__w/rockrel/rockrel/build/comm-libs/rccl/build/hipify/src/misc/amdsmi_wrap.cc:222 NCCL WARN RCCL_USE_AMD_SMI_LIB not set, but HIP_FABRIC_API is defined. Fabric support is only available through AMD SMI. Rerun with RCCL_USE_AMD_SMI_LIB=1 to enable AMD SMI and UALoE fabric support.

[2026-08-13 23:58:18] mi355-gpu-33:571:571 [3] /__w/rockrel/rockrel/build/comm-libs/rccl/build/hipify/src/misc/amdsmi_wrap.cc:222 NCCL WARN RCCL_USE_AMD_SMI_LIB not set, but HIP_FABRIC_API is defined. Fabric support is only available through AMD SMI. Rerun with RCCL_USE_AMD_SMI_LIB=1 to enable AMD SMI and UALoE fabric support.

[2026-08-13 23:58:18] mi355-gpu-33:572:572 [4] /__w/rockrel/rockrel/build/comm-libs/rccl/build/hipify/src/misc/amdsmi_wrap.cc:222 NCCL WARN RCCL_USE_AMD_SMI_LIB not set, but HIP_FABRIC_API is defined. Fabric support is only available through AMD SMI. Rerun with RCCL_USE_AMD_SMI_LIB=1 to enable AMD SMI and UALoE fabric support.
[[32m20260813 23:58:18[0m][[36mrank-0/5[0m][34m[1m[DEBUG]    [0m[34m[1m[-------------------------------utils.py:401] : time to initialize megatron (seconds): 60.102[0m
/opt/venv/lib/python3.12/site-packages/torch/distributed/c10d_logger.py:83: UserWarning: barrier(): using the device under current context. You can specify `device_id` in `init_process_group` to mute this warning.
  return func(*args, **kwargs)
[[32m20260813 23:58:18[0m][[36mrank-0/5[0m][34m[1m[DEBUG]    [0m[34m[1m[-------------------------------utils.py:401] : [after in-process setup and before initialize_megatron] datetime: 2026-08-13 23:58:12.620736 [0m
[[32m20260813 23:58:18[0m][[36mrank-0/5[0m][34m[1m[DEBUG]    [0m[34m[1m[-------------------------------utils.py:401] : [after in-job setup and before initialize_megatron] datetime: 2026-08-13 23:58:12.621275 [0m
[[32m20260813 23:58:18[0m][[36mrank-0/5[0m][34m[1m[DEBUG]    [0m[34m[1m[-------------------------------utils.py:401] : [after megatron is initialized] datetime: 2026-08-13 23:58:18.982050 [0m
[[32m20260813 23:58:18[0m][[36mrank-0/5[0m][34m[1m[DEBUG]    [0m[34m[1m[-------------------------------utils.py:401] : building GPT model ...[0m
[[32m20260813 23:58:19[0m][[36mrank-0/5[0m][34m[1m[DEBUG]    [0m[34m[1m[---------------------------training.py:1286] :  > number of parameters on (tensor, pipeline) model parallel rank (0, 0): 6739464192[0m
[[32m20260813 23:58:19[0m][[36mrank-0/5[0m][1m[INFO]     [0m[1m[------------distributed_data_parallel.py:43] : Setting up DistributedDataParallel with config DistributedDataParallelConfig(grad_reduce_in_fp32=True, overlap_grad_reduce=True, overlap_param_gather=True, align_param_gather=False, use_distributed_optimizer=True, num_distributed_optimizer_instances=1, check_for_nan_in_grad=True, check_for_large_grads=False, bucket_size=40000000, pad_buckets_for_high_nccl_busbw=False, reduce_scatter_with_fp32_accumulation=False, average_in_collective=False, fp8_param_gather=False, reuse_grad_buf_for_mxfp8_param_ag=False, use_megatron_fsdp=False, use_custom_fsdp=False, data_parallel_sharding_strategy='no_shard', gradient_reduce_div_fusion=True, suggested_communication_unit_size=400000000, keep_fp8_transpose_cache=False, nccl_ub=False, fsdp_double_buffer=False, fsdp_db_use_persist_buf_on_alloc_fail=False, fsdp_all_gather_in_start_param_sync=True, outer_dp_sharding_strategy='no_shard', disable_symmetric_registration=False, fsdp_manual_registration=False, delay_wgrad_compute=False)[0m
[[32m20260813 23:58:19[0m][[36mrank-0/5[0m][1m[INFO]     [0m[1m[---------------param_and_grad_buffer.py:932] : Number of buckets for gradient all-reduce / reduce-scatter: 98
Params for bucket 1 (131596288 elements, 131596800 padded size):
	module.output_layer.weight
Params for bucket 2 (45092864 elements, 45093120 padded size):
	module.decoder.final_layernorm.weight
	module.decoder.layers.31.mlp.linear_fc2.weight
Params for bucket 3 (90177536 elements, 90177920 padded size):
	module.decoder.layers.31.mlp.linear_fc1.weight
Params for bucket 4 (50335744 elements, 50336000 padded size):
	module.decoder.layers.31.mlp.linear_fc1.layer_norm_weight
	module.decoder.layers.31.self_attention.linear_qkv.weight
Params for bucket 5 (61870080 elements, 61870080 padded size):
	module.decoder.layers.31.self_attention.linear_qkv.layer_norm_weight
	module.decoder.layers.31.self_attention.linear_proj.weight
	module.decoder.layers.30.mlp.linear_fc2.weight
Params for bucket 6 (90177536 elements, 90177920 padded size):
	module.decoder.layers.30.mlp.linear_fc1.weight
Params for bucket 7 (50335744 elements, 50336000 padded size):
	module.decoder.layers.30.mlp.linear_fc1.layer_norm_weight
	module.decoder.layers.30.self_attention.linear_qkv.weight
Params for bucket 8 (61870080 elements, 61870080 padded size):
	module.decoder.layers.30.self_attention.linear_qkv.layer_norm_weight
	module.decoder.layers.30.self_attention.linear_proj.weight
	module.decoder.layers.29.mlp.linear_fc2.weight
Params for bucket 9 (90177536 elements, 90177920 padded size):
	module.decoder.layers.29.mlp.linear_fc1.weight
Params for bucket 10 (50335744 elements, 50336000 padded size):
	module.decoder.layers.29.mlp.linear_fc1.layer_norm_weight
	module.decoder.layers.29.self_attention.linear_qkv.weight
Params for bucket 11 (61870080 elements, 61870080 padded size):
	module.decoder.layers.29.self_attention.linear_qkv.layer_norm_weight
	module.decoder.layers.28.mlp.linear_fc2.weight
	module.decoder.layers.29.self_attention.linear_proj.weight
Params for bucket 12 (90177536 elements, 90177920 padded size):
	module.decoder.layers.28.mlp.linear_fc1.weight
Params for bucket 13 (50335744 elements, 50336000 padded size):
	module.decoder.layers.28.mlp.linear_fc1.layer_norm_weight
	module.decoder.layers.28.self_attention.linear_qkv.weight
Params for bucket 14 (61870080 elements, 61870080 padded size):
	module.decoder.layers.28.self_attention.linear_qkv.layer_norm_weight
	module.decoder.layers.28.self_attention.linear_proj.weight
	module.decoder.layers.27.mlp.linear_fc2.weight
Params for bucket 15 (90177536 elements, 90177920 padded size):
	module.decoder.layers.27.mlp.linear_fc1.weight
Params for bucket 16 (50335744 elements, 50336000 padded size):
	module.decoder.layers.27.mlp.linear_fc1.layer_norm_weight
	module.decoder.layers.27.self_attention.linear_qkv.weight
Params for bucket 17 (61870080 elements, 61870080 padded size):
	module.decoder.layers.27.self_attention.linear_qkv.layer_norm_weight
	module.decoder.layers.26.mlp.linear_fc2.weight
	module.decoder.layers.27.self_attention.linear_proj.weight
Params for bucket 18 (90177536 elements, 90177920 padded size):
	module.decoder.layers.26.mlp.linear_fc1.weight
Params for bucket 19 (50335744 elements, 50336000 padded size):
	module.decoder.layers.26.mlp.linear_fc1.layer_norm_weight
	module.decoder.layers.26.self_attention.linear_qkv.weight
Params for bucket 20 (61870080 elements, 61870080 padded size):
	module.decoder.layers.26.self_attention.linear_qkv.layer_norm_weight
	module.decoder.layers.25.mlp.linear_fc2.weight
	module.decoder.layers.26.self_attention.linear_proj.weight
Params for bucket 21 (90177536 elements, 90177920 padded size):
	module.decoder.layers.25.mlp.linear_fc1.weight
Params for bucket 22 (50335744 elements, 50336000 padded size):
	module.decoder.layers.25.mlp.linear_fc1.layer_norm_weight
	module.decoder.layers.25.self_attention.linear_qkv.weight
Params for bucket 23 (61870080 elements, 61870080 padded size):
	module.decoder.layers.25.self_attention.linear_qkv.layer_norm_weight
	module.decoder.layers.24.mlp.linear_fc2.weight
	module.decoder.layers.25.self_attention.linear_proj.weight
Params for bucket 24 (90177536 elements, 90177920 padded size):
	module.decoder.layers.24.mlp.linear_fc1.weight
Params for bucket 25 (50335744 elements, 50336000 padded size):
	module.decoder.layers.24.mlp.linear_fc1.layer_norm_weight
	module.decoder.layers.24.self_attention.linear_qkv.weight
Params for bucket 26 (61870080 elements, 61870080 padded size):
	module.decoder.layers.24.self_attention.linear_qkv.layer_norm_weight
	module.decoder.layers.24.self_attention.linear_proj.weight
	module.decoder.layers.23.mlp.linear_fc2.weight
Params for bucket 27 (90177536 elements, 90177920 padded size):
	module.decoder.layers.23.mlp.linear_fc1.weight
Params for bucket 28 (50335744 elements, 50336000 padded size):
	module.decoder.layers.23.mlp.linear_fc1.layer_norm_weight
	module.decoder.layers.23.self_attention.linear_qkv.weight
Params for bucket 29 (61870080 elements, 61870080 padded size):
	module.decoder.layers.23.self_attention.linear_qkv.layer_norm_weight
	module.decoder.layers.23.self_attention.linear_proj.weight
	module.decoder.layers.22.mlp.linear_fc2.weight
Params for bucket 30 (90177536 elements, 90177920 padded size):
	module.decoder.layers.22.mlp.linear_fc1.weight
Params for bucket 31 (50335744 elements, 50336000 padded size):
	module.decoder.layers.22.mlp.linear_fc1.layer_norm_weight
	module.decoder.layers.22.self_attention.linear_qkv.weight
Params for bucket 32 (61870080 elements, 61870080 padded size):
	module.decoder.layers.22.self_attention.linear_qkv.layer_norm_weight
	module.decoder.layers.21.mlp.linear_fc2.weight
	module.decoder.layers.22.self_attention.linear_proj.weight
Params for bucket 33 (90177536 elements, 90177920 padded size):
	module.decoder.layers.21.mlp.linear_fc1.weight
Params for bucket 34 (50335744 elements, 50336000 padded size):
	module.decoder.layers.21.mlp.linear_fc1.layer_norm_weight
	module.decoder.layers.21.self_attention.linear_qkv.weight
Params for bucket 35 (61870080 elements, 61870080 padded size):
	module.decoder.layers.21.self_attention.linear_qkv.layer_norm_weight
	module.decoder.layers.21.self_attention.linear_proj.weight
	module.decoder.layers.20.mlp.linear_fc2.weight
Params for bucket 36 (90177536 elements, 90177920 padded size):
	module.decoder.layers.20.mlp.linear_fc1.weight
Params for bucket 37 (50335744 elements, 50336000 padded size):
	module.decoder.layers.20.mlp.linear_fc1.layer_norm_weight
	module.decoder.layers.20.self_attention.linear_qkv.weight
Params for bucket 38 (61870080 elements, 61870080 padded size):
	module.decoder.layers.20.self_attention.linear_qkv.layer_norm_weight
	module.decoder.layers.20.self_attention.linear_proj.weight
	module.decoder.layers.19.mlp.linear_fc2.weight
Params for bucket 39 (90177536 elements, 90177920 padded size):
	module.decoder.layers.19.mlp.linear_fc1.weight
Params for bucket 40 (50335744 elements, 50336000 padded size):
	module.decoder.layers.19.mlp.linear_fc1.layer_norm_weight
	module.decoder.layers.19.self_attention.linear_qkv.weight
Params for bucket 41 (61870080 elements, 61870080 padded size):
	module.decoder.layers.19.self_attention.linear_qkv.layer_norm_weight
	module.decoder.layers.19.self_attention.linear_proj.weight
	module.decoder.layers.18.mlp.linear_fc2.weight
Params for bucket 42 (90177536 elements, 90177920 padded size):
	module.decoder.layers.18.mlp.linear_fc1.weight
Params for bucket 43 (50335744 elements, 50336000 padded size):
	module.decoder.layers.18.mlp.linear_fc1.layer_norm_weight
	module.decoder.layers.18.self_attention.linear_qkv.weight
Params for bucket 44 (61870080 elements, 61870080 padded size):
	module.decoder.layers.18.self_attention.linear_qkv.layer_norm_weight
	module.decoder.layers.17.mlp.linear_fc2.weight
	module.decoder.layers.18.self_attention.linear_proj.weight
Params for bucket 45 (90177536 elements, 90177920 padded size):
	module.decoder.layers.17.mlp.linear_fc1.weight
Params for bucket 46 (50335744 elements, 50336000 padded size):
	module.decoder.layers.17.mlp.linear_fc1.layer_norm_weight
	module.decoder.layers.17.self_attention.linear_qkv.weight
Params for bucket 47 (61870080 elements, 61870080 padded size):
	module.decoder.layers.17.self_attention.linear_qkv.layer_norm_weight
	module.decoder.layers.17.self_attention.linear_proj.weight
	module.decoder.layers.16.mlp.linear_fc2.weight
Params for bucket 48 (90177536 elements, 90177920 padded size):
	module.decoder.layers.16.mlp.linear_fc1.weight
Params for bucket 49 (50335744 elements, 50336000 padded size):
	module.decoder.layers.16.mlp.linear_fc1.layer_norm_weight
	module.decoder.layers.16.self_attention.linear_qkv.weight
Params for bucket 50 (61870080 elements, 61870080 padded size):
	module.decoder.layers.16.self_attention.linear_qkv.layer_norm_weight
	module.decoder.layers.16.self_attention.linear_proj.weight
	module.decoder.layers.15.mlp.linear_fc2.weight
Params for bucket 51 (90177536 elements, 90177920 padded size):
	module.decoder.layers.15.mlp.linear_fc1.weight
Params for bucket 52 (50335744 elements, 50336000 padded size):
	module.decoder.layers.15.mlp.linear_fc1.layer_norm_weight
	module.decoder.layers.15.self_attention.linear_qkv.weight
Params for bucket 53 (61870080 elements, 61870080 padded size):
	module.decoder.layers.15.self_attention.linear_qkv.layer_norm_weight
	module.decoder.layers.14.mlp.linear_fc2.weight
	module.decoder.layers.15.self_attention.linear_proj.weight
Params for bucket 54 (90177536 elements, 90177920 padded size):
	module.decoder.layers.14.mlp.linear_fc1.weight
Params for bucket 55 (50335744 elements, 50336000 padded size):
	module.decoder.layers.14.mlp.linear_fc1.layer_norm_weight
	module.decoder.layers.14.self_attention.linear_qkv.weight
Params for bucket 56 (61870080 elements, 61870080 padded size):
	module.decoder.layers.14.self_attention.linear_qkv.layer_norm_weight
	module.decoder.layers.13.mlp.linear_fc2.weight
	module.decoder.layers.14.self_attention.linear_proj.weight
Params for bucket 57 (90177536 elements, 90177920 padded size):
	module.decoder.layers.13.mlp.linear_fc1.weight
Params for bucket 58 (50335744 elements, 50336000 padded size):
	module.decoder.layers.13.mlp.linear_fc1.layer_norm_weight
	module.decoder.layers.13.self_attention.linear_qkv.weight
Params for bucket 59 (61870080 elements, 61870080 padded size):
	module.decoder.layers.13.self_attention.linear_qkv.layer_norm_weight
	module.decoder.layers.13.self_attention.linear_proj.weight
	module.decoder.layers.12.mlp.linear_fc2.weight
Params for bucket 60 (90177536 elements, 90177920 padded size):
	module.decoder.layers.12.mlp.linear_fc1.weight
Params for bucket 61 (50335744 elements, 50336000 padded size):
	module.decoder.layers.12.mlp.linear_fc1.layer_norm_weight
	module.decoder.layers.12.self_attention.linear_qkv.weight
Params for bucket 62 (61870080 elements, 61870080 padded size):
	module.decoder.layers.12.self_attention.linear_qkv.layer_norm_weight
	module.decoder.layers.11.mlp.linear_fc2.weight
	module.decoder.layers.12.self_attention.linear_proj.weight
Params for bucket 63 (90177536 elements, 90177920 padded size):
	module.decoder.layers.11.mlp.linear_fc1.weight
Params for bucket 64 (50335744 elements, 50336000 padded size):
	module.decoder.layers.11.mlp.linear_fc1.layer_norm_weight
	module.decoder.layers.11.self_attention.linear_qkv.weight
Params for bucket 65 (61870080 elements, 61870080 padded size):
	module.decoder.layers.11.self_attention.linear_qkv.layer_norm_weight
	module.decoder.layers.10.mlp.linear_fc2.weight
	module.decoder.layers.11.self_attention.linear_proj.weight
Params for bucket 66 (90177536 elements, 90177920 padded size):
	module.decoder.layers.10.mlp.linear_fc1.weight
Params for bucket 67 (50335744 elements, 50336000 padded size):
	module.decoder.layers.10.mlp.linear_fc1.layer_norm_weight
	module.decoder.layers.10.self_attention.linear_qkv.weight
Params for bucket 68 (61870080 elements, 61870080 padded size):
	module.decoder.layers.10.self_attention.linear_qkv.layer_norm_weight
	module.decoder.layers.9.mlp.linear_fc2.weight
	module.decoder.layers.10.self_attention.linear_proj.weight
Params for bucket 69 (90177536 elements, 90177920 padded size):
	module.decoder.layers.9.mlp.linear_fc1.weight
Params for bucket 70 (50335744 elements, 50336000 padded size):
	module.decoder.layers.9.mlp.linear_fc1.layer_norm_weight
	module.decoder.layers.9.self_attention.linear_qkv.weight
Params for bucket 71 (61870080 elements, 61870080 padded size):
	module.decoder.layers.9.self_attention.linear_qkv.layer_norm_weight
	module.decoder.layers.8.mlp.linear_fc2.weight
	module.decoder.layers.9.self_attention.linear_proj.weight
Params for bucket 72 (90177536 elements, 90177920 padded size):
	module.decoder.layers.8.mlp.linear_fc1.weight
Params for bucket 73 (50335744 elements, 50336000 padded size):
	module.decoder.layers.8.mlp.linear_fc1.layer_norm_weight
	module.decoder.layers.8.self_attention.linear_qkv.weight
Params for bucket 74 (61870080 elements, 61870080 padded size):
	module.decoder.layers.8.self_attention.linear_qkv.layer_norm_weight
	module.decoder.layers.7.mlp.linear_fc2.weight
	module.decoder.layers.8.self_attention.linear_proj.weight
Params for bucket 75 (90177536 elements, 90177920 padded size):
	module.decoder.layers.7.mlp.linear_fc1.weight
Params for bucket 76 (50335744 elements, 50336000 padded size):
	module.decoder.layers.7.mlp.linear_fc1.layer_norm_weight
	module.decoder.layers.7.self_attention.linear_qkv.weight
Params for bucket 77 (61870080 elements, 61870080 padded size):
	module.decoder.layers.7.self_attention.linear_qkv.layer_norm_weight
	module.decoder.layers.6.mlp.linear_fc2.weight
	module.decoder.layers.7.self_attention.linear_proj.weight
Params for bucket 78 (90177536 elements, 90177920 padded size):
	module.decoder.layers.6.mlp.linear_fc1.weight
Params for bucket 79 (50335744 elements, 50336000 padded size):
	module.decoder.layers.6.mlp.linear_fc1.layer_norm_weight
	module.decoder.layers.6.self_attention.linear_qkv.weight
Params for bucket 80 (61870080 elements, 61870080 padded size):
	module.decoder.layers.6.self_attention.linear_qkv.layer_norm_weight
	module.decoder.layers.6.self_attention.linear_proj.weight
	module.decoder.layers.5.mlp.linear_fc2.weight
Params for bucket 81 (90177536 elements, 90177920 padded size):
	module.decoder.layers.5.mlp.linear_fc1.weight
Params for bucket 82 (50335744 elements, 50336000 padded size):
	module.decoder.layers.5.mlp.linear_fc1.layer_norm_weight
	module.decoder.layers.5.self_attention.linear_qkv.weight
Params for bucket 83 (61870080 elements, 61870080 padded size):
	module.decoder.layers.5.self_attention.linear_qkv.layer_norm_weight
	module.decoder.layers.4.mlp.linear_fc2.weight
	module.decoder.layers.5.self_attention.linear_proj.weight
Params for bucket 84 (90177536 elements, 90177920 padded size):
	module.decoder.layers.4.mlp.linear_fc1.weight
Params for bucket 85 (50335744 elements, 50336000 padded size):
	module.decoder.layers.4.mlp.linear_fc1.layer_norm_weight
	module.decoder.layers.4.self_attention.linear_qkv.weight
Params for bucket 86 (61870080 elements, 61870080 padded size):
	module.decoder.layers.4.self_attention.linear_qkv.layer_norm_weight
	module.decoder.layers.3.mlp.linear_fc2.weight
	module.decoder.layers.4.self_attention.linear_proj.weight
Params for bucket 87 (90177536 elements, 90177920 padded size):
	module.decoder.layers.3.mlp.linear_fc1.weight
Params for bucket 88 (50335744 elements, 50336000 padded size):
	module.decoder.layers.3.mlp.linear_fc1.layer_norm_weight
	module.decoder.layers.3.self_attention.linear_qkv.weight
Params for bucket 89 (61870080 elements, 61870080 padded size):
	module.decoder.layers.3.self_attention.linear_qkv.layer_norm_weight
	module.decoder.layers.2.mlp.linear_fc2.weight
	module.decoder.layers.3.self_attention.linear_proj.weight
Params for bucket 90 (90177536 elements, 90177920 padded size):
	module.decoder.layers.2.mlp.linear_fc1.weight
Params for bucket 91 (50335744 elements, 50336000 padded size):
	module.decoder.layers.2.mlp.linear_fc1.layer_norm_weight
	module.decoder.layers.2.self_attention.linear_qkv.weight
Params for bucket 92 (61870080 elements, 61870080 padded size):
	module.decoder.layers.2.self_attention.linear_qkv.layer_norm_weight
	module.decoder.layers.2.self_attention.linear_proj.weight
	module.decoder.layers.1.mlp.linear_fc2.weight
Params for bucket 93 (90177536 elements, 90177920 padded size):
	module.decoder.layers.1.mlp.linear_fc1.weight
Params for bucket 94 (50335744 elements, 50336000 padded size):
	module.decoder.layers.1.mlp.linear_fc1.layer_norm_weight
	module.decoder.layers.1.self_attention.linear_qkv.weight
Params for bucket 95 (61870080 elements, 61870080 padded size):
	module.decoder.layers.1.self_attention.linear_qkv.layer_norm_weight
	module.decoder.layers.0.mlp.linear_fc2.weight
	module.decoder.layers.1.self_attention.linear_proj.weight
Params for bucket 96 (90177536 elements, 90177920 padded size):
	module.decoder.layers.0.mlp.linear_fc1.weight
Params for bucket 97 (50335744 elements, 50336000 padded size):
	module.decoder.layers.0.mlp.linear_fc1.layer_norm_weight
	module.decoder.layers.0.self_attention.linear_qkv.weight
Params for bucket 98 (148377600 elements, 148377600 padded size):
	module.decoder.layers.0.self_attention.linear_qkv.layer_norm_weight
	module.embedding.word_embeddings.weight
	module.decoder.layers.0.self_attention.linear_proj.weight[0m
[[32m20260813 23:58:19[0m][[36mrank-0/5[0m][1m[INFO]     [0m[1m[----------------------------optimizer.py:43] : Setting up optimizer with config AdamOptimizerConfig(lr=1e-05, min_lr=0.0, decoupled_lr=None, decoupled_min_lr=None, weight_decay=0.1, apply_wd_to_qk_layernorm=False, fp8_recipe='delayed', fp16=False, bf16=True, reuse_grad_buf_for_mxfp8_param_ag=False, params_dtype=torch.bfloat16, use_precision_aware_optimizer=False, store_param_remainders=True, main_grads_dtype=torch.float32, main_params_dtype=torch.float32, exp_avg_dtype=torch.float32, exp_avg_sq_dtype=torch.float32, optimizer='adam', loss_scale=None, initial_loss_scale=4294967296, min_loss_scale=1.0, loss_scale_window=1000, hysteresis=2, adam_beta1=0.9, adam_beta2=0.95, adam_eps=1e-08, decoupled_weight_decay=True, sgd_momentum=0.9, muon_momentum=0.95, muon_split_qkv=True, muon_use_nesterov=False, muon_scale_mode='spectral', muon_fp32_matmul_prec='medium', muon_num_ns_steps=5, muon_tp_mode='blockwise', muon_extra_scale_factor=1.0, use_distributed_optimizer=True, overlap_param_gather=True, overlap_param_gather_with_optimizer_step=False, optimizer_cpu_offload=False, optimizer_offload_fraction=1.0, use_torch_optimizer_for_cpu_offload=False, overlap_cpu_optimizer_d2h_h2d=False, pin_cpu_grads=True, pin_cpu_params=True, clip_grad=1.0, log_num_zeros_in_grad=False, barrier_with_L1_time=True, timers=<megatron.core.timers.Timers object at 0x76113e375a60>, config_logger_dir='')[0m
[[32m20260813 23:58:20[0m][[36mrank-0/5[0m][1m[INFO]     [0m[1m[------------optimizer_param_scheduler.py:43] : > learning rate decay style: cosine[0m
[[32m20260813 23:58:20[0m][[36mrank-0/5[0m][34m[1m[DEBUG]    [0m[34m[1m[-------------------------------utils.py:401] : [after model, optimizer, and learning rate scheduler are built] datetime: 2026-08-13 23:58:20.334145 [0m
[[32m20260813 23:58:20[0m][[36mrank-0/5[0m][34m[1m[DEBUG]    [0m[34m[1m[-------------------------------utils.py:401] : > building train, validation, and test datasets ...[0m
[[32m20260813 23:58:20[0m][[36mrank-0/5[0m][34m[1m[DEBUG]    [0m[34m[1m[-------------------------------utils.py:401] :  > datasets target sizes (minimum size):[0m
[[32m20260813 23:58:20[0m][[36mrank-0/5[0m][34m[1m[DEBUG]    [0m[34m[1m[-------------------------------utils.py:401] :     train:      8000[0m
[[32m20260813 23:58:20[0m][[36mrank-0/5[0m][34m[1m[DEBUG]    [0m[34m[1m[-------------------------------utils.py:401] :     validation: 0[0m
[[32m20260813 23:58:20[0m][[36mrank-0/5[0m][34m[1m[DEBUG]    [0m[34m[1m[-------------------------------utils.py:401] :     test:       0[0m
[[32m20260813 23:58:20[0m][[36mrank-0/5[0m][1m[INFO]     [0m[1m[---------------------------tokenizer.py:112] : -building NullTokenizer tokenizer...[0m
[[32m20260813 23:58:20[0m][[36mrank-0/5[0m][1m[INFO]     [0m[1m[------blended_megatron_dataset_config.py:43] : Let mock = True, as both blend and blend_per_split are None[0m
[[32m20260813 23:58:20[0m][[36mrank-0/5[0m][1m[INFO]     [0m[1m[------blended_megatron_dataset_config.py:43] : Let split = 1,1,1, an arbitrarily even split, as mock is True[0m
[[32m20260813 23:58:20[0m][[36mrank-0/5[0m][1m[INFO]     [0m[1m[------blended_megatron_dataset_config.py:43] : Let split_matrix = [(0, 0.3333333333333333), (0.3333333333333333, 0.6666666666666666), (0.6666666666666666, 1.0)][0m
[[32m20260813 23:58:20[0m][[36mrank-0/5[0m][34m[1m[DEBUG]    [0m[34m[1m[-------------------------------utils.py:401] : > building train, validation, and test datasets for GPT ...[0m
[[32m20260813 23:58:20[0m][[36mrank-0/5[0m][1m[INFO]     [0m[1m[-----blended_megatron_dataset_builder.py:43] : Building MockGPTDataset splits with sizes=(8000, 0, 0) and config=GPTDatasetConfig(random_seed=1234, sequence_length=4096, blend=None, blend_per_split=None, multiple_validation_sets=False, full_validation=False, split='1,1,1', split_matrix=[(0, 0.3333333333333333), (0.3333333333333333, 0.6666666666666666), (0.6666666666666666, 1.0)], num_dataset_builder_threads=1, path_to_cache=None, mmap_bin_files=True, mock=True, tokenizer=<megatron.core.tokenizers.text.models.default_tokenizer.DefaultTokenizerText object at 0x76111fb0c470>, mid_level_dataset_surplus=0.005, allow_ambiguous_pad_tokens=False, fast_cache_load=False, defer_npy_index_mmap=False, reset_position_ids=False, reset_attention_mask=False, eod_mask_loss=True, create_attention_mask=True, drop_last_partial_validation_sequence=True, add_extra_token_to_sequence=True, object_storage_cache_path=None, data_parallel_size=5, sequence_parallel_size=0, hybrid_context_parallel=False, sequences_per_dataset=None, token_dtype_code=8, context_parallel_size=1)[0m
[[32m20260813 23:58:20[0m][[36mrank-0/5[0m][1m[INFO]     [0m[1m[--------------------------gpt_dataset.py:43] : Build and save the MockGPTDataset train indices[0m
[[32m20260813 23:58:20[0m][[36mrank-0/5[0m][34m[1m[DEBUG]    [0m[34m[1m[--------------------------gpt_dataset.py:43] : > separate_final_epoch: False[0m
[[32m20260813 23:58:20[0m][[36mrank-0/5[0m][33m[1m[WARNING]  [0m[33m[1m[--------------------------gpt_dataset.py:43] : Unable to save MockGPTDataset indexes because path_to_cache is None[0m
[[32m20260813 23:58:20[0m][[36mrank-0/5[0m][34m[1m[DEBUG]    [0m[34m[1m[--------------------------gpt_dataset.py:43] : 	> time elapsed: 0.002484 seconds[0m
[[32m20260813 23:58:20[0m][[36mrank-0/5[0m][1m[INFO]     [0m[1m[--------------------------gpt_dataset.py:43] : > total number of samples: 16648[0m
[[32m20260813 23:58:20[0m][[36mrank-0/5[0m][1m[INFO]     [0m[1m[--------------------------gpt_dataset.py:43] : > total number of epochs: 1[0m
[[32m20260813 23:58:20[0m][[36mrank-0/5[0m][1m[INFO]     [0m[1m[--------------------------gpt_dataset.py:43] : Build and save the MockGPTDataset valid indices[0m
[[32m20260813 23:58:20[0m][[36mrank-0/5[0m][34m[1m[DEBUG]    [0m[34m[1m[--------------------------gpt_dataset.py:43] : > separate_final_epoch: False[0m
[[32m20260813 23:58:20[0m][[36mrank-0/5[0m][33m[1m[WARNING]  [0m[33m[1m[--------------------------gpt_dataset.py:43] : Unable to save MockGPTDataset indexes because path_to_cache is None[0m
[[32m20260813 23:58:20[0m][[36mrank-0/5[0m][34m[1m[DEBUG]    [0m[34m[1m[--------------------------gpt_dataset.py:43] : 	> time elapsed: 0.001023 seconds[0m
[[32m20260813 23:58:20[0m][[36mrank-0/5[0m][1m[INFO]     [0m[1m[--------------------------gpt_dataset.py:43] : > total number of samples: 16640[0m
[[32m20260813 23:58:20[0m][[36mrank-0/5[0m][1m[INFO]     [0m[1m[--------------------------gpt_dataset.py:43] : > total number of epochs: 1[0m
[[32m20260813 23:58:20[0m][[36mrank-0/5[0m][1m[INFO]     [0m[1m[--------------------------gpt_dataset.py:43] : Build and save the MockGPTDataset test indices[0m
[[32m20260813 23:58:20[0m][[36mrank-0/5[0m][34m[1m[DEBUG]    [0m[34m[1m[--------------------------gpt_dataset.py:43] : > separate_final_epoch: False[0m
[[32m20260813 23:58:20[0m][[36mrank-0/5[0m][33m[1m[WARNING]  [0m[33m[1m[--------------------------gpt_dataset.py:43] : Unable to save MockGPTDataset indexes because path_to_cache is None[0m
[[32m20260813 23:58:20[0m][[36mrank-0/5[0m][34m[1m[DEBUG]    [0m[34m[1m[--------------------------gpt_dataset.py:43] : 	> time elapsed: 0.000971 seconds[0m
[[32m20260813 23:58:20[0m][[36mrank-0/5[0m][1m[INFO]     [0m[1m[--------------------------gpt_dataset.py:43] : > total number of samples: 16671[0m
[[32m20260813 23:58:20[0m][[36mrank-0/5[0m][1m[INFO]     [0m[1m[--------------------------gpt_dataset.py:43] : > total number of epochs: 1[0m
[[32m20260813 23:58:20[0m][[36mrank-0/5[0m][34m[1m[DEBUG]    [0m[34m[1m[-------------------------------utils.py:401] : > finished creating GPT datasets ...[0m
[[32m20260813 23:58:20[0m][[36mrank-0/5[0m][34m[1m[DEBUG]    [0m[34m[1m[-------------------------------utils.py:401] : [after dataloaders are built] datetime: 2026-08-13 23:58:20.346927 [0m
[[32m20260813 23:58:20[0m][[36mrank-0/5[0m][34m[1m[DEBUG]    [0m[34m[1m[-------------------------------utils.py:401] : done with setup ...[0m
[[32m20260813 23:58:20[0m][[36mrank-4/5[0m][1m[INFO]     [0m[1m[--------------timers.py:450] : (min, max) time across ranks (ms):
    model-and-optimizer-setup ......................: (1351.20, 1351.54)
    train/valid/test-data-iterators-setup ..........: (11.39, 12.12)[0m
[[32m20260813 23:58:20[0m][[36mrank-0/5[0m][34m[1m[DEBUG]    [0m[34m[1m[-------------------------------utils.py:401] : training ...[0m
[[32m20260813 23:58:20[0m][[36mrank-0/5[0m][34m[1m[DEBUG]    [0m[34m[1m[-------------------------------utils.py:401] : Overwriting rerun_state_machine.current_iteration from -1 to 0...[0m
[[32m20260813 23:58:20[0m][[36mrank-0/5[0m][34m[1m[DEBUG]    [0m[34m[1m[-------------------------------utils.py:401] : [before the start of training step] datetime: 2026-08-13 23:58:20.350146 [0m
RCCL version : 2.30.4-HEAD:8ceab8e
HIP version  : 7.15.0-0000000
ROCm version : 7.15.0.0-9999-8ceab8e5
Hostname     : mi355-gpu-33
Librccl path : /opt/venv/lib/python3.12/site-packages/_rocm_sdk_libraries/lib/librccl.so.1
RCCL version : 2.30.4-HEAD:8ceab8e
HIP version  : 7.15.0-0000000
ROCm version : 7.15.0.0-9999-8ceab8e5
Hostname     : mi355-gpu-33
Librccl path : /opt/venv/lib/python3.12/site-packages/_rocm_sdk_libraries/lib/librccl.so.1
RCCL version : 2.30.4-HEAD:8ceab8e
HIP version  : 7.15.0-0000000
ROCm version : 7.15.0.0-9999-8ceab8e5
Hostname     : mi355-gpu-33
Librccl path : /opt/venv/lib/python3.12/site-packages/_rocm_sdk_libraries/lib/librccl.so.1
RCCL version : 2.30.4-HEAD:8ceab8e
HIP version  : 7.15.0-0000000
ROCm version : 7.15.0.0-9999-8ceab8e5
Hostname     : mi355-gpu-33
Librccl path : /opt/venv/lib/python3.12/site-packages/_rocm_sdk_libraries/lib/librccl.so.1
[aiter] hipModuleLoad (embedded): hsa/gfx950/fmha_v3_fwd/fwd_hd128_bf16_causal.co GetFunction: _ZN5aiter26fmha_fwd_hd128_bf16_causalE
[aiter] hipModuleGetFunction: _ZN5aiter26fmha_fwd_hd128_bf16_causalE Success
[aiter] hipModuleLoad (embedded): hsa/gfx950/fmha_v3_fwd/fwd_hd128_bf16_causal.co GetFunction: _ZN5aiter26fmha_fwd_hd128_bf16_causalE
[aiter] hipModuleGetFunction: _ZN5aiter26fmha_fwd_hd128_bf16_causalE Success
[aiter] hipModuleLoad (embedded): hsa/gfx950/fmha_v3_fwd/fwd_hd128_bf16_causal.co GetFunction: _ZN5aiter26fmha_fwd_hd128_bf16_causalE
[aiter] hipModuleGetFunction: _ZN5aiter26fmha_fwd_hd128_bf16_causalE Success
[aiter] hipModuleLoad (embedded): hsa/gfx950/fmha_v3_fwd/fwd_hd128_bf16_causal.co GetFunction: _ZN5aiter26fmha_fwd_hd128_bf16_causalE
[aiter] hipModuleGetFunction: _ZN5aiter26fmha_fwd_hd128_bf16_causalE Success
[aiter] hipModuleLoad (embedded): hsa/gfx950/fmha_v3_fwd/fwd_hd128_bf16_causal.co GetFunction: _ZN5aiter26fmha_fwd_hd128_bf16_causalE
[aiter] hipModuleGetFunction: _ZN5aiter26fmha_fwd_hd128_bf16_causalE Success
[aiter] hipModuleLoad (embedded): hsa/gfx950/fmha_v3_bwd/bwd_hd128_odo_bf16.co GetFunction: _ZN5aiter23fmha_bwd_hd128_odo_bf16E
[aiter] hipModuleGetFunction: _ZN5aiter23fmha_bwd_hd128_odo_bf16E Success
[aiter] hipModuleLoad (embedded): hsa/gfx950/fmha_v3_bwd/bwd_hd128_bf16_causal_a16_psskddv.co GetFunction: _ZN5aiter38fmha_bwd_hd128_bf16_causal_a16_psskddvE
[aiter] hipModuleGetFunction: _ZN5aiter38fmha_bwd_hd128_bf16_causal_a16_psskddvE Success
[aiter] hipModuleLoad (embedded): hsa/gfx950/fmha_v3_bwd/bwd_hd128_dq_shuffle.co GetFunction: _ZN5aiter25fmha_bwd_hd128_dq_shuffleE
[aiter] hipModuleGetFunction: _ZN5aiter25fmha_bwd_hd128_dq_shuffleE Success
[aiter] hipModuleLoad (embedded): hsa/gfx950/fmha_v3_bwd/bwd_hd128_odo_bf16.co GetFunction: _ZN5aiter23fmha_bwd_hd128_odo_bf16E
[aiter] hipModuleGetFunction: _ZN5aiter23fmha_bwd_hd128_odo_bf16E Success
[aiter] hipModuleLoad (embedded): hsa/gfx950/fmha_v3_bwd/bwd_hd128_bf16_causal_a16_psskddv.co GetFunction: _ZN5aiter38fmha_bwd_hd128_bf16_causal_a16_psskddvE
[aiter] hipModuleGetFunction: _ZN5aiter38fmha_bwd_hd128_bf16_causal_a16_psskddvE Success
[aiter] hipModuleLoad (embedded): hsa/gfx950/fmha_v3_bwd/bwd_hd128_dq_shuffle.co GetFunction: _ZN5aiter25fmha_bwd_hd128_dq_shuffleE
[aiter] hipModuleGetFunction: _ZN5aiter25fmha_bwd_hd128_dq_shuffleE Success
[aiter] hipModuleLoad (embedded): hsa/gfx950/fmha_v3_bwd/bwd_hd128_odo_bf16.co GetFunction: _ZN5aiter23fmha_bwd_hd128_odo_bf16E
[aiter] hipModuleGetFunction: _ZN5aiter23fmha_bwd_hd128_odo_bf16E Success
[aiter] hipModuleLoad (embedded): hsa/gfx950/fmha_v3_bwd/bwd_hd128_bf16_causal_a16_psskddv.co GetFunction: _ZN5aiter38fmha_bwd_hd128_bf16_causal_a16_psskddvE
[aiter] hipModuleGetFunction: _ZN5aiter38fmha_bwd_hd128_bf16_causal_a16_psskddvE Success
[aiter] hipModuleLoad (embedded): hsa/gfx950/fmha_v3_bwd/bwd_hd128_dq_shuffle.co GetFunction: _ZN5aiter25fmha_bwd_hd128_dq_shuffleE
[aiter] hipModuleGetFunction: _ZN5aiter25fmha_bwd_hd128_dq_shuffleE Success
[aiter] hipModuleLoad (embedded): hsa/gfx950/fmha_v3_bwd/bwd_hd128_odo_bf16.co GetFunction: _ZN5aiter23fmha_bwd_hd128_odo_bf16E
[aiter] hipModuleGetFunction: _ZN5aiter23fmha_bwd_hd128_odo_bf16E Success
[aiter] hipModuleLoad (embedded): hsa/gfx950/fmha_v3_bwd/bwd_hd128_bf16_causal_a16_psskddv.co GetFunction: _ZN5aiter38fmha_bwd_hd128_bf16_causal_a16_psskddvE
[aiter] hipModuleGetFunction: _ZN5aiter38fmha_bwd_hd128_bf16_causal_a16_psskddvE Success
[aiter] hipModuleLoad (embedded): hsa/gfx950/fmha_v3_bwd/bwd_hd128_dq_shuffle.co GetFunction: _ZN5aiter25fmha_bwd_hd128_dq_shuffleE
[aiter] hipModuleGetFunction: _ZN5aiter25fmha_bwd_hd128_dq_shuffleE Success
[aiter] hipModuleLoad (embedded): hsa/gfx950/fmha_v3_bwd/bwd_hd128_odo_bf16.co GetFunction: _ZN5aiter23fmha_bwd_hd128_odo_bf16E
[aiter] hipModuleGetFunction: _ZN5aiter23fmha_bwd_hd128_odo_bf16E Success
[aiter] hipModuleLoad (embedded): hsa/gfx950/fmha_v3_bwd/bwd_hd128_bf16_causal_a16_psskddv.co GetFunction: _ZN5aiter38fmha_bwd_hd128_bf16_causal_a16_psskddvE
[aiter] hipModuleGetFunction: _ZN5aiter38fmha_bwd_hd128_bf16_causal_a16_psskddvE Success
[aiter] hipModuleLoad (embedded): hsa/gfx950/fmha_v3_bwd/bwd_hd128_dq_shuffle.co GetFunction: _ZN5aiter25fmha_bwd_hd128_dq_shuffleE
[aiter] hipModuleGetFunction: _ZN5aiter25fmha_bwd_hd128_dq_shuffleE Success
/opt/venv/lib/python3.12/site-packages/torch/distributed/c10d_logger.py:83: UserWarning: barrier(): using the device under current context. You can specify `device_id` in `init_process_group` to mute this warning.
  return func(*args, **kwargs)
[[32m20260813 23:58:48[0m][[36mrank-0/5[0m][1m[INFO]     [0m[1m[-------------print_rank_last_patches.py:259] : total_r_used: [119.05, 119.31, 119.38, 119.76, 0.28][0m
[[32m20260813 23:58:48[0m][[36mrank-0/5[0m][33m[1m[WARNING]  [0m[33m[1m[-------------print_rank_last_patches.py:466] : [Patch:megatron.training_log] No token throughput[0m
[[32m20260813 23:58:48[0m][[36mrank-4/5[0m][34m[1m[DEBUG]    [0m[34m[1m[---------------utils.py:425] : [2026-08-13 23:58:48.646737] iteration        1/      50 | consumed samples:          160 | elapsed time per iteration (ms): 28296.5 | throughput per GPU (TFLOP/s/GPU): 198.6 | learning rate: 5.000000E-06 | global batch size:   160 | lm loss: 1.050634E+01 | loss scale: 1.0 | grad norm: 4.863 | number of skipped iterations:   0 | number of nan iterations:   0 | hip mem usage/free/total/usage_ratio: 118.96GB/169.03GB/287.98GB/41.31%  | rocm mem usage/free/total/usage_ratio: 0.28GB/287.71GB/287.98GB/0.10% | rank-3 rocm max mem usage/usage_ratio: 119.76GB/41.59%[0m
[[32m20260813 23:58:48[0m][[36mrank-4/5[0m][34m[1m[DEBUG]    [0m[34m[1m[---------------utils.py:429] : [2026-08-13 23:58:48.646737] iteration        1/      50 | consumed samples:          160 | elapsed time per iteration (ms): 28296.5 | throughput per GPU (TFLOP/s/GPU): 198.6 | learning rate: 5.000000E-06 | global batch size:   160 | lm loss: 1.050634E+01 | loss scale: 1.0 | grad norm: 4.863 | number of skipped iterations:   0 | number of nan iterations:   0 | hip mem usage/free/total/usage_ratio: 118.96GB/169.03GB/287.98GB/41.31%  | rocm mem usage/free/total/usage_ratio: 0.28GB/287.71GB/287.98GB/0.10% | rank-3 rocm max mem usage/usage_ratio: 119.76GB/41.59%[0m
[[32m20260813 23:58:48[0m][[36mrank-0/5[0m][34m[1m[DEBUG]    [0m[34m[1m[------------theoretical_memory_usage.py:140] : Number of parameters in transformer block in billions:  6.48[0m
[[32m20260813 23:58:48[0m][[36mrank-0/5[0m][34m[1m[DEBUG]    [0m[34m[1m[------------theoretical_memory_usage.py:149] : Number of parameters in embedding layers in billions: 0.26[0m
[[32m20260813 23:58:48[0m][[36mrank-0/5[0m][34m[1m[DEBUG]    [0m[34m[1m[------------theoretical_memory_usage.py:153] : Total number of parameters in billions: 6.74[0m
[[32m20260813 23:58:48[0m][[36mrank-0/5[0m][34m[1m[DEBUG]    [0m[34m[1m[------------theoretical_memory_usage.py:166] : Number of parameters in most loaded shard in billions: 6.7395[0m
[[32m20260813 23:58:48[0m][[36mrank-0/5[0m][34m[1m[DEBUG]    [0m[34m[1m[-------------------------------utils.py:401] : compute_activation_memory_without_sp[0m
[[32m20260813 23:58:48[0m][[36mrank-0/5[0m][34m[1m[DEBUG]    [0m[34m[1m[------------theoretical_memory_usage.py:273] : Activation memory footprint per transformer layer (precise, without SP): 2176.0 MB[0m
[[32m20260813 23:58:48[0m][[36mrank-0/5[0m][34m[1m[DEBUG]    [0m[34m[1m[------------theoretical_memory_usage.py:365] : Theoretical memory footprints: weight and optimizer=53988.93 MB, activation=74369.53 MB, total=128358.46 MB
[0m
[[32m20260813 23:58:48[0m][[36mrank-0/5[0m][34m[1m[DEBUG]    [0m[34m[1m[-------------------------------utils.py:291] : [Rank 0] (after 1 iterations) memory (MB) | allocated: 54214.97 | max allocated: 111433.92 | reserved: 116640.00 | max reserved: 116640.00[0m
/opt/venv/lib/python3.12/site-packages/torch/distributed/c10d_logger.py:83: UserWarning: barrier(): using the device under current context. You can specify `device_id` in `init_process_group` to mute this warning.
  return func(*args, **kwargs)
[[32m20260813 23:58:54[0m][[36mrank-0/5[0m][1m[INFO]     [0m[1m[-------------print_rank_last_patches.py:259] : total_r_used: [130.24, 133.34, 133.41, 133.71, 0.28][0m
[[32m20260813 23:58:54[0m][[36mrank-0/5[0m][33m[1m[WARNING]  [0m[33m[1m[-------------print_rank_last_patches.py:466] : [Patch:megatron.training_log] No token throughput[0m
[[32m20260813 23:58:54[0m][[36mrank-4/5[0m][34m[1m[DEBUG]    [0m[34m[1m[---------------utils.py:425] : [2026-08-13 23:58:54.134087] iteration        2/      50 | consumed samples:          320 | elapsed time per iteration (ms): 16891.9 | throughput per GPU (TFLOP/s/GPU): 332.6 | learning rate: 1.000000E-05 | global batch size:   160 | lm loss: 1.050520E+01 | loss scale: 1.0 | grad norm: 4.705 | number of skipped iterations:   0 | number of nan iterations:   0 | hip mem usage/free/total/usage_ratio: 132.99GB/155.00GB/287.98GB/46.18%  | rocm mem usage/free/total/usage_ratio: 0.28GB/287.71GB/287.98GB/0.10% | rank-3 rocm max mem usage/usage_ratio: 133.71GB/46.43%[0m
[[32m20260813 23:58:54[0m][[36mrank-4/5[0m][34m[1m[DEBUG]    [0m[34m[1m[---------------utils.py:429] : [2026-08-13 23:58:54.134087] iteration        2/      50 | consumed samples:          320 | elapsed time per iteration (ms): 16891.9 | throughput per GPU (TFLOP/s/GPU): 332.6 | learning rate: 1.000000E-05 | global batch size:   160 | lm loss: 1.050520E+01 | loss scale: 1.0 | grad norm: 4.705 | number of skipped iterations:   0 | number of nan iterations:   0 | hip mem usage/free/total/usage_ratio: 132.99GB/155.00GB/287.98GB/46.18%  | rocm mem usage/free/total/usage_ratio: 0.28GB/287.71GB/287.98GB/0.10% | rank-3 rocm max mem usage/usage_ratio: 133.71GB/46.43%[0m
[[32m20260813 23:58:54[0m][[36mrank-0/5[0m][34m[1m[DEBUG]    [0m[34m[1m[------------theoretical_memory_usage.py:140] : Number of parameters in transformer block in billions:  6.48[0m
[[32m20260813 23:58:54[0m][[36mrank-0/5[0m][34m[1m[DEBUG]    [0m[34m[1m[------------theoretical_memory_usage.py:149] : Number of parameters in embedding layers in billions: 0.26[0m
[[32m20260813 23:58:54[0m][[36mrank-0/5[0m][34m[1m[DEBUG]    [0m[34m[1m[------------theoretical_memory_usage.py:153] : Total number of parameters in billions: 6.74[0m
[[32m20260813 23:58:54[0m][[36mrank-0/5[0m][34m[1m[DEBUG]    [0m[34m[1m[------------theoretical_memory_usage.py:166] : Number of parameters in most loaded shard in billions: 6.7395[0m
[[32m20260813 23:58:54[0m][[36mrank-0/5[0m][34m[1m[DEBUG]    [0m[34m[1m[-------------------------------utils.py:401] : compute_activation_memory_without_sp[0m
[[32m20260813 23:58:54[0m][[36mrank-0/5[0m][34m[1m[DEBUG]    [0m[34m[1m[------------theoretical_memory_usage.py:273] : Activation memory footprint per transformer layer (precise, without SP): 2176.0 MB[0m
[[32m20260813 23:58:54[0m][[36mrank-0/5[0m][34m[1m[DEBUG]    [0m[34m[1m[------------theoretical_memory_usage.py:365] : Theoretical memory footprints: weight and optimizer=53988.93 MB, activation=74369.53 MB, total=128358.46 MB
[0m
[[32m20260813 23:58:54[0m][[36mrank-0/5[0m][34m[1m[DEBUG]    [0m[34m[1m[-------------------------------utils.py:291] : [Rank 0] (after 2 iterations) memory (MB) | allocated: 54214.97 | max allocated: 121718.59 | reserved: 130924.00 | max reserved: 130924.00[0m
/opt/venv/lib/python3.12/site-packages/torch/distributed/c10d_logger.py:83: UserWarning: barrier(): using the device under current context. You can specify `device_id` in `init_process_group` to mute this warning.
  return func(*args, **kwargs)
[[32m20260813 23:58:59[0m][[36mrank-4/5[0m][34m[1m[DEBUG]    [0m[34m[1m[---------------utils.py:425] : [2026-08-13 23:58:59.421117] iteration        3/      50 | consumed samples:          480 | elapsed time per iteration (ms): 5287.0/5287.0 | compute per GPU (TFLOP/s/GPU): 1062.7 (avg 1062.7)  | tokens/s/GPU inst/harmonic mean: 24791.4/24791.4 | learning rate: 9.989295E-06 | global batch size:   160 | lm loss: 1.020073E+01 | loss scale: 1.0 | grad norm: 7.254 | number of skipped iterations:   0 | number of nan iterations:   0 | hip mem usage/free/total/usage_ratio: 132.99GB/155.00GB/287.98GB/46.18%  | rocm mem usage/free/total/usage_ratio: 0.28GB/287.71GB/287.98GB/0.10% | rank-3 rocm max mem usage/usage_ratio: 133.71GB/46.43%[0m
[[32m20260813 23:58:59[0m][[36mrank-4/5[0m][34m[1m[DEBUG]    [0m[34m[1m[---------------utils.py:429] : [2026-08-13 23:58:59.421117] iteration        3/      50 | consumed samples:          480 | elapsed time per iteration (ms): 5287.0/5287.0 | compute per GPU (TFLOP/s/GPU): 1062.7 (avg 1062.7)  | tokens/s/GPU inst/harmonic mean: 24791.4/24791.4 | learning rate: 9.989295E-06 | global batch size:   160 | lm loss: 1.020073E+01 | loss scale: 1.0 | grad norm: 7.254 | number of skipped iterations:   0 | number of nan iterations:   0 | hip mem usage/free/total/usage_ratio: 132.99GB/155.00GB/287.98GB/46.18%  | rocm mem usage/free/total/usage_ratio: 0.28GB/287.71GB/287.98GB/0.10% | rank-3 rocm max mem usage/usage_ratio: 133.71GB/46.43%[0m
[[32m20260813 23:59:04[0m][[36mrank-4/5[0m][34m[1m[DEBUG]    [0m[34m[1m[---------------utils.py:425] : [2026-08-13 23:59:04.599106] iteration        4/      50 | consumed samples:          640 | elapsed time per iteration (ms): 5177.9/5232.4 | compute per GPU (TFLOP/s/GPU): 1085.1 (avg 1073.9)  | tokens/s/GPU inst/harmonic mean: 25313.7/25049.8 | learning rate: 9.957224E-06 | global batch size:   160 | lm loss: 9.832191E+00 | loss scale: 1.0 | grad norm: 5.544 | number of skipped iterations:   0 | number of nan iterations:   0 | hip mem usage/free/total/usage_ratio: 132.99GB/155.00GB/287.98GB/46.18%  | rocm mem usage/free/total/usage_ratio: 0.28GB/287.71GB/287.98GB/0.10% | rank-3 rocm max mem usage/usage_ratio: 133.71GB/46.43%[0m
[[32m20260813 23:59:04[0m][[36mrank-4/5[0m][34m[1m[DEBUG]    [0m[34m[1m[---------------utils.py:429] : [2026-08-13 23:59:04.599106] iteration        4/      50 | consumed samples:          640 | elapsed time per iteration (ms): 5177.9/5232.4 | compute per GPU (TFLOP/s/GPU): 1085.1 (avg 1073.9)  | tokens/s/GPU inst/harmonic mean: 25313.7/25049.8 | learning rate: 9.957224E-06 | global batch size:   160 | lm loss: 9.832191E+00 | loss scale: 1.0 | grad norm: 5.544 | number of skipped iterations:   0 | number of nan iterations:   0 | hip mem usage/free/total/usage_ratio: 132.99GB/155.00GB/287.98GB/46.18%  | rocm mem usage/free/total/usage_ratio: 0.28GB/287.71GB/287.98GB/0.10% | rank-3 rocm max mem usage/usage_ratio: 133.71GB/46.43%[0m
[[32m20260813 23:59:09[0m][[36mrank-4/5[0m][34m[1m[DEBUG]    [0m[34m[1m[---------------utils.py:425] : [2026-08-13 23:59:09.765284] iteration        5/      50 | consumed samples:          800 | elapsed time per iteration (ms): 5166.1/5210.3 | compute per GPU (TFLOP/s/GPU): 1087.6 (avg 1078.5)  | tokens/s/GPU inst/harmonic mean: 25371.6/25156.2 | learning rate: 9.903926E-06 | global batch size:   160 | lm loss: 9.483356E+00 | loss scale: 1.0 | grad norm: 9.190 | number of skipped iterations:   0 | number of nan iterations:   0 | hip mem usage/free/total/usage_ratio: 132.99GB/155.00GB/287.98GB/46.18%  | rocm mem usage/free/total/usage_ratio: 0.28GB/287.71GB/287.98GB/0.10% | rank-3 rocm max mem usage/usage_ratio: 133.71GB/46.43%[0m
[[32m20260813 23:59:09[0m][[36mrank-4/5[0m][34m[1m[DEBUG]    [0m[34m[1m[---------------utils.py:429] : [2026-08-13 23:59:09.765284] iteration        5/      50 | consumed samples:          800 | elapsed time per iteration (ms): 5166.1/5210.3 | compute per GPU (TFLOP/s/GPU): 1087.6 (avg 1078.5)  | tokens/s/GPU inst/harmonic mean: 25371.6/25156.2 | learning rate: 9.903926E-06 | global batch size:   160 | lm loss: 9.483356E+00 | loss scale: 1.0 | grad norm: 9.190 | number of skipped iterations:   0 | number of nan iterations:   0 | hip mem usage/free/total/usage_ratio: 132.99GB/155.00GB/287.98GB/46.18%  | rocm mem usage/free/total/usage_ratio: 0.28GB/287.71GB/287.98GB/0.10% | rank-3 rocm max mem usage/usage_ratio: 133.71GB/46.43%[0m
[[32m20260813 23:59:14[0m][[36mrank-4/5[0m][34m[1m[DEBUG]    [0m[34m[1m[---------------utils.py:425] : [2026-08-13 23:59:14.932356] iteration        6/      50 | consumed samples:          960 | elapsed time per iteration (ms): 5167.0/5199.5 | compute per GPU (TFLOP/s/GPU): 1087.4 (avg 1080.7)  | tokens/s/GPU inst/harmonic mean: 25367.1/25208.6 | learning rate: 9.829629E-06 | global batch size:   160 | lm loss: 9.282681E+00 | loss scale: 1.0 | grad norm: 40.373 | number of skipped iterations:   0 | number of nan iterations:   0 | hip mem usage/free/total/usage_ratio: 132.99GB/155.00GB/287.98GB/46.18%  | rocm mem usage/free/total/usage_ratio: 0.28GB/287.71GB/287.98GB/0.10% | rank-3 rocm max mem usage/usage_ratio: 133.71GB/46.43%[0m
[[32m20260813 23:59:14[0m][[36mrank-4/5[0m][34m[1m[DEBUG]    [0m[34m[1m[---------------utils.py:429] : [2026-08-13 23:59:14.932356] iteration        6/      50 | consumed samples:          960 | elapsed time per iteration (ms): 5167.0/5199.5 | compute per GPU (TFLOP/s/GPU): 1087.4 (avg 1080.7)  | tokens/s/GPU inst/harmonic mean: 25367.1/25208.6 | learning rate: 9.829629E-06 | global batch size:   160 | lm loss: 9.282681E+00 | loss scale: 1.0 | grad norm: 40.373 | number of skipped iterations:   0 | number of nan iterations:   0 | hip mem usage/free/total/usage_ratio: 132.99GB/155.00GB/287.98GB/46.18%  | rocm mem usage/free/total/usage_ratio: 0.28GB/287.71GB/287.98GB/0.10% | rank-3 rocm max mem usage/usage_ratio: 133.71GB/46.43%[0m
[[32m20260813 23:59:20[0m][[36mrank-4/5[0m][34m[1m[DEBUG]    [0m[34m[1m[---------------utils.py:425] : [2026-08-13 23:59:20.080647] iteration        7/      50 | consumed samples:         1120 | elapsed time per iteration (ms): 5148.2/5189.2 | compute per GPU (TFLOP/s/GPU): 1091.4 (avg 1082.8)  | tokens/s/GPU inst/harmonic mean: 25459.8/25258.4 | learning rate: 9.734651E-06 | global batch size:   160 | lm loss: 8.740927E+00 | loss scale: 1.0 | grad norm: 18.932 | number of skipped iterations:   0 | number of nan iterations:   0 | hip mem usage/free/total/usage_ratio: 132.99GB/155.00GB/287.98GB/46.18%  | rocm mem usage/free/total/usage_ratio: 0.28GB/287.71GB/287.98GB/0.10% | rank-3 rocm max mem usage/usage_ratio: 133.71GB/46.43%[0m
[[32m20260813 23:59:20[0m][[36mrank-4/5[0m][34m[1m[DEBUG]    [0m[34m[1m[---------------utils.py:429] : [2026-08-13 23:59:20.080647] iteration        7/      50 | consumed samples:         1120 | elapsed time per iteration (ms): 5148.2/5189.2 | compute per GPU (TFLOP/s/GPU): 1091.4 (avg 1082.8)  | tokens/s/GPU inst/harmonic mean: 25459.8/25258.4 | learning rate: 9.734651E-06 | global batch size:   160 | lm loss: 8.740927E+00 | loss scale: 1.0 | grad norm: 18.932 | number of skipped iterations:   0 | number of nan iterations:   0 | hip mem usage/free/total/usage_ratio: 132.99GB/155.00GB/287.98GB/46.18%  | rocm mem usage/free/total/usage_ratio: 0.28GB/287.71GB/287.98GB/0.10% | rank-3 rocm max mem usage/usage_ratio: 133.71GB/46.43%[0m
[[32m20260813 23:59:25[0m][[36mrank-4/5[0m][34m[1m[DEBUG]    [0m[34m[1m[---------------utils.py:425] : [2026-08-13 23:59:25.256144] iteration        8/      50 | consumed samples:         1280 | elapsed time per iteration (ms): 5175.4/5186.9 | compute per GPU (TFLOP/s/GPU): 1085.7 (avg 1083.3)  | tokens/s/GPU inst/harmonic mean: 25326.0/25269.7 | learning rate: 9.619398E-06 | global batch size:   160 | lm loss: 8.155752E+00 | loss scale: 1.0 | grad norm: 21.593 | number of skipped iterations:   0 | number of nan iterations:   0 | hip mem usage/free/total/usage_ratio: 132.99GB/155.00GB/287.98GB/46.18%  | rocm mem usage/free/total/usage_ratio: 0.28GB/287.71GB/287.98GB/0.10% | rank-3 rocm max mem usage/usage_ratio: 133.71GB/46.43%[0m
[[32m20260813 23:59:25[0m][[36mrank-4/5[0m][34m[1m[DEBUG]    [0m[34m[1m[---------------utils.py:429] : [2026-08-13 23:59:25.256144] iteration        8/      50 | consumed samples:         1280 | elapsed time per iteration (ms): 5175.4/5186.9 | compute per GPU (TFLOP/s/GPU): 1085.7 (avg 1083.3)  | tokens/s/GPU inst/harmonic mean: 25326.0/25269.7 | learning rate: 9.619398E-06 | global batch size:   160 | lm loss: 8.155752E+00 | loss scale: 1.0 | grad norm: 21.593 | number of skipped iterations:   0 | number of nan iterations:   0 | hip mem usage/free/total/usage_ratio: 132.99GB/155.00GB/287.98GB/46.18%  | rocm mem usage/free/total/usage_ratio: 0.28GB/287.71GB/287.98GB/0.10% | rank-3 rocm max mem usage/usage_ratio: 133.71GB/46.43%[0m
[[32m20260813 23:59:30[0m][[36mrank-4/5[0m][34m[1m[DEBUG]    [0m[34m[1m[---------------utils.py:425] : [2026-08-13 23:59:30.440934] iteration        9/      50 | consumed samples:         1440 | elapsed time per iteration (ms): 5184.7/5186.6 | compute per GPU (TFLOP/s/GPU): 1083.7 (avg 1083.4)  | tokens/s/GPU inst/harmonic mean: 25280.5/25271.2 | learning rate: 9.484364E-06 | global batch size:   160 | lm loss: 7.600048E+00 | loss scale: 1.0 | grad norm: 27.347 | number of skipped iterations:   0 | number of nan iterations:   0 | hip mem usage/free/total/usage_ratio: 132.99GB/155.00GB/287.98GB/46.18%  | rocm mem usage/free/total/usage_ratio: 0.28GB/287.71GB/287.98GB/0.10% | rank-3 rocm max mem usage/usage_ratio: 133.71GB/46.43%[0m
[[32m20260813 23:59:30[0m][[36mrank-4/5[0m][34m[1m[DEBUG]    [0m[34m[1m[---------------utils.py:429] : [2026-08-13 23:59:30.440934] iteration        9/      50 | consumed samples:         1440 | elapsed time per iteration (ms): 5184.7/5186.6 | compute per GPU (TFLOP/s/GPU): 1083.7 (avg 1083.4)  | tokens/s/GPU inst/harmonic mean: 25280.5/25271.2 | learning rate: 9.484364E-06 | global batch size:   160 | lm loss: 7.600048E+00 | loss scale: 1.0 | grad norm: 27.347 | number of skipped iterations:   0 | number of nan iterations:   0 | hip mem usage/free/total/usage_ratio: 132.99GB/155.00GB/287.98GB/46.18%  | rocm mem usage/free/total/usage_ratio: 0.28GB/287.71GB/287.98GB/0.10% | rank-3 rocm max mem usage/usage_ratio: 133.71GB/46.43%[0m
[[32m20260813 23:59:35[0m][[36mrank-4/5[0m][34m[1m[DEBUG]    [0m[34m[1m[---------------utils.py:425] : [2026-08-13 23:59:35.586829] iteration       10/      50 | consumed samples:         1600 | elapsed time per iteration (ms): 5145.8/5181.5 | compute per GPU (TFLOP/s/GPU): 1091.9 (avg 1084.4)  | tokens/s/GPU inst/harmonic mean: 25471.6/25296.1 | learning rate: 9.330127E-06 | global batch size:   160 | lm loss: 7.030324E+00 | loss scale: 1.0 | grad norm: 41.443 | number of skipped iterations:   0 | number of nan iterations:   0 | hip mem usage/free/total/usage_ratio: 132.99GB/155.00GB/287.98GB/46.18%  | rocm mem usage/free/total/usage_ratio: 0.28GB/287.71GB/287.98GB/0.10% | rank-3 rocm max mem usage/usage_ratio: 133.71GB/46.43%[0m
[[32m20260813 23:59:35[0m][[36mrank-4/5[0m][34m[1m[DEBUG]    [0m[34m[1m[---------------utils.py:429] : [2026-08-13 23:59:35.586829] iteration       10/      50 | consumed samples:         1600 | elapsed time per iteration (ms): 5145.8/5181.5 | compute per GPU (TFLOP/s/GPU): 1091.9 (avg 1084.4)  | tokens/s/GPU inst/harmonic mean: 25471.6/25296.1 | learning rate: 9.330127E-06 | global batch size:   160 | lm loss: 7.030324E+00 | loss scale: 1.0 | grad norm: 41.443 | number of skipped iterations:   0 | number of nan iterations:   0 | hip mem usage/free/total/usage_ratio: 132.99GB/155.00GB/287.98GB/46.18%  | rocm mem usage/free/total/usage_ratio: 0.28GB/287.71GB/287.98GB/0.10% | rank-3 rocm max mem usage/usage_ratio: 133.71GB/46.43%[0m
[[32m20260813 23:59:40[0m][[36mrank-4/5[0m][34m[1m[DEBUG]    [0m[34m[1m[---------------utils.py:425] : [2026-08-13 23:59:40.765303] iteration       11/      50 | consumed samples:         1760 | elapsed time per iteration (ms): 5178.4/5181.2 | compute per GPU (TFLOP/s/GPU): 1085.0 (avg 1084.5)  | tokens/s/GPU inst/harmonic mean: 25311.3/25297.8 | learning rate: 9.157348E-06 | global batch size:   160 | lm loss: 6.499736E+00 | loss scale: 1.0 | grad norm: 47.984 | number of skipped iterations:   0 | number of nan iterations:   0 | hip mem usage/free/total/usage_ratio: 132.99GB/155.00GB/287.98GB/46.18%  | rocm mem usage/free/total/usage_ratio: 0.28GB/287.71GB/287.98GB/0.10% | rank-3 rocm max mem usage/usage_ratio: 133.71GB/46.43%[0m
[[32m20260813 23:59:40[0m][[36mrank-4/5[0m][34m[1m[DEBUG]    [0m[34m[1m[---------------utils.py:429] : [2026-08-13 23:59:40.765303] iteration       11/      50 | consumed samples:         1760 | elapsed time per iteration (ms): 5178.4/5181.2 | compute per GPU (TFLOP/s/GPU): 1085.0 (avg 1084.5)  | tokens/s/GPU inst/harmonic mean: 25311.3/25297.8 | learning rate: 9.157348E-06 | global batch size:   160 | lm loss: 6.499736E+00 | loss scale: 1.0 | grad norm: 47.984 | number of skipped iterations:   0 | number of nan iterations:   0 | hip mem usage/free/total/usage_ratio: 132.99GB/155.00GB/287.98GB/46.18%  | rocm mem usage/free/total/usage_ratio: 0.28GB/287.71GB/287.98GB/0.10% | rank-3 rocm max mem usage/usage_ratio: 133.71GB/46.43%[0m
[[32m20260813 23:59:45[0m][[36mrank-4/5[0m][34m[1m[DEBUG]    [0m[34m[1m[---------------utils.py:425] : [2026-08-13 23:59:45.926633] iteration       12/      50 | consumed samples:         1920 | elapsed time per iteration (ms): 5161.2/5179.2 | compute per GPU (TFLOP/s/GPU): 1088.6 (avg 1084.9)  | tokens/s/GPU inst/harmonic mean: 25395.6/25307.5 | learning rate: 8.966767E-06 | global batch size:   160 | lm loss: 5.808172E+00 | loss scale: 1.0 | grad norm: 61.293 | number of skipped iterations:   0 | number of nan iterations:   0 | hip mem usage/free/total/usage_ratio: 132.99GB/155.00GB/287.98GB/46.18%  | rocm mem usage/free/total/usage_ratio: 0.28GB/287.71GB/287.98GB/0.10% | rank-3 rocm max mem usage/usage_ratio: 133.71GB/46.43%[0m
[[32m20260813 23:59:45[0m][[36mrank-4/5[0m][34m[1m[DEBUG]    [0m[34m[1m[---------------utils.py:429] : [2026-08-13 23:59:45.926633] iteration       12/      50 | consumed samples:         1920 | elapsed time per iteration (ms): 5161.2/5179.2 | compute per GPU (TFLOP/s/GPU): 1088.6 (avg 1084.9)  | tokens/s/GPU inst/harmonic mean: 25395.6/25307.5 | learning rate: 8.966767E-06 | global batch size:   160 | lm loss: 5.808172E+00 | loss scale: 1.0 | grad norm: 61.293 | number of skipped iterations:   0 | number of nan iterations:   0 | hip mem usage/free/total/usage_ratio: 132.99GB/155.00GB/287.98GB/46.18%  | rocm mem usage/free/total/usage_ratio: 0.28GB/287.71GB/287.98GB/0.10% | rank-3 rocm max mem usage/usage_ratio: 133.71GB/46.43%[0m
[[32m20260813 23:59:51[0m][[36mrank-4/5[0m][34m[1m[DEBUG]    [0m[34m[1m[---------------utils.py:425] : [2026-08-13 23:59:51.091442] iteration       13/      50 | consumed samples:         2080 | elapsed time per iteration (ms): 5164.7/5177.9 | compute per GPU (TFLOP/s/GPU): 1087.9 (avg 1085.2)  | tokens/s/GPU inst/harmonic mean: 25378.4/25314.0 | learning rate: 8.759199E-06 | global batch size:   160 | lm loss: 5.280426E+00 | loss scale: 1.0 | grad norm: 62.788 | number of skipped iterations:   0 | number of nan iterations:   0 | hip mem usage/free/total/usage_ratio: 132.99GB/155.00GB/287.98GB/46.18%  | rocm mem usage/free/total/usage_ratio: 0.28GB/287.71GB/287.98GB/0.10% | rank-3 rocm max mem usage/usage_ratio: 133.71GB/46.43%[0m
[[32m20260813 23:59:51[0m][[36mrank-4/5[0m][34m[1m[DEBUG]    [0m[34m[1m[---------------utils.py:429] : [2026-08-13 23:59:51.091442] iteration       13/      50 | consumed samples:         2080 | elapsed time per iteration (ms): 5164.7/5177.9 | compute per GPU (TFLOP/s/GPU): 1087.9 (avg 1085.2)  | tokens/s/GPU inst/harmonic mean: 25378.4/25314.0 | learning rate: 8.759199E-06 | global batch size:   160 | lm loss: 5.280426E+00 | loss scale: 1.0 | grad norm: 62.788 | number of skipped iterations:   0 | number of nan iterations:   0 | hip mem usage/free/total/usage_ratio: 132.99GB/155.00GB/287.98GB/46.18%  | rocm mem usage/free/total/usage_ratio: 0.28GB/287.71GB/287.98GB/0.10% | rank-3 rocm max mem usage/usage_ratio: 133.71GB/46.43%[0m
[[32m20260813 23:59:56[0m][[36mrank-4/5[0m][34m[1m[DEBUG]    [0m[34m[1m[---------------utils.py:425] : [2026-08-13 23:59:56.275786] iteration       14/      50 | consumed samples:         2240 | elapsed time per iteration (ms): 5184.3/5178.4 | compute per GPU (TFLOP/s/GPU): 1083.8 (avg 1085.1)  | tokens/s/GPU inst/harmonic mean: 25282.5/25311.3 | learning rate: 8.535534E-06 | global batch size:   160 | lm loss: 4.503362E+00 | loss scale: 1.0 | grad norm: 71.025 | number of skipped iterations:   0 | number of nan iterations:   0 | hip mem usage/free/total/usage_ratio: 132.99GB/155.00GB/287.98GB/46.18%  | rocm mem usage/free/total/usage_ratio: 0.28GB/287.71GB/287.98GB/0.10% | rank-3 rocm max mem usage/usage_ratio: 133.71GB/46.43%[0m
[[32m20260813 23:59:56[0m][[36mrank-4/5[0m][34m[1m[DEBUG]    [0m[34m[1m[---------------utils.py:429] : [2026-08-13 23:59:56.275786] iteration       14/      50 | consumed samples:         2240 | elapsed time per iteration (ms): 5184.3/5178.4 | compute per GPU (TFLOP/s/GPU): 1083.8 (avg 1085.1)  | tokens/s/GPU inst/harmonic mean: 25282.5/25311.3 | learning rate: 8.535534E-06 | global batch size:   160 | lm loss: 4.503362E+00 | loss scale: 1.0 | grad norm: 71.025 | number of skipped iterations:   0 | number of nan iterations:   0 | hip mem usage/free/total/usage_ratio: 132.99GB/155.00GB/287.98GB/46.18%  | rocm mem usage/free/total/usage_ratio: 0.28GB/287.71GB/287.98GB/0.10% | rank-3 rocm max mem usage/usage_ratio: 133.71GB/46.43%[0m
[[32m20260814 00:00:01[0m][[36mrank-4/5[0m][34m[1m[DEBUG]    [0m[34m[1m[---------------utils.py:425] : [2026-08-14 00:00:01.419405] iteration       15/      50 | consumed samples:         2400 | elapsed time per iteration (ms): 5143.5/5175.7 | compute per GPU (TFLOP/s/GPU): 1092.4 (avg 1085.6)  | tokens/s/GPU inst/harmonic mean: 25483.0/25324.5 | learning rate: 8.296729E-06 | global batch size:   160 | lm loss: 3.831401E+00 | loss scale: 1.0 | grad norm: 80.240 | number of skipped iterations:   0 | number of nan iterations:   0 | hip mem usage/free/total/usage_ratio: 132.99GB/155.00GB/287.98GB/46.18%  | rocm mem usage/free/total/usage_ratio: 0.28GB/287.71GB/287.98GB/0.10% | rank-3 rocm max mem usage/usage_ratio: 133.71GB/46.43%[0m
[[32m20260814 00:00:01[0m][[36mrank-4/5[0m][34m[1m[DEBUG]    [0m[34m[1m[---------------utils.py:429] : [2026-08-14 00:00:01.419405] iteration       15/      50 | consumed samples:         2400 | elapsed time per iteration (ms): 5143.5/5175.7 | compute per GPU (TFLOP/s/GPU): 1092.4 (avg 1085.6)  | tokens/s/GPU inst/harmonic mean: 25483.0/25324.5 | learning rate: 8.296729E-06 | global batch size:   160 | lm loss: 3.831401E+00 | loss scale: 1.0 | grad norm: 80.240 | number of skipped iterations:   0 | number of nan iterations:   0 | hip mem usage/free/total/usage_ratio: 132.99GB/155.00GB/287.98GB/46.18%  | rocm mem usage/free/total/usage_ratio: 0.28GB/287.71GB/287.98GB/0.10% | rank-3 rocm max mem usage/usage_ratio: 133.71GB/46.43%[0m
[[32m20260814 00:00:06[0m][[36mrank-4/5[0m][34m[1m[DEBUG]    [0m[34m[1m[---------------utils.py:425] : [2026-08-14 00:00:06.572707] iteration       16/      50 | consumed samples:         2560 | elapsed time per iteration (ms): 5153.2/5174.1 | compute per GPU (TFLOP/s/GPU): 1090.3 (avg 1086.0)  | tokens/s/GPU inst/harmonic mean: 25435.1/25332.3 | learning rate: 8.043807E-06 | global batch size:   160 | lm loss: 3.536310E+00 | loss scale: 1.0 | grad norm: 79.078 | number of skipped iterations:   0 | number of nan iterations:   0 | hip mem usage/free/total/usage_ratio: 132.99GB/155.00GB/287.98GB/46.18%  | rocm mem usage/free/total/usage_ratio: 0.28GB/287.71GB/287.98GB/0.10% | rank-3 rocm max mem usage/usage_ratio: 133.71GB/46.43%[0m
[[32m20260814 00:00:06[0m][[36mrank-4/5[0m][34m[1m[DEBUG]    [0m[34m[1m[---------------utils.py:429] : [2026-08-14 00:00:06.572707] iteration       16/      50 | consumed samples:         2560 | elapsed time per iteration (ms): 5153.2/5174.1 | compute per GPU (TFLOP/s/GPU): 1090.3 (avg 1086.0)  | tokens/s/GPU inst/harmonic mean: 25435.1/25332.3 | learning rate: 8.043807E-06 | global batch size:   160 | lm loss: 3.536310E+00 | loss scale: 1.0 | grad norm: 79.078 | number of skipped iterations:   0 | number of nan iterations:   0 | hip mem usage/free/total/usage_ratio: 132.99GB/155.00GB/287.98GB/46.18%  | rocm mem usage/free/total/usage_ratio: 0.28GB/287.71GB/287.98GB/0.10% | rank-3 rocm max mem usage/usage_ratio: 133.71GB/46.43%[0m
[[32m20260814 00:00:11[0m][[36mrank-4/5[0m][34m[1m[DEBUG]    [0m[34m[1m[---------------utils.py:425] : [2026-08-14 00:00:11.737979] iteration       17/      50 | consumed samples:         2720 | elapsed time per iteration (ms): 5165.2/5173.5 | compute per GPU (TFLOP/s/GPU): 1087.8 (avg 1086.1)  | tokens/s/GPU inst/harmonic mean: 25376.0/25335.2 | learning rate: 7.777851E-06 | global batch size:   160 | lm loss: 3.047086E+00 | loss scale: 1.0 | grad norm: 77.646 | number of skipped iterations:   0 | number of nan iterations:   0 | hip mem usage/free/total/usage_ratio: 132.99GB/155.00GB/287.98GB/46.18%  | rocm mem usage/free/total/usage_ratio: 0.28GB/287.71GB/287.98GB/0.10% | rank-3 rocm max mem usage/usage_ratio: 133.71GB/46.43%[0m
[[32m20260814 00:00:11[0m][[36mrank-4/5[0m][34m[1m[DEBUG]    [0m[34m[1m[---------------utils.py:429] : [2026-08-14 00:00:11.737979] iteration       17/      50 | consumed samples:         2720 | elapsed time per iteration (ms): 5165.2/5173.5 | compute per GPU (TFLOP/s/GPU): 1087.8 (avg 1086.1)  | tokens/s/GPU inst/harmonic mean: 25376.0/25335.2 | learning rate: 7.777851E-06 | global batch size:   160 | lm loss: 3.047086E+00 | loss scale: 1.0 | grad norm: 77.646 | number of skipped iterations:   0 | number of nan iterations:   0 | hip mem usage/free/total/usage_ratio: 132.99GB/155.00GB/287.98GB/46.18%  | rocm mem usage/free/total/usage_ratio: 0.28GB/287.71GB/287.98GB/0.10% | rank-3 rocm max mem usage/usage_ratio: 133.71GB/46.43%[0m
[[32m20260814 00:00:16[0m][[36mrank-4/5[0m][34m[1m[DEBUG]    [0m[34m[1m[---------------utils.py:425] : [2026-08-14 00:00:16.908180] iteration       18/      50 | consumed samples:         2880 | elapsed time per iteration (ms): 5170.1/5173.3 | compute per GPU (TFLOP/s/GPU): 1086.8 (avg 1086.1)  | tokens/s/GPU inst/harmonic mean: 25351.9/25336.3 | learning rate: 7.500000E-06 | global batch size:   160 | lm loss: 2.504258E+00 | loss scale: 1.0 | grad norm: 72.222 | number of skipped iterations:   0 | number of nan iterations:   0 | hip mem usage/free/total/usage_ratio: 132.99GB/155.00GB/287.98GB/46.18%  | rocm mem usage/free/total/usage_ratio: 0.28GB/287.71GB/287.98GB/0.10% | rank-3 rocm max mem usage/usage_ratio: 133.71GB/46.43%[0m
[[32m20260814 00:00:16[0m][[36mrank-4/5[0m][34m[1m[DEBUG]    [0m[34m[1m[---------------utils.py:429] : [2026-08-14 00:00:16.908180] iteration       18/      50 | consumed samples:         2880 | elapsed time per iteration (ms): 5170.1/5173.3 | compute per GPU (TFLOP/s/GPU): 1086.8 (avg 1086.1)  | tokens/s/GPU inst/harmonic mean: 25351.9/25336.3 | learning rate: 7.500000E-06 | global batch size:   160 | lm loss: 2.504258E+00 | loss scale: 1.0 | grad norm: 72.222 | number of skipped iterations:   0 | number of nan iterations:   0 | hip mem usage/free/total/usage_ratio: 132.99GB/155.00GB/287.98GB/46.18%  | rocm mem usage/free/total/usage_ratio: 0.28GB/287.71GB/287.98GB/0.10% | rank-3 rocm max mem usage/usage_ratio: 133.71GB/46.43%[0m
[[32m20260814 00:00:22[0m][[36mrank-4/5[0m][34m[1m[DEBUG]    [0m[34m[1m[---------------utils.py:425] : [2026-08-14 00:00:22.069048] iteration       19/      50 | consumed samples:         3040 | elapsed time per iteration (ms): 5160.8/5172.6 | compute per GPU (TFLOP/s/GPU): 1088.7 (avg 1086.3)  | tokens/s/GPU inst/harmonic mean: 25397.6/25339.9 | learning rate: 7.211443E-06 | global batch size:   160 | lm loss: 2.127629E+00 | loss scale: 1.0 | grad norm: 62.318 | number of skipped iterations:   0 | number of nan iterations:   0 | hip mem usage/free/total/usage_ratio: 132.99GB/155.00GB/287.98GB/46.18%  | rocm mem usage/free/total/usage_ratio: 0.28GB/287.71GB/287.98GB/0.10% | rank-3 rocm max mem usage/usage_ratio: 133.71GB/46.43%[0m
[[32m20260814 00:00:22[0m][[36mrank-4/5[0m][34m[1m[DEBUG]    [0m[34m[1m[---------------utils.py:429] : [2026-08-14 00:00:22.069048] iteration       19/      50 | consumed samples:         3040 | elapsed time per iteration (ms): 5160.8/5172.6 | compute per GPU (TFLOP/s/GPU): 1088.7 (avg 1086.3)  | tokens/s/GPU inst/harmonic mean: 25397.6/25339.9 | learning rate: 7.211443E-06 | global batch size:   160 | lm loss: 2.127629E+00 | loss scale: 1.0 | grad norm: 62.318 | number of skipped iterations:   0 | number of nan iterations:   0 | hip mem usage/free/total/usage_ratio: 132.99GB/155.00GB/287.98GB/46.18%  | rocm mem usage/free/total/usage_ratio: 0.28GB/287.71GB/287.98GB/0.10% | rank-3 rocm max mem usage/usage_ratio: 133.71GB/46.43%[0m
[[32m20260814 00:00:27[0m][[36mrank-4/5[0m][34m[1m[DEBUG]    [0m[34m[1m[---------------utils.py:425] : [2026-08-14 00:00:27.241584] iteration       20/      50 | consumed samples:         3200 | elapsed time per iteration (ms): 5172.4/5172.5 | compute per GPU (TFLOP/s/GPU): 1086.3 (avg 1086.3)  | tokens/s/GPU inst/harmonic mean: 25340.7/25339.9 | learning rate: 6.913417E-06 | global batch size:   160 | lm loss: 1.939059E+00 | loss scale: 1.0 | grad norm: 56.546 | number of skipped iterations:   0 | number of nan iterations:   0 | hip mem usage/free/total/usage_ratio: 132.99GB/155.00GB/287.98GB/46.18%  | rocm mem usage/free/total/usage_ratio: 0.28GB/287.71GB/287.98GB/0.10% | rank-3 rocm max mem usage/usage_ratio: 133.71GB/46.43%[0m
[[32m20260814 00:00:27[0m][[36mrank-4/5[0m][34m[1m[DEBUG]    [0m[34m[1m[---------------utils.py:429] : [2026-08-14 00:00:27.241584] iteration       20/      50 | consumed samples:         3200 | elapsed time per iteration (ms): 5172.4/5172.5 | compute per GPU (TFLOP/s/GPU): 1086.3 (avg 1086.3)  | tokens/s/GPU inst/harmonic mean: 25340.7/25339.9 | learning rate: 6.913417E-06 | global batch size:   160 | lm loss: 1.939059E+00 | loss scale: 1.0 | grad norm: 56.546 | number of skipped iterations:   0 | number of nan iterations:   0 | hip mem usage/free/total/usage_ratio: 132.99GB/155.00GB/287.98GB/46.18%  | rocm mem usage/free/total/usage_ratio: 0.28GB/287.71GB/287.98GB/0.10% | rank-3 rocm max mem usage/usage_ratio: 133.71GB/46.43%[0m
[[32m20260814 00:00:32[0m][[36mrank-4/5[0m][34m[1m[DEBUG]    [0m[34m[1m[---------------utils.py:425] : [2026-08-14 00:00:32.391300] iteration       21/      50 | consumed samples:         3360 | elapsed time per iteration (ms): 5149.6/5171.3 | compute per GPU (TFLOP/s/GPU): 1091.1 (avg 1086.5)  | tokens/s/GPU inst/harmonic mean: 25452.9/25345.8 | learning rate: 6.607197E-06 | global batch size:   160 | lm loss: 1.541593E+00 | loss scale: 1.0 | grad norm: 49.430 | number of skipped iterations:   0 | number of nan iterations:   0 | hip mem usage/free/total/usage_ratio: 132.99GB/155.00GB/287.98GB/46.18%  | rocm mem usage/free/total/usage_ratio: 0.28GB/287.71GB/287.98GB/0.10% | rank-3 rocm max mem usage/usage_ratio: 133.71GB/46.43%[0m
[[32m20260814 00:00:32[0m][[36mrank-4/5[0m][34m[1m[DEBUG]    [0m[34m[1m[---------------utils.py:429] : [2026-08-14 00:00:32.391300] iteration       21/      50 | consumed samples:         3360 | elapsed time per iteration (ms): 5149.6/5171.3 | compute per GPU (TFLOP/s/GPU): 1091.1 (avg 1086.5)  | tokens/s/GPU inst/harmonic mean: 25452.9/25345.8 | learning rate: 6.607197E-06 | global batch size:   160 | lm loss: 1.541593E+00 | loss scale: 1.0 | grad norm: 49.430 | number of skipped iterations:   0 | number of nan iterations:   0 | hip mem usage/free/total/usage_ratio: 132.99GB/155.00GB/287.98GB/46.18%  | rocm mem usage/free/total/usage_ratio: 0.28GB/287.71GB/287.98GB/0.10% | rank-3 rocm max mem usage/usage_ratio: 133.71GB/46.43%[0m
[[32m20260814 00:00:37[0m][[36mrank-4/5[0m][34m[1m[DEBUG]    [0m[34m[1m[---------------utils.py:425] : [2026-08-14 00:00:37.547554] iteration       22/      50 | consumed samples:         3520 | elapsed time per iteration (ms): 5156.2/5170.6 | compute per GPU (TFLOP/s/GPU): 1089.7 (avg 1086.7)  | tokens/s/GPU inst/harmonic mean: 25420.3/25349.5 | learning rate: 6.294095E-06 | global batch size:   160 | lm loss: 1.452418E+00 | loss scale: 1.0 | grad norm: 46.814 | number of skipped iterations:   0 | number of nan iterations:   0 | hip mem usage/free/total/usage_ratio: 132.99GB/155.00GB/287.98GB/46.18%  | rocm mem usage/free/total/usage_ratio: 0.28GB/287.71GB/287.98GB/0.10% | rank-3 rocm max mem usage/usage_ratio: 133.71GB/46.43%[0m
[[32m20260814 00:00:37[0m][[36mrank-4/5[0m][34m[1m[DEBUG]    [0m[34m[1m[---------------utils.py:429] : [2026-08-14 00:00:37.547554] iteration       22/      50 | consumed samples:         3520 | elapsed time per iteration (ms): 5156.2/5170.6 | compute per GPU (TFLOP/s/GPU): 1089.7 (avg 1086.7)  | tokens/s/GPU inst/harmonic mean: 25420.3/25349.5 | learning rate: 6.294095E-06 | global batch size:   160 | lm loss: 1.452418E+00 | loss scale: 1.0 | grad norm: 46.814 | number of skipped iterations:   0 | number of nan iterations:   0 | hip mem usage/free/total/usage_ratio: 132.99GB/155.00GB/287.98GB/46.18%  | rocm mem usage/free/total/usage_ratio: 0.28GB/287.71GB/287.98GB/0.10% | rank-3 rocm max mem usage/usage_ratio: 133.71GB/46.43%[0m
[[32m20260814 00:00:42[0m][[36mrank-4/5[0m][34m[1m[DEBUG]    [0m[34m[1m[---------------utils.py:425] : [2026-08-14 00:00:42.714485] iteration       23/      50 | consumed samples:         3680 | elapsed time per iteration (ms): 5166.9/5170.4 | compute per GPU (TFLOP/s/GPU): 1087.4 (avg 1086.7)  | tokens/s/GPU inst/harmonic mean: 25367.6/25350.4 | learning rate: 5.975452E-06 | global batch size:   160 | lm loss: 1.293001E+00 | loss scale: 1.0 | grad norm: 39.923 | number of skipped iterations:   0 | number of nan iterations:   0 | hip mem usage/free/total/usage_ratio: 132.99GB/155.00GB/287.98GB/46.18%  | rocm mem usage/free/total/usage_ratio: 0.28GB/287.71GB/287.98GB/0.10% | rank-3 rocm max mem usage/usage_ratio: 133.71GB/46.43%[0m
[[32m20260814 00:00:42[0m][[36mrank-4/5[0m][34m[1m[DEBUG]    [0m[34m[1m[---------------utils.py:429] : [2026-08-14 00:00:42.714485] iteration       23/      50 | consumed samples:         3680 | elapsed time per iteration (ms): 5166.9/5170.4 | compute per GPU (TFLOP/s/GPU): 1087.4 (avg 1086.7)  | tokens/s/GPU inst/harmonic mean: 25367.6/25350.4 | learning rate: 5.975452E-06 | global batch size:   160 | lm loss: 1.293001E+00 | loss scale: 1.0 | grad norm: 39.923 | number of skipped iterations:   0 | number of nan iterations:   0 | hip mem usage/free/total/usage_ratio: 132.99GB/155.00GB/287.98GB/46.18%  | rocm mem usage/free/total/usage_ratio: 0.28GB/287.71GB/287.98GB/0.10% | rank-3 rocm max mem usage/usage_ratio: 133.71GB/46.43%[0m
[[32m20260814 00:00:47[0m][[36mrank-4/5[0m][34m[1m[DEBUG]    [0m[34m[1m[---------------utils.py:425] : [2026-08-14 00:00:47.894204] iteration       24/      50 | consumed samples:         3840 | elapsed time per iteration (ms): 5179.6/5170.8 | compute per GPU (TFLOP/s/GPU): 1084.8 (avg 1086.6)  | tokens/s/GPU inst/harmonic mean: 25305.4/25348.4 | learning rate: 5.652631E-06 | global batch size:   160 | lm loss: 1.001097E+00 | loss scale: 1.0 | grad norm: 32.701 | number of skipped iterations:   0 | number of nan iterations:   0 | hip mem usage/free/total/usage_ratio: 132.99GB/155.00GB/287.98GB/46.18%  | rocm mem usage/free/total/usage_ratio: 0.28GB/287.71GB/287.98GB/0.10% | rank-3 rocm max mem usage/usage_ratio: 133.71GB/46.43%[0m
[[32m20260814 00:00:47[0m][[36mrank-4/5[0m][34m[1m[DEBUG]    [0m[34m[1m[---------------utils.py:429] : [2026-08-14 00:00:47.894204] iteration       24/      50 | consumed samples:         3840 | elapsed time per iteration (ms): 5179.6/5170.8 | compute per GPU (TFLOP/s/GPU): 1084.8 (avg 1086.6)  | tokens/s/GPU inst/harmonic mean: 25305.4/25348.4 | learning rate: 5.652631E-06 | global batch size:   160 | lm loss: 1.001097E+00 | loss scale: 1.0 | grad norm: 32.701 | number of skipped iterations:   0 | number of nan iterations:   0 | hip mem usage/free/total/usage_ratio: 132.99GB/155.00GB/287.98GB/46.18%  | rocm mem usage/free/total/usage_ratio: 0.28GB/287.71GB/287.98GB/0.10% | rank-3 rocm max mem usage/usage_ratio: 133.71GB/46.43%[0m
[[32m20260814 00:00:53[0m][[36mrank-4/5[0m][34m[1m[DEBUG]    [0m[34m[1m[---------------utils.py:425] : [2026-08-14 00:00:53.056023] iteration       25/      50 | consumed samples:         4000 | elapsed time per iteration (ms): 5161.7/5170.4 | compute per GPU (TFLOP/s/GPU): 1088.5 (avg 1086.7)  | tokens/s/GPU inst/harmonic mean: 25393.2/25350.3 | learning rate: 5.327016E-06 | global batch size:   160 | lm loss: 8.864214E-01 | loss scale: 1.0 | grad norm: 26.557 | number of skipped iterations:   0 | number of nan iterations:   0 | hip mem usage/free/total/usage_ratio: 132.99GB/155.00GB/287.98GB/46.18%  | rocm mem usage/free/total/usage_ratio: 0.28GB/287.71GB/287.98GB/0.10% | rank-3 rocm max mem usage/usage_ratio: 133.71GB/46.43%[0m
[[32m20260814 00:00:53[0m][[36mrank-4/5[0m][34m[1m[DEBUG]    [0m[34m[1m[---------------utils.py:429] : [2026-08-14 00:00:53.056023] iteration       25/      50 | consumed samples:         4000 | elapsed time per iteration (ms): 5161.7/5170.4 | compute per GPU (TFLOP/s/GPU): 1088.5 (avg 1086.7)  | tokens/s/GPU inst/harmonic mean: 25393.2/25350.3 | learning rate: 5.327016E-06 | global batch size:   160 | lm loss: 8.864214E-01 | loss scale: 1.0 | grad norm: 26.557 | number of skipped iterations:   0 | number of nan iterations:   0 | hip mem usage/free/total/usage_ratio: 132.99GB/155.00GB/287.98GB/46.18%  | rocm mem usage/free/total/usage_ratio: 0.28GB/287.71GB/287.98GB/0.10% | rank-3 rocm max mem usage/usage_ratio: 133.71GB/46.43%[0m
[[32m20260814 00:00:58[0m][[36mrank-4/5[0m][34m[1m[DEBUG]    [0m[34m[1m[---------------utils.py:425] : [2026-08-14 00:00:58.219639] iteration       26/      50 | consumed samples:         4160 | elapsed time per iteration (ms): 5163.5/5170.1 | compute per GPU (TFLOP/s/GPU): 1088.2 (avg 1086.8)  | tokens/s/GPU inst/harmonic mean: 25384.3/25351.7 | learning rate: 5.000000E-06 | global batch size:   160 | lm loss: 7.546223E-01 | loss scale: 1.0 | grad norm: 25.511 | number of skipped iterations:   0 | number of nan iterations:   0 | hip mem usage/free/total/usage_ratio: 132.99GB/155.00GB/287.98GB/46.18%  | rocm mem usage/free/total/usage_ratio: 0.28GB/287.71GB/287.98GB/0.10% | rank-3 rocm max mem usage/usage_ratio: 133.71GB/46.43%[0m
[[32m20260814 00:00:58[0m][[36mrank-4/5[0m][34m[1m[DEBUG]    [0m[34m[1m[---------------utils.py:429] : [2026-08-14 00:00:58.219639] iteration       26/      50 | consumed samples:         4160 | elapsed time per iteration (ms): 5163.5/5170.1 | compute per GPU (TFLOP/s/GPU): 1088.2 (avg 1086.8)  | tokens/s/GPU inst/harmonic mean: 25384.3/25351.7 | learning rate: 5.000000E-06 | global batch size:   160 | lm loss: 7.546223E-01 | loss scale: 1.0 | grad norm: 25.511 | number of skipped iterations:   0 | number of nan iterations:   0 | hip mem usage/free/total/usage_ratio: 132.99GB/155.00GB/287.98GB/46.18%  | rocm mem usage/free/total/usage_ratio: 0.28GB/287.71GB/287.98GB/0.10% | rank-3 rocm max mem usage/usage_ratio: 133.71GB/46.43%[0m
[[32m20260814 00:01:03[0m][[36mrank-4/5[0m][34m[1m[DEBUG]    [0m[34m[1m[---------------utils.py:425] : [2026-08-14 00:01:03.391715] iteration       27/      50 | consumed samples:         4320 | elapsed time per iteration (ms): 5172.0/5170.2 | compute per GPU (TFLOP/s/GPU): 1086.4 (avg 1086.8)  | tokens/s/GPU inst/harmonic mean: 25342.6/25351.4 | learning rate: 4.672984E-06 | global batch size:   160 | lm loss: 8.279057E-01 | loss scale: 1.0 | grad norm: 24.546 | number of skipped iterations:   0 | number of nan iterations:   0 | hip mem usage/free/total/usage_ratio: 132.99GB/155.00GB/287.98GB/46.18%  | rocm mem usage/free/total/usage_ratio: 0.28GB/287.71GB/287.98GB/0.10% | rank-3 rocm max mem usage/usage_ratio: 133.71GB/46.43%[0m
[[32m20260814 00:01:03[0m][[36mrank-4/5[0m][34m[1m[DEBUG]    [0m[34m[1m[---------------utils.py:429] : [2026-08-14 00:01:03.391715] iteration       27/      50 | consumed samples:         4320 | elapsed time per iteration (ms): 5172.0/5170.2 | compute per GPU (TFLOP/s/GPU): 1086.4 (avg 1086.8)  | tokens/s/GPU inst/harmonic mean: 25342.6/25351.4 | learning rate: 4.672984E-06 | global batch size:   160 | lm loss: 8.279057E-01 | loss scale: 1.0 | grad norm: 24.546 | number of skipped iterations:   0 | number of nan iterations:   0 | hip mem usage/free/total/usage_ratio: 132.99GB/155.00GB/287.98GB/46.18%  | rocm mem usage/free/total/usage_ratio: 0.28GB/287.71GB/287.98GB/0.10% | rank-3 rocm max mem usage/usage_ratio: 133.71GB/46.43%[0m
[[32m20260814 00:01:08[0m][[36mrank-4/5[0m][34m[1m[DEBUG]    [0m[34m[1m[---------------utils.py:425] : [2026-08-14 00:01:08.571887] iteration       28/      50 | consumed samples:         4480 | elapsed time per iteration (ms): 5180.1/5170.6 | compute per GPU (TFLOP/s/GPU): 1084.7 (avg 1086.7)  | tokens/s/GPU inst/harmonic mean: 25303.0/25349.5 | learning rate: 4.347369E-06 | global batch size:   160 | lm loss: 6.551120E-01 | loss scale: 1.0 | grad norm: 18.519 | number of skipped iterations:   0 | number of nan iterations:   0 | hip mem usage/free/total/usage_ratio: 132.99GB/155.00GB/287.98GB/46.18%  | rocm mem usage/free/total/usage_ratio: 0.28GB/287.71GB/287.98GB/0.10% | rank-3 rocm max mem usage/usage_ratio: 133.71GB/46.43%[0m
[[32m20260814 00:01:08[0m][[36mrank-4/5[0m][34m[1m[DEBUG]    [0m[34m[1m[---------------utils.py:429] : [2026-08-14 00:01:08.571887] iteration       28/      50 | consumed samples:         4480 | elapsed time per iteration (ms): 5180.1/5170.6 | compute per GPU (TFLOP/s/GPU): 1084.7 (avg 1086.7)  | tokens/s/GPU inst/harmonic mean: 25303.0/25349.5 | learning rate: 4.347369E-06 | global batch size:   160 | lm loss: 6.551120E-01 | loss scale: 1.0 | grad norm: 18.519 | number of skipped iterations:   0 | number of nan iterations:   0 | hip mem usage/free/total/usage_ratio: 132.99GB/155.00GB/287.98GB/46.18%  | rocm mem usage/free/total/usage_ratio: 0.28GB/287.71GB/287.98GB/0.10% | rank-3 rocm max mem usage/usage_ratio: 133.71GB/46.43%[0m
[[32m20260814 00:01:13[0m][[36mrank-4/5[0m][34m[1m[DEBUG]    [0m[34m[1m[---------------utils.py:425] : [2026-08-14 00:01:13.725964] iteration       29/      50 | consumed samples:         4640 | elapsed time per iteration (ms): 5154.0/5170.0 | compute per GPU (TFLOP/s/GPU): 1090.2 (avg 1086.8)  | tokens/s/GPU inst/harmonic mean: 25431.1/25352.5 | learning rate: 4.024548E-06 | global batch size:   160 | lm loss: 5.475910E-01 | loss scale: 1.0 | grad norm: 14.663 | number of skipped iterations:   0 | number of nan iterations:   0 | hip mem usage/free/total/usage_ratio: 132.99GB/155.00GB/287.98GB/46.18%  | rocm mem usage/free/total/usage_ratio: 0.28GB/287.71GB/287.98GB/0.10% | rank-3 rocm max mem usage/usage_ratio: 133.71GB/46.43%[0m
[[32m20260814 00:01:13[0m][[36mrank-4/5[0m][34m[1m[DEBUG]    [0m[34m[1m[---------------utils.py:429] : [2026-08-14 00:01:13.725964] iteration       29/      50 | consumed samples:         4640 | elapsed time per iteration (ms): 5154.0/5170.0 | compute per GPU (TFLOP/s/GPU): 1090.2 (avg 1086.8)  | tokens/s/GPU inst/harmonic mean: 25431.1/25352.5 | learning rate: 4.024548E-06 | global batch size:   160 | lm loss: 5.475910E-01 | loss scale: 1.0 | grad norm: 14.663 | number of skipped iterations:   0 | number of nan iterations:   0 | hip mem usage/free/total/usage_ratio: 132.99GB/155.00GB/287.98GB/46.18%  | rocm mem usage/free/total/usage_ratio: 0.28GB/287.71GB/287.98GB/0.10% | rank-3 rocm max mem usage/usage_ratio: 133.71GB/46.43%[0m
[[32m20260814 00:01:18[0m][[36mrank-4/5[0m][34m[1m[DEBUG]    [0m[34m[1m[---------------utils.py:425] : [2026-08-14 00:01:18.892310] iteration       30/      50 | consumed samples:         4800 | elapsed time per iteration (ms): 5166.2/5169.8 | compute per GPU (TFLOP/s/GPU): 1087.6 (avg 1086.8)  | tokens/s/GPU inst/harmonic mean: 25371.1/25353.2 | learning rate: 3.705905E-06 | global batch size:   160 | lm loss: 5.523065E-01 | loss scale: 1.0 | grad norm: 13.543 | number of skipped iterations:   0 | number of nan iterations:   0 | hip mem usage/free/total/usage_ratio: 132.99GB/155.00GB/287.98GB/46.18%  | rocm mem usage/free/total/usage_ratio: 0.28GB/287.71GB/287.98GB/0.10% | rank-3 rocm max mem usage/usage_ratio: 133.71GB/46.43%[0m
[[32m20260814 00:01:18[0m][[36mrank-4/5[0m][34m[1m[DEBUG]    [0m[34m[1m[---------------utils.py:429] : [2026-08-14 00:01:18.892310] iteration       30/      50 | consumed samples:         4800 | elapsed time per iteration (ms): 5166.2/5169.8 | compute per GPU (TFLOP/s/GPU): 1087.6 (avg 1086.8)  | tokens/s/GPU inst/harmonic mean: 25371.1/25353.2 | learning rate: 3.705905E-06 | global batch size:   160 | lm loss: 5.523065E-01 | loss scale: 1.0 | grad norm: 13.543 | number of skipped iterations:   0 | number of nan iterations:   0 | hip mem usage/free/total/usage_ratio: 132.99GB/155.00GB/287.98GB/46.18%  | rocm mem usage/free/total/usage_ratio: 0.28GB/287.71GB/287.98GB/0.10% | rank-3 rocm max mem usage/usage_ratio: 133.71GB/46.43%[0m
[[32m20260814 00:01:24[0m][[36mrank-4/5[0m][34m[1m[DEBUG]    [0m[34m[1m[---------------utils.py:425] : [2026-08-14 00:01:24.074905] iteration       31/      50 | consumed samples:         4960 | elapsed time per iteration (ms): 5182.5/5170.3 | compute per GPU (TFLOP/s/GPU): 1084.2 (avg 1086.8)  | tokens/s/GPU inst/harmonic mean: 25291.3/25351.0 | learning rate: 3.392803E-06 | global batch size:   160 | lm loss: 5.906945E-01 | loss scale: 1.0 | grad norm: 12.919 | number of skipped iterations:   0 | number of nan iterations:   0 | hip mem usage/free/total/usage_ratio: 132.99GB/155.00GB/287.98GB/46.18%  | rocm mem usage/free/total/usage_ratio: 0.28GB/287.71GB/287.98GB/0.10% | rank-3 rocm max mem usage/usage_ratio: 133.71GB/46.43%[0m
[[32m20260814 00:01:24[0m][[36mrank-4/5[0m][34m[1m[DEBUG]    [0m[34m[1m[---------------utils.py:429] : [2026-08-14 00:01:24.074905] iteration       31/      50 | consumed samples:         4960 | elapsed time per iteration (ms): 5182.5/5170.3 | compute per GPU (TFLOP/s/GPU): 1084.2 (avg 1086.8)  | tokens/s/GPU inst/harmonic mean: 25291.3/25351.0 | learning rate: 3.392803E-06 | global batch size:   160 | lm loss: 5.906945E-01 | loss scale: 1.0 | grad norm: 12.919 | number of skipped iterations:   0 | number of nan iterations:   0 | hip mem usage/free/total/usage_ratio: 132.99GB/155.00GB/287.98GB/46.18%  | rocm mem usage/free/total/usage_ratio: 0.28GB/287.71GB/287.98GB/0.10% | rank-3 rocm max mem usage/usage_ratio: 133.71GB/46.43%[0m
[[32m20260814 00:01:29[0m][[36mrank-4/5[0m][34m[1m[DEBUG]    [0m[34m[1m[---------------utils.py:425] : [2026-08-14 00:01:29.228355] iteration       32/      50 | consumed samples:         5120 | elapsed time per iteration (ms): 5153.4/5169.7 | compute per GPU (TFLOP/s/GPU): 1090.3 (avg 1086.9)  | tokens/s/GPU inst/harmonic mean: 25434.1/25353.8 | learning rate: 3.086583E-06 | global batch size:   160 | lm loss: 4.830428E-01 | loss scale: 1.0 | grad norm: 12.168 | number of skipped iterations:   0 | number of nan iterations:   0 | hip mem usage/free/total/usage_ratio: 132.99GB/155.00GB/287.98GB/46.18%  | rocm mem usage/free/total/usage_ratio: 0.28GB/287.71GB/287.98GB/0.10% | rank-3 rocm max mem usage/usage_ratio: 133.71GB/46.43%[0m
[[32m20260814 00:01:29[0m][[36mrank-4/5[0m][34m[1m[DEBUG]    [0m[34m[1m[---------------utils.py:429] : [2026-08-14 00:01:29.228355] iteration       32/      50 | consumed samples:         5120 | elapsed time per iteration (ms): 5153.4/5169.7 | compute per GPU (TFLOP/s/GPU): 1090.3 (avg 1086.9)  | tokens/s/GPU inst/harmonic mean: 25434.1/25353.8 | learning rate: 3.086583E-06 | global batch size:   160 | lm loss: 4.830428E-01 | loss scale: 1.0 | grad norm: 12.168 | number of skipped iterations:   0 | number of nan iterations:   0 | hip mem usage/free/total/usage_ratio: 132.99GB/155.00GB/287.98GB/46.18%  | rocm mem usage/free/total/usage_ratio: 0.28GB/287.71GB/287.98GB/0.10% | rank-3 rocm max mem usage/usage_ratio: 133.71GB/46.43%[0m
[[32m20260814 00:01:34[0m][[36mrank-4/5[0m][34m[1m[DEBUG]    [0m[34m[1m[---------------utils.py:425] : [2026-08-14 00:01:34.416421] iteration       33/      50 | consumed samples:         5280 | elapsed time per iteration (ms): 5188.0/5170.3 | compute per GPU (TFLOP/s/GPU): 1083.0 (avg 1086.7)  | tokens/s/GPU inst/harmonic mean: 25264.5/25350.9 | learning rate: 2.788557E-06 | global batch size:   160 | lm loss: 4.427267E-01 | loss scale: 1.0 | grad norm: 10.350 | number of skipped iterations:   0 | number of nan iterations:   0 | hip mem usage/free/total/usage_ratio: 132.99GB/155.00GB/287.98GB/46.18%  | rocm mem usage/free/total/usage_ratio: 0.28GB/287.71GB/287.98GB/0.10% | rank-3 rocm max mem usage/usage_ratio: 133.71GB/46.43%[0m
[[32m20260814 00:01:34[0m][[36mrank-4/5[0m][34m[1m[DEBUG]    [0m[34m[1m[---------------utils.py:429] : [2026-08-14 00:01:34.416421] iteration       33/      50 | consumed samples:         5280 | elapsed time per iteration (ms): 5188.0/5170.3 | compute per GPU (TFLOP/s/GPU): 1083.0 (avg 1086.7)  | tokens/s/GPU inst/harmonic mean: 25264.5/25350.9 | learning rate: 2.788557E-06 | global batch size:   160 | lm loss: 4.427267E-01 | loss scale: 1.0 | grad norm: 10.350 | number of skipped iterations:   0 | number of nan iterations:   0 | hip mem usage/free/total/usage_ratio: 132.99GB/155.00GB/287.98GB/46.18%  | rocm mem usage/free/total/usage_ratio: 0.28GB/287.71GB/287.98GB/0.10% | rank-3 rocm max mem usage/usage_ratio: 133.71GB/46.43%[0m
[[32m20260814 00:01:39[0m][[36mrank-4/5[0m][34m[1m[DEBUG]    [0m[34m[1m[---------------utils.py:425] : [2026-08-14 00:01:39.576916] iteration       34/      50 | consumed samples:         5440 | elapsed time per iteration (ms): 5160.4/5170.0 | compute per GPU (TFLOP/s/GPU): 1088.8 (avg 1086.8)  | tokens/s/GPU inst/harmonic mean: 25399.6/25352.4 | learning rate: 2.500000E-06 | global batch size:   160 | lm loss: 3.494756E-01 | loss scale: 1.0 | grad norm: 7.914 | number of skipped iterations:   0 | number of nan iterations:   0 | hip mem usage/free/total/usage_ratio: 132.99GB/155.00GB/287.98GB/46.18%  | rocm mem usage/free/total/usage_ratio: 0.28GB/287.71GB/287.98GB/0.10% | rank-3 rocm max mem usage/usage_ratio: 133.71GB/46.43%[0m
[[32m20260814 00:01:39[0m][[36mrank-4/5[0m][34m[1m[DEBUG]    [0m[34m[1m[---------------utils.py:429] : [2026-08-14 00:01:39.576916] iteration       34/      50 | consumed samples:         5440 | elapsed time per iteration (ms): 5160.4/5170.0 | compute per GPU (TFLOP/s/GPU): 1088.8 (avg 1086.8)  | tokens/s/GPU inst/harmonic mean: 25399.6/25352.4 | learning rate: 2.500000E-06 | global batch size:   160 | lm loss: 3.494756E-01 | loss scale: 1.0 | grad norm: 7.914 | number of skipped iterations:   0 | number of nan iterations:   0 | hip mem usage/free/total/usage_ratio: 132.99GB/155.00GB/287.98GB/46.18%  | rocm mem usage/free/total/usage_ratio: 0.28GB/287.71GB/287.98GB/0.10% | rank-3 rocm max mem usage/usage_ratio: 133.71GB/46.43%[0m
[[32m20260814 00:01:44[0m][[36mrank-4/5[0m][34m[1m[DEBUG]    [0m[34m[1m[---------------utils.py:425] : [2026-08-14 00:01:44.758835] iteration       35/      50 | consumed samples:         5600 | elapsed time per iteration (ms): 5181.9/5170.4 | compute per GPU (TFLOP/s/GPU): 1084.3 (avg 1086.7)  | tokens/s/GPU inst/harmonic mean: 25294.2/25350.6 | learning rate: 2.222149E-06 | global batch size:   160 | lm loss: 3.412494E-01 | loss scale: 1.0 | grad norm: 7.230 | number of skipped iterations:   0 | number of nan iterations:   0 | hip mem usage/free/total/usage_ratio: 132.99GB/155.00GB/287.98GB/46.18%  | rocm mem usage/free/total/usage_ratio: 0.28GB/287.71GB/287.98GB/0.10% | rank-3 rocm max mem usage/usage_ratio: 133.71GB/46.43%[0m
[[32m20260814 00:01:44[0m][[36mrank-4/5[0m][34m[1m[DEBUG]    [0m[34m[1m[---------------utils.py:429] : [2026-08-14 00:01:44.758835] iteration       35/      50 | consumed samples:         5600 | elapsed time per iteration (ms): 5181.9/5170.4 | compute per GPU (TFLOP/s/GPU): 1084.3 (avg 1086.7)  | tokens/s/GPU inst/harmonic mean: 25294.2/25350.6 | learning rate: 2.222149E-06 | global batch size:   160 | lm loss: 3.412494E-01 | loss scale: 1.0 | grad norm: 7.230 | number of skipped iterations:   0 | number of nan iterations:   0 | hip mem usage/free/total/usage_ratio: 132.99GB/155.00GB/287.98GB/46.18%  | rocm mem usage/free/total/usage_ratio: 0.28GB/287.71GB/287.98GB/0.10% | rank-3 rocm max mem usage/usage_ratio: 133.71GB/46.43%[0m
[[32m20260814 00:01:49[0m][[36mrank-4/5[0m][34m[1m[DEBUG]    [0m[34m[1m[---------------utils.py:425] : [2026-08-14 00:01:49.929487] iteration       36/      50 | consumed samples:         5760 | elapsed time per iteration (ms): 5170.6/5170.4 | compute per GPU (TFLOP/s/GPU): 1086.7 (avg 1086.7)  | tokens/s/GPU inst/harmonic mean: 25349.5/25350.6 | learning rate: 1.956193E-06 | global batch size:   160 | lm loss: 3.013587E-01 | loss scale: 1.0 | grad norm: 6.372 | number of skipped iterations:   0 | number of nan iterations:   0 | hip mem usage/free/total/usage_ratio: 132.99GB/155.00GB/287.98GB/46.18%  | rocm mem usage/free/total/usage_ratio: 0.28GB/287.71GB/287.98GB/0.10% | rank-3 rocm max mem usage/usage_ratio: 133.71GB/46.43%[0m
[[32m20260814 00:01:49[0m][[36mrank-4/5[0m][34m[1m[DEBUG]    [0m[34m[1m[---------------utils.py:429] : [2026-08-14 00:01:49.929487] iteration       36/      50 | consumed samples:         5760 | elapsed time per iteration (ms): 5170.6/5170.4 | compute per GPU (TFLOP/s/GPU): 1086.7 (avg 1086.7)  | tokens/s/GPU inst/harmonic mean: 25349.5/25350.6 | learning rate: 1.956193E-06 | global batch size:   160 | lm loss: 3.013587E-01 | loss scale: 1.0 | grad norm: 6.372 | number of skipped iterations:   0 | number of nan iterations:   0 | hip mem usage/free/total/usage_ratio: 132.99GB/155.00GB/287.98GB/46.18%  | rocm mem usage/free/total/usage_ratio: 0.28GB/287.71GB/287.98GB/0.10% | rank-3 rocm max mem usage/usage_ratio: 133.71GB/46.43%[0m
[[32m20260814 00:01:55[0m][[36mrank-4/5[0m][34m[1m[DEBUG]    [0m[34m[1m[---------------utils.py:425] : [2026-08-14 00:01:55.085076] iteration       37/      50 | consumed samples:         5920 | elapsed time per iteration (ms): 5155.5/5169.9 | compute per GPU (TFLOP/s/GPU): 1089.8 (avg 1086.8)  | tokens/s/GPU inst/harmonic mean: 25423.7/25352.7 | learning rate: 1.703271E-06 | global batch size:   160 | lm loss: 2.849097E-01 | loss scale: 1.0 | grad norm: 5.172 | number of skipped iterations:   0 | number of nan iterations:   0 | hip mem usage/free/total/usage_ratio: 132.99GB/155.00GB/287.98GB/46.18%  | rocm mem usage/free/total/usage_ratio: 0.28GB/287.71GB/287.98GB/0.10% | rank-3 rocm max mem usage/usage_ratio: 133.71GB/46.43%[0m
[[32m20260814 00:01:55[0m][[36mrank-4/5[0m][34m[1m[DEBUG]    [0m[34m[1m[---------------utils.py:429] : [2026-08-14 00:01:55.085076] iteration       37/      50 | consumed samples:         5920 | elapsed time per iteration (ms): 5155.5/5169.9 | compute per GPU (TFLOP/s/GPU): 1089.8 (avg 1086.8)  | tokens/s/GPU inst/harmonic mean: 25423.7/25352.7 | learning rate: 1.703271E-06 | global batch size:   160 | lm loss: 2.849097E-01 | loss scale: 1.0 | grad norm: 5.172 | number of skipped iterations:   0 | number of nan iterations:   0 | hip mem usage/free/total/usage_ratio: 132.99GB/155.00GB/287.98GB/46.18%  | rocm mem usage/free/total/usage_ratio: 0.28GB/287.71GB/287.98GB/0.10% | rank-3 rocm max mem usage/usage_ratio: 133.71GB/46.43%[0m
[[32m20260814 00:02:00[0m][[36mrank-4/5[0m][34m[1m[DEBUG]    [0m[34m[1m[---------------utils.py:425] : [2026-08-14 00:02:00.241625] iteration       38/      50 | consumed samples:         6080 | elapsed time per iteration (ms): 5156.5/5169.6 | compute per GPU (TFLOP/s/GPU): 1089.6 (avg 1086.9)  | tokens/s/GPU inst/harmonic mean: 25418.8/25354.5 | learning rate: 1.464466E-06 | global batch size:   160 | lm loss: 2.968060E-01 | loss scale: 1.0 | grad norm: 5.784 | number of skipped iterations:   0 | number of nan iterations:   0 | hip mem usage/free/total/usage_ratio: 132.99GB/155.00GB/287.98GB/46.18%  | rocm mem usage/free/total/usage_ratio: 0.28GB/287.71GB/287.98GB/0.10% | rank-3 rocm max mem usage/usage_ratio: 133.71GB/46.43%[0m
[[32m20260814 00:02:00[0m][[36mrank-4/5[0m][34m[1m[DEBUG]    [0m[34m[1m[---------------utils.py:429] : [2026-08-14 00:02:00.241625] iteration       38/      50 | consumed samples:         6080 | elapsed time per iteration (ms): 5156.5/5169.6 | compute per GPU (TFLOP/s/GPU): 1089.6 (avg 1086.9)  | tokens/s/GPU inst/harmonic mean: 25418.8/25354.5 | learning rate: 1.464466E-06 | global batch size:   160 | lm loss: 2.968060E-01 | loss scale: 1.0 | grad norm: 5.784 | number of skipped iterations:   0 | number of nan iterations:   0 | hip mem usage/free/total/usage_ratio: 132.99GB/155.00GB/287.98GB/46.18%  | rocm mem usage/free/total/usage_ratio: 0.28GB/287.71GB/287.98GB/0.10% | rank-3 rocm max mem usage/usage_ratio: 133.71GB/46.43%[0m
[[32m20260814 00:02:05[0m][[36mrank-4/5[0m][34m[1m[DEBUG]    [0m[34m[1m[---------------utils.py:425] : [2026-08-14 00:02:05.398238] iteration       39/      50 | consumed samples:         6240 | elapsed time per iteration (ms): 5156.6/5169.2 | compute per GPU (TFLOP/s/GPU): 1089.6 (avg 1087.0)  | tokens/s/GPU inst/harmonic mean: 25418.3/25356.2 | learning rate: 1.240801E-06 | global batch size:   160 | lm loss: 2.669933E-01 | loss scale: 1.0 | grad norm: 4.956 | number of skipped iterations:   0 | number of nan iterations:   0 | hip mem usage/free/total/usage_ratio: 132.99GB/155.00GB/287.98GB/46.18%  | rocm mem usage/free/total/usage_ratio: 0.28GB/287.71GB/287.98GB/0.10% | rank-3 rocm max mem usage/usage_ratio: 133.71GB/46.43%[0m
[[32m20260814 00:02:05[0m][[36mrank-4/5[0m][34m[1m[DEBUG]    [0m[34m[1m[---------------utils.py:429] : [2026-08-14 00:02:05.398238] iteration       39/      50 | consumed samples:         6240 | elapsed time per iteration (ms): 5156.6/5169.2 | compute per GPU (TFLOP/s/GPU): 1089.6 (avg 1087.0)  | tokens/s/GPU inst/harmonic mean: 25418.3/25356.2 | learning rate: 1.240801E-06 | global batch size:   160 | lm loss: 2.669933E-01 | loss scale: 1.0 | grad norm: 4.956 | number of skipped iterations:   0 | number of nan iterations:   0 | hip mem usage/free/total/usage_ratio: 132.99GB/155.00GB/287.98GB/46.18%  | rocm mem usage/free/total/usage_ratio: 0.28GB/287.71GB/287.98GB/0.10% | rank-3 rocm max mem usage/usage_ratio: 133.71GB/46.43%[0m
[[32m20260814 00:02:10[0m][[36mrank-4/5[0m][34m[1m[DEBUG]    [0m[34m[1m[---------------utils.py:425] : [2026-08-14 00:02:10.546743] iteration       40/      50 | consumed samples:         6400 | elapsed time per iteration (ms): 5148.4/5168.7 | compute per GPU (TFLOP/s/GPU): 1091.3 (avg 1087.1)  | tokens/s/GPU inst/harmonic mean: 25458.8/25358.9 | learning rate: 1.033233E-06 | global batch size:   160 | lm loss: 2.666937E-01 | loss scale: 1.0 | grad norm: 4.628 | number of skipped iterations:   0 | number of nan iterations:   0 | hip mem usage/free/total/usage_ratio: 132.99GB/155.00GB/287.98GB/46.18%  | rocm mem usage/free/total/usage_ratio: 0.28GB/287.71GB/287.98GB/0.10% | rank-3 rocm max mem usage/usage_ratio: 133.71GB/46.43%[0m
[[32m20260814 00:02:10[0m][[36mrank-4/5[0m][34m[1m[DEBUG]    [0m[34m[1m[---------------utils.py:429] : [2026-08-14 00:02:10.546743] iteration       40/      50 | consumed samples:         6400 | elapsed time per iteration (ms): 5148.4/5168.7 | compute per GPU (TFLOP/s/GPU): 1091.3 (avg 1087.1)  | tokens/s/GPU inst/harmonic mean: 25458.8/25358.9 | learning rate: 1.033233E-06 | global batch size:   160 | lm loss: 2.666937E-01 | loss scale: 1.0 | grad norm: 4.628 | number of skipped iterations:   0 | number of nan iterations:   0 | hip mem usage/free/total/usage_ratio: 132.99GB/155.00GB/287.98GB/46.18%  | rocm mem usage/free/total/usage_ratio: 0.28GB/287.71GB/287.98GB/0.10% | rank-3 rocm max mem usage/usage_ratio: 133.71GB/46.43%[0m
[[32m20260814 00:02:15[0m][[36mrank-4/5[0m][34m[1m[DEBUG]    [0m[34m[1m[---------------utils.py:425] : [2026-08-14 00:02:15.689545] iteration       41/      50 | consumed samples:         6560 | elapsed time per iteration (ms): 5142.7/5168.0 | compute per GPU (TFLOP/s/GPU): 1092.5 (avg 1087.2)  | tokens/s/GPU inst/harmonic mean: 25487.0/25362.2 | learning rate: 8.426519E-07 | global batch size:   160 | lm loss: 2.408035E-01 | loss scale: 1.0 | grad norm: 4.222 | number of skipped iterations:   0 | number of nan iterations:   0 | hip mem usage/free/total/usage_ratio: 132.99GB/155.00GB/287.98GB/46.18%  | rocm mem usage/free/total/usage_ratio: 0.28GB/287.71GB/287.98GB/0.10% | rank-3 rocm max mem usage/usage_ratio: 133.71GB/46.43%[0m
[[32m20260814 00:02:15[0m][[36mrank-4/5[0m][34m[1m[DEBUG]    [0m[34m[1m[---------------utils.py:429] : [2026-08-14 00:02:15.689545] iteration       41/      50 | consumed samples:         6560 | elapsed time per iteration (ms): 5142.7/5168.0 | compute per GPU (TFLOP/s/GPU): 1092.5 (avg 1087.2)  | tokens/s/GPU inst/harmonic mean: 25487.0/25362.2 | learning rate: 8.426519E-07 | global batch size:   160 | lm loss: 2.408035E-01 | loss scale: 1.0 | grad norm: 4.222 | number of skipped iterations:   0 | number of nan iterations:   0 | hip mem usage/free/total/usage_ratio: 132.99GB/155.00GB/287.98GB/46.18%  | rocm mem usage/free/total/usage_ratio: 0.28GB/287.71GB/287.98GB/0.10% | rank-3 rocm max mem usage/usage_ratio: 133.71GB/46.43%[0m
[[32m20260814 00:02:20[0m][[36mrank-4/5[0m][34m[1m[DEBUG]    [0m[34m[1m[---------------utils.py:425] : [2026-08-14 00:02:20.838714] iteration       42/      50 | consumed samples:         6720 | elapsed time per iteration (ms): 5149.1/5167.5 | compute per GPU (TFLOP/s/GPU): 1091.2 (avg 1087.3)  | tokens/s/GPU inst/harmonic mean: 25455.3/25364.5 | learning rate: 6.698730E-07 | global batch size:   160 | lm loss: 2.251493E-01 | loss scale: 1.0 | grad norm: 4.276 | number of skipped iterations:   0 | number of nan iterations:   0 | hip mem usage/free/total/usage_ratio: 132.99GB/155.00GB/287.98GB/46.18%  | rocm mem usage/free/total/usage_ratio: 0.28GB/287.71GB/287.98GB/0.10% | rank-3 rocm max mem usage/usage_ratio: 133.71GB/46.43%[0m
[[32m20260814 00:02:20[0m][[36mrank-4/5[0m][34m[1m[DEBUG]    [0m[34m[1m[---------------utils.py:429] : [2026-08-14 00:02:20.838714] iteration       42/      50 | consumed samples:         6720 | elapsed time per iteration (ms): 5149.1/5167.5 | compute per GPU (TFLOP/s/GPU): 1091.2 (avg 1087.3)  | tokens/s/GPU inst/harmonic mean: 25455.3/25364.5 | learning rate: 6.698730E-07 | global batch size:   160 | lm loss: 2.251493E-01 | loss scale: 1.0 | grad norm: 4.276 | number of skipped iterations:   0 | number of nan iterations:   0 | hip mem usage/free/total/usage_ratio: 132.99GB/155.00GB/287.98GB/46.18%  | rocm mem usage/free/total/usage_ratio: 0.28GB/287.71GB/287.98GB/0.10% | rank-3 rocm max mem usage/usage_ratio: 133.71GB/46.43%[0m
[[32m20260814 00:02:25[0m][[36mrank-4/5[0m][34m[1m[DEBUG]    [0m[34m[1m[---------------utils.py:425] : [2026-08-14 00:02:25.995199] iteration       43/      50 | consumed samples:         6880 | elapsed time per iteration (ms): 5156.4/5167.3 | compute per GPU (TFLOP/s/GPU): 1089.6 (avg 1087.4)  | tokens/s/GPU inst/harmonic mean: 25419.3/25365.9 | learning rate: 5.156363E-07 | global batch size:   160 | lm loss: 2.336198E-01 | loss scale: 1.0 | grad norm: 3.627 | number of skipped iterations:   0 | number of nan iterations:   0 | hip mem usage/free/total/usage_ratio: 132.99GB/155.00GB/287.98GB/46.18%  | rocm mem usage/free/total/usage_ratio: 0.28GB/287.71GB/287.98GB/0.10% | rank-3 rocm max mem usage/usage_ratio: 133.71GB/46.43%[0m
[[32m20260814 00:02:25[0m][[36mrank-4/5[0m][34m[1m[DEBUG]    [0m[34m[1m[---------------utils.py:429] : [2026-08-14 00:02:25.995199] iteration       43/      50 | consumed samples:         6880 | elapsed time per iteration (ms): 5156.4/5167.3 | compute per GPU (TFLOP/s/GPU): 1089.6 (avg 1087.4)  | tokens/s/GPU inst/harmonic mean: 25419.3/25365.9 | learning rate: 5.156363E-07 | global batch size:   160 | lm loss: 2.336198E-01 | loss scale: 1.0 | grad norm: 3.627 | number of skipped iterations:   0 | number of nan iterations:   0 | hip mem usage/free/total/usage_ratio: 132.99GB/155.00GB/287.98GB/46.18%  | rocm mem usage/free/total/usage_ratio: 0.28GB/287.71GB/287.98GB/0.10% | rank-3 rocm max mem usage/usage_ratio: 133.71GB/46.43%[0m
[[32m20260814 00:02:31[0m][[36mrank-4/5[0m][34m[1m[DEBUG]    [0m[34m[1m[---------------utils.py:425] : [2026-08-14 00:02:31.148708] iteration       44/      50 | consumed samples:         7040 | elapsed time per iteration (ms): 5153.4/5166.9 | compute per GPU (TFLOP/s/GPU): 1090.3 (avg 1087.5)  | tokens/s/GPU inst/harmonic mean: 25434.1/25367.5 | learning rate: 3.806023E-07 | global batch size:   160 | lm loss: 2.139563E-01 | loss scale: 1.0 | grad norm: 3.288 | number of skipped iterations:   0 | number of nan iterations:   0 | hip mem usage/free/total/usage_ratio: 132.99GB/155.00GB/287.98GB/46.18%  | rocm mem usage/free/total/usage_ratio: 0.28GB/287.71GB/287.98GB/0.10% | rank-3 rocm max mem usage/usage_ratio: 133.71GB/46.43%[0m
[[32m20260814 00:02:31[0m][[36mrank-4/5[0m][34m[1m[DEBUG]    [0m[34m[1m[---------------utils.py:429] : [2026-08-14 00:02:31.148708] iteration       44/      50 | consumed samples:         7040 | elapsed time per iteration (ms): 5153.4/5166.9 | compute per GPU (TFLOP/s/GPU): 1090.3 (avg 1087.5)  | tokens/s/GPU inst/harmonic mean: 25434.1/25367.5 | learning rate: 3.806023E-07 | global batch size:   160 | lm loss: 2.139563E-01 | loss scale: 1.0 | grad norm: 3.288 | number of skipped iterations:   0 | number of nan iterations:   0 | hip mem usage/free/total/usage_ratio: 132.99GB/155.00GB/287.98GB/46.18%  | rocm mem usage/free/total/usage_ratio: 0.28GB/287.71GB/287.98GB/0.10% | rank-3 rocm max mem usage/usage_ratio: 133.71GB/46.43%[0m
[[32m20260814 00:02:36[0m][[36mrank-4/5[0m][34m[1m[DEBUG]    [0m[34m[1m[---------------utils.py:425] : [2026-08-14 00:02:36.309249] iteration       45/      50 | consumed samples:         7200 | elapsed time per iteration (ms): 5160.4/5166.8 | compute per GPU (TFLOP/s/GPU): 1088.8 (avg 1087.5)  | tokens/s/GPU inst/harmonic mean: 25399.6/25368.2 | learning rate: 2.653494E-07 | global batch size:   160 | lm loss: 2.042765E-01 | loss scale: 1.0 | grad norm: 3.117 | number of skipped iterations:   0 | number of nan iterations:   0 | hip mem usage/free/total/usage_ratio: 132.99GB/155.00GB/287.98GB/46.18%  | rocm mem usage/free/total/usage_ratio: 0.28GB/287.71GB/287.98GB/0.10% | rank-3 rocm max mem usage/usage_ratio: 133.71GB/46.43%[0m
[[32m20260814 00:02:36[0m][[36mrank-4/5[0m][34m[1m[DEBUG]    [0m[34m[1m[---------------utils.py:429] : [2026-08-14 00:02:36.309249] iteration       45/      50 | consumed samples:         7200 | elapsed time per iteration (ms): 5160.4/5166.8 | compute per GPU (TFLOP/s/GPU): 1088.8 (avg 1087.5)  | tokens/s/GPU inst/harmonic mean: 25399.6/25368.2 | learning rate: 2.653494E-07 | global batch size:   160 | lm loss: 2.042765E-01 | loss scale: 1.0 | grad norm: 3.117 | number of skipped iterations:   0 | number of nan iterations:   0 | hip mem usage/free/total/usage_ratio: 132.99GB/155.00GB/287.98GB/46.18%  | rocm mem usage/free/total/usage_ratio: 0.28GB/287.71GB/287.98GB/0.10% | rank-3 rocm max mem usage/usage_ratio: 133.71GB/46.43%[0m
[[32m20260814 00:02:41[0m][[36mrank-4/5[0m][34m[1m[DEBUG]    [0m[34m[1m[---------------utils.py:425] : [2026-08-14 00:02:41.493729] iteration       46/      50 | consumed samples:         7360 | elapsed time per iteration (ms): 5184.4/5167.2 | compute per GPU (TFLOP/s/GPU): 1083.8 (avg 1087.4)  | tokens/s/GPU inst/harmonic mean: 25282.0/25366.3 | learning rate: 1.703709E-07 | global batch size:   160 | lm loss: 2.310279E-01 | loss scale: 1.0 | grad norm: 3.331 | number of skipped iterations:   0 | number of nan iterations:   0 | hip mem usage/free/total/usage_ratio: 132.99GB/155.00GB/287.98GB/46.18%  | rocm mem usage/free/total/usage_ratio: 0.28GB/287.71GB/287.98GB/0.10% | rank-3 rocm max mem usage/usage_ratio: 133.71GB/46.43%[0m
[[32m20260814 00:02:41[0m][[36mrank-4/5[0m][34m[1m[DEBUG]    [0m[34m[1m[---------------utils.py:429] : [2026-08-14 00:02:41.493729] iteration       46/      50 | consumed samples:         7360 | elapsed time per iteration (ms): 5184.4/5167.2 | compute per GPU (TFLOP/s/GPU): 1083.8 (avg 1087.4)  | tokens/s/GPU inst/harmonic mean: 25282.0/25366.3 | learning rate: 1.703709E-07 | global batch size:   160 | lm loss: 2.310279E-01 | loss scale: 1.0 | grad norm: 3.331 | number of skipped iterations:   0 | number of nan iterations:   0 | hip mem usage/free/total/usage_ratio: 132.99GB/155.00GB/287.98GB/46.18%  | rocm mem usage/free/total/usage_ratio: 0.28GB/287.71GB/287.98GB/0.10% | rank-3 rocm max mem usage/usage_ratio: 133.71GB/46.43%[0m
[[32m20260814 00:02:46[0m][[36mrank-4/5[0m][34m[1m[DEBUG]    [0m[34m[1m[---------------utils.py:425] : [2026-08-14 00:02:46.638901] iteration       47/      50 | consumed samples:         7520 | elapsed time per iteration (ms): 5145.1/5166.7 | compute per GPU (TFLOP/s/GPU): 1092.0 (avg 1087.5)  | tokens/s/GPU inst/harmonic mean: 25475.1/25368.7 | learning rate: 9.607360E-08 | global batch size:   160 | lm loss: 2.082899E-01 | loss scale: 1.0 | grad norm: 3.123 | number of skipped iterations:   0 | number of nan iterations:   0 | hip mem usage/free/total/usage_ratio: 132.99GB/155.00GB/287.98GB/46.18%  | rocm mem usage/free/total/usage_ratio: 0.28GB/287.71GB/287.98GB/0.10% | rank-3 rocm max mem usage/usage_ratio: 133.71GB/46.43%[0m
[[32m20260814 00:02:46[0m][[36mrank-4/5[0m][34m[1m[DEBUG]    [0m[34m[1m[---------------utils.py:429] : [2026-08-14 00:02:46.638901] iteration       47/      50 | consumed samples:         7520 | elapsed time per iteration (ms): 5145.1/5166.7 | compute per GPU (TFLOP/s/GPU): 1092.0 (avg 1087.5)  | tokens/s/GPU inst/harmonic mean: 25475.1/25368.7 | learning rate: 9.607360E-08 | global batch size:   160 | lm loss: 2.082899E-01 | loss scale: 1.0 | grad norm: 3.123 | number of skipped iterations:   0 | number of nan iterations:   0 | hip mem usage/free/total/usage_ratio: 132.99GB/155.00GB/287.98GB/46.18%  | rocm mem usage/free/total/usage_ratio: 0.28GB/287.71GB/287.98GB/0.10% | rank-3 rocm max mem usage/usage_ratio: 133.71GB/46.43%[0m
[[32m20260814 00:02:51[0m][[36mrank-4/5[0m][34m[1m[DEBUG]    [0m[34m[1m[---------------utils.py:425] : [2026-08-14 00:02:51.826662] iteration       48/      50 | consumed samples:         7680 | elapsed time per iteration (ms): 5187.7/5167.1 | compute per GPU (TFLOP/s/GPU): 1083.1 (avg 1087.4)  | tokens/s/GPU inst/harmonic mean: 25265.9/25366.4 | learning rate: 4.277569E-08 | global batch size:   160 | lm loss: 2.170026E-01 | loss scale: 1.0 | grad norm: 3.245 | number of skipped iterations:   0 | number of nan iterations:   0 | hip mem usage/free/total/usage_ratio: 132.99GB/155.00GB/287.98GB/46.18%  | rocm mem usage/free/total/usage_ratio: 0.28GB/287.71GB/287.98GB/0.10% | rank-3 rocm max mem usage/usage_ratio: 133.71GB/46.43%[0m
[[32m20260814 00:02:51[0m][[36mrank-4/5[0m][34m[1m[DEBUG]    [0m[34m[1m[---------------utils.py:429] : [2026-08-14 00:02:51.826662] iteration       48/      50 | consumed samples:         7680 | elapsed time per iteration (ms): 5187.7/5167.1 | compute per GPU (TFLOP/s/GPU): 1083.1 (avg 1087.4)  | tokens/s/GPU inst/harmonic mean: 25265.9/25366.4 | learning rate: 4.277569E-08 | global batch size:   160 | lm loss: 2.170026E-01 | loss scale: 1.0 | grad norm: 3.245 | number of skipped iterations:   0 | number of nan iterations:   0 | hip mem usage/free/total/usage_ratio: 132.99GB/155.00GB/287.98GB/46.18%  | rocm mem usage/free/total/usage_ratio: 0.28GB/287.71GB/287.98GB/0.10% | rank-3 rocm max mem usage/usage_ratio: 133.71GB/46.43%[0m
[[32m20260814 00:02:57[0m][[36mrank-4/5[0m][34m[1m[DEBUG]    [0m[34m[1m[---------------utils.py:425] : [2026-08-14 00:02:57.005020] iteration       49/      50 | consumed samples:         7840 | elapsed time per iteration (ms): 5178.3/5167.4 | compute per GPU (TFLOP/s/GPU): 1085.0 (avg 1087.4)  | tokens/s/GPU inst/harmonic mean: 25311.8/25365.3 | learning rate: 1.070538E-08 | global batch size:   160 | lm loss: 2.386003E-01 | loss scale: 1.0 | grad norm: 3.220 | number of skipped iterations:   0 | number of nan iterations:   0 | hip mem usage/free/total/usage_ratio: 132.99GB/155.00GB/287.98GB/46.18%  | rocm mem usage/free/total/usage_ratio: 0.28GB/287.71GB/287.98GB/0.10% | rank-3 rocm max mem usage/usage_ratio: 133.71GB/46.43%[0m
[[32m20260814 00:02:57[0m][[36mrank-4/5[0m][34m[1m[DEBUG]    [0m[34m[1m[---------------utils.py:429] : [2026-08-14 00:02:57.005020] iteration       49/      50 | consumed samples:         7840 | elapsed time per iteration (ms): 5178.3/5167.4 | compute per GPU (TFLOP/s/GPU): 1085.0 (avg 1087.4)  | tokens/s/GPU inst/harmonic mean: 25311.8/25365.3 | learning rate: 1.070538E-08 | global batch size:   160 | lm loss: 2.386003E-01 | loss scale: 1.0 | grad norm: 3.220 | number of skipped iterations:   0 | number of nan iterations:   0 | hip mem usage/free/total/usage_ratio: 132.99GB/155.00GB/287.98GB/46.18%  | rocm mem usage/free/total/usage_ratio: 0.28GB/287.71GB/287.98GB/0.10% | rank-3 rocm max mem usage/usage_ratio: 133.71GB/46.43%[0m
[[32m20260814 00:03:02[0m][[36mrank-4/5[0m][34m[1m[DEBUG]    [0m[34m[1m[---------------utils.py:425] : [2026-08-14 00:03:02.168550] iteration       50/      50 | consumed samples:         8000 | elapsed time per iteration (ms): 5163.4/5167.3 | compute per GPU (TFLOP/s/GPU): 1088.2 (avg 1087.4)  | tokens/s/GPU inst/harmonic mean: 25384.8/25365.7 | learning rate: 0.000000E+00 | global batch size:   160 | lm loss: 2.043446E-01 | loss scale: 1.0 | grad norm: 3.129 | number of skipped iterations:   0 | number of nan iterations:   0 | hip mem usage/free/total/usage_ratio: 132.99GB/155.00GB/287.98GB/46.18%  | rocm mem usage/free/total/usage_ratio: 0.28GB/287.71GB/287.98GB/0.10% | rank-3 rocm max mem usage/usage_ratio: 133.71GB/46.43%[0m
[[32m20260814 00:03:02[0m][[36mrank-4/5[0m][34m[1m[DEBUG]    [0m[34m[1m[---------------utils.py:429] : [2026-08-14 00:03:02.168550] iteration       50/      50 | consumed samples:         8000 | elapsed time per iteration (ms): 5163.4/5167.3 | compute per GPU (TFLOP/s/GPU): 1088.2 (avg 1087.4)  | tokens/s/GPU inst/harmonic mean: 25384.8/25365.7 | learning rate: 0.000000E+00 | global batch size:   160 | lm loss: 2.043446E-01 | loss scale: 1.0 | grad norm: 3.129 | number of skipped iterations:   0 | number of nan iterations:   0 | hip mem usage/free/total/usage_ratio: 132.99GB/155.00GB/287.98GB/46.18%  | rocm mem usage/free/total/usage_ratio: 0.28GB/287.71GB/287.98GB/0.10% | rank-3 rocm max mem usage/usage_ratio: 133.71GB/46.43%[0m
[[32m20260814 00:03:02[0m][[36mrank-0/5[0m][34m[1m[DEBUG]    [0m[34m[1m[-------------------------------utils.py:401] : [after training is done] datetime: 2026-08-14 00:03:02.408323 [0m
[[32m20260814 00:03:02[0m][[36mrank-0/5[0m][1m[INFO]     [0m[1m[-----------megatron_pretrain_trainer.py:238] : [MegatronPretrainTrainer] pretrain() completed successfully[0m
[[32m20260814 00:03:02[0m][[36mrank-0/5[0m][1m[INFO]     [0m[1m[-----------megatron_pretrain_trainer.py:268] : Megatron pretrain execution completed.[0m
[[32m20260814 00:03:02[0m][[36mrank-0/5[0m][1m[INFO]     [0m[1m[-----------------------train_runtime.py:499] : ================================================================================[0m
[[32m20260814 00:03:02[0m][[36mrank-0/5[0m][1m[INFO]     [0m[1m[-----------------------train_runtime.py:500] : Training completed.[0m
[[32m20260814 00:03:02[0m][[36mrank-0/5[0m][1m[INFO]     [0m[1m[-----------------------train_runtime.py:501] : ================================================================================[0m
[[32m20260814 00:03:02[0m][[36mrank-0/5[0m][1m[INFO]     [0m[1m[-----------------------train_runtime.py:526] : Python GC re-enabled after training[0m
[[32m20260814 00:03:02[0m][[36mrank-0/5[0m][1m[INFO]     [0m[1m[-----------------------train_runtime.py:210] : [Runtime] Applying after_train patches...[0m
[[32m20260814 00:03:02[0m][[36mrank-0/5[0m][1m[INFO]     [0m[1m[-------------------------patch_runner.py:92] : --------------------------------------------------------------------------------[0m
[[32m20260814 00:03:02[0m][[36mrank-0/5[0m][1m[INFO]     [0m[1m[-------------------------patch_runner.py:93] : [Patch] Executing patches: backend=megatron, phase=after_train, backend_version=0.16.0rc0, primus_version=None, model=llama2_7B.yaml, module=pre_trainer, platform=None, dry_run=False, enabled_ids=None[0m
[[32m20260814 00:03:02[0m][[36mrank-0/5[0m][1m[INFO]     [0m[1m[-------------------------------patch.py:115] : [Patch] ⊘ Skipped: megatron.pp.dump_pp_data.after_train (condition not met)[0m
[[32m20260814 00:03:02[0m][[36mrank-0/5[0m][1m[INFO]     [0m[1m[------------------------patch_runner.py:107] : [Patch] Pre-filtered 0 patches (out of 1 total) for megatron/after_train[0m
[[32m20260814 00:03:02[0m][[36mrank-0/5[0m][1m[INFO]     [0m[1m[------------------------patch_runner.py:143] : [Patch] Applied 0/0 patches for megatron/after_train: [][0m
[[32m20260814 00:03:02[0m][[36mrank-0/5[0m][1m[INFO]     [0m[1m[------------------------patch_runner.py:146] : --------------------------------------------------------------------------------[0m
[[32m20260814 00:03:02[0m][[36mrank-0/5[0m][1m[INFO]     [0m[1m[-----------------------train_runtime.py:495] : ================================================================================[0m
[[32m20260814 00:03:02[0m][[36mrank-0/5[0m][1m[INFO]     [0m[1m[-----------------------train_runtime.py:496] : Cleanup started.[0m
[[32m20260814 00:03:02[0m][[36mrank-0/5[0m][1m[INFO]     [0m[1m[-----------------------train_runtime.py:497] : ================================================================================[0m
[[32m20260814 00:03:03[0m][[36mrank-0/5[0m][1m[INFO]     [0m[1m[-----------------------train_runtime.py:499] : ================================================================================[0m
[[32m20260814 00:03:03[0m][[36mrank-0/5[0m][1m[INFO]     [0m[1m[-----------------------train_runtime.py:500] : Cleanup completed.[0m
[[32m20260814 00:03:03[0m][[36mrank-0/5[0m][1m[INFO]     [0m[1m[-----------------------train_runtime.py:501] : ================================================================================[0m
[rank0]:[W814 00:03:04.701838364 ProcessGroupNCCL.cpp:1647] Warning: WARNING: destroy_process_group() was not called before program exit, which can leak resources. For more info, please see https://pytorch.org/docs/stable/distributed.html#shutdown (function operator())
[rank1]:[W814 00:03:05.437130169 ProcessGroupNCCL.cpp:1647] Warning: WARNING: destroy_process_group() was not called before program exit, which can leak resources. For more info, please see https://pytorch.org/docs/stable/distributed.html#shutdown (function operator())
[rank3]:[W814 00:03:05.447188765 ProcessGroupNCCL.cpp:1647] Warning: WARNING: destroy_process_group() was not called before program exit, which can leak resources. For more info, please see https://pytorch.org/docs/stable/distributed.html#shutdown (function operator())
[rank2]:[W814 00:03:05.960287641 ProcessGroupNCCL.cpp:1647] Warning: WARNING: destroy_process_group() was not called before program exit, which can leak resources. For more info, please see https://pytorch.org/docs/stable/distributed.html#shutdown (function operator())
[rank4]:[W814 00:03:06.020775652 ProcessGroupNCCL.cpp:1647] Warning: WARNING: destroy_process_group() was not called before program exit, which can leak resources. For more info, please see https://pytorch.org/docs/stable/distributed.html#shutdown (function operator())
[NODE-0(mi355-gpu-33)] [INFO] primus launcher exited with code 0
