[RESULT] [645311.9487  ] Action name :xgmi_d2d_unidir_bandwidth
[RESULT] [645311.158477] Module name :pbqt
[INFO  ] [645311.158520] Missing 'device_index' key.
[RESULT] [645311.159057] [xgmi_d2d_unidir_bandwidth] p2p [GPU:: 2 - 17010 - 0000:75:00.0] [GPU:: 3 - 42583 - 0000:05:00.0] peers:true distance:15 xGMI:15
[RESULT] [645311.159061] [xgmi_d2d_unidir_bandwidth] p2p [GPU:: 2 - 17010 - 0000:75:00.0] [GPU:: 4 - 36479 - 0000:65:00.0] peers:true distance:15 xGMI:15
[RESULT] [645311.159063] [xgmi_d2d_unidir_bandwidth] p2p [GPU:: 2 - 17010 - 0000:75:00.0] [GPU:: 5 - 27226 - 0000:15:00.0] peers:true distance:15 xGMI:15
[RESULT] [645311.159065] [xgmi_d2d_unidir_bandwidth] p2p [GPU:: 2 - 17010 - 0000:75:00.0] [GPU:: 6 - 57875 - 0000:f5:00.0] peers:true distance:15 xGMI:15
[RESULT] [645311.159067] [xgmi_d2d_unidir_bandwidth] p2p [GPU:: 2 - 17010 - 0000:75:00.0] [GPU:: 7 -  1590 - 0000:85:00.0] peers:true distance:15 xGMI:15
[RESULT] [645311.159070] [xgmi_d2d_unidir_bandwidth] p2p [GPU:: 2 - 17010 - 0000:75:00.0] [GPU:: 8 - 11806 - 0000:e5:00.0] peers:true distance:15 xGMI:15
[RESULT] [645311.159072] [xgmi_d2d_unidir_bandwidth] p2p [GPU:: 2 - 17010 - 0000:75:00.0] [GPU:: 9 - 51771 - 0000:95:00.0] peers:true distance:15 xGMI:15
[RESULT] [645311.159073] [xgmi_d2d_unidir_bandwidth] p2p [GPU:: 3 - 42583 - 0000:05:00.0] [GPU:: 2 - 17010 - 0000:75:00.0] peers:true distance:15 xGMI:15
[RESULT] [645311.159075] [xgmi_d2d_unidir_bandwidth] p2p [GPU:: 3 - 42583 - 0000:05:00.0] [GPU:: 4 - 36479 - 0000:65:00.0] peers:true distance:15 xGMI:15
[RESULT] [645311.159076] [xgmi_d2d_unidir_bandwidth] p2p [GPU:: 3 - 42583 - 0000:05:00.0] [GPU:: 5 - 27226 - 0000:15:00.0] peers:true distance:15 xGMI:15
[RESULT] [645311.159077] [xgmi_d2d_unidir_bandwidth] p2p [GPU:: 3 - 42583 - 0000:05:00.0] [GPU:: 6 - 57875 - 0000:f5:00.0] peers:true distance:15 xGMI:15
[RESULT] [645311.159079] [xgmi_d2d_unidir_bandwidth] p2p [GPU:: 3 - 42583 - 0000:05:00.0] [GPU:: 7 -  1590 - 0000:85:00.0] peers:true distance:15 xGMI:15
[RESULT] [645311.159080] [xgmi_d2d_unidir_bandwidth] p2p [GPU:: 3 - 42583 - 0000:05:00.0] [GPU:: 8 - 11806 - 0000:e5:00.0] peers:true distance:15 xGMI:15
[RESULT] [645311.159081] [xgmi_d2d_unidir_bandwidth] p2p [GPU:: 3 - 42583 - 0000:05:00.0] [GPU:: 9 - 51771 - 0000:95:00.0] peers:true distance:15 xGMI:15
[RESULT] [645311.159083] [xgmi_d2d_unidir_bandwidth] p2p [GPU:: 4 - 36479 - 0000:65:00.0] [GPU:: 2 - 17010 - 0000:75:00.0] peers:true distance:15 xGMI:15
[RESULT] [645311.159084] [xgmi_d2d_unidir_bandwidth] p2p [GPU:: 4 - 36479 - 0000:65:00.0] [GPU:: 3 - 42583 - 0000:05:00.0] peers:true distance:15 xGMI:15
[RESULT] [645311.159085] [xgmi_d2d_unidir_bandwidth] p2p [GPU:: 4 - 36479 - 0000:65:00.0] [GPU:: 5 - 27226 - 0000:15:00.0] peers:true distance:15 xGMI:15
[RESULT] [645311.159087] [xgmi_d2d_unidir_bandwidth] p2p [GPU:: 4 - 36479 - 0000:65:00.0] [GPU:: 6 - 57875 - 0000:f5:00.0] peers:true distance:15 xGMI:15
[RESULT] [645311.159088] [xgmi_d2d_unidir_bandwidth] p2p [GPU:: 4 - 36479 - 0000:65:00.0] [GPU:: 7 -  1590 - 0000:85:00.0] peers:true distance:15 xGMI:15
[RESULT] [645311.159090] [xgmi_d2d_unidir_bandwidth] p2p [GPU:: 4 - 36479 - 0000:65:00.0] [GPU:: 8 - 11806 - 0000:e5:00.0] peers:true distance:15 xGMI:15
[RESULT] [645311.159091] [xgmi_d2d_unidir_bandwidth] p2p [GPU:: 4 - 36479 - 0000:65:00.0] [GPU:: 9 - 51771 - 0000:95:00.0] peers:true distance:15 xGMI:15
[RESULT] [645311.159093] [xgmi_d2d_unidir_bandwidth] p2p [GPU:: 5 - 27226 - 0000:15:00.0] [GPU:: 2 - 17010 - 0000:75:00.0] peers:true distance:15 xGMI:15
[RESULT] [645311.159094] [xgmi_d2d_unidir_bandwidth] p2p [GPU:: 5 - 27226 - 0000:15:00.0] [GPU:: 3 - 42583 - 0000:05:00.0] peers:true distance:15 xGMI:15
[RESULT] [645311.159095] [xgmi_d2d_unidir_bandwidth] p2p [GPU:: 5 - 27226 - 0000:15:00.0] [GPU:: 4 - 36479 - 0000:65:00.0] peers:true distance:15 xGMI:15
[RESULT] [645311.159097] [xgmi_d2d_unidir_bandwidth] p2p [GPU:: 5 - 27226 - 0000:15:00.0] [GPU:: 6 - 57875 - 0000:f5:00.0] peers:true distance:15 xGMI:15
[RESULT] [645311.159099] [xgmi_d2d_unidir_bandwidth] p2p [GPU:: 5 - 27226 - 0000:15:00.0] [GPU:: 7 -  1590 - 0000:85:00.0] peers:true distance:15 xGMI:15
[RESULT] [645311.159153] [xgmi_d2d_unidir_bandwidth] p2p [GPU:: 5 - 27226 - 0000:15:00.0] [GPU:: 8 - 11806 - 0000:e5:00.0] peers:true distance:15 xGMI:15
[RESULT] [645311.159155] [xgmi_d2d_unidir_bandwidth] p2p [GPU:: 5 - 27226 - 0000:15:00.0] [GPU:: 9 - 51771 - 0000:95:00.0] peers:true distance:15 xGMI:15
[RESULT] [645311.159156] [xgmi_d2d_unidir_bandwidth] p2p [GPU:: 6 - 57875 - 0000:f5:00.0] [GPU:: 2 - 17010 - 0000:75:00.0] peers:true distance:15 xGMI:15
[RESULT] [645311.159157] [xgmi_d2d_unidir_bandwidth] p2p [GPU:: 6 - 57875 - 0000:f5:00.0] [GPU:: 3 - 42583 - 0000:05:00.0] peers:true distance:15 xGMI:15
[RESULT] [645311.159159] [xgmi_d2d_unidir_bandwidth] p2p [GPU:: 6 - 57875 - 0000:f5:00.0] [GPU:: 4 - 36479 - 0000:65:00.0] peers:true distance:15 xGMI:15
[RESULT] [645311.159160] [xgmi_d2d_unidir_bandwidth] p2p [GPU:: 6 - 57875 - 0000:f5:00.0] [GPU:: 5 - 27226 - 0000:15:00.0] peers:true distance:15 xGMI:15
[RESULT] [645311.159161] [xgmi_d2d_unidir_bandwidth] p2p [GPU:: 6 - 57875 - 0000:f5:00.0] [GPU:: 7 -  1590 - 0000:85:00.0] peers:true distance:15 xGMI:15
[RESULT] [645311.159163] [xgmi_d2d_unidir_bandwidth] p2p [GPU:: 6 - 57875 - 0000:f5:00.0] [GPU:: 8 - 11806 - 0000:e5:00.0] peers:true distance:15 xGMI:15
[RESULT] [645311.159164] [xgmi_d2d_unidir_bandwidth] p2p [GPU:: 6 - 57875 - 0000:f5:00.0] [GPU:: 9 - 51771 - 0000:95:00.0] peers:true distance:15 xGMI:15
[RESULT] [645311.159166] [xgmi_d2d_unidir_bandwidth] p2p [GPU:: 7 -  1590 - 0000:85:00.0] [GPU:: 2 - 17010 - 0000:75:00.0] peers:true distance:15 xGMI:15
[RESULT] [645311.159167] [xgmi_d2d_unidir_bandwidth] p2p [GPU:: 7 -  1590 - 0000:85:00.0] [GPU:: 3 - 42583 - 0000:05:00.0] peers:true distance:15 xGMI:15
[RESULT] [645311.159168] [xgmi_d2d_unidir_bandwidth] p2p [GPU:: 7 -  1590 - 0000:85:00.0] [GPU:: 4 - 36479 - 0000:65:00.0] peers:true distance:15 xGMI:15
[RESULT] [645311.159170] [xgmi_d2d_unidir_bandwidth] p2p [GPU:: 7 -  1590 - 0000:85:00.0] [GPU:: 5 - 27226 - 0000:15:00.0] peers:true distance:15 xGMI:15
[RESULT] [645311.159171] [xgmi_d2d_unidir_bandwidth] p2p [GPU:: 7 -  1590 - 0000:85:00.0] [GPU:: 6 - 57875 - 0000:f5:00.0] peers:true distance:15 xGMI:15
[RESULT] [645311.159172] [xgmi_d2d_unidir_bandwidth] p2p [GPU:: 7 -  1590 - 0000:85:00.0] [GPU:: 8 - 11806 - 0000:e5:00.0] peers:true distance:15 xGMI:15
[RESULT] [645311.159174] [xgmi_d2d_unidir_bandwidth] p2p [GPU:: 7 -  1590 - 0000:85:00.0] [GPU:: 9 - 51771 - 0000:95:00.0] peers:true distance:15 xGMI:15
[RESULT] [645311.159175] [xgmi_d2d_unidir_bandwidth] p2p [GPU:: 8 - 11806 - 0000:e5:00.0] [GPU:: 2 - 17010 - 0000:75:00.0] peers:true distance:15 xGMI:15
[RESULT] [645311.159176] [xgmi_d2d_unidir_bandwidth] p2p [GPU:: 8 - 11806 - 0000:e5:00.0] [GPU:: 3 - 42583 - 0000:05:00.0] peers:true distance:15 xGMI:15
[RESULT] [645311.159178] [xgmi_d2d_unidir_bandwidth] p2p [GPU:: 8 - 11806 - 0000:e5:00.0] [GPU:: 4 - 36479 - 0000:65:00.0] peers:true distance:15 xGMI:15
[RESULT] [645311.159179] [xgmi_d2d_unidir_bandwidth] p2p [GPU:: 8 - 11806 - 0000:e5:00.0] [GPU:: 5 - 27226 - 0000:15:00.0] peers:true distance:15 xGMI:15
[RESULT] [645311.159180] [xgmi_d2d_unidir_bandwidth] p2p [GPU:: 8 - 11806 - 0000:e5:00.0] [GPU:: 6 - 57875 - 0000:f5:00.0] peers:true distance:15 xGMI:15
[RESULT] [645311.159181] [xgmi_d2d_unidir_bandwidth] p2p [GPU:: 8 - 11806 - 0000:e5:00.0] [GPU:: 7 -  1590 - 0000:85:00.0] peers:true distance:15 xGMI:15
[RESULT] [645311.159183] [xgmi_d2d_unidir_bandwidth] p2p [GPU:: 8 - 11806 - 0000:e5:00.0] [GPU:: 9 - 51771 - 0000:95:00.0] peers:true distance:15 xGMI:15
[RESULT] [645311.159184] [xgmi_d2d_unidir_bandwidth] p2p [GPU:: 9 - 51771 - 0000:95:00.0] [GPU:: 2 - 17010 - 0000:75:00.0] peers:true distance:15 xGMI:15
[RESULT] [645311.159186] [xgmi_d2d_unidir_bandwidth] p2p [GPU:: 9 - 51771 - 0000:95:00.0] [GPU:: 3 - 42583 - 0000:05:00.0] peers:true distance:15 xGMI:15
[RESULT] [645311.159187] [xgmi_d2d_unidir_bandwidth] p2p [GPU:: 9 - 51771 - 0000:95:00.0] [GPU:: 4 - 36479 - 0000:65:00.0] peers:true distance:15 xGMI:15
[RESULT] [645311.159188] [xgmi_d2d_unidir_bandwidth] p2p [GPU:: 9 - 51771 - 0000:95:00.0] [GPU:: 5 - 27226 - 0000:15:00.0] peers:true distance:15 xGMI:15
[RESULT] [645311.159197] [xgmi_d2d_unidir_bandwidth] p2p [GPU:: 9 - 51771 - 0000:95:00.0] [GPU:: 6 - 57875 - 0000:f5:00.0] peers:true distance:15 xGMI:15
[RESULT] [645311.159198] [xgmi_d2d_unidir_bandwidth] p2p [GPU:: 9 - 51771 - 0000:95:00.0] [GPU:: 7 -  1590 - 0000:85:00.0] peers:true distance:15 xGMI:15
[RESULT] [645311.159199] [xgmi_d2d_unidir_bandwidth] p2p [GPU:: 9 - 51771 - 0000:95:00.0] [GPU:: 8 - 11806 - 0000:e5:00.0] peers:true distance:15 xGMI:15
[INFO  ] [645316.158820] [xgmi_d2d_unidir_bandwidth] p2p-bandwidth[ 1/56] [GPU:: 2 - 17010 - 0000:75:00.0] [GPU:: 3 - 42583 - 0000:05:00.0] bidirectional: false 61.371 GBps
[INFO  ] [645316.158841] [xgmi_d2d_unidir_bandwidth] p2p-bandwidth[ 2/56] [GPU:: 2 - 17010 - 0000:75:00.0] [GPU:: 4 - 36479 - 0000:65:00.0] bidirectional: false 61.377 GBps
[INFO  ] [645316.158845] [xgmi_d2d_unidir_bandwidth] p2p-bandwidth[ 3/56] [GPU:: 2 - 17010 - 0000:75:00.0] [GPU:: 5 - 27226 - 0000:15:00.0] bidirectional: false 61.384 GBps
[INFO  ] [645316.158848] [xgmi_d2d_unidir_bandwidth] p2p-bandwidth[ 4/56] [GPU:: 2 - 17010 - 0000:75:00.0] [GPU:: 6 - 57875 - 0000:f5:00.0] bidirectional: false 61.376 GBps
[INFO  ] [645316.158852] [xgmi_d2d_unidir_bandwidth] p2p-bandwidth[ 5/56] [GPU:: 2 - 17010 - 0000:75:00.0] [GPU:: 7 -  1590 - 0000:85:00.0] bidirectional: false 61.377 GBps
[INFO  ] [645316.158855] [xgmi_d2d_unidir_bandwidth] p2p-bandwidth[ 6/56] [GPU:: 2 - 17010 - 0000:75:00.0] [GPU:: 8 - 11806 - 0000:e5:00.0] bidirectional: false 61.375 GBps
[INFO  ] [645316.158857] [xgmi_d2d_unidir_bandwidth] p2p-bandwidth[ 7/56] [GPU:: 2 - 17010 - 0000:75:00.0] [GPU:: 9 - 51771 - 0000:95:00.0] bidirectional: false 61.382 GBps
[INFO  ] [645316.158860] [xgmi_d2d_unidir_bandwidth] p2p-bandwidth[ 8/56] [GPU:: 3 - 42583 - 0000:05:00.0] [GPU:: 2 - 17010 - 0000:75:00.0] bidirectional: false 61.353 GBps
[INFO  ] [645316.158864] [xgmi_d2d_unidir_bandwidth] p2p-bandwidth[ 9/56] [GPU:: 3 - 42583 - 0000:05:00.0] [GPU:: 4 - 36479 - 0000:65:00.0] bidirectional: false 61.360 GBps
[INFO  ] [645316.158866] [xgmi_d2d_unidir_bandwidth] p2p-bandwidth[10/56] [GPU:: 3 - 42583 - 0000:05:00.0] [GPU:: 5 - 27226 - 0000:15:00.0] bidirectional: false 61.352 GBps
[INFO  ] [645316.158869] [xgmi_d2d_unidir_bandwidth] p2p-bandwidth[11/56] [GPU:: 3 - 42583 - 0000:05:00.0] [GPU:: 6 - 57875 - 0000:f5:00.0] bidirectional: false 61.352 GBps
[INFO  ] [645316.158872] [xgmi_d2d_unidir_bandwidth] p2p-bandwidth[12/56] [GPU:: 3 - 42583 - 0000:05:00.0] [GPU:: 7 -  1590 - 0000:85:00.0] bidirectional: false 61.352 GBps
[INFO  ] [645316.158875] [xgmi_d2d_unidir_bandwidth] p2p-bandwidth[13/56] [GPU:: 3 - 42583 - 0000:05:00.0] [GPU:: 8 - 11806 - 0000:e5:00.0] bidirectional: false 61.356 GBps
[INFO  ] [645316.158878] [xgmi_d2d_unidir_bandwidth] p2p-bandwidth[14/56] [GPU:: 3 - 42583 - 0000:05:00.0] [GPU:: 9 - 51771 - 0000:95:00.0] bidirectional: false 61.346 GBps
[INFO  ] [645316.158881] [xgmi_d2d_unidir_bandwidth] p2p-bandwidth[15/56] [GPU:: 4 - 36479 - 0000:65:00.0] [GPU:: 2 - 17010 - 0000:75:00.0] bidirectional: false 61.378 GBps
[INFO  ] [645316.158883] [xgmi_d2d_unidir_bandwidth] p2p-bandwidth[16/56] [GPU:: 4 - 36479 - 0000:65:00.0] [GPU:: 3 - 42583 - 0000:05:00.0] bidirectional: false 61.385 GBps
[INFO  ] [645316.158886] [xgmi_d2d_unidir_bandwidth] p2p-bandwidth[17/56] [GPU:: 4 - 36479 - 0000:65:00.0] [GPU:: 5 - 27226 - 0000:15:00.0] bidirectional: false 61.380 GBps
[INFO  ] [645316.158889] [xgmi_d2d_unidir_bandwidth] p2p-bandwidth[18/56] [GPU:: 4 - 36479 - 0000:65:00.0] [GPU:: 6 - 57875 - 0000:f5:00.0] bidirectional: false 61.375 GBps
[INFO  ] [645316.158891] [xgmi_d2d_unidir_bandwidth] p2p-bandwidth[19/56] [GPU:: 4 - 36479 - 0000:65:00.0] [GPU:: 7 -  1590 - 0000:85:00.0] bidirectional: false 61.378 GBps
[INFO  ] [645316.158894] [xgmi_d2d_unidir_bandwidth] p2p-bandwidth[20/56] [GPU:: 4 - 36479 - 0000:65:00.0] [GPU:: 8 - 11806 - 0000:e5:00.0] bidirectional: false 61.381 GBps
[INFO  ] [645316.158896] [xgmi_d2d_unidir_bandwidth] p2p-bandwidth[21/56] [GPU:: 4 - 36479 - 0000:65:00.0] [GPU:: 9 - 51771 - 0000:95:00.0] bidirectional: false 61.383 GBps
[INFO  ] [645316.158931] [xgmi_d2d_unidir_bandwidth] p2p-bandwidth[22/56] [GPU:: 5 - 27226 - 0000:15:00.0] [GPU:: 2 - 17010 - 0000:75:00.0] bidirectional: false 61.326 GBps
[INFO  ] [645316.158933] [xgmi_d2d_unidir_bandwidth] p2p-bandwidth[23/56] [GPU:: 5 - 27226 - 0000:15:00.0] [GPU:: 3 - 42583 - 0000:05:00.0] bidirectional: false 61.310 GBps
[INFO  ] [645316.158936] [xgmi_d2d_unidir_bandwidth] p2p-bandwidth[24/56] [GPU:: 5 - 27226 - 0000:15:00.0] [GPU:: 4 - 36479 - 0000:65:00.0] bidirectional: false 61.307 GBps
[INFO  ] [645316.158939] [xgmi_d2d_unidir_bandwidth] p2p-bandwidth[25/56] [GPU:: 5 - 27226 - 0000:15:00.0] [GPU:: 6 - 57875 - 0000:f5:00.0] bidirectional: false 61.320 GBps
[INFO  ] [645316.158941] [xgmi_d2d_unidir_bandwidth] p2p-bandwidth[26/56] [GPU:: 5 - 27226 - 0000:15:00.0] [GPU:: 7 -  1590 - 0000:85:00.0] bidirectional: false 61.308 GBps
[INFO  ] [645316.158943] [xgmi_d2d_unidir_bandwidth] p2p-bandwidth[27/56] [GPU:: 5 - 27226 - 0000:15:00.0] [GPU:: 8 - 11806 - 0000:e5:00.0] bidirectional: false 61.314 GBps
[INFO  ] [645316.158946] [xgmi_d2d_unidir_bandwidth] p2p-bandwidth[28/56] [GPU:: 5 - 27226 - 0000:15:00.0] [GPU:: 9 - 51771 - 0000:95:00.0] bidirectional: false 61.313 GBps
[INFO  ] [645316.158949] [xgmi_d2d_unidir_bandwidth] p2p-bandwidth[29/56] [GPU:: 6 - 57875 - 0000:f5:00.0] [GPU:: 2 - 17010 - 0000:75:00.0] bidirectional: false 61.377 GBps
[INFO  ] [645316.158951] [xgmi_d2d_unidir_bandwidth] p2p-bandwidth[30/56] [GPU:: 6 - 57875 - 0000:f5:00.0] [GPU:: 3 - 42583 - 0000:05:00.0] bidirectional: false 61.376 GBps
[INFO  ] [645316.158954] [xgmi_d2d_unidir_bandwidth] p2p-bandwidth[31/56] [GPU:: 6 - 57875 - 0000:f5:00.0] [GPU:: 4 - 36479 - 0000:65:00.0] bidirectional: false 61.377 GBps
[INFO  ] [645316.158956] [xgmi_d2d_unidir_bandwidth] p2p-bandwidth[32/56] [GPU:: 6 - 57875 - 0000:f5:00.0] [GPU:: 5 - 27226 - 0000:15:00.0] bidirectional: false 61.381 GBps
[INFO  ] [645316.158959] [xgmi_d2d_unidir_bandwidth] p2p-bandwidth[33/56] [GPU:: 6 - 57875 - 0000:f5:00.0] [GPU:: 7 -  1590 - 0000:85:00.0] bidirectional: false 61.375 GBps
[INFO  ] [645316.158961] [xgmi_d2d_unidir_bandwidth] p2p-bandwidth[34/56] [GPU:: 6 - 57875 - 0000:f5:00.0] [GPU:: 8 - 11806 - 0000:e5:00.0] bidirectional: false 61.379 GBps
[INFO  ] [645316.158963] [xgmi_d2d_unidir_bandwidth] p2p-bandwidth[35/56] [GPU:: 6 - 57875 - 0000:f5:00.0] [GPU:: 9 - 51771 - 0000:95:00.0] bidirectional: false 61.384 GBps
[INFO  ] [645316.158966] [xgmi_d2d_unidir_bandwidth] p2p-bandwidth[36/56] [GPU:: 7 -  1590 - 0000:85:00.0] [GPU:: 2 - 17010 - 0000:75:00.0] bidirectional: false 61.376 GBps
[INFO  ] [645316.158969] [xgmi_d2d_unidir_bandwidth] p2p-bandwidth[37/56] [GPU:: 7 -  1590 - 0000:85:00.0] [GPU:: 3 - 42583 - 0000:05:00.0] bidirectional: false 61.377 GBps
[INFO  ] [645316.158971] [xgmi_d2d_unidir_bandwidth] p2p-bandwidth[38/56] [GPU:: 7 -  1590 - 0000:85:00.0] [GPU:: 4 - 36479 - 0000:65:00.0] bidirectional: false 61.380 GBps
[INFO  ] [645316.158974] [xgmi_d2d_unidir_bandwidth] p2p-bandwidth[39/56] [GPU:: 7 -  1590 - 0000:85:00.0] [GPU:: 5 - 27226 - 0000:15:00.0] bidirectional: false 61.372 GBps
[INFO  ] [645316.158976] [xgmi_d2d_unidir_bandwidth] p2p-bandwidth[40/56] [GPU:: 7 -  1590 - 0000:85:00.0] [GPU:: 6 - 57875 - 0000:f5:00.0] bidirectional: false 61.373 GBps
[INFO  ] [645316.158979] [xgmi_d2d_unidir_bandwidth] p2p-bandwidth[41/56] [GPU:: 7 -  1590 - 0000:85:00.0] [GPU:: 8 - 11806 - 0000:e5:00.0] bidirectional: false 61.381 GBps
[INFO  ] [645316.158981] [xgmi_d2d_unidir_bandwidth] p2p-bandwidth[42/56] [GPU:: 7 -  1590 - 0000:85:00.0] [GPU:: 9 - 51771 - 0000:95:00.0] bidirectional: false 61.372 GBps
[INFO  ] [645316.158983] [xgmi_d2d_unidir_bandwidth] p2p-bandwidth[43/56] [GPU:: 8 - 11806 - 0000:e5:00.0] [GPU:: 2 - 17010 - 0000:75:00.0] bidirectional: false 61.375 GBps
[INFO  ] [645316.158986] [xgmi_d2d_unidir_bandwidth] p2p-bandwidth[44/56] [GPU:: 8 - 11806 - 0000:e5:00.0] [GPU:: 3 - 42583 - 0000:05:00.0] bidirectional: false 61.380 GBps
[INFO  ] [645316.158992] [xgmi_d2d_unidir_bandwidth] p2p-bandwidth[45/56] [GPU:: 8 - 11806 - 0000:e5:00.0] [GPU:: 4 - 36479 - 0000:65:00.0] bidirectional: false 61.380 GBps
[INFO  ] [645316.158995] [xgmi_d2d_unidir_bandwidth] p2p-bandwidth[46/56] [GPU:: 8 - 11806 - 0000:e5:00.0] [GPU:: 5 - 27226 - 0000:15:00.0] bidirectional: false 61.376 GBps
[INFO  ] [645316.158998] [xgmi_d2d_unidir_bandwidth] p2p-bandwidth[47/56] [GPU:: 8 - 11806 - 0000:e5:00.0] [GPU:: 6 - 57875 - 0000:f5:00.0] bidirectional: false 61.378 GBps
[INFO  ] [645316.159005] [xgmi_d2d_unidir_bandwidth] p2p-bandwidth[48/56] [GPU:: 8 - 11806 - 0000:e5:00.0] [GPU:: 7 -  1590 - 0000:85:00.0] bidirectional: false 61.384 GBps
[INFO  ] [645316.159009] [xgmi_d2d_unidir_bandwidth] p2p-bandwidth[49/56] [GPU:: 8 - 11806 - 0000:e5:00.0] [GPU:: 9 - 51771 - 0000:95:00.0] bidirectional: false 61.375 GBps
[INFO  ] [645316.159014] [xgmi_d2d_unidir_bandwidth] p2p-bandwidth[50/56] [GPU:: 9 - 51771 - 0000:95:00.0] [GPU:: 2 - 17010 - 0000:75:00.0] bidirectional: false 61.379 GBps
[INFO  ] [645316.159017] [xgmi_d2d_unidir_bandwidth] p2p-bandwidth[51/56] [GPU:: 9 - 51771 - 0000:95:00.0] [GPU:: 3 - 42583 - 0000:05:00.0] bidirectional: false 61.376 GBps
[INFO  ] [645316.159020] [xgmi_d2d_unidir_bandwidth] p2p-bandwidth[52/56] [GPU:: 9 - 51771 - 0000:95:00.0] [GPU:: 4 - 36479 - 0000:65:00.0] bidirectional: false 61.378 GBps
[INFO  ] [645316.159022] [xgmi_d2d_unidir_bandwidth] p2p-bandwidth[53/56] [GPU:: 9 - 51771 - 0000:95:00.0] [GPU:: 5 - 27226 - 0000:15:00.0] bidirectional: false 61.380 GBps
[INFO  ] [645316.159025] [xgmi_d2d_unidir_bandwidth] p2p-bandwidth[54/56] [GPU:: 9 - 51771 - 0000:95:00.0] [GPU:: 6 - 57875 - 0000:f5:00.0] bidirectional: false 61.380 GBps
[INFO  ] [645316.159028] [xgmi_d2d_unidir_bandwidth] p2p-bandwidth[55/56] [GPU:: 9 - 51771 - 0000:95:00.0] [GPU:: 7 -  1590 - 0000:85:00.0] bidirectional: false 61.376 GBps
[INFO  ] [645316.159030] [xgmi_d2d_unidir_bandwidth] p2p-bandwidth[56/56] [GPU:: 9 - 51771 - 0000:95:00.0] [GPU:: 8 - 11806 - 0000:e5:00.0] bidirectional: false 61.378 GBps
[INFO  ] [645321.158412] [xgmi_d2d_unidir_bandwidth] p2p-bandwidth[ 1/56] [GPU:: 2 - 17010 - 0000:75:00.0] [GPU:: 3 - 42583 - 0000:05:00.0] bidirectional: false 61.373 GBps
[INFO  ] [645321.158430] [xgmi_d2d_unidir_bandwidth] p2p-bandwidth[ 2/56] [GPU:: 2 - 17010 - 0000:75:00.0] [GPU:: 4 - 36479 - 0000:65:00.0] bidirectional: false 61.371 GBps
[INFO  ] [645321.158434] [xgmi_d2d_unidir_bandwidth] p2p-bandwidth[ 3/56] [GPU:: 2 - 17010 - 0000:75:00.0] [GPU:: 5 - 27226 - 0000:15:00.0] bidirectional: false 61.383 GBps
[INFO  ] [645321.158437] [xgmi_d2d_unidir_bandwidth] p2p-bandwidth[ 4/56] [GPU:: 2 - 17010 - 0000:75:00.0] [GPU:: 6 - 57875 - 0000:f5:00.0] bidirectional: false 61.377 GBps
[INFO  ] [645321.158440] [xgmi_d2d_unidir_bandwidth] p2p-bandwidth[ 5/56] [GPU:: 2 - 17010 - 0000:75:00.0] [GPU:: 7 -  1590 - 0000:85:00.0] bidirectional: false 61.378 GBps
[INFO  ] [645321.158443] [xgmi_d2d_unidir_bandwidth] p2p-bandwidth[ 6/56] [GPU:: 2 - 17010 - 0000:75:00.0] [GPU:: 8 - 11806 - 0000:e5:00.0] bidirectional: false 61.376 GBps
[INFO  ] [645321.158445] [xgmi_d2d_unidir_bandwidth] p2p-bandwidth[ 7/56] [GPU:: 2 - 17010 - 0000:75:00.0] [GPU:: 9 - 51771 - 0000:95:00.0] bidirectional: false 61.381 GBps
[INFO  ] [645321.158449] [xgmi_d2d_unidir_bandwidth] p2p-bandwidth[ 8/56] [GPU:: 3 - 42583 - 0000:05:00.0] [GPU:: 2 - 17010 - 0000:75:00.0] bidirectional: false 61.350 GBps
[INFO  ] [645321.158452] [xgmi_d2d_unidir_bandwidth] p2p-bandwidth[ 9/56] [GPU:: 3 - 42583 - 0000:05:00.0] [GPU:: 4 - 36479 - 0000:65:00.0] bidirectional: false 61.360 GBps
[INFO  ] [645321.158455] [xgmi_d2d_unidir_bandwidth] p2p-bandwidth[10/56] [GPU:: 3 - 42583 - 0000:05:00.0] [GPU:: 5 - 27226 - 0000:15:00.0] bidirectional: false 61.352 GBps
[INFO  ] [645321.158458] [xgmi_d2d_unidir_bandwidth] p2p-bandwidth[11/56] [GPU:: 3 - 42583 - 0000:05:00.0] [GPU:: 6 - 57875 - 0000:f5:00.0] bidirectional: false 61.350 GBps
[INFO  ] [645321.158460] [xgmi_d2d_unidir_bandwidth] p2p-bandwidth[12/56] [GPU:: 3 - 42583 - 0000:05:00.0] [GPU:: 7 -  1590 - 0000:85:00.0] bidirectional: false 61.356 GBps
[INFO  ] [645321.158500] [xgmi_d2d_unidir_bandwidth] p2p-bandwidth[13/56] [GPU:: 3 - 42583 - 0000:05:00.0] [GPU:: 8 - 11806 - 0000:e5:00.0] bidirectional: false 61.353 GBps
[INFO  ] [645321.158503] [xgmi_d2d_unidir_bandwidth] p2p-bandwidth[14/56] [GPU:: 3 - 42583 - 0000:05:00.0] [GPU:: 9 - 51771 - 0000:95:00.0] bidirectional: false 61.351 GBps
[INFO  ] [645321.158506] [xgmi_d2d_unidir_bandwidth] p2p-bandwidth[15/56] [GPU:: 4 - 36479 - 0000:65:00.0] [GPU:: 2 - 17010 - 0000:75:00.0] bidirectional: false 61.377 GBps
[INFO  ] [645321.158508] [xgmi_d2d_unidir_bandwidth] p2p-bandwidth[16/56] [GPU:: 4 - 36479 - 0000:65:00.0] [GPU:: 3 - 42583 - 0000:05:00.0] bidirectional: false 61.386 GBps
[INFO  ] [645321.158511] [xgmi_d2d_unidir_bandwidth] p2p-bandwidth[17/56] [GPU:: 4 - 36479 - 0000:65:00.0] [GPU:: 5 - 27226 - 0000:15:00.0] bidirectional: false 61.381 GBps
[INFO  ] [645321.158514] [xgmi_d2d_unidir_bandwidth] p2p-bandwidth[18/56] [GPU:: 4 - 36479 - 0000:65:00.0] [GPU:: 6 - 57875 - 0000:f5:00.0] bidirectional: false 61.377 GBps
[INFO  ] [645321.158518] [xgmi_d2d_unidir_bandwidth] p2p-bandwidth[19/56] [GPU:: 4 - 36479 - 0000:65:00.0] [GPU:: 7 -  1590 - 0000:85:00.0] bidirectional: false 61.382 GBps
[INFO  ] [645321.158523] [xgmi_d2d_unidir_bandwidth] p2p-bandwidth[20/56] [GPU:: 4 - 36479 - 0000:65:00.0] [GPU:: 8 - 11806 - 0000:e5:00.0] bidirectional: false 61.377 GBps
[INFO  ] [645321.158527] [xgmi_d2d_unidir_bandwidth] p2p-bandwidth[21/56] [GPU:: 4 - 36479 - 0000:65:00.0] [GPU:: 9 - 51771 - 0000:95:00.0] bidirectional: false 61.381 GBps
[INFO  ] [645321.158532] [xgmi_d2d_unidir_bandwidth] p2p-bandwidth[22/56] [GPU:: 5 - 27226 - 0000:15:00.0] [GPU:: 2 - 17010 - 0000:75:00.0] bidirectional: false 61.319 GBps
[INFO  ] [645321.158536] [xgmi_d2d_unidir_bandwidth] p2p-bandwidth[23/56] [GPU:: 5 - 27226 - 0000:15:00.0] [GPU:: 3 - 42583 - 0000:05:00.0] bidirectional: false 61.316 GBps
[INFO  ] [645321.158540] [xgmi_d2d_unidir_bandwidth] p2p-bandwidth[24/56] [GPU:: 5 - 27226 - 0000:15:00.0] [GPU:: 4 - 36479 - 0000:65:00.0] bidirectional: false 61.316 GBps
[INFO  ] [645321.158544] [xgmi_d2d_unidir_bandwidth] p2p-bandwidth[25/56] [GPU:: 5 - 27226 - 0000:15:00.0] [GPU:: 6 - 57875 - 0000:f5:00.0] bidirectional: false 61.320 GBps
[INFO  ] [645321.158548] [xgmi_d2d_unidir_bandwidth] p2p-bandwidth[26/56] [GPU:: 5 - 27226 - 0000:15:00.0] [GPU:: 7 -  1590 - 0000:85:00.0] bidirectional: false 61.317 GBps
[INFO  ] [645321.158553] [xgmi_d2d_unidir_bandwidth] p2p-bandwidth[27/56] [GPU:: 5 - 27226 - 0000:15:00.0] [GPU:: 8 - 11806 - 0000:e5:00.0] bidirectional: false 61.315 GBps
[INFO  ] [645321.158556] [xgmi_d2d_unidir_bandwidth] p2p-bandwidth[28/56] [GPU:: 5 - 27226 - 0000:15:00.0] [GPU:: 9 - 51771 - 0000:95:00.0] bidirectional: false 61.314 GBps
[INFO  ] [645321.158559] [xgmi_d2d_unidir_bandwidth] p2p-bandwidth[29/56] [GPU:: 6 - 57875 - 0000:f5:00.0] [GPU:: 2 - 17010 - 0000:75:00.0] bidirectional: false 61.378 GBps
[INFO  ] [645321.158562] [xgmi_d2d_unidir_bandwidth] p2p-bandwidth[30/56] [GPU:: 6 - 57875 - 0000:f5:00.0] [GPU:: 3 - 42583 - 0000:05:00.0] bidirectional: false 61.376 GBps
[INFO  ] [645321.158564] [xgmi_d2d_unidir_bandwidth] p2p-bandwidth[31/56] [GPU:: 6 - 57875 - 0000:f5:00.0] [GPU:: 4 - 36479 - 0000:65:00.0] bidirectional: false 61.376 GBps
[INFO  ] [645321.158567] [xgmi_d2d_unidir_bandwidth] p2p-bandwidth[32/56] [GPU:: 6 - 57875 - 0000:f5:00.0] [GPU:: 5 - 27226 - 0000:15:00.0] bidirectional: false 61.379 GBps
[INFO  ] [645321.158569] [xgmi_d2d_unidir_bandwidth] p2p-bandwidth[33/56] [GPU:: 6 - 57875 - 0000:f5:00.0] [GPU:: 7 -  1590 - 0000:85:00.0] bidirectional: false 61.379 GBps
[INFO  ] [645321.158572] [xgmi_d2d_unidir_bandwidth] p2p-bandwidth[34/56] [GPU:: 6 - 57875 - 0000:f5:00.0] [GPU:: 8 - 11806 - 0000:e5:00.0] bidirectional: false 61.378 GBps
[INFO  ] [645321.158574] [xgmi_d2d_unidir_bandwidth] p2p-bandwidth[35/56] [GPU:: 6 - 57875 - 0000:f5:00.0] [GPU:: 9 - 51771 - 0000:95:00.0] bidirectional: false 61.382 GBps
[INFO  ] [645321.158577] [xgmi_d2d_unidir_bandwidth] p2p-bandwidth[36/56] [GPU:: 7 -  1590 - 0000:85:00.0] [GPU:: 2 - 17010 - 0000:75:00.0] bidirectional: false 61.378 GBps
[INFO  ] [645321.158584] [xgmi_d2d_unidir_bandwidth] p2p-bandwidth[37/56] [GPU:: 7 -  1590 - 0000:85:00.0] [GPU:: 3 - 42583 - 0000:05:00.0] bidirectional: false 61.372 GBps
[INFO  ] [645321.158586] [xgmi_d2d_unidir_bandwidth] p2p-bandwidth[38/56] [GPU:: 7 -  1590 - 0000:85:00.0] [GPU:: 4 - 36479 - 0000:65:00.0] bidirectional: false 61.379 GBps
[INFO  ] [645321.158589] [xgmi_d2d_unidir_bandwidth] p2p-bandwidth[39/56] [GPU:: 7 -  1590 - 0000:85:00.0] [GPU:: 5 - 27226 - 0000:15:00.0] bidirectional: false 61.376 GBps
[INFO  ] [645321.158592] [xgmi_d2d_unidir_bandwidth] p2p-bandwidth[40/56] [GPU:: 7 -  1590 - 0000:85:00.0] [GPU:: 6 - 57875 - 0000:f5:00.0] bidirectional: false 61.373 GBps
[INFO  ] [645321.158594] [xgmi_d2d_unidir_bandwidth] p2p-bandwidth[41/56] [GPU:: 7 -  1590 - 0000:85:00.0] [GPU:: 8 - 11806 - 0000:e5:00.0] bidirectional: false 61.384 GBps
[INFO  ] [645321.158597] [xgmi_d2d_unidir_bandwidth] p2p-bandwidth[42/56] [GPU:: 7 -  1590 - 0000:85:00.0] [GPU:: 9 - 51771 - 0000:95:00.0] bidirectional: false 61.373 GBps
[INFO  ] [645321.158600] [xgmi_d2d_unidir_bandwidth] p2p-bandwidth[43/56] [GPU:: 8 - 11806 - 0000:e5:00.0] [GPU:: 2 - 17010 - 0000:75:00.0] bidirectional: false 61.373 GBps
[INFO  ] [645321.158602] [xgmi_d2d_unidir_bandwidth] p2p-bandwidth[44/56] [GPU:: 8 - 11806 - 0000:e5:00.0] [GPU:: 3 - 42583 - 0000:05:00.0] bidirectional: false 61.379 GBps
[INFO  ] [645321.158605] [xgmi_d2d_unidir_bandwidth] p2p-bandwidth[45/56] [GPU:: 8 - 11806 - 0000:e5:00.0] [GPU:: 4 - 36479 - 0000:65:00.0] bidirectional: false 61.373 GBps
[INFO  ] [645321.158608] [xgmi_d2d_unidir_bandwidth] p2p-bandwidth[46/56] [GPU:: 8 - 11806 - 0000:e5:00.0] [GPU:: 5 - 27226 - 0000:15:00.0] bidirectional: false 61.375 GBps
[INFO  ] [645321.158610] [xgmi_d2d_unidir_bandwidth] p2p-bandwidth[47/56] [GPU:: 8 - 11806 - 0000:e5:00.0] [GPU:: 6 - 57875 - 0000:f5:00.0] bidirectional: false 61.373 GBps
[INFO  ] [645321.158613] [xgmi_d2d_unidir_bandwidth] p2p-bandwidth[48/56] [GPU:: 8 - 11806 - 0000:e5:00.0] [GPU:: 7 -  1590 - 0000:85:00.0] bidirectional: false 61.386 GBps
[INFO  ] [645321.158616] [xgmi_d2d_unidir_bandwidth] p2p-bandwidth[49/56] [GPU:: 8 - 11806 - 0000:e5:00.0] [GPU:: 9 - 51771 - 0000:95:00.0] bidirectional: false 61.378 GBps
[INFO  ] [645321.158618] [xgmi_d2d_unidir_bandwidth] p2p-bandwidth[50/56] [GPU:: 9 - 51771 - 0000:95:00.0] [GPU:: 2 - 17010 - 0000:75:00.0] bidirectional: false 61.377 GBps
[INFO  ] [645321.158621] [xgmi_d2d_unidir_bandwidth] p2p-bandwidth[51/56] [GPU:: 9 - 51771 - 0000:95:00.0] [GPU:: 3 - 42583 - 0000:05:00.0] bidirectional: false 61.373 GBps
[INFO  ] [645321.158623] [xgmi_d2d_unidir_bandwidth] p2p-bandwidth[52/56] [GPU:: 9 - 51771 - 0000:95:00.0] [GPU:: 4 - 36479 - 0000:65:00.0] bidirectional: false 61.374 GBps
[INFO  ] [645321.158626] [xgmi_d2d_unidir_bandwidth] p2p-bandwidth[53/56] [GPU:: 9 - 51771 - 0000:95:00.0] [GPU:: 5 - 27226 - 0000:15:00.0] bidirectional: false 61.374 GBps
[INFO  ] [645321.158628] [xgmi_d2d_unidir_bandwidth] p2p-bandwidth[54/56] [GPU:: 9 - 51771 - 0000:95:00.0] [GPU:: 6 - 57875 - 0000:f5:00.0] bidirectional: false 61.383 GBps
[INFO  ] [645321.158631] [xgmi_d2d_unidir_bandwidth] p2p-bandwidth[55/56] [GPU:: 9 - 51771 - 0000:95:00.0] [GPU:: 7 -  1590 - 0000:85:00.0] bidirectional: false 61.375 GBps
[INFO  ] [645321.158633] [xgmi_d2d_unidir_bandwidth] p2p-bandwidth[56/56] [GPU:: 9 - 51771 - 0000:95:00.0] [GPU:: 8 - 11806 - 0000:e5:00.0] bidirectional: false 61.374 GBps
[INFO  ] [645326.158214] [xgmi_d2d_unidir_bandwidth] p2p-bandwidth[ 1/56] [GPU:: 2 - 17010 - 0000:75:00.0] [GPU:: 3 - 42583 - 0000:05:00.0] bidirectional: false 61.375 GBps
[INFO  ] [645326.158228] [xgmi_d2d_unidir_bandwidth] p2p-bandwidth[ 2/56] [GPU:: 2 - 17010 - 0000:75:00.0] [GPU:: 4 - 36479 - 0000:65:00.0] bidirectional: false 61.374 GBps
[INFO  ] [645326.158232] [xgmi_d2d_unidir_bandwidth] p2p-bandwidth[ 3/56] [GPU:: 2 - 17010 - 0000:75:00.0] [GPU:: 5 - 27226 - 0000:15:00.0] bidirectional: false 61.383 GBps
[INFO  ] [645326.158286] [xgmi_d2d_unidir_bandwidth] p2p-bandwidth[ 4/56] [GPU:: 2 - 17010 - 0000:75:00.0] [GPU:: 6 - 57875 - 0000:f5:00.0] bidirectional: false 61.377 GBps
[INFO  ] [645326.158289] [xgmi_d2d_unidir_bandwidth] p2p-bandwidth[ 5/56] [GPU:: 2 - 17010 - 0000:75:00.0] [GPU:: 7 -  1590 - 0000:85:00.0] bidirectional: false 61.377 GBps
[INFO  ] [645326.158291] [xgmi_d2d_unidir_bandwidth] p2p-bandwidth[ 6/56] [GPU:: 2 - 17010 - 0000:75:00.0] [GPU:: 8 - 11806 - 0000:e5:00.0] bidirectional: false 61.375 GBps
[INFO  ] [645326.158294] [xgmi_d2d_unidir_bandwidth] p2p-bandwidth[ 7/56] [GPU:: 2 - 17010 - 0000:75:00.0] [GPU:: 9 - 51771 - 0000:95:00.0] bidirectional: false 61.379 GBps
[INFO  ] [645326.158297] [xgmi_d2d_unidir_bandwidth] p2p-bandwidth[ 8/56] [GPU:: 3 - 42583 - 0000:05:00.0] [GPU:: 2 - 17010 - 0000:75:00.0] bidirectional: false 61.348 GBps
[INFO  ] [645326.158299] [xgmi_d2d_unidir_bandwidth] p2p-bandwidth[ 9/56] [GPU:: 3 - 42583 - 0000:05:00.0] [GPU:: 4 - 36479 - 0000:65:00.0] bidirectional: false 61.359 GBps
[INFO  ] [645326.158302] [xgmi_d2d_unidir_bandwidth] p2p-bandwidth[10/56] [GPU:: 3 - 42583 - 0000:05:00.0] [GPU:: 5 - 27226 - 0000:15:00.0] bidirectional: false 61.352 GBps
[INFO  ] [645326.158305] [xgmi_d2d_unidir_bandwidth] p2p-bandwidth[11/56] [GPU:: 3 - 42583 - 0000:05:00.0] [GPU:: 6 - 57875 - 0000:f5:00.0] bidirectional: false 61.352 GBps
[INFO  ] [645326.158308] [xgmi_d2d_unidir_bandwidth] p2p-bandwidth[12/56] [GPU:: 3 - 42583 - 0000:05:00.0] [GPU:: 7 -  1590 - 0000:85:00.0] bidirectional: false 61.355 GBps
[INFO  ] [645326.158311] [xgmi_d2d_unidir_bandwidth] p2p-bandwidth[13/56] [GPU:: 3 - 42583 - 0000:05:00.0] [GPU:: 8 - 11806 - 0000:e5:00.0] bidirectional: false 61.353 GBps
[INFO  ] [645326.158313] [xgmi_d2d_unidir_bandwidth] p2p-bandwidth[14/56] [GPU:: 3 - 42583 - 0000:05:00.0] [GPU:: 9 - 51771 - 0000:95:00.0] bidirectional: false 61.347 GBps
[INFO  ] [645326.158316] [xgmi_d2d_unidir_bandwidth] p2p-bandwidth[15/56] [GPU:: 4 - 36479 - 0000:65:00.0] [GPU:: 2 - 17010 - 0000:75:00.0] bidirectional: false 61.377 GBps
[INFO  ] [645326.158318] [xgmi_d2d_unidir_bandwidth] p2p-bandwidth[16/56] [GPU:: 4 - 36479 - 0000:65:00.0] [GPU:: 3 - 42583 - 0000:05:00.0] bidirectional: false 61.383 GBps
[INFO  ] [645326.158321] [xgmi_d2d_unidir_bandwidth] p2p-bandwidth[17/56] [GPU:: 4 - 36479 - 0000:65:00.0] [GPU:: 5 - 27226 - 0000:15:00.0] bidirectional: false 61.377 GBps
[INFO  ] [645326.158323] [xgmi_d2d_unidir_bandwidth] p2p-bandwidth[18/56] [GPU:: 4 - 36479 - 0000:65:00.0] [GPU:: 6 - 57875 - 0000:f5:00.0] bidirectional: false 61.377 GBps
[INFO  ] [645326.158326] [xgmi_d2d_unidir_bandwidth] p2p-bandwidth[19/56] [GPU:: 4 - 36479 - 0000:65:00.0] [GPU:: 7 -  1590 - 0000:85:00.0] bidirectional: false 61.381 GBps
[INFO  ] [645326.158328] [xgmi_d2d_unidir_bandwidth] p2p-bandwidth[20/56] [GPU:: 4 - 36479 - 0000:65:00.0] [GPU:: 8 - 11806 - 0000:e5:00.0] bidirectional: false 61.380 GBps
[INFO  ] [645326.158331] [xgmi_d2d_unidir_bandwidth] p2p-bandwidth[21/56] [GPU:: 4 - 36479 - 0000:65:00.0] [GPU:: 9 - 51771 - 0000:95:00.0] bidirectional: false 61.379 GBps
[INFO  ] [645326.158333] [xgmi_d2d_unidir_bandwidth] p2p-bandwidth[22/56] [GPU:: 5 - 27226 - 0000:15:00.0] [GPU:: 2 - 17010 - 0000:75:00.0] bidirectional: false 61.267 GBps
[INFO  ] [645326.158336] [xgmi_d2d_unidir_bandwidth] p2p-bandwidth[23/56] [GPU:: 5 - 27226 - 0000:15:00.0] [GPU:: 3 - 42583 - 0000:05:00.0] bidirectional: false 61.310 GBps
[INFO  ] [645326.158338] [xgmi_d2d_unidir_bandwidth] p2p-bandwidth[24/56] [GPU:: 5 - 27226 - 0000:15:00.0] [GPU:: 4 - 36479 - 0000:65:00.0] bidirectional: false 61.310 GBps
[INFO  ] [645326.158341] [xgmi_d2d_unidir_bandwidth] p2p-bandwidth[25/56] [GPU:: 5 - 27226 - 0000:15:00.0] [GPU:: 6 - 57875 - 0000:f5:00.0] bidirectional: false 61.317 GBps
[INFO  ] [645326.158343] [xgmi_d2d_unidir_bandwidth] p2p-bandwidth[26/56] [GPU:: 5 - 27226 - 0000:15:00.0] [GPU:: 7 -  1590 - 0000:85:00.0] bidirectional: false 61.309 GBps
[INFO  ] [645326.158346] [xgmi_d2d_unidir_bandwidth] p2p-bandwidth[27/56] [GPU:: 5 - 27226 - 0000:15:00.0] [GPU:: 8 - 11806 - 0000:e5:00.0] bidirectional: false 61.308 GBps
[INFO  ] [645326.158353] [xgmi_d2d_unidir_bandwidth] p2p-bandwidth[28/56] [GPU:: 5 - 27226 - 0000:15:00.0] [GPU:: 9 - 51771 - 0000:95:00.0] bidirectional: false 61.315 GBps
[INFO  ] [645326.158356] [xgmi_d2d_unidir_bandwidth] p2p-bandwidth[29/56] [GPU:: 6 - 57875 - 0000:f5:00.0] [GPU:: 2 - 17010 - 0000:75:00.0] bidirectional: false 61.378 GBps
[INFO  ] [645326.158358] [xgmi_d2d_unidir_bandwidth] p2p-bandwidth[30/56] [GPU:: 6 - 57875 - 0000:f5:00.0] [GPU:: 3 - 42583 - 0000:05:00.0] bidirectional: false 61.375 GBps
[INFO  ] [645326.158361] [xgmi_d2d_unidir_bandwidth] p2p-bandwidth[31/56] [GPU:: 6 - 57875 - 0000:f5:00.0] [GPU:: 4 - 36479 - 0000:65:00.0] bidirectional: false 61.375 GBps
[INFO  ] [645326.158363] [xgmi_d2d_unidir_bandwidth] p2p-bandwidth[32/56] [GPU:: 6 - 57875 - 0000:f5:00.0] [GPU:: 5 - 27226 - 0000:15:00.0] bidirectional: false 61.380 GBps
[INFO  ] [645326.158366] [xgmi_d2d_unidir_bandwidth] p2p-bandwidth[33/56] [GPU:: 6 - 57875 - 0000:f5:00.0] [GPU:: 7 -  1590 - 0000:85:00.0] bidirectional: false 61.378 GBps
[INFO  ] [645326.158368] [xgmi_d2d_unidir_bandwidth] p2p-bandwidth[34/56] [GPU:: 6 - 57875 - 0000:f5:00.0] [GPU:: 8 - 11806 - 0000:e5:00.0] bidirectional: false 61.380 GBps
[INFO  ] [645326.158371] [xgmi_d2d_unidir_bandwidth] p2p-bandwidth[35/56] [GPU:: 6 - 57875 - 0000:f5:00.0] [GPU:: 9 - 51771 - 0000:95:00.0] bidirectional: false 61.381 GBps
[INFO  ] [645326.158374] [xgmi_d2d_unidir_bandwidth] p2p-bandwidth[36/56] [GPU:: 7 -  1590 - 0000:85:00.0] [GPU:: 2 - 17010 - 0000:75:00.0] bidirectional: false 61.377 GBps
[INFO  ] [645326.158376] [xgmi_d2d_unidir_bandwidth] p2p-bandwidth[37/56] [GPU:: 7 -  1590 - 0000:85:00.0] [GPU:: 3 - 42583 - 0000:05:00.0] bidirectional: false 61.377 GBps
[INFO  ] [645326.158379] [xgmi_d2d_unidir_bandwidth] p2p-bandwidth[38/56] [GPU:: 7 -  1590 - 0000:85:00.0] [GPU:: 4 - 36479 - 0000:65:00.0] bidirectional: false 61.381 GBps
[INFO  ] [645326.158381] [xgmi_d2d_unidir_bandwidth] p2p-bandwidth[39/56] [GPU:: 7 -  1590 - 0000:85:00.0] [GPU:: 5 - 27226 - 0000:15:00.0] bidirectional: false 61.375 GBps
[INFO  ] [645326.158384] [xgmi_d2d_unidir_bandwidth] p2p-bandwidth[40/56] [GPU:: 7 -  1590 - 0000:85:00.0] [GPU:: 6 - 57875 - 0000:f5:00.0] bidirectional: false 61.376 GBps
[INFO  ] [645326.158386] [xgmi_d2d_unidir_bandwidth] p2p-bandwidth[41/56] [GPU:: 7 -  1590 - 0000:85:00.0] [GPU:: 8 - 11806 - 0000:e5:00.0] bidirectional: false 61.383 GBps
[INFO  ] [645326.158388] [xgmi_d2d_unidir_bandwidth] p2p-bandwidth[42/56] [GPU:: 7 -  1590 - 0000:85:00.0] [GPU:: 9 - 51771 - 0000:95:00.0] bidirectional: false 61.374 GBps
[INFO  ] [645326.158391] [xgmi_d2d_unidir_bandwidth] p2p-bandwidth[43/56] [GPU:: 8 - 11806 - 0000:e5:00.0] [GPU:: 2 - 17010 - 0000:75:00.0] bidirectional: false 61.373 GBps
[INFO  ] [645326.158393] [xgmi_d2d_unidir_bandwidth] p2p-bandwidth[44/56] [GPU:: 8 - 11806 - 0000:e5:00.0] [GPU:: 3 - 42583 - 0000:05:00.0] bidirectional: false 61.380 GBps
[INFO  ] [645326.158396] [xgmi_d2d_unidir_bandwidth] p2p-bandwidth[45/56] [GPU:: 8 - 11806 - 0000:e5:00.0] [GPU:: 4 - 36479 - 0000:65:00.0] bidirectional: false 61.376 GBps
[INFO  ] [645326.158398] [xgmi_d2d_unidir_bandwidth] p2p-bandwidth[46/56] [GPU:: 8 - 11806 - 0000:e5:00.0] [GPU:: 5 - 27226 - 0000:15:00.0] bidirectional: false 61.374 GBps
[INFO  ] [645326.158401] [xgmi_d2d_unidir_bandwidth] p2p-bandwidth[47/56] [GPU:: 8 - 11806 - 0000:e5:00.0] [GPU:: 6 - 57875 - 0000:f5:00.0] bidirectional: false 61.378 GBps
[INFO  ] [645326.158403] [xgmi_d2d_unidir_bandwidth] p2p-bandwidth[48/56] [GPU:: 8 - 11806 - 0000:e5:00.0] [GPU:: 7 -  1590 - 0000:85:00.0] bidirectional: false 61.385 GBps
[INFO  ] [645326.158406] [xgmi_d2d_unidir_bandwidth] p2p-bandwidth[49/56] [GPU:: 8 - 11806 - 0000:e5:00.0] [GPU:: 9 - 51771 - 0000:95:00.0] bidirectional: false 61.376 GBps
[INFO  ] [645326.158408] [xgmi_d2d_unidir_bandwidth] p2p-bandwidth[50/56] [GPU:: 9 - 51771 - 0000:95:00.0] [GPU:: 2 - 17010 - 0000:75:00.0] bidirectional: false 61.378 GBps
[INFO  ] [645326.158411] [xgmi_d2d_unidir_bandwidth] p2p-bandwidth[51/56] [GPU:: 9 - 51771 - 0000:95:00.0] [GPU:: 3 - 42583 - 0000:05:00.0] bidirectional: false 61.371 GBps
[INFO  ] [645326.158417] [xgmi_d2d_unidir_bandwidth] p2p-bandwidth[52/56] [GPU:: 9 - 51771 - 0000:95:00.0] [GPU:: 4 - 36479 - 0000:65:00.0] bidirectional: false 61.375 GBps
[INFO  ] [645326.158419] [xgmi_d2d_unidir_bandwidth] p2p-bandwidth[53/56] [GPU:: 9 - 51771 - 0000:95:00.0] [GPU:: 5 - 27226 - 0000:15:00.0] bidirectional: false 61.373 GBps
[INFO  ] [645326.158422] [xgmi_d2d_unidir_bandwidth] p2p-bandwidth[54/56] [GPU:: 9 - 51771 - 0000:95:00.0] [GPU:: 6 - 57875 - 0000:f5:00.0] bidirectional: false 61.383 GBps
[INFO  ] [645326.158424] [xgmi_d2d_unidir_bandwidth] p2p-bandwidth[55/56] [GPU:: 9 - 51771 - 0000:95:00.0] [GPU:: 7 -  1590 - 0000:85:00.0] bidirectional: false 61.376 GBps
[INFO  ] [645326.158427] [xgmi_d2d_unidir_bandwidth] p2p-bandwidth[56/56] [GPU:: 9 - 51771 - 0000:95:00.0] [GPU:: 8 - 11806 - 0000:e5:00.0] bidirectional: false 61.372 GBps
[INFO  ] [645331.157521] [xgmi_d2d_unidir_bandwidth] p2p-bandwidth[ 1/56] [GPU:: 2 - 17010 - 0000:75:00.0] [GPU:: 3 - 42583 - 0000:05:00.0] bidirectional: false 61.374 GBps
[INFO  ] [645331.157539] [xgmi_d2d_unidir_bandwidth] p2p-bandwidth[ 2/56] [GPU:: 2 - 17010 - 0000:75:00.0] [GPU:: 4 - 36479 - 0000:65:00.0] bidirectional: false 61.376 GBps
[INFO  ] [645331.157543] [xgmi_d2d_unidir_bandwidth] p2p-bandwidth[ 3/56] [GPU:: 2 - 17010 - 0000:75:00.0] [GPU:: 5 - 27226 - 0000:15:00.0] bidirectional: false 61.383 GBps
[INFO  ] [645331.157547] [xgmi_d2d_unidir_bandwidth] p2p-bandwidth[ 4/56] [GPU:: 2 - 17010 - 0000:75:00.0] [GPU:: 6 - 57875 - 0000:f5:00.0] bidirectional: false 61.380 GBps
[INFO  ] [645331.157550] [xgmi_d2d_unidir_bandwidth] p2p-bandwidth[ 5/56] [GPU:: 2 - 17010 - 0000:75:00.0] [GPU:: 7 -  1590 - 0000:85:00.0] bidirectional: false 61.376 GBps
[INFO  ] [645331.157553] [xgmi_d2d_unidir_bandwidth] p2p-bandwidth[ 6/56] [GPU:: 2 - 17010 - 0000:75:00.0] [GPU:: 8 - 11806 - 0000:e5:00.0] bidirectional: false 61.377 GBps
[INFO  ] [645331.157556] [xgmi_d2d_unidir_bandwidth] p2p-bandwidth[ 7/56] [GPU:: 2 - 17010 - 0000:75:00.0] [GPU:: 9 - 51771 - 0000:95:00.0] bidirectional: false 61.381 GBps
[INFO  ] [645331.157559] [xgmi_d2d_unidir_bandwidth] p2p-bandwidth[ 8/56] [GPU:: 3 - 42583 - 0000:05:00.0] [GPU:: 2 - 17010 - 0000:75:00.0] bidirectional: false 61.353 GBps
[INFO  ] [645331.157563] [xgmi_d2d_unidir_bandwidth] p2p-bandwidth[ 9/56] [GPU:: 3 - 42583 - 0000:05:00.0] [GPU:: 4 - 36479 - 0000:65:00.0] bidirectional: false 61.360 GBps
[INFO  ] [645331.157566] [xgmi_d2d_unidir_bandwidth] p2p-bandwidth[10/56] [GPU:: 3 - 42583 - 0000:05:00.0] [GPU:: 5 - 27226 - 0000:15:00.0] bidirectional: false 61.351 GBps
[INFO  ] [645331.157569] [xgmi_d2d_unidir_bandwidth] p2p-bandwidth[11/56] [GPU:: 3 - 42583 - 0000:05:00.0] [GPU:: 6 - 57875 - 0000:f5:00.0] bidirectional: false 61.352 GBps
[INFO  ] [645331.157571] [xgmi_d2d_unidir_bandwidth] p2p-bandwidth[12/56] [GPU:: 3 - 42583 - 0000:05:00.0] [GPU:: 7 -  1590 - 0000:85:00.0] bidirectional: false 61.354 GBps
[INFO  ] [645331.157574] [xgmi_d2d_unidir_bandwidth] p2p-bandwidth[13/56] [GPU:: 3 - 42583 - 0000:05:00.0] [GPU:: 8 - 11806 - 0000:e5:00.0] bidirectional: false 61.359 GBps
[INFO  ] [645331.157577] [xgmi_d2d_unidir_bandwidth] p2p-bandwidth[14/56] [GPU:: 3 - 42583 - 0000:05:00.0] [GPU:: 9 - 51771 - 0000:95:00.0] bidirectional: false 61.344 GBps
[INFO  ] [645331.157580] [xgmi_d2d_unidir_bandwidth] p2p-bandwidth[15/56] [GPU:: 4 - 36479 - 0000:65:00.0] [GPU:: 2 - 17010 - 0000:75:00.0] bidirectional: false 61.378 GBps
[INFO  ] [645331.157583] [xgmi_d2d_unidir_bandwidth] p2p-bandwidth[16/56] [GPU:: 4 - 36479 - 0000:65:00.0] [GPU:: 3 - 42583 - 0000:05:00.0] bidirectional: false 61.381 GBps
[INFO  ] [645331.157585] [xgmi_d2d_unidir_bandwidth] p2p-bandwidth[17/56] [GPU:: 4 - 36479 - 0000:65:00.0] [GPU:: 5 - 27226 - 0000:15:00.0] bidirectional: false 61.380 GBps
[INFO  ] [645331.157588] [xgmi_d2d_unidir_bandwidth] p2p-bandwidth[18/56] [GPU:: 4 - 36479 - 0000:65:00.0] [GPU:: 6 - 57875 - 0000:f5:00.0] bidirectional: false 61.376 GBps
[INFO  ] [645331.157628] [xgmi_d2d_unidir_bandwidth] p2p-bandwidth[19/56] [GPU:: 4 - 36479 - 0000:65:00.0] [GPU:: 7 -  1590 - 0000:85:00.0] bidirectional: false 61.381 GBps
[INFO  ] [645331.157631] [xgmi_d2d_unidir_bandwidth] p2p-bandwidth[20/56] [GPU:: 4 - 36479 - 0000:65:00.0] [GPU:: 8 - 11806 - 0000:e5:00.0] bidirectional: false 61.377 GBps
[INFO  ] [645331.157634] [xgmi_d2d_unidir_bandwidth] p2p-bandwidth[21/56] [GPU:: 4 - 36479 - 0000:65:00.0] [GPU:: 9 - 51771 - 0000:95:00.0] bidirectional: false 61.380 GBps
[INFO  ] [645331.157637] [xgmi_d2d_unidir_bandwidth] p2p-bandwidth[22/56] [GPU:: 5 - 27226 - 0000:15:00.0] [GPU:: 2 - 17010 - 0000:75:00.0] bidirectional: false 61.320 GBps
[INFO  ] [645331.157639] [xgmi_d2d_unidir_bandwidth] p2p-bandwidth[23/56] [GPU:: 5 - 27226 - 0000:15:00.0] [GPU:: 3 - 42583 - 0000:05:00.0] bidirectional: false 61.315 GBps
[INFO  ] [645331.157642] [xgmi_d2d_unidir_bandwidth] p2p-bandwidth[24/56] [GPU:: 5 - 27226 - 0000:15:00.0] [GPU:: 4 - 36479 - 0000:65:00.0] bidirectional: false 61.311 GBps
[INFO  ] [645331.157644] [xgmi_d2d_unidir_bandwidth] p2p-bandwidth[25/56] [GPU:: 5 - 27226 - 0000:15:00.0] [GPU:: 6 - 57875 - 0000:f5:00.0] bidirectional: false 61.318 GBps
[INFO  ] [645331.157647] [xgmi_d2d_unidir_bandwidth] p2p-bandwidth[26/56] [GPU:: 5 - 27226 - 0000:15:00.0] [GPU:: 7 -  1590 - 0000:85:00.0] bidirectional: false 61.310 GBps
[INFO  ] [645331.157649] [xgmi_d2d_unidir_bandwidth] p2p-bandwidth[27/56] [GPU:: 5 - 27226 - 0000:15:00.0] [GPU:: 8 - 11806 - 0000:e5:00.0] bidirectional: false 61.309 GBps
[INFO  ] [645331.157652] [xgmi_d2d_unidir_bandwidth] p2p-bandwidth[28/56] [GPU:: 5 - 27226 - 0000:15:00.0] [GPU:: 9 - 51771 - 0000:95:00.0] bidirectional: false 61.311 GBps
[INFO  ] [645331.157655] [xgmi_d2d_unidir_bandwidth] p2p-bandwidth[29/56] [GPU:: 6 - 57875 - 0000:f5:00.0] [GPU:: 2 - 17010 - 0000:75:00.0] bidirectional: false 61.378 GBps
[INFO  ] [645331.157657] [xgmi_d2d_unidir_bandwidth] p2p-bandwidth[30/56] [GPU:: 6 - 57875 - 0000:f5:00.0] [GPU:: 3 - 42583 - 0000:05:00.0] bidirectional: false 61.378 GBps
[INFO  ] [645331.157660] [xgmi_d2d_unidir_bandwidth] p2p-bandwidth[31/56] [GPU:: 6 - 57875 - 0000:f5:00.0] [GPU:: 4 - 36479 - 0000:65:00.0] bidirectional: false 61.379 GBps
[INFO  ] [645331.157662] [xgmi_d2d_unidir_bandwidth] p2p-bandwidth[32/56] [GPU:: 6 - 57875 - 0000:f5:00.0] [GPU:: 5 - 27226 - 0000:15:00.0] bidirectional: false 61.380 GBps
[INFO  ] [645331.157664] [xgmi_d2d_unidir_bandwidth] p2p-bandwidth[33/56] [GPU:: 6 - 57875 - 0000:f5:00.0] [GPU:: 7 -  1590 - 0000:85:00.0] bidirectional: false 61.376 GBps
[INFO  ] [645331.157667] [xgmi_d2d_unidir_bandwidth] p2p-bandwidth[34/56] [GPU:: 6 - 57875 - 0000:f5:00.0] [GPU:: 8 - 11806 - 0000:e5:00.0] bidirectional: false 61.377 GBps
[INFO  ] [645331.157670] [xgmi_d2d_unidir_bandwidth] p2p-bandwidth[35/56] [GPU:: 6 - 57875 - 0000:f5:00.0] [GPU:: 9 - 51771 - 0000:95:00.0] bidirectional: false 61.384 GBps
[INFO  ] [645331.157672] [xgmi_d2d_unidir_bandwidth] p2p-bandwidth[36/56] [GPU:: 7 -  1590 - 0000:85:00.0] [GPU:: 2 - 17010 - 0000:75:00.0] bidirectional: false 61.375 GBps
[INFO  ] [645331.157675] [xgmi_d2d_unidir_bandwidth] p2p-bandwidth[37/56] [GPU:: 7 -  1590 - 0000:85:00.0] [GPU:: 3 - 42583 - 0000:05:00.0] bidirectional: false 61.378 GBps
[INFO  ] [645331.157677] [xgmi_d2d_unidir_bandwidth] p2p-bandwidth[38/56] [GPU:: 7 -  1590 - 0000:85:00.0] [GPU:: 4 - 36479 - 0000:65:00.0] bidirectional: false 61.378 GBps
[INFO  ] [645331.157680] [xgmi_d2d_unidir_bandwidth] p2p-bandwidth[39/56] [GPU:: 7 -  1590 - 0000:85:00.0] [GPU:: 5 - 27226 - 0000:15:00.0] bidirectional: false 61.372 GBps
[INFO  ] [645331.157683] [xgmi_d2d_unidir_bandwidth] p2p-bandwidth[40/56] [GPU:: 7 -  1590 - 0000:85:00.0] [GPU:: 6 - 57875 - 0000:f5:00.0] bidirectional: false 61.377 GBps
[INFO  ] [645331.157685] [xgmi_d2d_unidir_bandwidth] p2p-bandwidth[41/56] [GPU:: 7 -  1590 - 0000:85:00.0] [GPU:: 8 - 11806 - 0000:e5:00.0] bidirectional: false 61.384 GBps
[INFO  ] [645331.157688] [xgmi_d2d_unidir_bandwidth] p2p-bandwidth[42/56] [GPU:: 7 -  1590 - 0000:85:00.0] [GPU:: 9 - 51771 - 0000:95:00.0] bidirectional: false 61.374 GBps
[INFO  ] [645331.157694] [xgmi_d2d_unidir_bandwidth] p2p-bandwidth[43/56] [GPU:: 8 - 11806 - 0000:e5:00.0] [GPU:: 2 - 17010 - 0000:75:00.0] bidirectional: false 61.376 GBps
[INFO  ] [645331.157697] [xgmi_d2d_unidir_bandwidth] p2p-bandwidth[44/56] [GPU:: 8 - 11806 - 0000:e5:00.0] [GPU:: 3 - 42583 - 0000:05:00.0] bidirectional: false 61.378 GBps
[INFO  ] [645331.157699] [xgmi_d2d_unidir_bandwidth] p2p-bandwidth[45/56] [GPU:: 8 - 11806 - 0000:e5:00.0] [GPU:: 4 - 36479 - 0000:65:00.0] bidirectional: false 61.379 GBps
[INFO  ] [645331.157702] [xgmi_d2d_unidir_bandwidth] p2p-bandwidth[46/56] [GPU:: 8 - 11806 - 0000:e5:00.0] [GPU:: 5 - 27226 - 0000:15:00.0] bidirectional: false 61.371 GBps
[INFO  ] [645331.157704] [xgmi_d2d_unidir_bandwidth] p2p-bandwidth[47/56] [GPU:: 8 - 11806 - 0000:e5:00.0] [GPU:: 6 - 57875 - 0000:f5:00.0] bidirectional: false 61.377 GBps
[INFO  ] [645331.157707] [xgmi_d2d_unidir_bandwidth] p2p-bandwidth[48/56] [GPU:: 8 - 11806 - 0000:e5:00.0] [GPU:: 7 -  1590 - 0000:85:00.0] bidirectional: false 61.382 GBps
[INFO  ] [645331.157709] [xgmi_d2d_unidir_bandwidth] p2p-bandwidth[49/56] [GPU:: 8 - 11806 - 0000:e5:00.0] [GPU:: 9 - 51771 - 0000:95:00.0] bidirectional: false 61.375 GBps
[INFO  ] [645331.157712] [xgmi_d2d_unidir_bandwidth] p2p-bandwidth[50/56] [GPU:: 9 - 51771 - 0000:95:00.0] [GPU:: 2 - 17010 - 0000:75:00.0] bidirectional: false 61.378 GBps
[INFO  ] [645331.157715] [xgmi_d2d_unidir_bandwidth] p2p-bandwidth[51/56] [GPU:: 9 - 51771 - 0000:95:00.0] [GPU:: 3 - 42583 - 0000:05:00.0] bidirectional: false 61.376 GBps
[INFO  ] [645331.157717] [xgmi_d2d_unidir_bandwidth] p2p-bandwidth[52/56] [GPU:: 9 - 51771 - 0000:95:00.0] [GPU:: 4 - 36479 - 0000:65:00.0] bidirectional: false 61.376 GBps
[INFO  ] [645331.157720] [xgmi_d2d_unidir_bandwidth] p2p-bandwidth[53/56] [GPU:: 9 - 51771 - 0000:95:00.0] [GPU:: 5 - 27226 - 0000:15:00.0] bidirectional: false 61.377 GBps
[INFO  ] [645331.157723] [xgmi_d2d_unidir_bandwidth] p2p-bandwidth[54/56] [GPU:: 9 - 51771 - 0000:95:00.0] [GPU:: 6 - 57875 - 0000:f5:00.0] bidirectional: false 61.383 GBps
[INFO  ] [645331.157728] [xgmi_d2d_unidir_bandwidth] p2p-bandwidth[55/56] [GPU:: 9 - 51771 - 0000:95:00.0] [GPU:: 7 -  1590 - 0000:85:00.0] bidirectional: false 61.375 GBps
[INFO  ] [645331.157732] [xgmi_d2d_unidir_bandwidth] p2p-bandwidth[56/56] [GPU:: 9 - 51771 - 0000:95:00.0] [GPU:: 8 - 11806 - 0000:e5:00.0] bidirectional: false 61.374 GBps
[INFO  ] [645336.157229] [xgmi_d2d_unidir_bandwidth] p2p-bandwidth[ 1/56] [GPU:: 2 - 17010 - 0000:75:00.0] [GPU:: 3 - 42583 - 0000:05:00.0] bidirectional: false 61.375 GBps
[INFO  ] [645336.157244] [xgmi_d2d_unidir_bandwidth] p2p-bandwidth[ 2/56] [GPU:: 2 - 17010 - 0000:75:00.0] [GPU:: 4 - 36479 - 0000:65:00.0] bidirectional: false 61.375 GBps
[INFO  ] [645336.157248] [xgmi_d2d_unidir_bandwidth] p2p-bandwidth[ 3/56] [GPU:: 2 - 17010 - 0000:75:00.0] [GPU:: 5 - 27226 - 0000:15:00.0] bidirectional: false 61.384 GBps
[INFO  ] [645336.157251] [xgmi_d2d_unidir_bandwidth] p2p-bandwidth[ 4/56] [GPU:: 2 - 17010 - 0000:75:00.0] [GPU:: 6 - 57875 - 0000:f5:00.0] bidirectional: false 61.374 GBps
[INFO  ] [645336.157254] [xgmi_d2d_unidir_bandwidth] p2p-bandwidth[ 5/56] [GPU:: 2 - 17010 - 0000:75:00.0] [GPU:: 7 -  1590 - 0000:85:00.0] bidirectional: false 61.380 GBps
[INFO  ] [645336.157257] [xgmi_d2d_unidir_bandwidth] p2p-bandwidth[ 6/56] [GPU:: 2 - 17010 - 0000:75:00.0] [GPU:: 8 - 11806 - 0000:e5:00.0] bidirectional: false 61.378 GBps
[INFO  ] [645336.157260] [xgmi_d2d_unidir_bandwidth] p2p-bandwidth[ 7/56] [GPU:: 2 - 17010 - 0000:75:00.0] [GPU:: 9 - 51771 - 0000:95:00.0] bidirectional: false 61.380 GBps
[INFO  ] [645336.157263] [xgmi_d2d_unidir_bandwidth] p2p-bandwidth[ 8/56] [GPU:: 3 - 42583 - 0000:05:00.0] [GPU:: 2 - 17010 - 0000:75:00.0] bidirectional: false 61.351 GBps
[INFO  ] [645336.157266] [xgmi_d2d_unidir_bandwidth] p2p-bandwidth[ 9/56] [GPU:: 3 - 42583 - 0000:05:00.0] [GPU:: 4 - 36479 - 0000:65:00.0] bidirectional: false 61.358 GBps
[INFO  ] [645336.157269] [xgmi_d2d_unidir_bandwidth] p2p-bandwidth[10/56] [GPU:: 3 - 42583 - 0000:05:00.0] [GPU:: 5 - 27226 - 0000:15:00.0] bidirectional: false 61.354 GBps
[INFO  ] [645336.157357] [xgmi_d2d_unidir_bandwidth] p2p-bandwidth[11/56] [GPU:: 3 - 42583 - 0000:05:00.0] [GPU:: 6 - 57875 - 0000:f5:00.0] bidirectional: false 61.349 GBps
[INFO  ] [645336.157360] [xgmi_d2d_unidir_bandwidth] p2p-bandwidth[12/56] [GPU:: 3 - 42583 - 0000:05:00.0] [GPU:: 7 -  1590 - 0000:85:00.0] bidirectional: false 61.354 GBps
[INFO  ] [645336.157363] [xgmi_d2d_unidir_bandwidth] p2p-bandwidth[13/56] [GPU:: 3 - 42583 - 0000:05:00.0] [GPU:: 8 - 11806 - 0000:e5:00.0] bidirectional: false 61.358 GBps
[INFO  ] [645336.157366] [xgmi_d2d_unidir_bandwidth] p2p-bandwidth[14/56] [GPU:: 3 - 42583 - 0000:05:00.0] [GPU:: 9 - 51771 - 0000:95:00.0] bidirectional: false 61.349 GBps
[INFO  ] [645336.157368] [xgmi_d2d_unidir_bandwidth] p2p-bandwidth[15/56] [GPU:: 4 - 36479 - 0000:65:00.0] [GPU:: 2 - 17010 - 0000:75:00.0] bidirectional: false 61.376 GBps
[INFO  ] [645336.157371] [xgmi_d2d_unidir_bandwidth] p2p-bandwidth[16/56] [GPU:: 4 - 36479 - 0000:65:00.0] [GPU:: 3 - 42583 - 0000:05:00.0] bidirectional: false 61.385 GBps
[INFO  ] [645336.157373] [xgmi_d2d_unidir_bandwidth] p2p-bandwidth[17/56] [GPU:: 4 - 36479 - 0000:65:00.0] [GPU:: 5 - 27226 - 0000:15:00.0] bidirectional: false 61.377 GBps
[INFO  ] [645336.157376] [xgmi_d2d_unidir_bandwidth] p2p-bandwidth[18/56] [GPU:: 4 - 36479 - 0000:65:00.0] [GPU:: 6 - 57875 - 0000:f5:00.0] bidirectional: false 61.378 GBps
[INFO  ] [645336.157378] [xgmi_d2d_unidir_bandwidth] p2p-bandwidth[19/56] [GPU:: 4 - 36479 - 0000:65:00.0] [GPU:: 7 -  1590 - 0000:85:00.0] bidirectional: false 61.383 GBps
[INFO  ] [645336.157381] [xgmi_d2d_unidir_bandwidth] p2p-bandwidth[20/56] [GPU:: 4 - 36479 - 0000:65:00.0] [GPU:: 8 - 11806 - 0000:e5:00.0] bidirectional: false 61.380 GBps
[INFO  ] [645336.157383] [xgmi_d2d_unidir_bandwidth] p2p-bandwidth[21/56] [GPU:: 4 - 36479 - 0000:65:00.0] [GPU:: 9 - 51771 - 0000:95:00.0] bidirectional: false 61.378 GBps
[INFO  ] [645336.157386] [xgmi_d2d_unidir_bandwidth] p2p-bandwidth[22/56] [GPU:: 5 - 27226 - 0000:15:00.0] [GPU:: 2 - 17010 - 0000:75:00.0] bidirectional: false 61.318 GBps
[INFO  ] [645336.157388] [xgmi_d2d_unidir_bandwidth] p2p-bandwidth[23/56] [GPU:: 5 - 27226 - 0000:15:00.0] [GPU:: 3 - 42583 - 0000:05:00.0] bidirectional: false 61.314 GBps
[INFO  ] [645336.157391] [xgmi_d2d_unidir_bandwidth] p2p-bandwidth[24/56] [GPU:: 5 - 27226 - 0000:15:00.0] [GPU:: 4 - 36479 - 0000:65:00.0] bidirectional: false 61.311 GBps
[INFO  ] [645336.157393] [xgmi_d2d_unidir_bandwidth] p2p-bandwidth[25/56] [GPU:: 5 - 27226 - 0000:15:00.0] [GPU:: 6 - 57875 - 0000:f5:00.0] bidirectional: false 61.313 GBps
[INFO  ] [645336.157396] [xgmi_d2d_unidir_bandwidth] p2p-bandwidth[26/56] [GPU:: 5 - 27226 - 0000:15:00.0] [GPU:: 7 -  1590 - 0000:85:00.0] bidirectional: false 61.307 GBps
[INFO  ] [645336.157398] [xgmi_d2d_unidir_bandwidth] p2p-bandwidth[27/56] [GPU:: 5 - 27226 - 0000:15:00.0] [GPU:: 8 - 11806 - 0000:e5:00.0] bidirectional: false 61.309 GBps
[INFO  ] [645336.157401] [xgmi_d2d_unidir_bandwidth] p2p-bandwidth[28/56] [GPU:: 5 - 27226 - 0000:15:00.0] [GPU:: 9 - 51771 - 0000:95:00.0] bidirectional: false 61.312 GBps
[INFO  ] [645336.157403] [xgmi_d2d_unidir_bandwidth] p2p-bandwidth[29/56] [GPU:: 6 - 57875 - 0000:f5:00.0] [GPU:: 2 - 17010 - 0000:75:00.0] bidirectional: false 61.379 GBps
[INFO  ] [645336.157406] [xgmi_d2d_unidir_bandwidth] p2p-bandwidth[30/56] [GPU:: 6 - 57875 - 0000:f5:00.0] [GPU:: 3 - 42583 - 0000:05:00.0] bidirectional: false 61.376 GBps
[INFO  ] [645336.157408] [xgmi_d2d_unidir_bandwidth] p2p-bandwidth[31/56] [GPU:: 6 - 57875 - 0000:f5:00.0] [GPU:: 4 - 36479 - 0000:65:00.0] bidirectional: false 61.375 GBps
[INFO  ] [645336.157411] [xgmi_d2d_unidir_bandwidth] p2p-bandwidth[32/56] [GPU:: 6 - 57875 - 0000:f5:00.0] [GPU:: 5 - 27226 - 0000:15:00.0] bidirectional: false 61.380 GBps
[INFO  ] [645336.157413] [xgmi_d2d_unidir_bandwidth] p2p-bandwidth[33/56] [GPU:: 6 - 57875 - 0000:f5:00.0] [GPU:: 7 -  1590 - 0000:85:00.0] bidirectional: false 61.377 GBps
[INFO  ] [645336.157416] [xgmi_d2d_unidir_bandwidth] p2p-bandwidth[34/56] [GPU:: 6 - 57875 - 0000:f5:00.0] [GPU:: 8 - 11806 - 0000:e5:00.0] bidirectional: false 61.379 GBps
[INFO  ] [645336.157424] [xgmi_d2d_unidir_bandwidth] p2p-bandwidth[35/56] [GPU:: 6 - 57875 - 0000:f5:00.0] [GPU:: 9 - 51771 - 0000:95:00.0] bidirectional: false 61.384 GBps
[INFO  ] [645336.157427] [xgmi_d2d_unidir_bandwidth] p2p-bandwidth[36/56] [GPU:: 7 -  1590 - 0000:85:00.0] [GPU:: 2 - 17010 - 0000:75:00.0] bidirectional: false 61.374 GBps
[INFO  ] [645336.157429] [xgmi_d2d_unidir_bandwidth] p2p-bandwidth[37/56] [GPU:: 7 -  1590 - 0000:85:00.0] [GPU:: 3 - 42583 - 0000:05:00.0] bidirectional: false 61.377 GBps
[INFO  ] [645336.157432] [xgmi_d2d_unidir_bandwidth] p2p-bandwidth[38/56] [GPU:: 7 -  1590 - 0000:85:00.0] [GPU:: 4 - 36479 - 0000:65:00.0] bidirectional: false 61.378 GBps
[INFO  ] [645336.157434] [xgmi_d2d_unidir_bandwidth] p2p-bandwidth[39/56] [GPU:: 7 -  1590 - 0000:85:00.0] [GPU:: 5 - 27226 - 0000:15:00.0] bidirectional: false 61.376 GBps
[INFO  ] [645336.157437] [xgmi_d2d_unidir_bandwidth] p2p-bandwidth[40/56] [GPU:: 7 -  1590 - 0000:85:00.0] [GPU:: 6 - 57875 - 0000:f5:00.0] bidirectional: false 61.375 GBps
[INFO  ] [645336.157439] [xgmi_d2d_unidir_bandwidth] p2p-bandwidth[41/56] [GPU:: 7 -  1590 - 0000:85:00.0] [GPU:: 8 - 11806 - 0000:e5:00.0] bidirectional: false 61.382 GBps
[INFO  ] [645336.157441] [xgmi_d2d_unidir_bandwidth] p2p-bandwidth[42/56] [GPU:: 7 -  1590 - 0000:85:00.0] [GPU:: 9 - 51771 - 0000:95:00.0] bidirectional: false 61.376 GBps
[INFO  ] [645336.157444] [xgmi_d2d_unidir_bandwidth] p2p-bandwidth[43/56] [GPU:: 8 - 11806 - 0000:e5:00.0] [GPU:: 2 - 17010 - 0000:75:00.0] bidirectional: false 61.374 GBps
[INFO  ] [645336.157446] [xgmi_d2d_unidir_bandwidth] p2p-bandwidth[44/56] [GPU:: 8 - 11806 - 0000:e5:00.0] [GPU:: 3 - 42583 - 0000:05:00.0] bidirectional: false 61.379 GBps
[INFO  ] [645336.157449] [xgmi_d2d_unidir_bandwidth] p2p-bandwidth[45/56] [GPU:: 8 - 11806 - 0000:e5:00.0] [GPU:: 4 - 36479 - 0000:65:00.0] bidirectional: false 61.378 GBps
[INFO  ] [645336.157451] [xgmi_d2d_unidir_bandwidth] p2p-bandwidth[46/56] [GPU:: 8 - 11806 - 0000:e5:00.0] [GPU:: 5 - 27226 - 0000:15:00.0] bidirectional: false 61.375 GBps
[INFO  ] [645336.157454] [xgmi_d2d_unidir_bandwidth] p2p-bandwidth[47/56] [GPU:: 8 - 11806 - 0000:e5:00.0] [GPU:: 6 - 57875 - 0000:f5:00.0] bidirectional: false 61.377 GBps
[INFO  ] [645336.157456] [xgmi_d2d_unidir_bandwidth] p2p-bandwidth[48/56] [GPU:: 8 - 11806 - 0000:e5:00.0] [GPU:: 7 -  1590 - 0000:85:00.0] bidirectional: false 61.383 GBps
[INFO  ] [645336.157459] [xgmi_d2d_unidir_bandwidth] p2p-bandwidth[49/56] [GPU:: 8 - 11806 - 0000:e5:00.0] [GPU:: 9 - 51771 - 0000:95:00.0] bidirectional: false 61.379 GBps
[INFO  ] [645336.157461] [xgmi_d2d_unidir_bandwidth] p2p-bandwidth[50/56] [GPU:: 9 - 51771 - 0000:95:00.0] [GPU:: 2 - 17010 - 0000:75:00.0] bidirectional: false 61.379 GBps
[INFO  ] [645336.157463] [xgmi_d2d_unidir_bandwidth] p2p-bandwidth[51/56] [GPU:: 9 - 51771 - 0000:95:00.0] [GPU:: 3 - 42583 - 0000:05:00.0] bidirectional: false 61.373 GBps
[INFO  ] [645336.157466] [xgmi_d2d_unidir_bandwidth] p2p-bandwidth[52/56] [GPU:: 9 - 51771 - 0000:95:00.0] [GPU:: 4 - 36479 - 0000:65:00.0] bidirectional: false 61.376 GBps
[INFO  ] [645336.157468] [xgmi_d2d_unidir_bandwidth] p2p-bandwidth[53/56] [GPU:: 9 - 51771 - 0000:95:00.0] [GPU:: 5 - 27226 - 0000:15:00.0] bidirectional: false 61.377 GBps
[INFO  ] [645336.157470] [xgmi_d2d_unidir_bandwidth] p2p-bandwidth[54/56] [GPU:: 9 - 51771 - 0000:95:00.0] [GPU:: 6 - 57875 - 0000:f5:00.0] bidirectional: false 61.382 GBps
[INFO  ] [645336.157473] [xgmi_d2d_unidir_bandwidth] p2p-bandwidth[55/56] [GPU:: 9 - 51771 - 0000:95:00.0] [GPU:: 7 -  1590 - 0000:85:00.0] bidirectional: false 61.376 GBps
[INFO  ] [645336.157477] [xgmi_d2d_unidir_bandwidth] p2p-bandwidth[56/56] [GPU:: 9 - 51771 - 0000:95:00.0] [GPU:: 8 - 11806 - 0000:e5:00.0] bidirectional: false 61.376 GBps
[INFO  ] [645341.156985] [xgmi_d2d_unidir_bandwidth] p2p-bandwidth[ 1/56] [GPU:: 2 - 17010 - 0000:75:00.0] [GPU:: 3 - 42583 - 0000:05:00.0] bidirectional: false 61.375 GBps
[INFO  ] [645341.157048] [xgmi_d2d_unidir_bandwidth] p2p-bandwidth[ 2/56] [GPU:: 2 - 17010 - 0000:75:00.0] [GPU:: 4 - 36479 - 0000:65:00.0] bidirectional: false 61.374 GBps
[INFO  ] [645341.157052] [xgmi_d2d_unidir_bandwidth] p2p-bandwidth[ 3/56] [GPU:: 2 - 17010 - 0000:75:00.0] [GPU:: 5 - 27226 - 0000:15:00.0] bidirectional: false 61.384 GBps
[INFO  ] [645341.157055] [xgmi_d2d_unidir_bandwidth] p2p-bandwidth[ 4/56] [GPU:: 2 - 17010 - 0000:75:00.0] [GPU:: 6 - 57875 - 0000:f5:00.0] bidirectional: false 61.377 GBps
[INFO  ] [645341.157058] [xgmi_d2d_unidir_bandwidth] p2p-bandwidth[ 5/56] [GPU:: 2 - 17010 - 0000:75:00.0] [GPU:: 7 -  1590 - 0000:85:00.0] bidirectional: false 61.379 GBps
[INFO  ] [645341.157061] [xgmi_d2d_unidir_bandwidth] p2p-bandwidth[ 6/56] [GPU:: 2 - 17010 - 0000:75:00.0] [GPU:: 8 - 11806 - 0000:e5:00.0] bidirectional: false 61.376 GBps
[INFO  ] [645341.157064] [xgmi_d2d_unidir_bandwidth] p2p-bandwidth[ 7/56] [GPU:: 2 - 17010 - 0000:75:00.0] [GPU:: 9 - 51771 - 0000:95:00.0] bidirectional: false 61.380 GBps
[INFO  ] [645341.157067] [xgmi_d2d_unidir_bandwidth] p2p-bandwidth[ 8/56] [GPU:: 3 - 42583 - 0000:05:00.0] [GPU:: 2 - 17010 - 0000:75:00.0] bidirectional: false 61.351 GBps
[INFO  ] [645341.157070] [xgmi_d2d_unidir_bandwidth] p2p-bandwidth[ 9/56] [GPU:: 3 - 42583 - 0000:05:00.0] [GPU:: 4 - 36479 - 0000:65:00.0] bidirectional: false 61.357 GBps
[INFO  ] [645341.157073] [xgmi_d2d_unidir_bandwidth] p2p-bandwidth[10/56] [GPU:: 3 - 42583 - 0000:05:00.0] [GPU:: 5 - 27226 - 0000:15:00.0] bidirectional: false 61.353 GBps
[INFO  ] [645341.157076] [xgmi_d2d_unidir_bandwidth] p2p-bandwidth[11/56] [GPU:: 3 - 42583 - 0000:05:00.0] [GPU:: 6 - 57875 - 0000:f5:00.0] bidirectional: false 61.346 GBps
[INFO  ] [645341.157079] [xgmi_d2d_unidir_bandwidth] p2p-bandwidth[12/56] [GPU:: 3 - 42583 - 0000:05:00.0] [GPU:: 7 -  1590 - 0000:85:00.0] bidirectional: false 61.355 GBps
[INFO  ] [645341.157082] [xgmi_d2d_unidir_bandwidth] p2p-bandwidth[13/56] [GPU:: 3 - 42583 - 0000:05:00.0] [GPU:: 8 - 11806 - 0000:e5:00.0] bidirectional: false 61.354 GBps
[INFO  ] [645341.157085] [xgmi_d2d_unidir_bandwidth] p2p-bandwidth[14/56] [GPU:: 3 - 42583 - 0000:05:00.0] [GPU:: 9 - 51771 - 0000:95:00.0] bidirectional: false 61.351 GBps
[INFO  ] [645341.157088] [xgmi_d2d_unidir_bandwidth] p2p-bandwidth[15/56] [GPU:: 4 - 36479 - 0000:65:00.0] [GPU:: 2 - 17010 - 0000:75:00.0] bidirectional: false 61.377 GBps
[INFO  ] [645341.157090] [xgmi_d2d_unidir_bandwidth] p2p-bandwidth[16/56] [GPU:: 4 - 36479 - 0000:65:00.0] [GPU:: 3 - 42583 - 0000:05:00.0] bidirectional: false 61.385 GBps
[INFO  ] [645341.157093] [xgmi_d2d_unidir_bandwidth] p2p-bandwidth[17/56] [GPU:: 4 - 36479 - 0000:65:00.0] [GPU:: 5 - 27226 - 0000:15:00.0] bidirectional: false 61.377 GBps
[INFO  ] [645341.157096] [xgmi_d2d_unidir_bandwidth] p2p-bandwidth[18/56] [GPU:: 4 - 36479 - 0000:65:00.0] [GPU:: 6 - 57875 - 0000:f5:00.0] bidirectional: false 61.377 GBps
[INFO  ] [645341.157098] [xgmi_d2d_unidir_bandwidth] p2p-bandwidth[19/56] [GPU:: 4 - 36479 - 0000:65:00.0] [GPU:: 7 -  1590 - 0000:85:00.0] bidirectional: false 61.383 GBps
[INFO  ] [645341.157101] [xgmi_d2d_unidir_bandwidth] p2p-bandwidth[20/56] [GPU:: 4 - 36479 - 0000:65:00.0] [GPU:: 8 - 11806 - 0000:e5:00.0] bidirectional: false 61.376 GBps
[INFO  ] [645341.157103] [xgmi_d2d_unidir_bandwidth] p2p-bandwidth[21/56] [GPU:: 4 - 36479 - 0000:65:00.0] [GPU:: 9 - 51771 - 0000:95:00.0] bidirectional: false 61.378 GBps
[INFO  ] [645341.157106] [xgmi_d2d_unidir_bandwidth] p2p-bandwidth[22/56] [GPU:: 5 - 27226 - 0000:15:00.0] [GPU:: 2 - 17010 - 0000:75:00.0] bidirectional: false 61.320 GBps
[INFO  ] [645341.157109] [xgmi_d2d_unidir_bandwidth] p2p-bandwidth[23/56] [GPU:: 5 - 27226 - 0000:15:00.0] [GPU:: 3 - 42583 - 0000:05:00.0] bidirectional: false 61.312 GBps
[INFO  ] [645341.157111] [xgmi_d2d_unidir_bandwidth] p2p-bandwidth[24/56] [GPU:: 5 - 27226 - 0000:15:00.0] [GPU:: 4 - 36479 - 0000:65:00.0] bidirectional: false 61.310 GBps
[INFO  ] [645341.157114] [xgmi_d2d_unidir_bandwidth] p2p-bandwidth[25/56] [GPU:: 5 - 27226 - 0000:15:00.0] [GPU:: 6 - 57875 - 0000:f5:00.0] bidirectional: false 61.312 GBps
[INFO  ] [645341.157122] [xgmi_d2d_unidir_bandwidth] p2p-bandwidth[26/56] [GPU:: 5 - 27226 - 0000:15:00.0] [GPU:: 7 -  1590 - 0000:85:00.0] bidirectional: false 61.306 GBps
[INFO  ] [645341.157125] [xgmi_d2d_unidir_bandwidth] p2p-bandwidth[27/56] [GPU:: 5 - 27226 - 0000:15:00.0] [GPU:: 8 - 11806 - 0000:e5:00.0] bidirectional: false 61.311 GBps
[INFO  ] [645341.157128] [xgmi_d2d_unidir_bandwidth] p2p-bandwidth[28/56] [GPU:: 5 - 27226 - 0000:15:00.0] [GPU:: 9 - 51771 - 0000:95:00.0] bidirectional: false 61.316 GBps
[INFO  ] [645341.157130] [xgmi_d2d_unidir_bandwidth] p2p-bandwidth[29/56] [GPU:: 6 - 57875 - 0000:f5:00.0] [GPU:: 2 - 17010 - 0000:75:00.0] bidirectional: false 61.377 GBps
[INFO  ] [645341.157133] [xgmi_d2d_unidir_bandwidth] p2p-bandwidth[30/56] [GPU:: 6 - 57875 - 0000:f5:00.0] [GPU:: 3 - 42583 - 0000:05:00.0] bidirectional: false 61.379 GBps
[INFO  ] [645341.157136] [xgmi_d2d_unidir_bandwidth] p2p-bandwidth[31/56] [GPU:: 6 - 57875 - 0000:f5:00.0] [GPU:: 4 - 36479 - 0000:65:00.0] bidirectional: false 61.377 GBps
[INFO  ] [645341.157138] [xgmi_d2d_unidir_bandwidth] p2p-bandwidth[32/56] [GPU:: 6 - 57875 - 0000:f5:00.0] [GPU:: 5 - 27226 - 0000:15:00.0] bidirectional: false 61.382 GBps
[INFO  ] [645341.157141] [xgmi_d2d_unidir_bandwidth] p2p-bandwidth[33/56] [GPU:: 6 - 57875 - 0000:f5:00.0] [GPU:: 7 -  1590 - 0000:85:00.0] bidirectional: false 61.378 GBps
[INFO  ] [645341.157143] [xgmi_d2d_unidir_bandwidth] p2p-bandwidth[34/56] [GPU:: 6 - 57875 - 0000:f5:00.0] [GPU:: 8 - 11806 - 0000:e5:00.0] bidirectional: false 61.377 GBps
[INFO  ] [645341.157145] [xgmi_d2d_unidir_bandwidth] p2p-bandwidth[35/56] [GPU:: 6 - 57875 - 0000:f5:00.0] [GPU:: 9 - 51771 - 0000:95:00.0] bidirectional: false 61.382 GBps
[INFO  ] [645341.157148] [xgmi_d2d_unidir_bandwidth] p2p-bandwidth[36/56] [GPU:: 7 -  1590 - 0000:85:00.0] [GPU:: 2 - 17010 - 0000:75:00.0] bidirectional: false 61.378 GBps
[INFO  ] [645341.157150] [xgmi_d2d_unidir_bandwidth] p2p-bandwidth[37/56] [GPU:: 7 -  1590 - 0000:85:00.0] [GPU:: 3 - 42583 - 0000:05:00.0] bidirectional: false 61.376 GBps
[INFO  ] [645341.157153] [xgmi_d2d_unidir_bandwidth] p2p-bandwidth[38/56] [GPU:: 7 -  1590 - 0000:85:00.0] [GPU:: 4 - 36479 - 0000:65:00.0] bidirectional: false 61.382 GBps
[INFO  ] [645341.157155] [xgmi_d2d_unidir_bandwidth] p2p-bandwidth[39/56] [GPU:: 7 -  1590 - 0000:85:00.0] [GPU:: 5 - 27226 - 0000:15:00.0] bidirectional: false 61.373 GBps
[INFO  ] [645341.157161] [xgmi_d2d_unidir_bandwidth] p2p-bandwidth[40/56] [GPU:: 7 -  1590 - 0000:85:00.0] [GPU:: 6 - 57875 - 0000:f5:00.0] bidirectional: false 61.375 GBps
[INFO  ] [645341.157163] [xgmi_d2d_unidir_bandwidth] p2p-bandwidth[41/56] [GPU:: 7 -  1590 - 0000:85:00.0] [GPU:: 8 - 11806 - 0000:e5:00.0] bidirectional: false 61.383 GBps
[INFO  ] [645341.157166] [xgmi_d2d_unidir_bandwidth] p2p-bandwidth[42/56] [GPU:: 7 -  1590 - 0000:85:00.0] [GPU:: 9 - 51771 - 0000:95:00.0] bidirectional: false 61.377 GBps
[INFO  ] [645341.157168] [xgmi_d2d_unidir_bandwidth] p2p-bandwidth[43/56] [GPU:: 8 - 11806 - 0000:e5:00.0] [GPU:: 2 - 17010 - 0000:75:00.0] bidirectional: false 61.376 GBps
[INFO  ] [645341.157171] [xgmi_d2d_unidir_bandwidth] p2p-bandwidth[44/56] [GPU:: 8 - 11806 - 0000:e5:00.0] [GPU:: 3 - 42583 - 0000:05:00.0] bidirectional: false 61.379 GBps
[INFO  ] [645341.157174] [xgmi_d2d_unidir_bandwidth] p2p-bandwidth[45/56] [GPU:: 8 - 11806 - 0000:e5:00.0] [GPU:: 4 - 36479 - 0000:65:00.0] bidirectional: false 61.378 GBps
[INFO  ] [645341.157176] [xgmi_d2d_unidir_bandwidth] p2p-bandwidth[46/56] [GPU:: 8 - 11806 - 0000:e5:00.0] [GPU:: 5 - 27226 - 0000:15:00.0] bidirectional: false 61.373 GBps
[INFO  ] [645341.157179] [xgmi_d2d_unidir_bandwidth] p2p-bandwidth[47/56] [GPU:: 8 - 11806 - 0000:e5:00.0] [GPU:: 6 - 57875 - 0000:f5:00.0] bidirectional: false 61.375 GBps
[INFO  ] [645341.157181] [xgmi_d2d_unidir_bandwidth] p2p-bandwidth[48/56] [GPU:: 8 - 11806 - 0000:e5:00.0] [GPU:: 7 -  1590 - 0000:85:00.0] bidirectional: false 61.384 GBps
[INFO  ] [645341.157183] [xgmi_d2d_unidir_bandwidth] p2p-bandwidth[49/56] [GPU:: 8 - 11806 - 0000:e5:00.0] [GPU:: 9 - 51771 - 0000:95:00.0] bidirectional: false 61.373 GBps
[INFO  ] [645341.157189] [xgmi_d2d_unidir_bandwidth] p2p-bandwidth[50/56] [GPU:: 9 - 51771 - 0000:95:00.0] [GPU:: 2 - 17010 - 0000:75:00.0] bidirectional: false 61.379 GBps
[INFO  ] [645341.157192] [xgmi_d2d_unidir_bandwidth] p2p-bandwidth[51/56] [GPU:: 9 - 51771 - 0000:95:00.0] [GPU:: 3 - 42583 - 0000:05:00.0] bidirectional: false 61.377 GBps
[INFO  ] [645341.157194] [xgmi_d2d_unidir_bandwidth] p2p-bandwidth[52/56] [GPU:: 9 - 51771 - 0000:95:00.0] [GPU:: 4 - 36479 - 0000:65:00.0] bidirectional: false 61.374 GBps
[INFO  ] [645341.157197] [xgmi_d2d_unidir_bandwidth] p2p-bandwidth[53/56] [GPU:: 9 - 51771 - 0000:95:00.0] [GPU:: 5 - 27226 - 0000:15:00.0] bidirectional: false 61.378 GBps
[INFO  ] [645341.157199] [xgmi_d2d_unidir_bandwidth] p2p-bandwidth[54/56] [GPU:: 9 - 51771 - 0000:95:00.0] [GPU:: 6 - 57875 - 0000:f5:00.0] bidirectional: false 61.383 GBps
[INFO  ] [645341.157202] [xgmi_d2d_unidir_bandwidth] p2p-bandwidth[55/56] [GPU:: 9 - 51771 - 0000:95:00.0] [GPU:: 7 -  1590 - 0000:85:00.0] bidirectional: false 61.375 GBps
[INFO  ] [645341.157204] [xgmi_d2d_unidir_bandwidth] p2p-bandwidth[56/56] [GPU:: 9 - 51771 - 0000:95:00.0] [GPU:: 8 - 11806 - 0000:e5:00.0] bidirectional: false 61.378 GBps
[RESULT] [645341.196414] [xgmi_d2d_unidir_bandwidth] p2p-bandwidth[ 1/56] [GPU:: 2 - 17010 - 0000:75:00.0] [GPU:: 3 - 42583 - 0000:05:00.0] bidirectional: false 61.374 GBps duration: 0.244931 secs
[RESULT] [645341.197483] [xgmi_d2d_unidir_bandwidth] p2p-bandwidth[ 2/56] [GPU:: 2 - 17010 - 0000:75:00.0] [GPU:: 4 - 36479 - 0000:65:00.0] bidirectional: false 61.374 GBps duration: 0.244929 secs
[RESULT] [645341.198544] [xgmi_d2d_unidir_bandwidth] p2p-bandwidth[ 3/56] [GPU:: 2 - 17010 - 0000:75:00.0] [GPU:: 5 - 27226 - 0000:15:00.0] bidirectional: false 61.383 GBps duration: 0.244894 secs
[RESULT] [645341.199599] [xgmi_d2d_unidir_bandwidth] p2p-bandwidth[ 4/56] [GPU:: 2 - 17010 - 0000:75:00.0] [GPU:: 6 - 57875 - 0000:f5:00.0] bidirectional: false 61.377 GBps duration: 0.244919 secs
[RESULT] [645341.200655] [xgmi_d2d_unidir_bandwidth] p2p-bandwidth[ 5/56] [GPU:: 2 - 17010 - 0000:75:00.0] [GPU:: 7 -  1590 - 0000:85:00.0] bidirectional: false 61.378 GBps duration: 0.244916 secs
[RESULT] [645341.201710] [xgmi_d2d_unidir_bandwidth] p2p-bandwidth[ 6/56] [GPU:: 2 - 17010 - 0000:75:00.0] [GPU:: 8 - 11806 - 0000:e5:00.0] bidirectional: false 61.376 GBps duration: 0.244922 secs
[RESULT] [645341.202766] [xgmi_d2d_unidir_bandwidth] p2p-bandwidth[ 7/56] [GPU:: 2 - 17010 - 0000:75:00.0] [GPU:: 9 - 51771 - 0000:95:00.0] bidirectional: false 61.380 GBps duration: 0.244906 secs
[RESULT] [645341.203822] [xgmi_d2d_unidir_bandwidth] p2p-bandwidth[ 8/56] [GPU:: 3 - 42583 - 0000:05:00.0] [GPU:: 2 - 17010 - 0000:75:00.0] bidirectional: false 61.351 GBps duration: 0.245023 secs
[RESULT] [645341.204879] [xgmi_d2d_unidir_bandwidth] p2p-bandwidth[ 9/56] [GPU:: 3 - 42583 - 0000:05:00.0] [GPU:: 4 - 36479 - 0000:65:00.0] bidirectional: false 61.359 GBps duration: 0.244990 secs
[RESULT] [645341.205934] [xgmi_d2d_unidir_bandwidth] p2p-bandwidth[10/56] [GPU:: 3 - 42583 - 0000:05:00.0] [GPU:: 5 - 27226 - 0000:15:00.0] bidirectional: false 61.352 GBps duration: 0.245018 secs
[RESULT] [645341.206991] [xgmi_d2d_unidir_bandwidth] p2p-bandwidth[11/56] [GPU:: 3 - 42583 - 0000:05:00.0] [GPU:: 6 - 57875 - 0000:f5:00.0] bidirectional: false 61.350 GBps duration: 0.245027 secs
[RESULT] [645341.208009] [xgmi_d2d_unidir_bandwidth] p2p-bandwidth[12/56] [GPU:: 3 - 42583 - 0000:05:00.0] [GPU:: 7 -  1590 - 0000:85:00.0] bidirectional: false 61.354 GBps duration: 0.245010 secs
[RESULT] [645341.209067] [xgmi_d2d_unidir_bandwidth] p2p-bandwidth[13/56] [GPU:: 3 - 42583 - 0000:05:00.0] [GPU:: 8 - 11806 - 0000:e5:00.0] bidirectional: false 61.356 GBps duration: 0.245003 secs
[RESULT] [645341.210122] [xgmi_d2d_unidir_bandwidth] p2p-bandwidth[14/56] [GPU:: 3 - 42583 - 0000:05:00.0] [GPU:: 9 - 51771 - 0000:95:00.0] bidirectional: false 61.348 GBps duration: 0.245036 secs
[RESULT] [645341.211203] [xgmi_d2d_unidir_bandwidth] p2p-bandwidth[15/56] [GPU:: 4 - 36479 - 0000:65:00.0] [GPU:: 2 - 17010 - 0000:75:00.0] bidirectional: false 61.377 GBps duration: 0.244918 secs
[RESULT] [645341.212261] [xgmi_d2d_unidir_bandwidth] p2p-bandwidth[16/56] [GPU:: 4 - 36479 - 0000:65:00.0] [GPU:: 3 - 42583 - 0000:05:00.0] bidirectional: false 61.384 GBps duration: 0.244891 secs
[RESULT] [645341.213319] [xgmi_d2d_unidir_bandwidth] p2p-bandwidth[17/56] [GPU:: 4 - 36479 - 0000:65:00.0] [GPU:: 5 - 27226 - 0000:15:00.0] bidirectional: false 61.379 GBps duration: 0.244912 secs
[RESULT] [645341.214377] [xgmi_d2d_unidir_bandwidth] p2p-bandwidth[18/56] [GPU:: 4 - 36479 - 0000:65:00.0] [GPU:: 6 - 57875 - 0000:f5:00.0] bidirectional: false 61.377 GBps duration: 0.244920 secs
[RESULT] [645341.215437] [xgmi_d2d_unidir_bandwidth] p2p-bandwidth[19/56] [GPU:: 4 - 36479 - 0000:65:00.0] [GPU:: 7 -  1590 - 0000:85:00.0] bidirectional: false 61.382 GBps duration: 0.244901 secs
[RESULT] [645341.216494] [xgmi_d2d_unidir_bandwidth] p2p-bandwidth[20/56] [GPU:: 4 - 36479 - 0000:65:00.0] [GPU:: 8 - 11806 - 0000:e5:00.0] bidirectional: false 61.378 GBps duration: 0.244915 secs
[RESULT] [645341.217554] [xgmi_d2d_unidir_bandwidth] p2p-bandwidth[21/56] [GPU:: 4 - 36479 - 0000:65:00.0] [GPU:: 9 - 51771 - 0000:95:00.0] bidirectional: false 61.380 GBps duration: 0.244908 secs
[RESULT] [645341.218613] [xgmi_d2d_unidir_bandwidth] p2p-bandwidth[22/56] [GPU:: 5 - 27226 - 0000:15:00.0] [GPU:: 2 - 17010 - 0000:75:00.0] bidirectional: false 61.312 GBps duration: 0.245177 secs
[RESULT] [645341.219740] [xgmi_d2d_unidir_bandwidth] p2p-bandwidth[23/56] [GPU:: 5 - 27226 - 0000:15:00.0] [GPU:: 3 - 42583 - 0000:05:00.0] bidirectional: false 61.313 GBps duration: 0.245173 secs
[RESULT] [645341.220818] [xgmi_d2d_unidir_bandwidth] p2p-bandwidth[24/56] [GPU:: 5 - 27226 - 0000:15:00.0] [GPU:: 4 - 36479 - 0000:65:00.0] bidirectional: false 61.311 GBps duration: 0.245181 secs
[RESULT] [645341.221888] [xgmi_d2d_unidir_bandwidth] p2p-bandwidth[25/56] [GPU:: 5 - 27226 - 0000:15:00.0] [GPU:: 6 - 57875 - 0000:f5:00.0] bidirectional: false 61.316 GBps duration: 0.245162 secs
[RESULT] [645341.222951] [xgmi_d2d_unidir_bandwidth] p2p-bandwidth[26/56] [GPU:: 5 - 27226 - 0000:15:00.0] [GPU:: 7 -  1590 - 0000:85:00.0] bidirectional: false 61.310 GBps duration: 0.245186 secs
[RESULT] [645341.224016] [xgmi_d2d_unidir_bandwidth] p2p-bandwidth[27/56] [GPU:: 5 - 27226 - 0000:15:00.0] [GPU:: 8 - 11806 - 0000:e5:00.0] bidirectional: false 61.311 GBps duration: 0.245182 secs
[RESULT] [645341.225086] [xgmi_d2d_unidir_bandwidth] p2p-bandwidth[28/56] [GPU:: 5 - 27226 - 0000:15:00.0] [GPU:: 9 - 51771 - 0000:95:00.0] bidirectional: false 61.313 GBps duration: 0.245174 secs
[RESULT] [645341.226150] [xgmi_d2d_unidir_bandwidth] p2p-bandwidth[29/56] [GPU:: 6 - 57875 - 0000:f5:00.0] [GPU:: 2 - 17010 - 0000:75:00.0] bidirectional: false 61.378 GBps duration: 0.244913 secs
[RESULT] [645341.227213] [xgmi_d2d_unidir_bandwidth] p2p-bandwidth[30/56] [GPU:: 6 - 57875 - 0000:f5:00.0] [GPU:: 3 - 42583 - 0000:05:00.0] bidirectional: false 61.377 GBps duration: 0.227425 secs
[RESULT] [645341.228280] [xgmi_d2d_unidir_bandwidth] p2p-bandwidth[31/56] [GPU:: 6 - 57875 - 0000:f5:00.0] [GPU:: 4 - 36479 - 0000:65:00.0] bidirectional: false 61.377 GBps duration: 0.227426 secs
[RESULT] [645341.229347] [xgmi_d2d_unidir_bandwidth] p2p-bandwidth[32/56] [GPU:: 6 - 57875 - 0000:f5:00.0] [GPU:: 5 - 27226 - 0000:15:00.0] bidirectional: false 61.380 GBps duration: 0.227413 secs
[RESULT] [645341.230409] [xgmi_d2d_unidir_bandwidth] p2p-bandwidth[33/56] [GPU:: 6 - 57875 - 0000:f5:00.0] [GPU:: 7 -  1590 - 0000:85:00.0] bidirectional: false 61.377 GBps duration: 0.227424 secs
[RESULT] [645341.231474] [xgmi_d2d_unidir_bandwidth] p2p-bandwidth[34/56] [GPU:: 6 - 57875 - 0000:f5:00.0] [GPU:: 8 - 11806 - 0000:e5:00.0] bidirectional: false 61.378 GBps duration: 0.227421 secs
[RESULT] [645341.232537] [xgmi_d2d_unidir_bandwidth] p2p-bandwidth[35/56] [GPU:: 6 - 57875 - 0000:f5:00.0] [GPU:: 9 - 51771 - 0000:95:00.0] bidirectional: false 61.383 GBps duration: 0.227403 secs
[RESULT] [645341.233638] [xgmi_d2d_unidir_bandwidth] p2p-bandwidth[36/56] [GPU:: 7 -  1590 - 0000:85:00.0] [GPU:: 2 - 17010 - 0000:75:00.0] bidirectional: false 61.376 GBps duration: 0.227427 secs
[RESULT] [645341.234707] [xgmi_d2d_unidir_bandwidth] p2p-bandwidth[37/56] [GPU:: 7 -  1590 - 0000:85:00.0] [GPU:: 3 - 42583 - 0000:05:00.0] bidirectional: false 61.376 GBps duration: 0.227429 secs
[RESULT] [645341.235777] [xgmi_d2d_unidir_bandwidth] p2p-bandwidth[38/56] [GPU:: 7 -  1590 - 0000:85:00.0] [GPU:: 4 - 36479 - 0000:65:00.0] bidirectional: false 61.379 GBps duration: 0.227416 secs
[RESULT] [645341.236837] [xgmi_d2d_unidir_bandwidth] p2p-bandwidth[39/56] [GPU:: 7 -  1590 - 0000:85:00.0] [GPU:: 5 - 27226 - 0000:15:00.0] bidirectional: false 61.375 GBps duration: 0.227434 secs
[RESULT] [645341.237905] [xgmi_d2d_unidir_bandwidth] p2p-bandwidth[40/56] [GPU:: 7 -  1590 - 0000:85:00.0] [GPU:: 6 - 57875 - 0000:f5:00.0] bidirectional: false 61.375 GBps duration: 0.227433 secs
[RESULT] [645341.238969] [xgmi_d2d_unidir_bandwidth] p2p-bandwidth[41/56] [GPU:: 7 -  1590 - 0000:85:00.0] [GPU:: 8 - 11806 - 0000:e5:00.0] bidirectional: false 61.383 GBps duration: 0.227402 secs
[RESULT] [645341.240034] [xgmi_d2d_unidir_bandwidth] p2p-bandwidth[42/56] [GPU:: 7 -  1590 - 0000:85:00.0] [GPU:: 9 - 51771 - 0000:95:00.0] bidirectional: false 61.375 GBps duration: 0.227433 secs
[RESULT] [645341.241095] [xgmi_d2d_unidir_bandwidth] p2p-bandwidth[43/56] [GPU:: 8 - 11806 - 0000:e5:00.0] [GPU:: 2 - 17010 - 0000:75:00.0] bidirectional: false 61.374 GBps duration: 0.227434 secs
[RESULT] [645341.242160] [xgmi_d2d_unidir_bandwidth] p2p-bandwidth[44/56] [GPU:: 8 - 11806 - 0000:e5:00.0] [GPU:: 3 - 42583 - 0000:05:00.0] bidirectional: false 61.379 GBps duration: 0.227417 secs
[RESULT] [645341.243220] [xgmi_d2d_unidir_bandwidth] p2p-bandwidth[45/56] [GPU:: 8 - 11806 - 0000:e5:00.0] [GPU:: 4 - 36479 - 0000:65:00.0] bidirectional: false 61.377 GBps duration: 0.227424 secs
[RESULT] [645341.244284] [xgmi_d2d_unidir_bandwidth] p2p-bandwidth[46/56] [GPU:: 8 - 11806 - 0000:e5:00.0] [GPU:: 5 - 27226 - 0000:15:00.0] bidirectional: false 61.374 GBps duration: 0.227436 secs
[RESULT] [645341.245349] [xgmi_d2d_unidir_bandwidth] p2p-bandwidth[47/56] [GPU:: 8 - 11806 - 0000:e5:00.0] [GPU:: 6 - 57875 - 0000:f5:00.0] bidirectional: false 61.376 GBps duration: 0.227428 secs
[RESULT] [645341.246412] [xgmi_d2d_unidir_bandwidth] p2p-bandwidth[48/56] [GPU:: 8 - 11806 - 0000:e5:00.0] [GPU:: 7 -  1590 - 0000:85:00.0] bidirectional: false 61.384 GBps duration: 0.227398 secs
[RESULT] [645341.247475] [xgmi_d2d_unidir_bandwidth] p2p-bandwidth[49/56] [GPU:: 8 - 11806 - 0000:e5:00.0] [GPU:: 9 - 51771 - 0000:95:00.0] bidirectional: false 61.376 GBps duration: 0.227427 secs
[RESULT] [645341.248545] [xgmi_d2d_unidir_bandwidth] p2p-bandwidth[50/56] [GPU:: 9 - 51771 - 0000:95:00.0] [GPU:: 2 - 17010 - 0000:75:00.0] bidirectional: false 61.378 GBps duration: 0.227419 secs
[RESULT] [645341.249606] [xgmi_d2d_unidir_bandwidth] p2p-bandwidth[51/56] [GPU:: 9 - 51771 - 0000:95:00.0] [GPU:: 3 - 42583 - 0000:05:00.0] bidirectional: false 61.374 GBps duration: 0.227435 secs
[RESULT] [645341.250670] [xgmi_d2d_unidir_bandwidth] p2p-bandwidth[52/56] [GPU:: 9 - 51771 - 0000:95:00.0] [GPU:: 4 - 36479 - 0000:65:00.0] bidirectional: false 61.375 GBps duration: 0.227431 secs
[RESULT] [645341.251731] [xgmi_d2d_unidir_bandwidth] p2p-bandwidth[53/56] [GPU:: 9 - 51771 - 0000:95:00.0] [GPU:: 5 - 27226 - 0000:15:00.0] bidirectional: false 61.376 GBps duration: 0.227428 secs
[RESULT] [645341.252800] [xgmi_d2d_unidir_bandwidth] p2p-bandwidth[54/56] [GPU:: 9 - 51771 - 0000:95:00.0] [GPU:: 6 - 57875 - 0000:f5:00.0] bidirectional: false 61.383 GBps duration: 0.227404 secs
[RESULT] [645341.253861] [xgmi_d2d_unidir_bandwidth] p2p-bandwidth[55/56] [GPU:: 9 - 51771 - 0000:95:00.0] [GPU:: 7 -  1590 - 0000:85:00.0] bidirectional: false 61.376 GBps duration: 0.227429 secs
[RESULT] [645341.254926] [xgmi_d2d_unidir_bandwidth] p2p-bandwidth[56/56] [GPU:: 9 - 51771 - 0000:95:00.0] [GPU:: 8 - 11806 - 0000:e5:00.0] bidirectional: false 61.375 GBps duration: 0.227433 secs
[RESULT] [645341.256084] Action name :xgmi_d2d_bidir_bandwidth
[RESULT] [645341.256095] Module name :pbqt
[INFO  ] [645341.256139] Missing 'device_index' key.
[RESULT] [645341.257193] [xgmi_d2d_bidir_bandwidth] p2p [GPU:: 2 - 17010 - 0000:75:00.0] [GPU:: 3 - 42583 - 0000:05:00.0] peers:true distance:15 xGMI:15
[RESULT] [645341.257200] [xgmi_d2d_bidir_bandwidth] p2p [GPU:: 2 - 17010 - 0000:75:00.0] [GPU:: 4 - 36479 - 0000:65:00.0] peers:true distance:15 xGMI:15
[RESULT] [645341.257204] [xgmi_d2d_bidir_bandwidth] p2p [GPU:: 2 - 17010 - 0000:75:00.0] [GPU:: 5 - 27226 - 0000:15:00.0] peers:true distance:15 xGMI:15
[RESULT] [645341.257208] [xgmi_d2d_bidir_bandwidth] p2p [GPU:: 2 - 17010 - 0000:75:00.0] [GPU:: 6 - 57875 - 0000:f5:00.0] peers:true distance:15 xGMI:15
[RESULT] [645341.257212] [xgmi_d2d_bidir_bandwidth] p2p [GPU:: 2 - 17010 - 0000:75:00.0] [GPU:: 7 -  1590 - 0000:85:00.0] peers:true distance:15 xGMI:15
[RESULT] [645341.257215] [xgmi_d2d_bidir_bandwidth] p2p [GPU:: 2 - 17010 - 0000:75:00.0] [GPU:: 8 - 11806 - 0000:e5:00.0] peers:true distance:15 xGMI:15
[RESULT] [645341.257219] [xgmi_d2d_bidir_bandwidth] p2p [GPU:: 2 - 17010 - 0000:75:00.0] [GPU:: 9 - 51771 - 0000:95:00.0] peers:true distance:15 xGMI:15
[RESULT] [645341.257222] [xgmi_d2d_bidir_bandwidth] p2p [GPU:: 3 - 42583 - 0000:05:00.0] [GPU:: 2 - 17010 - 0000:75:00.0] peers:true distance:15 xGMI:15
[RESULT] [645341.257225] [xgmi_d2d_bidir_bandwidth] p2p [GPU:: 3 - 42583 - 0000:05:00.0] [GPU:: 4 - 36479 - 0000:65:00.0] peers:true distance:15 xGMI:15
[RESULT] [645341.257228] [xgmi_d2d_bidir_bandwidth] p2p [GPU:: 3 - 42583 - 0000:05:00.0] [GPU:: 5 - 27226 - 0000:15:00.0] peers:true distance:15 xGMI:15
[RESULT] [645341.257231] [xgmi_d2d_bidir_bandwidth] p2p [GPU:: 3 - 42583 - 0000:05:00.0] [GPU:: 6 - 57875 - 0000:f5:00.0] peers:true distance:15 xGMI:15
[RESULT] [645341.257234] [xgmi_d2d_bidir_bandwidth] p2p [GPU:: 3 - 42583 - 0000:05:00.0] [GPU:: 7 -  1590 - 0000:85:00.0] peers:true distance:15 xGMI:15
[RESULT] [645341.257238] [xgmi_d2d_bidir_bandwidth] p2p [GPU:: 3 - 42583 - 0000:05:00.0] [GPU:: 8 - 11806 - 0000:e5:00.0] peers:true distance:15 xGMI:15
[RESULT] [645341.257241] [xgmi_d2d_bidir_bandwidth] p2p [GPU:: 3 - 42583 - 0000:05:00.0] [GPU:: 9 - 51771 - 0000:95:00.0] peers:true distance:15 xGMI:15
[RESULT] [645341.257244] [xgmi_d2d_bidir_bandwidth] p2p [GPU:: 4 - 36479 - 0000:65:00.0] [GPU:: 2 - 17010 - 0000:75:00.0] peers:true distance:15 xGMI:15
[RESULT] [645341.257247] [xgmi_d2d_bidir_bandwidth] p2p [GPU:: 4 - 36479 - 0000:65:00.0] [GPU:: 3 - 42583 - 0000:05:00.0] peers:true distance:15 xGMI:15
[RESULT] [645341.257250] [xgmi_d2d_bidir_bandwidth] p2p [GPU:: 4 - 36479 - 0000:65:00.0] [GPU:: 5 - 27226 - 0000:15:00.0] peers:true distance:15 xGMI:15
[RESULT] [645341.257254] [xgmi_d2d_bidir_bandwidth] p2p [GPU:: 4 - 36479 - 0000:65:00.0] [GPU:: 6 - 57875 - 0000:f5:00.0] peers:true distance:15 xGMI:15
[RESULT] [645341.257257] [xgmi_d2d_bidir_bandwidth] p2p [GPU:: 4 - 36479 - 0000:65:00.0] [GPU:: 7 -  1590 - 0000:85:00.0] peers:true distance:15 xGMI:15
[RESULT] [645341.257260] [xgmi_d2d_bidir_bandwidth] p2p [GPU:: 4 - 36479 - 0000:65:00.0] [GPU:: 8 - 11806 - 0000:e5:00.0] peers:true distance:15 xGMI:15
[RESULT] [645341.257264] [xgmi_d2d_bidir_bandwidth] p2p [GPU:: 4 - 36479 - 0000:65:00.0] [GPU:: 9 - 51771 - 0000:95:00.0] peers:true distance:15 xGMI:15
[RESULT] [645341.257266] [xgmi_d2d_bidir_bandwidth] p2p [GPU:: 5 - 27226 - 0000:15:00.0] [GPU:: 2 - 17010 - 0000:75:00.0] peers:true distance:15 xGMI:15
[RESULT] [645341.257269] [xgmi_d2d_bidir_bandwidth] p2p [GPU:: 5 - 27226 - 0000:15:00.0] [GPU:: 3 - 42583 - 0000:05:00.0] peers:true distance:15 xGMI:15
[RESULT] [645341.257272] [xgmi_d2d_bidir_bandwidth] p2p [GPU:: 5 - 27226 - 0000:15:00.0] [GPU:: 4 - 36479 - 0000:65:00.0] peers:true distance:15 xGMI:15
[RESULT] [645341.257275] [xgmi_d2d_bidir_bandwidth] p2p [GPU:: 5 - 27226 - 0000:15:00.0] [GPU:: 6 - 57875 - 0000:f5:00.0] peers:true distance:15 xGMI:15
[RESULT] [645341.257287] [xgmi_d2d_bidir_bandwidth] p2p [GPU:: 5 - 27226 - 0000:15:00.0] [GPU:: 7 -  1590 - 0000:85:00.0] peers:true distance:15 xGMI:15
[RESULT] [645341.257291] [xgmi_d2d_bidir_bandwidth] p2p [GPU:: 5 - 27226 - 0000:15:00.0] [GPU:: 8 - 11806 - 0000:e5:00.0] peers:true distance:15 xGMI:15
[RESULT] [645341.257294] [xgmi_d2d_bidir_bandwidth] p2p [GPU:: 5 - 27226 - 0000:15:00.0] [GPU:: 9 - 51771 - 0000:95:00.0] peers:true distance:15 xGMI:15
[RESULT] [645341.257296] [xgmi_d2d_bidir_bandwidth] p2p [GPU:: 6 - 57875 - 0000:f5:00.0] [GPU:: 2 - 17010 - 0000:75:00.0] peers:true distance:15 xGMI:15
[RESULT] [645341.257300] [xgmi_d2d_bidir_bandwidth] p2p [GPU:: 6 - 57875 - 0000:f5:00.0] [GPU:: 3 - 42583 - 0000:05:00.0] peers:true distance:15 xGMI:15
[RESULT] [645341.257302] [xgmi_d2d_bidir_bandwidth] p2p [GPU:: 6 - 57875 - 0000:f5:00.0] [GPU:: 4 - 36479 - 0000:65:00.0] peers:true distance:15 xGMI:15
[RESULT] [645341.257305] [xgmi_d2d_bidir_bandwidth] p2p [GPU:: 6 - 57875 - 0000:f5:00.0] [GPU:: 5 - 27226 - 0000:15:00.0] peers:true distance:15 xGMI:15
[RESULT] [645341.257308] [xgmi_d2d_bidir_bandwidth] p2p [GPU:: 6 - 57875 - 0000:f5:00.0] [GPU:: 7 -  1590 - 0000:85:00.0] peers:true distance:15 xGMI:15
[RESULT] [645341.257312] [xgmi_d2d_bidir_bandwidth] p2p [GPU:: 6 - 57875 - 0000:f5:00.0] [GPU:: 8 - 11806 - 0000:e5:00.0] peers:true distance:15 xGMI:15
[RESULT] [645341.257315] [xgmi_d2d_bidir_bandwidth] p2p [GPU:: 6 - 57875 - 0000:f5:00.0] [GPU:: 9 - 51771 - 0000:95:00.0] peers:true distance:15 xGMI:15
[RESULT] [645341.257318] [xgmi_d2d_bidir_bandwidth] p2p [GPU:: 7 -  1590 - 0000:85:00.0] [GPU:: 2 - 17010 - 0000:75:00.0] peers:true distance:15 xGMI:15
[RESULT] [645341.257321] [xgmi_d2d_bidir_bandwidth] p2p [GPU:: 7 -  1590 - 0000:85:00.0] [GPU:: 3 - 42583 - 0000:05:00.0] peers:true distance:15 xGMI:15
[RESULT] [645341.257324] [xgmi_d2d_bidir_bandwidth] p2p [GPU:: 7 -  1590 - 0000:85:00.0] [GPU:: 4 - 36479 - 0000:65:00.0] peers:true distance:15 xGMI:15
[RESULT] [645341.257327] [xgmi_d2d_bidir_bandwidth] p2p [GPU:: 7 -  1590 - 0000:85:00.0] [GPU:: 5 - 27226 - 0000:15:00.0] peers:true distance:15 xGMI:15
[RESULT] [645341.257330] [xgmi_d2d_bidir_bandwidth] p2p [GPU:: 7 -  1590 - 0000:85:00.0] [GPU:: 6 - 57875 - 0000:f5:00.0] peers:true distance:15 xGMI:15
[RESULT] [645341.257333] [xgmi_d2d_bidir_bandwidth] p2p [GPU:: 7 -  1590 - 0000:85:00.0] [GPU:: 8 - 11806 - 0000:e5:00.0] peers:true distance:15 xGMI:15
[RESULT] [645341.257336] [xgmi_d2d_bidir_bandwidth] p2p [GPU:: 7 -  1590 - 0000:85:00.0] [GPU:: 9 - 51771 - 0000:95:00.0] peers:true distance:15 xGMI:15
[RESULT] [645341.257339] [xgmi_d2d_bidir_bandwidth] p2p [GPU:: 8 - 11806 - 0000:e5:00.0] [GPU:: 2 - 17010 - 0000:75:00.0] peers:true distance:15 xGMI:15
[RESULT] [645341.257342] [xgmi_d2d_bidir_bandwidth] p2p [GPU:: 8 - 11806 - 0000:e5:00.0] [GPU:: 3 - 42583 - 0000:05:00.0] peers:true distance:15 xGMI:15
[RESULT] [645341.257345] [xgmi_d2d_bidir_bandwidth] p2p [GPU:: 8 - 11806 - 0000:e5:00.0] [GPU:: 4 - 36479 - 0000:65:00.0] peers:true distance:15 xGMI:15
[RESULT] [645341.257348] [xgmi_d2d_bidir_bandwidth] p2p [GPU:: 8 - 11806 - 0000:e5:00.0] [GPU:: 5 - 27226 - 0000:15:00.0] peers:true distance:15 xGMI:15
[RESULT] [645341.257351] [xgmi_d2d_bidir_bandwidth] p2p [GPU:: 8 - 11806 - 0000:e5:00.0] [GPU:: 6 - 57875 - 0000:f5:00.0] peers:true distance:15 xGMI:15
[RESULT] [645341.257354] [xgmi_d2d_bidir_bandwidth] p2p [GPU:: 8 - 11806 - 0000:e5:00.0] [GPU:: 7 -  1590 - 0000:85:00.0] peers:true distance:15 xGMI:15
[RESULT] [645341.257357] [xgmi_d2d_bidir_bandwidth] p2p [GPU:: 8 - 11806 - 0000:e5:00.0] [GPU:: 9 - 51771 - 0000:95:00.0] peers:true distance:15 xGMI:15
[RESULT] [645341.257360] [xgmi_d2d_bidir_bandwidth] p2p [GPU:: 9 - 51771 - 0000:95:00.0] [GPU:: 2 - 17010 - 0000:75:00.0] peers:true distance:15 xGMI:15
[RESULT] [645341.257363] [xgmi_d2d_bidir_bandwidth] p2p [GPU:: 9 - 51771 - 0000:95:00.0] [GPU:: 3 - 42583 - 0000:05:00.0] peers:true distance:15 xGMI:15
[RESULT] [645341.257366] [xgmi_d2d_bidir_bandwidth] p2p [GPU:: 9 - 51771 - 0000:95:00.0] [GPU:: 4 - 36479 - 0000:65:00.0] peers:true distance:15 xGMI:15
[RESULT] [645341.257374] [xgmi_d2d_bidir_bandwidth] p2p [GPU:: 9 - 51771 - 0000:95:00.0] [GPU:: 5 - 27226 - 0000:15:00.0] peers:true distance:15 xGMI:15
[RESULT] [645341.257377] [xgmi_d2d_bidir_bandwidth] p2p [GPU:: 9 - 51771 - 0000:95:00.0] [GPU:: 6 - 57875 - 0000:f5:00.0] peers:true distance:15 xGMI:15
[RESULT] [645341.257381] [xgmi_d2d_bidir_bandwidth] p2p [GPU:: 9 - 51771 - 0000:95:00.0] [GPU:: 7 -  1590 - 0000:85:00.0] peers:true distance:15 xGMI:15
[RESULT] [645341.257383] [xgmi_d2d_bidir_bandwidth] p2p [GPU:: 9 - 51771 - 0000:95:00.0] [GPU:: 8 - 11806 - 0000:e5:00.0] peers:true distance:15 xGMI:15
[INFO  ] [645346.257517] [xgmi_d2d_bidir_bandwidth] p2p-bandwidth[ 1/56] [GPU:: 2 - 17010 - 0000:75:00.0] [GPU:: 3 - 42583 - 0000:05:00.0] bidirectional: true 122.686 GBps
[INFO  ] [645346.257532] [xgmi_d2d_bidir_bandwidth] p2p-bandwidth[ 2/56] [GPU:: 2 - 17010 - 0000:75:00.0] [GPU:: 4 - 36479 - 0000:65:00.0] bidirectional: true 122.746 GBps
[INFO  ] [645346.257536] [xgmi_d2d_bidir_bandwidth] p2p-bandwidth[ 3/56] [GPU:: 2 - 17010 - 0000:75:00.0] [GPU:: 5 - 27226 - 0000:15:00.0] bidirectional: true 122.630 GBps
[INFO  ] [645346.257539] [xgmi_d2d_bidir_bandwidth] p2p-bandwidth[ 4/56] [GPU:: 2 - 17010 - 0000:75:00.0] [GPU:: 6 - 57875 - 0000:f5:00.0] bidirectional: true 122.747 GBps
[INFO  ] [645346.257542] [xgmi_d2d_bidir_bandwidth] p2p-bandwidth[ 5/56] [GPU:: 2 - 17010 - 0000:75:00.0] [GPU:: 7 -  1590 - 0000:85:00.0] bidirectional: true 122.749 GBps
[INFO  ] [645346.257545] [xgmi_d2d_bidir_bandwidth] p2p-bandwidth[ 6/56] [GPU:: 2 - 17010 - 0000:75:00.0] [GPU:: 8 - 11806 - 0000:e5:00.0] bidirectional: true 122.747 GBps
[INFO  ] [645346.257548] [xgmi_d2d_bidir_bandwidth] p2p-bandwidth[ 7/56] [GPU:: 2 - 17010 - 0000:75:00.0] [GPU:: 9 - 51771 - 0000:95:00.0] bidirectional: true 122.756 GBps
[INFO  ] [645346.257551] [xgmi_d2d_bidir_bandwidth] p2p-bandwidth[ 8/56] [GPU:: 3 - 42583 - 0000:05:00.0] [GPU:: 2 - 17010 - 0000:75:00.0] bidirectional: true 122.691 GBps
[INFO  ] [645346.257554] [xgmi_d2d_bidir_bandwidth] p2p-bandwidth[ 9/56] [GPU:: 3 - 42583 - 0000:05:00.0] [GPU:: 4 - 36479 - 0000:65:00.0] bidirectional: true 122.714 GBps
[INFO  ] [645346.257558] [xgmi_d2d_bidir_bandwidth] p2p-bandwidth[10/56] [GPU:: 3 - 42583 - 0000:05:00.0] [GPU:: 5 - 27226 - 0000:15:00.0] bidirectional: true 122.609 GBps
[INFO  ] [645346.257561] [xgmi_d2d_bidir_bandwidth] p2p-bandwidth[11/56] [GPU:: 3 - 42583 - 0000:05:00.0] [GPU:: 6 - 57875 - 0000:f5:00.0] bidirectional: true 122.712 GBps
[INFO  ] [645346.257564] [xgmi_d2d_bidir_bandwidth] p2p-bandwidth[12/56] [GPU:: 3 - 42583 - 0000:05:00.0] [GPU:: 7 -  1590 - 0000:85:00.0] bidirectional: true 122.701 GBps
[INFO  ] [645346.257567] [xgmi_d2d_bidir_bandwidth] p2p-bandwidth[13/56] [GPU:: 3 - 42583 - 0000:05:00.0] [GPU:: 8 - 11806 - 0000:e5:00.0] bidirectional: true 122.707 GBps
[INFO  ] [645346.257569] [xgmi_d2d_bidir_bandwidth] p2p-bandwidth[14/56] [GPU:: 3 - 42583 - 0000:05:00.0] [GPU:: 9 - 51771 - 0000:95:00.0] bidirectional: true 122.711 GBps
[INFO  ] [645346.257572] [xgmi_d2d_bidir_bandwidth] p2p-bandwidth[15/56] [GPU:: 4 - 36479 - 0000:65:00.0] [GPU:: 2 - 17010 - 0000:75:00.0] bidirectional: true 122.735 GBps
[INFO  ] [645346.257574] [xgmi_d2d_bidir_bandwidth] p2p-bandwidth[16/56] [GPU:: 4 - 36479 - 0000:65:00.0] [GPU:: 3 - 42583 - 0000:05:00.0] bidirectional: true 122.732 GBps
[INFO  ] [645346.257577] [xgmi_d2d_bidir_bandwidth] p2p-bandwidth[17/56] [GPU:: 4 - 36479 - 0000:65:00.0] [GPU:: 5 - 27226 - 0000:15:00.0] bidirectional: true 122.610 GBps
[INFO  ] [645346.257580] [xgmi_d2d_bidir_bandwidth] p2p-bandwidth[18/56] [GPU:: 4 - 36479 - 0000:65:00.0] [GPU:: 6 - 57875 - 0000:f5:00.0] bidirectional: true 122.743 GBps
[INFO  ] [645346.257583] [xgmi_d2d_bidir_bandwidth] p2p-bandwidth[19/56] [GPU:: 4 - 36479 - 0000:65:00.0] [GPU:: 7 -  1590 - 0000:85:00.0] bidirectional: true 122.756 GBps
[INFO  ] [645346.257585] [xgmi_d2d_bidir_bandwidth] p2p-bandwidth[20/56] [GPU:: 4 - 36479 - 0000:65:00.0] [GPU:: 8 - 11806 - 0000:e5:00.0] bidirectional: true 122.750 GBps
[INFO  ] [645346.257588] [xgmi_d2d_bidir_bandwidth] p2p-bandwidth[21/56] [GPU:: 4 - 36479 - 0000:65:00.0] [GPU:: 9 - 51771 - 0000:95:00.0] bidirectional: true 122.753 GBps
[INFO  ] [645346.257636] [xgmi_d2d_bidir_bandwidth] p2p-bandwidth[22/56] [GPU:: 5 - 27226 - 0000:15:00.0] [GPU:: 2 - 17010 - 0000:75:00.0] bidirectional: true 122.636 GBps
[INFO  ] [645346.257638] [xgmi_d2d_bidir_bandwidth] p2p-bandwidth[23/56] [GPU:: 5 - 27226 - 0000:15:00.0] [GPU:: 3 - 42583 - 0000:05:00.0] bidirectional: true 122.618 GBps
[INFO  ] [645346.257641] [xgmi_d2d_bidir_bandwidth] p2p-bandwidth[24/56] [GPU:: 5 - 27226 - 0000:15:00.0] [GPU:: 4 - 36479 - 0000:65:00.0] bidirectional: true 122.628 GBps
[INFO  ] [645346.257644] [xgmi_d2d_bidir_bandwidth] p2p-bandwidth[25/56] [GPU:: 5 - 27226 - 0000:15:00.0] [GPU:: 6 - 57875 - 0000:f5:00.0] bidirectional: true 122.661 GBps
[INFO  ] [645346.257646] [xgmi_d2d_bidir_bandwidth] p2p-bandwidth[26/56] [GPU:: 5 - 27226 - 0000:15:00.0] [GPU:: 7 -  1590 - 0000:85:00.0] bidirectional: true 122.615 GBps
[INFO  ] [645346.257649] [xgmi_d2d_bidir_bandwidth] p2p-bandwidth[27/56] [GPU:: 5 - 27226 - 0000:15:00.0] [GPU:: 8 - 11806 - 0000:e5:00.0] bidirectional: true 122.595 GBps
[INFO  ] [645346.257651] [xgmi_d2d_bidir_bandwidth] p2p-bandwidth[28/56] [GPU:: 5 - 27226 - 0000:15:00.0] [GPU:: 9 - 51771 - 0000:95:00.0] bidirectional: true 122.665 GBps
[INFO  ] [645346.257654] [xgmi_d2d_bidir_bandwidth] p2p-bandwidth[29/56] [GPU:: 6 - 57875 - 0000:f5:00.0] [GPU:: 2 - 17010 - 0000:75:00.0] bidirectional: true 122.748 GBps
[INFO  ] [645346.257656] [xgmi_d2d_bidir_bandwidth] p2p-bandwidth[30/56] [GPU:: 6 - 57875 - 0000:f5:00.0] [GPU:: 3 - 42583 - 0000:05:00.0] bidirectional: true 122.706 GBps
[INFO  ] [645346.257659] [xgmi_d2d_bidir_bandwidth] p2p-bandwidth[31/56] [GPU:: 6 - 57875 - 0000:f5:00.0] [GPU:: 4 - 36479 - 0000:65:00.0] bidirectional: true 122.738 GBps
[INFO  ] [645346.257661] [xgmi_d2d_bidir_bandwidth] p2p-bandwidth[32/56] [GPU:: 6 - 57875 - 0000:f5:00.0] [GPU:: 5 - 27226 - 0000:15:00.0] bidirectional: true 122.628 GBps
[INFO  ] [645346.257664] [xgmi_d2d_bidir_bandwidth] p2p-bandwidth[33/56] [GPU:: 6 - 57875 - 0000:f5:00.0] [GPU:: 7 -  1590 - 0000:85:00.0] bidirectional: true 122.747 GBps
[INFO  ] [645346.257667] [xgmi_d2d_bidir_bandwidth] p2p-bandwidth[34/56] [GPU:: 6 - 57875 - 0000:f5:00.0] [GPU:: 8 - 11806 - 0000:e5:00.0] bidirectional: true 122.747 GBps
[INFO  ] [645346.257669] [xgmi_d2d_bidir_bandwidth] p2p-bandwidth[35/56] [GPU:: 6 - 57875 - 0000:f5:00.0] [GPU:: 9 - 51771 - 0000:95:00.0] bidirectional: true 122.756 GBps
[INFO  ] [645346.257672] [xgmi_d2d_bidir_bandwidth] p2p-bandwidth[36/56] [GPU:: 7 -  1590 - 0000:85:00.0] [GPU:: 2 - 17010 - 0000:75:00.0] bidirectional: true 122.745 GBps
[INFO  ] [645346.257674] [xgmi_d2d_bidir_bandwidth] p2p-bandwidth[37/56] [GPU:: 7 -  1590 - 0000:85:00.0] [GPU:: 3 - 42583 - 0000:05:00.0] bidirectional: true 122.698 GBps
[INFO  ] [645346.257676] [xgmi_d2d_bidir_bandwidth] p2p-bandwidth[38/56] [GPU:: 7 -  1590 - 0000:85:00.0] [GPU:: 4 - 36479 - 0000:65:00.0] bidirectional: true 122.746 GBps
[INFO  ] [645346.257679] [xgmi_d2d_bidir_bandwidth] p2p-bandwidth[39/56] [GPU:: 7 -  1590 - 0000:85:00.0] [GPU:: 5 - 27226 - 0000:15:00.0] bidirectional: true 122.612 GBps
[INFO  ] [645346.257682] [xgmi_d2d_bidir_bandwidth] p2p-bandwidth[40/56] [GPU:: 7 -  1590 - 0000:85:00.0] [GPU:: 6 - 57875 - 0000:f5:00.0] bidirectional: true 122.743 GBps
[INFO  ] [645346.257684] [xgmi_d2d_bidir_bandwidth] p2p-bandwidth[41/56] [GPU:: 7 -  1590 - 0000:85:00.0] [GPU:: 8 - 11806 - 0000:e5:00.0] bidirectional: true 122.759 GBps
[INFO  ] [645346.257687] [xgmi_d2d_bidir_bandwidth] p2p-bandwidth[42/56] [GPU:: 7 -  1590 - 0000:85:00.0] [GPU:: 9 - 51771 - 0000:95:00.0] bidirectional: true 122.750 GBps
[INFO  ] [645346.257689] [xgmi_d2d_bidir_bandwidth] p2p-bandwidth[43/56] [GPU:: 8 - 11806 - 0000:e5:00.0] [GPU:: 2 - 17010 - 0000:75:00.0] bidirectional: true 122.737 GBps
[INFO  ] [645346.257692] [xgmi_d2d_bidir_bandwidth] p2p-bandwidth[44/56] [GPU:: 8 - 11806 - 0000:e5:00.0] [GPU:: 3 - 42583 - 0000:05:00.0] bidirectional: true 122.688 GBps
[INFO  ] [645346.257699] [xgmi_d2d_bidir_bandwidth] p2p-bandwidth[45/56] [GPU:: 8 - 11806 - 0000:e5:00.0] [GPU:: 4 - 36479 - 0000:65:00.0] bidirectional: true 122.751 GBps
[INFO  ] [645346.257702] [xgmi_d2d_bidir_bandwidth] p2p-bandwidth[46/56] [GPU:: 8 - 11806 - 0000:e5:00.0] [GPU:: 5 - 27226 - 0000:15:00.0] bidirectional: true 122.607 GBps
[INFO  ] [645346.257704] [xgmi_d2d_bidir_bandwidth] p2p-bandwidth[47/56] [GPU:: 8 - 11806 - 0000:e5:00.0] [GPU:: 6 - 57875 - 0000:f5:00.0] bidirectional: true 122.746 GBps
[INFO  ] [645346.257707] [xgmi_d2d_bidir_bandwidth] p2p-bandwidth[48/56] [GPU:: 8 - 11806 - 0000:e5:00.0] [GPU:: 7 -  1590 - 0000:85:00.0] bidirectional: true 122.763 GBps
[INFO  ] [645346.257710] [xgmi_d2d_bidir_bandwidth] p2p-bandwidth[49/56] [GPU:: 8 - 11806 - 0000:e5:00.0] [GPU:: 9 - 51771 - 0000:95:00.0] bidirectional: true 122.748 GBps
[INFO  ] [645346.257712] [xgmi_d2d_bidir_bandwidth] p2p-bandwidth[50/56] [GPU:: 9 - 51771 - 0000:95:00.0] [GPU:: 2 - 17010 - 0000:75:00.0] bidirectional: true 122.749 GBps
[INFO  ] [645346.257715] [xgmi_d2d_bidir_bandwidth] p2p-bandwidth[51/56] [GPU:: 9 - 51771 - 0000:95:00.0] [GPU:: 3 - 42583 - 0000:05:00.0] bidirectional: true 122.691 GBps
[INFO  ] [645346.257719] [xgmi_d2d_bidir_bandwidth] p2p-bandwidth[52/56] [GPU:: 9 - 51771 - 0000:95:00.0] [GPU:: 4 - 36479 - 0000:65:00.0] bidirectional: true 122.744 GBps
[INFO  ] [645346.257721] [xgmi_d2d_bidir_bandwidth] p2p-bandwidth[53/56] [GPU:: 9 - 51771 - 0000:95:00.0] [GPU:: 5 - 27226 - 0000:15:00.0] bidirectional: true 122.617 GBps
[INFO  ] [645346.257724] [xgmi_d2d_bidir_bandwidth] p2p-bandwidth[54/56] [GPU:: 9 - 51771 - 0000:95:00.0] [GPU:: 6 - 57875 - 0000:f5:00.0] bidirectional: true 122.765 GBps
[INFO  ] [645346.257727] [xgmi_d2d_bidir_bandwidth] p2p-bandwidth[55/56] [GPU:: 9 - 51771 - 0000:95:00.0] [GPU:: 7 -  1590 - 0000:85:00.0] bidirectional: true 122.727 GBps
[INFO  ] [645346.257730] [xgmi_d2d_bidir_bandwidth] p2p-bandwidth[56/56] [GPU:: 9 - 51771 - 0000:95:00.0] [GPU:: 8 - 11806 - 0000:e5:00.0] bidirectional: true 122.743 GBps
[INFO  ] [645351.256920] [xgmi_d2d_bidir_bandwidth] p2p-bandwidth[ 1/56] [GPU:: 2 - 17010 - 0000:75:00.0] [GPU:: 3 - 42583 - 0000:05:00.0] bidirectional: true 122.695 GBps
[INFO  ] [645351.256931] [xgmi_d2d_bidir_bandwidth] p2p-bandwidth[ 2/56] [GPU:: 2 - 17010 - 0000:75:00.0] [GPU:: 4 - 36479 - 0000:65:00.0] bidirectional: true 122.747 GBps
[INFO  ] [645351.256933] [xgmi_d2d_bidir_bandwidth] p2p-bandwidth[ 3/56] [GPU:: 2 - 17010 - 0000:75:00.0] [GPU:: 5 - 27226 - 0000:15:00.0] bidirectional: true 122.633 GBps
[INFO  ] [645351.256934] [xgmi_d2d_bidir_bandwidth] p2p-bandwidth[ 4/56] [GPU:: 2 - 17010 - 0000:75:00.0] [GPU:: 6 - 57875 - 0000:f5:00.0] bidirectional: true 122.748 GBps
[INFO  ] [645351.256935] [xgmi_d2d_bidir_bandwidth] p2p-bandwidth[ 5/56] [GPU:: 2 - 17010 - 0000:75:00.0] [GPU:: 7 -  1590 - 0000:85:00.0] bidirectional: true 122.746 GBps
[INFO  ] [645351.256937] [xgmi_d2d_bidir_bandwidth] p2p-bandwidth[ 6/56] [GPU:: 2 - 17010 - 0000:75:00.0] [GPU:: 8 - 11806 - 0000:e5:00.0] bidirectional: true 122.749 GBps
[INFO  ] [645351.256938] [xgmi_d2d_bidir_bandwidth] p2p-bandwidth[ 7/56] [GPU:: 2 - 17010 - 0000:75:00.0] [GPU:: 9 - 51771 - 0000:95:00.0] bidirectional: true 122.751 GBps
[INFO  ] [645351.256940] [xgmi_d2d_bidir_bandwidth] p2p-bandwidth[ 8/56] [GPU:: 3 - 42583 - 0000:05:00.0] [GPU:: 2 - 17010 - 0000:75:00.0] bidirectional: true 122.702 GBps
[INFO  ] [645351.256941] [xgmi_d2d_bidir_bandwidth] p2p-bandwidth[ 9/56] [GPU:: 3 - 42583 - 0000:05:00.0] [GPU:: 4 - 36479 - 0000:65:00.0] bidirectional: true 122.718 GBps
[INFO  ] [645351.256943] [xgmi_d2d_bidir_bandwidth] p2p-bandwidth[10/56] [GPU:: 3 - 42583 - 0000:05:00.0] [GPU:: 5 - 27226 - 0000:15:00.0] bidirectional: true 122.602 GBps
[INFO  ] [645351.256944] [xgmi_d2d_bidir_bandwidth] p2p-bandwidth[11/56] [GPU:: 3 - 42583 - 0000:05:00.0] [GPU:: 6 - 57875 - 0000:f5:00.0] bidirectional: true 122.713 GBps
[INFO  ] [645351.256945] [xgmi_d2d_bidir_bandwidth] p2p-bandwidth[12/56] [GPU:: 3 - 42583 - 0000:05:00.0] [GPU:: 7 -  1590 - 0000:85:00.0] bidirectional: true 122.699 GBps
[INFO  ] [645351.256972] [xgmi_d2d_bidir_bandwidth] p2p-bandwidth[13/56] [GPU:: 3 - 42583 - 0000:05:00.0] [GPU:: 8 - 11806 - 0000:e5:00.0] bidirectional: true 122.709 GBps
[INFO  ] [645351.256973] [xgmi_d2d_bidir_bandwidth] p2p-bandwidth[14/56] [GPU:: 3 - 42583 - 0000:05:00.0] [GPU:: 9 - 51771 - 0000:95:00.0] bidirectional: true 122.712 GBps
[INFO  ] [645351.256974] [xgmi_d2d_bidir_bandwidth] p2p-bandwidth[15/56] [GPU:: 4 - 36479 - 0000:65:00.0] [GPU:: 2 - 17010 - 0000:75:00.0] bidirectional: true 122.740 GBps
[INFO  ] [645351.256975] [xgmi_d2d_bidir_bandwidth] p2p-bandwidth[16/56] [GPU:: 4 - 36479 - 0000:65:00.0] [GPU:: 3 - 42583 - 0000:05:00.0] bidirectional: true 122.725 GBps
[INFO  ] [645351.256976] [xgmi_d2d_bidir_bandwidth] p2p-bandwidth[17/56] [GPU:: 4 - 36479 - 0000:65:00.0] [GPU:: 5 - 27226 - 0000:15:00.0] bidirectional: true 122.627 GBps
[INFO  ] [645351.256977] [xgmi_d2d_bidir_bandwidth] p2p-bandwidth[18/56] [GPU:: 4 - 36479 - 0000:65:00.0] [GPU:: 6 - 57875 - 0000:f5:00.0] bidirectional: true 122.737 GBps
[INFO  ] [645351.256978] [xgmi_d2d_bidir_bandwidth] p2p-bandwidth[19/56] [GPU:: 4 - 36479 - 0000:65:00.0] [GPU:: 7 -  1590 - 0000:85:00.0] bidirectional: true 122.749 GBps
[INFO  ] [645351.256979] [xgmi_d2d_bidir_bandwidth] p2p-bandwidth[20/56] [GPU:: 4 - 36479 - 0000:65:00.0] [GPU:: 8 - 11806 - 0000:e5:00.0] bidirectional: true 122.748 GBps
[INFO  ] [645351.256981] [xgmi_d2d_bidir_bandwidth] p2p-bandwidth[21/56] [GPU:: 4 - 36479 - 0000:65:00.0] [GPU:: 9 - 51771 - 0000:95:00.0] bidirectional: true 122.751 GBps
[INFO  ] [645351.256981] [xgmi_d2d_bidir_bandwidth] p2p-bandwidth[22/56] [GPU:: 5 - 27226 - 0000:15:00.0] [GPU:: 2 - 17010 - 0000:75:00.0] bidirectional: true 122.643 GBps
[INFO  ] [645351.256982] [xgmi_d2d_bidir_bandwidth] p2p-bandwidth[23/56] [GPU:: 5 - 27226 - 0000:15:00.0] [GPU:: 3 - 42583 - 0000:05:00.0] bidirectional: true 122.621 GBps
[INFO  ] [645351.256983] [xgmi_d2d_bidir_bandwidth] p2p-bandwidth[24/56] [GPU:: 5 - 27226 - 0000:15:00.0] [GPU:: 4 - 36479 - 0000:65:00.0] bidirectional: true 122.620 GBps
[INFO  ] [645351.256984] [xgmi_d2d_bidir_bandwidth] p2p-bandwidth[25/56] [GPU:: 5 - 27226 - 0000:15:00.0] [GPU:: 6 - 57875 - 0000:f5:00.0] bidirectional: true 122.671 GBps
[INFO  ] [645351.256985] [xgmi_d2d_bidir_bandwidth] p2p-bandwidth[26/56] [GPU:: 5 - 27226 - 0000:15:00.0] [GPU:: 7 -  1590 - 0000:85:00.0] bidirectional: true 122.618 GBps
[INFO  ] [645351.256986] [xgmi_d2d_bidir_bandwidth] p2p-bandwidth[27/56] [GPU:: 5 - 27226 - 0000:15:00.0] [GPU:: 8 - 11806 - 0000:e5:00.0] bidirectional: true 122.614 GBps
[INFO  ] [645351.256987] [xgmi_d2d_bidir_bandwidth] p2p-bandwidth[28/56] [GPU:: 5 - 27226 - 0000:15:00.0] [GPU:: 9 - 51771 - 0000:95:00.0] bidirectional: true 122.665 GBps
[INFO  ] [645351.256988] [xgmi_d2d_bidir_bandwidth] p2p-bandwidth[29/56] [GPU:: 6 - 57875 - 0000:f5:00.0] [GPU:: 2 - 17010 - 0000:75:00.0] bidirectional: true 122.752 GBps
[INFO  ] [645351.256989] [xgmi_d2d_bidir_bandwidth] p2p-bandwidth[30/56] [GPU:: 6 - 57875 - 0000:f5:00.0] [GPU:: 3 - 42583 - 0000:05:00.0] bidirectional: true 122.716 GBps
[INFO  ] [645351.256990] [xgmi_d2d_bidir_bandwidth] p2p-bandwidth[31/56] [GPU:: 6 - 57875 - 0000:f5:00.0] [GPU:: 4 - 36479 - 0000:65:00.0] bidirectional: true 122.745 GBps
[INFO  ] [645351.256991] [xgmi_d2d_bidir_bandwidth] p2p-bandwidth[32/56] [GPU:: 6 - 57875 - 0000:f5:00.0] [GPU:: 5 - 27226 - 0000:15:00.0] bidirectional: true 122.620 GBps
[INFO  ] [645351.256992] [xgmi_d2d_bidir_bandwidth] p2p-bandwidth[33/56] [GPU:: 6 - 57875 - 0000:f5:00.0] [GPU:: 7 -  1590 - 0000:85:00.0] bidirectional: true 122.740 GBps
[INFO  ] [645351.256992] [xgmi_d2d_bidir_bandwidth] p2p-bandwidth[34/56] [GPU:: 6 - 57875 - 0000:f5:00.0] [GPU:: 8 - 11806 - 0000:e5:00.0] bidirectional: true 122.747 GBps
[INFO  ] [645351.256993] [xgmi_d2d_bidir_bandwidth] p2p-bandwidth[35/56] [GPU:: 6 - 57875 - 0000:f5:00.0] [GPU:: 9 - 51771 - 0000:95:00.0] bidirectional: true 122.767 GBps
[INFO  ] [645351.256995] [xgmi_d2d_bidir_bandwidth] p2p-bandwidth[36/56] [GPU:: 7 -  1590 - 0000:85:00.0] [GPU:: 2 - 17010 - 0000:75:00.0] bidirectional: true 122.744 GBps
[INFO  ] [645351.256997] [xgmi_d2d_bidir_bandwidth] p2p-bandwidth[37/56] [GPU:: 7 -  1590 - 0000:85:00.0] [GPU:: 3 - 42583 - 0000:05:00.0] bidirectional: true 122.695 GBps
[INFO  ] [645351.256998] [xgmi_d2d_bidir_bandwidth] p2p-bandwidth[38/56] [GPU:: 7 -  1590 - 0000:85:00.0] [GPU:: 4 - 36479 - 0000:65:00.0] bidirectional: true 122.749 GBps
[INFO  ] [645351.256999] [xgmi_d2d_bidir_bandwidth] p2p-bandwidth[39/56] [GPU:: 7 -  1590 - 0000:85:00.0] [GPU:: 5 - 27226 - 0000:15:00.0] bidirectional: true 122.602 GBps
[INFO  ] [645351.257004] [xgmi_d2d_bidir_bandwidth] p2p-bandwidth[40/56] [GPU:: 7 -  1590 - 0000:85:00.0] [GPU:: 6 - 57875 - 0000:f5:00.0] bidirectional: true 122.740 GBps
[INFO  ] [645351.257005] [xgmi_d2d_bidir_bandwidth] p2p-bandwidth[41/56] [GPU:: 7 -  1590 - 0000:85:00.0] [GPU:: 8 - 11806 - 0000:e5:00.0] bidirectional: true 122.758 GBps
[INFO  ] [645351.257006] [xgmi_d2d_bidir_bandwidth] p2p-bandwidth[42/56] [GPU:: 7 -  1590 - 0000:85:00.0] [GPU:: 9 - 51771 - 0000:95:00.0] bidirectional: true 122.744 GBps
[INFO  ] [645351.257007] [xgmi_d2d_bidir_bandwidth] p2p-bandwidth[43/56] [GPU:: 8 - 11806 - 0000:e5:00.0] [GPU:: 2 - 17010 - 0000:75:00.0] bidirectional: true 122.744 GBps
[INFO  ] [645351.257008] [xgmi_d2d_bidir_bandwidth] p2p-bandwidth[44/56] [GPU:: 8 - 11806 - 0000:e5:00.0] [GPU:: 3 - 42583 - 0000:05:00.0] bidirectional: true 122.702 GBps
[INFO  ] [645351.257009] [xgmi_d2d_bidir_bandwidth] p2p-bandwidth[45/56] [GPU:: 8 - 11806 - 0000:e5:00.0] [GPU:: 4 - 36479 - 0000:65:00.0] bidirectional: true 122.746 GBps
[INFO  ] [645351.257010] [xgmi_d2d_bidir_bandwidth] p2p-bandwidth[46/56] [GPU:: 8 - 11806 - 0000:e5:00.0] [GPU:: 5 - 27226 - 0000:15:00.0] bidirectional: true 122.615 GBps
[INFO  ] [645351.257011] [xgmi_d2d_bidir_bandwidth] p2p-bandwidth[47/56] [GPU:: 8 - 11806 - 0000:e5:00.0] [GPU:: 6 - 57875 - 0000:f5:00.0] bidirectional: true 122.743 GBps
[INFO  ] [645351.257012] [xgmi_d2d_bidir_bandwidth] p2p-bandwidth[48/56] [GPU:: 8 - 11806 - 0000:e5:00.0] [GPU:: 7 -  1590 - 0000:85:00.0] bidirectional: true 122.759 GBps
[INFO  ] [645351.257012] [xgmi_d2d_bidir_bandwidth] p2p-bandwidth[49/56] [GPU:: 8 - 11806 - 0000:e5:00.0] [GPU:: 9 - 51771 - 0000:95:00.0] bidirectional: true 122.746 GBps
[INFO  ] [645351.257013] [xgmi_d2d_bidir_bandwidth] p2p-bandwidth[50/56] [GPU:: 9 - 51771 - 0000:95:00.0] [GPU:: 2 - 17010 - 0000:75:00.0] bidirectional: true 122.748 GBps
[INFO  ] [645351.257014] [xgmi_d2d_bidir_bandwidth] p2p-bandwidth[51/56] [GPU:: 9 - 51771 - 0000:95:00.0] [GPU:: 3 - 42583 - 0000:05:00.0] bidirectional: true 122.691 GBps
[INFO  ] [645351.257016] [xgmi_d2d_bidir_bandwidth] p2p-bandwidth[52/56] [GPU:: 9 - 51771 - 0000:95:00.0] [GPU:: 4 - 36479 - 0000:65:00.0] bidirectional: true 122.738 GBps
[INFO  ] [645351.257017] [xgmi_d2d_bidir_bandwidth] p2p-bandwidth[53/56] [GPU:: 9 - 51771 - 0000:95:00.0] [GPU:: 5 - 27226 - 0000:15:00.0] bidirectional: true 122.612 GBps
[INFO  ] [645351.257018] [xgmi_d2d_bidir_bandwidth] p2p-bandwidth[54/56] [GPU:: 9 - 51771 - 0000:95:00.0] [GPU:: 6 - 57875 - 0000:f5:00.0] bidirectional: true 122.760 GBps
[INFO  ] [645351.257019] [xgmi_d2d_bidir_bandwidth] p2p-bandwidth[55/56] [GPU:: 9 - 51771 - 0000:95:00.0] [GPU:: 7 -  1590 - 0000:85:00.0] bidirectional: true 122.746 GBps
[INFO  ] [645351.257020] [xgmi_d2d_bidir_bandwidth] p2p-bandwidth[56/56] [GPU:: 9 - 51771 - 0000:95:00.0] [GPU:: 8 - 11806 - 0000:e5:00.0] bidirectional: true 122.743 GBps
[INFO  ] [645356.256802] [xgmi_d2d_bidir_bandwidth] p2p-bandwidth[ 1/56] [GPU:: 2 - 17010 - 0000:75:00.0] [GPU:: 3 - 42583 - 0000:05:00.0] bidirectional: true 122.683 GBps
[INFO  ] [645356.256817] [xgmi_d2d_bidir_bandwidth] p2p-bandwidth[ 2/56] [GPU:: 2 - 17010 - 0000:75:00.0] [GPU:: 4 - 36479 - 0000:65:00.0] bidirectional: true 122.736 GBps
[INFO  ] [645356.256821] [xgmi_d2d_bidir_bandwidth] p2p-bandwidth[ 3/56] [GPU:: 2 - 17010 - 0000:75:00.0] [GPU:: 5 - 27226 - 0000:15:00.0] bidirectional: true 122.614 GBps
[INFO  ] [645356.256824] [xgmi_d2d_bidir_bandwidth] p2p-bandwidth[ 4/56] [GPU:: 2 - 17010 - 0000:75:00.0] [GPU:: 6 - 57875 - 0000:f5:00.0] bidirectional: true 122.738 GBps
[INFO  ] [645356.256870] [xgmi_d2d_bidir_bandwidth] p2p-bandwidth[ 5/56] [GPU:: 2 - 17010 - 0000:75:00.0] [GPU:: 7 -  1590 - 0000:85:00.0] bidirectional: true 122.741 GBps
[INFO  ] [645356.256873] [xgmi_d2d_bidir_bandwidth] p2p-bandwidth[ 6/56] [GPU:: 2 - 17010 - 0000:75:00.0] [GPU:: 8 - 11806 - 0000:e5:00.0] bidirectional: true 122.748 GBps
[INFO  ] [645356.256877] [xgmi_d2d_bidir_bandwidth] p2p-bandwidth[ 7/56] [GPU:: 2 - 17010 - 0000:75:00.0] [GPU:: 9 - 51771 - 0000:95:00.0] bidirectional: true 122.754 GBps
[INFO  ] [645356.256880] [xgmi_d2d_bidir_bandwidth] p2p-bandwidth[ 8/56] [GPU:: 3 - 42583 - 0000:05:00.0] [GPU:: 2 - 17010 - 0000:75:00.0] bidirectional: true 122.697 GBps
[INFO  ] [645356.256884] [xgmi_d2d_bidir_bandwidth] p2p-bandwidth[ 9/56] [GPU:: 3 - 42583 - 0000:05:00.0] [GPU:: 4 - 36479 - 0000:65:00.0] bidirectional: true 122.720 GBps
[INFO  ] [645356.256887] [xgmi_d2d_bidir_bandwidth] p2p-bandwidth[10/56] [GPU:: 3 - 42583 - 0000:05:00.0] [GPU:: 5 - 27226 - 0000:15:00.0] bidirectional: true 122.614 GBps
[INFO  ] [645356.256890] [xgmi_d2d_bidir_bandwidth] p2p-bandwidth[11/56] [GPU:: 3 - 42583 - 0000:05:00.0] [GPU:: 6 - 57875 - 0000:f5:00.0] bidirectional: true 122.721 GBps
[INFO  ] [645356.256893] [xgmi_d2d_bidir_bandwidth] p2p-bandwidth[12/56] [GPU:: 3 - 42583 - 0000:05:00.0] [GPU:: 7 -  1590 - 0000:85:00.0] bidirectional: true 122.705 GBps
[INFO  ] [645356.256896] [xgmi_d2d_bidir_bandwidth] p2p-bandwidth[13/56] [GPU:: 3 - 42583 - 0000:05:00.0] [GPU:: 8 - 11806 - 0000:e5:00.0] bidirectional: true 122.709 GBps
[INFO  ] [645356.256899] [xgmi_d2d_bidir_bandwidth] p2p-bandwidth[14/56] [GPU:: 3 - 42583 - 0000:05:00.0] [GPU:: 9 - 51771 - 0000:95:00.0] bidirectional: true 122.717 GBps
[INFO  ] [645356.256902] [xgmi_d2d_bidir_bandwidth] p2p-bandwidth[15/56] [GPU:: 4 - 36479 - 0000:65:00.0] [GPU:: 2 - 17010 - 0000:75:00.0] bidirectional: true 122.746 GBps
[INFO  ] [645356.256905] [xgmi_d2d_bidir_bandwidth] p2p-bandwidth[16/56] [GPU:: 4 - 36479 - 0000:65:00.0] [GPU:: 3 - 42583 - 0000:05:00.0] bidirectional: true 122.733 GBps
[INFO  ] [645356.256907] [xgmi_d2d_bidir_bandwidth] p2p-bandwidth[17/56] [GPU:: 4 - 36479 - 0000:65:00.0] [GPU:: 5 - 27226 - 0000:15:00.0] bidirectional: true 122.615 GBps
[INFO  ] [645356.256910] [xgmi_d2d_bidir_bandwidth] p2p-bandwidth[18/56] [GPU:: 4 - 36479 - 0000:65:00.0] [GPU:: 6 - 57875 - 0000:f5:00.0] bidirectional: true 122.743 GBps
[INFO  ] [645356.256913] [xgmi_d2d_bidir_bandwidth] p2p-bandwidth[19/56] [GPU:: 4 - 36479 - 0000:65:00.0] [GPU:: 7 -  1590 - 0000:85:00.0] bidirectional: true 122.739 GBps
[INFO  ] [645356.256915] [xgmi_d2d_bidir_bandwidth] p2p-bandwidth[20/56] [GPU:: 4 - 36479 - 0000:65:00.0] [GPU:: 8 - 11806 - 0000:e5:00.0] bidirectional: true 122.751 GBps
[INFO  ] [645356.256918] [xgmi_d2d_bidir_bandwidth] p2p-bandwidth[21/56] [GPU:: 4 - 36479 - 0000:65:00.0] [GPU:: 9 - 51771 - 0000:95:00.0] bidirectional: true 122.753 GBps
[INFO  ] [645356.256920] [xgmi_d2d_bidir_bandwidth] p2p-bandwidth[22/56] [GPU:: 5 - 27226 - 0000:15:00.0] [GPU:: 2 - 17010 - 0000:75:00.0] bidirectional: true 122.636 GBps
[INFO  ] [645356.256923] [xgmi_d2d_bidir_bandwidth] p2p-bandwidth[23/56] [GPU:: 5 - 27226 - 0000:15:00.0] [GPU:: 3 - 42583 - 0000:05:00.0] bidirectional: true 122.625 GBps
[INFO  ] [645356.256925] [xgmi_d2d_bidir_bandwidth] p2p-bandwidth[24/56] [GPU:: 5 - 27226 - 0000:15:00.0] [GPU:: 4 - 36479 - 0000:65:00.0] bidirectional: true 122.618 GBps
[INFO  ] [645356.256928] [xgmi_d2d_bidir_bandwidth] p2p-bandwidth[25/56] [GPU:: 5 - 27226 - 0000:15:00.0] [GPU:: 6 - 57875 - 0000:f5:00.0] bidirectional: true 122.670 GBps
[INFO  ] [645356.256930] [xgmi_d2d_bidir_bandwidth] p2p-bandwidth[26/56] [GPU:: 5 - 27226 - 0000:15:00.0] [GPU:: 7 -  1590 - 0000:85:00.0] bidirectional: true 122.616 GBps
[INFO  ] [645356.256933] [xgmi_d2d_bidir_bandwidth] p2p-bandwidth[27/56] [GPU:: 5 - 27226 - 0000:15:00.0] [GPU:: 8 - 11806 - 0000:e5:00.0] bidirectional: true 122.602 GBps
[INFO  ] [645356.256935] [xgmi_d2d_bidir_bandwidth] p2p-bandwidth[28/56] [GPU:: 5 - 27226 - 0000:15:00.0] [GPU:: 9 - 51771 - 0000:95:00.0] bidirectional: true 122.650 GBps
[INFO  ] [645356.256942] [xgmi_d2d_bidir_bandwidth] p2p-bandwidth[29/56] [GPU:: 6 - 57875 - 0000:f5:00.0] [GPU:: 2 - 17010 - 0000:75:00.0] bidirectional: true 122.746 GBps
[INFO  ] [645356.256945] [xgmi_d2d_bidir_bandwidth] p2p-bandwidth[30/56] [GPU:: 6 - 57875 - 0000:f5:00.0] [GPU:: 3 - 42583 - 0000:05:00.0] bidirectional: true 122.715 GBps
[INFO  ] [645356.256948] [xgmi_d2d_bidir_bandwidth] p2p-bandwidth[31/56] [GPU:: 6 - 57875 - 0000:f5:00.0] [GPU:: 4 - 36479 - 0000:65:00.0] bidirectional: true 122.749 GBps
[INFO  ] [645356.256951] [xgmi_d2d_bidir_bandwidth] p2p-bandwidth[32/56] [GPU:: 6 - 57875 - 0000:f5:00.0] [GPU:: 5 - 27226 - 0000:15:00.0] bidirectional: true 122.626 GBps
[INFO  ] [645356.256953] [xgmi_d2d_bidir_bandwidth] p2p-bandwidth[33/56] [GPU:: 6 - 57875 - 0000:f5:00.0] [GPU:: 7 -  1590 - 0000:85:00.0] bidirectional: true 122.746 GBps
[INFO  ] [645356.256956] [xgmi_d2d_bidir_bandwidth] p2p-bandwidth[34/56] [GPU:: 6 - 57875 - 0000:f5:00.0] [GPU:: 8 - 11806 - 0000:e5:00.0] bidirectional: true 122.746 GBps
[INFO  ] [645356.256959] [xgmi_d2d_bidir_bandwidth] p2p-bandwidth[35/56] [GPU:: 6 - 57875 - 0000:f5:00.0] [GPU:: 9 - 51771 - 0000:95:00.0] bidirectional: true 122.759 GBps
[INFO  ] [645356.256961] [xgmi_d2d_bidir_bandwidth] p2p-bandwidth[36/56] [GPU:: 7 -  1590 - 0000:85:00.0] [GPU:: 2 - 17010 - 0000:75:00.0] bidirectional: true 122.743 GBps
[INFO  ] [645356.256964] [xgmi_d2d_bidir_bandwidth] p2p-bandwidth[37/56] [GPU:: 7 -  1590 - 0000:85:00.0] [GPU:: 3 - 42583 - 0000:05:00.0] bidirectional: true 122.700 GBps
[INFO  ] [645356.256967] [xgmi_d2d_bidir_bandwidth] p2p-bandwidth[38/56] [GPU:: 7 -  1590 - 0000:85:00.0] [GPU:: 4 - 36479 - 0000:65:00.0] bidirectional: true 122.735 GBps
[INFO  ] [645356.256970] [xgmi_d2d_bidir_bandwidth] p2p-bandwidth[39/56] [GPU:: 7 -  1590 - 0000:85:00.0] [GPU:: 5 - 27226 - 0000:15:00.0] bidirectional: true 122.615 GBps
[INFO  ] [645356.256972] [xgmi_d2d_bidir_bandwidth] p2p-bandwidth[40/56] [GPU:: 7 -  1590 - 0000:85:00.0] [GPU:: 6 - 57875 - 0000:f5:00.0] bidirectional: true 122.743 GBps
[INFO  ] [645356.256975] [xgmi_d2d_bidir_bandwidth] p2p-bandwidth[41/56] [GPU:: 7 -  1590 - 0000:85:00.0] [GPU:: 8 - 11806 - 0000:e5:00.0] bidirectional: true 122.758 GBps
[INFO  ] [645356.256978] [xgmi_d2d_bidir_bandwidth] p2p-bandwidth[42/56] [GPU:: 7 -  1590 - 0000:85:00.0] [GPU:: 9 - 51771 - 0000:95:00.0] bidirectional: true 122.743 GBps
[INFO  ] [645356.256980] [xgmi_d2d_bidir_bandwidth] p2p-bandwidth[43/56] [GPU:: 8 - 11806 - 0000:e5:00.0] [GPU:: 2 - 17010 - 0000:75:00.0] bidirectional: true 122.745 GBps
[INFO  ] [645356.256983] [xgmi_d2d_bidir_bandwidth] p2p-bandwidth[44/56] [GPU:: 8 - 11806 - 0000:e5:00.0] [GPU:: 3 - 42583 - 0000:05:00.0] bidirectional: true 122.698 GBps
[INFO  ] [645356.256985] [xgmi_d2d_bidir_bandwidth] p2p-bandwidth[45/56] [GPU:: 8 - 11806 - 0000:e5:00.0] [GPU:: 4 - 36479 - 0000:65:00.0] bidirectional: true 122.740 GBps
[INFO  ] [645356.256988] [xgmi_d2d_bidir_bandwidth] p2p-bandwidth[46/56] [GPU:: 8 - 11806 - 0000:e5:00.0] [GPU:: 5 - 27226 - 0000:15:00.0] bidirectional: true 122.609 GBps
[INFO  ] [645356.256991] [xgmi_d2d_bidir_bandwidth] p2p-bandwidth[47/56] [GPU:: 8 - 11806 - 0000:e5:00.0] [GPU:: 6 - 57875 - 0000:f5:00.0] bidirectional: true 122.740 GBps
[INFO  ] [645356.256994] [xgmi_d2d_bidir_bandwidth] p2p-bandwidth[48/56] [GPU:: 8 - 11806 - 0000:e5:00.0] [GPU:: 7 -  1590 - 0000:85:00.0] bidirectional: true 122.764 GBps
[INFO  ] [645356.256996] [xgmi_d2d_bidir_bandwidth] p2p-bandwidth[49/56] [GPU:: 8 - 11806 - 0000:e5:00.0] [GPU:: 9 - 51771 - 0000:95:00.0] bidirectional: true 122.750 GBps
[INFO  ] [645356.256998] [xgmi_d2d_bidir_bandwidth] p2p-bandwidth[50/56] [GPU:: 9 - 51771 - 0000:95:00.0] [GPU:: 2 - 17010 - 0000:75:00.0] bidirectional: true 122.750 GBps
[INFO  ] [645356.257007] [xgmi_d2d_bidir_bandwidth] p2p-bandwidth[51/56] [GPU:: 9 - 51771 - 0000:95:00.0] [GPU:: 3 - 42583 - 0000:05:00.0] bidirectional: true 122.689 GBps
[INFO  ] [645356.257015] [xgmi_d2d_bidir_bandwidth] p2p-bandwidth[52/56] [GPU:: 9 - 51771 - 0000:95:00.0] [GPU:: 4 - 36479 - 0000:65:00.0] bidirectional: true 122.744 GBps
[INFO  ] [645356.257018] [xgmi_d2d_bidir_bandwidth] p2p-bandwidth[53/56] [GPU:: 9 - 51771 - 0000:95:00.0] [GPU:: 5 - 27226 - 0000:15:00.0] bidirectional: true 122.616 GBps
[INFO  ] [645356.257021] [xgmi_d2d_bidir_bandwidth] p2p-bandwidth[54/56] [GPU:: 9 - 51771 - 0000:95:00.0] [GPU:: 6 - 57875 - 0000:f5:00.0] bidirectional: true 122.762 GBps
[INFO  ] [645356.257023] [xgmi_d2d_bidir_bandwidth] p2p-bandwidth[55/56] [GPU:: 9 - 51771 - 0000:95:00.0] [GPU:: 7 -  1590 - 0000:85:00.0] bidirectional: true 122.753 GBps
[INFO  ] [645356.257026] [xgmi_d2d_bidir_bandwidth] p2p-bandwidth[56/56] [GPU:: 9 - 51771 - 0000:95:00.0] [GPU:: 8 - 11806 - 0000:e5:00.0] bidirectional: true 122.746 GBps
[INFO  ] [645361.256436] [xgmi_d2d_bidir_bandwidth] p2p-bandwidth[ 1/56] [GPU:: 2 - 17010 - 0000:75:00.0] [GPU:: 3 - 42583 - 0000:05:00.0] bidirectional: true 122.689 GBps
[INFO  ] [645361.256447] [xgmi_d2d_bidir_bandwidth] p2p-bandwidth[ 2/56] [GPU:: 2 - 17010 - 0000:75:00.0] [GPU:: 4 - 36479 - 0000:65:00.0] bidirectional: true 122.743 GBps
[INFO  ] [645361.256449] [xgmi_d2d_bidir_bandwidth] p2p-bandwidth[ 3/56] [GPU:: 2 - 17010 - 0000:75:00.0] [GPU:: 5 - 27226 - 0000:15:00.0] bidirectional: true 122.638 GBps
[INFO  ] [645361.256451] [xgmi_d2d_bidir_bandwidth] p2p-bandwidth[ 4/56] [GPU:: 2 - 17010 - 0000:75:00.0] [GPU:: 6 - 57875 - 0000:f5:00.0] bidirectional: true 122.728 GBps
[INFO  ] [645361.256453] [xgmi_d2d_bidir_bandwidth] p2p-bandwidth[ 5/56] [GPU:: 2 - 17010 - 0000:75:00.0] [GPU:: 7 -  1590 - 0000:85:00.0] bidirectional: true 122.747 GBps
[INFO  ] [645361.256455] [xgmi_d2d_bidir_bandwidth] p2p-bandwidth[ 6/56] [GPU:: 2 - 17010 - 0000:75:00.0] [GPU:: 8 - 11806 - 0000:e5:00.0] bidirectional: true 122.749 GBps
[INFO  ] [645361.256458] [xgmi_d2d_bidir_bandwidth] p2p-bandwidth[ 7/56] [GPU:: 2 - 17010 - 0000:75:00.0] [GPU:: 9 - 51771 - 0000:95:00.0] bidirectional: true 122.751 GBps
[INFO  ] [645361.256460] [xgmi_d2d_bidir_bandwidth] p2p-bandwidth[ 8/56] [GPU:: 3 - 42583 - 0000:05:00.0] [GPU:: 2 - 17010 - 0000:75:00.0] bidirectional: true 122.698 GBps
[INFO  ] [645361.256462] [xgmi_d2d_bidir_bandwidth] p2p-bandwidth[ 9/56] [GPU:: 3 - 42583 - 0000:05:00.0] [GPU:: 4 - 36479 - 0000:65:00.0] bidirectional: true 122.708 GBps
[INFO  ] [645361.256464] [xgmi_d2d_bidir_bandwidth] p2p-bandwidth[10/56] [GPU:: 3 - 42583 - 0000:05:00.0] [GPU:: 5 - 27226 - 0000:15:00.0] bidirectional: true 122.611 GBps
[INFO  ] [645361.256466] [xgmi_d2d_bidir_bandwidth] p2p-bandwidth[11/56] [GPU:: 3 - 42583 - 0000:05:00.0] [GPU:: 6 - 57875 - 0000:f5:00.0] bidirectional: true 122.716 GBps
[INFO  ] [645361.256468] [xgmi_d2d_bidir_bandwidth] p2p-bandwidth[12/56] [GPU:: 3 - 42583 - 0000:05:00.0] [GPU:: 7 -  1590 - 0000:85:00.0] bidirectional: true 122.704 GBps
[INFO  ] [645361.256470] [xgmi_d2d_bidir_bandwidth] p2p-bandwidth[13/56] [GPU:: 3 - 42583 - 0000:05:00.0] [GPU:: 8 - 11806 - 0000:e5:00.0] bidirectional: true 122.701 GBps
[INFO  ] [645361.256471] [xgmi_d2d_bidir_bandwidth] p2p-bandwidth[14/56] [GPU:: 3 - 42583 - 0000:05:00.0] [GPU:: 9 - 51771 - 0000:95:00.0] bidirectional: true 122.712 GBps
[INFO  ] [645361.256473] [xgmi_d2d_bidir_bandwidth] p2p-bandwidth[15/56] [GPU:: 4 - 36479 - 0000:65:00.0] [GPU:: 2 - 17010 - 0000:75:00.0] bidirectional: true 122.744 GBps
[INFO  ] [645361.256475] [xgmi_d2d_bidir_bandwidth] p2p-bandwidth[16/56] [GPU:: 4 - 36479 - 0000:65:00.0] [GPU:: 3 - 42583 - 0000:05:00.0] bidirectional: true 122.733 GBps
[INFO  ] [645361.256476] [xgmi_d2d_bidir_bandwidth] p2p-bandwidth[17/56] [GPU:: 4 - 36479 - 0000:65:00.0] [GPU:: 5 - 27226 - 0000:15:00.0] bidirectional: true 122.618 GBps
[INFO  ] [645361.256478] [xgmi_d2d_bidir_bandwidth] p2p-bandwidth[18/56] [GPU:: 4 - 36479 - 0000:65:00.0] [GPU:: 6 - 57875 - 0000:f5:00.0] bidirectional: true 122.741 GBps
[INFO  ] [645361.256480] [xgmi_d2d_bidir_bandwidth] p2p-bandwidth[19/56] [GPU:: 4 - 36479 - 0000:65:00.0] [GPU:: 7 -  1590 - 0000:85:00.0] bidirectional: true 122.744 GBps
[INFO  ] [645361.256512] [xgmi_d2d_bidir_bandwidth] p2p-bandwidth[20/56] [GPU:: 4 - 36479 - 0000:65:00.0] [GPU:: 8 - 11806 - 0000:e5:00.0] bidirectional: true 122.753 GBps
[INFO  ] [645361.256514] [xgmi_d2d_bidir_bandwidth] p2p-bandwidth[21/56] [GPU:: 4 - 36479 - 0000:65:00.0] [GPU:: 9 - 51771 - 0000:95:00.0] bidirectional: true 122.751 GBps
[INFO  ] [645361.256516] [xgmi_d2d_bidir_bandwidth] p2p-bandwidth[22/56] [GPU:: 5 - 27226 - 0000:15:00.0] [GPU:: 2 - 17010 - 0000:75:00.0] bidirectional: true 122.634 GBps
[INFO  ] [645361.256517] [xgmi_d2d_bidir_bandwidth] p2p-bandwidth[23/56] [GPU:: 5 - 27226 - 0000:15:00.0] [GPU:: 3 - 42583 - 0000:05:00.0] bidirectional: true 122.629 GBps
[INFO  ] [645361.256519] [xgmi_d2d_bidir_bandwidth] p2p-bandwidth[24/56] [GPU:: 5 - 27226 - 0000:15:00.0] [GPU:: 4 - 36479 - 0000:65:00.0] bidirectional: true 122.630 GBps
[INFO  ] [645361.256520] [xgmi_d2d_bidir_bandwidth] p2p-bandwidth[25/56] [GPU:: 5 - 27226 - 0000:15:00.0] [GPU:: 6 - 57875 - 0000:f5:00.0] bidirectional: true 122.663 GBps
[INFO  ] [645361.256522] [xgmi_d2d_bidir_bandwidth] p2p-bandwidth[26/56] [GPU:: 5 - 27226 - 0000:15:00.0] [GPU:: 7 -  1590 - 0000:85:00.0] bidirectional: true 122.612 GBps
[INFO  ] [645361.256524] [xgmi_d2d_bidir_bandwidth] p2p-bandwidth[27/56] [GPU:: 5 - 27226 - 0000:15:00.0] [GPU:: 8 - 11806 - 0000:e5:00.0] bidirectional: true 122.617 GBps
[INFO  ] [645361.256525] [xgmi_d2d_bidir_bandwidth] p2p-bandwidth[28/56] [GPU:: 5 - 27226 - 0000:15:00.0] [GPU:: 9 - 51771 - 0000:95:00.0] bidirectional: true 122.659 GBps
[INFO  ] [645361.256526] [xgmi_d2d_bidir_bandwidth] p2p-bandwidth[29/56] [GPU:: 6 - 57875 - 0000:f5:00.0] [GPU:: 2 - 17010 - 0000:75:00.0] bidirectional: true 122.749 GBps
[INFO  ] [645361.256528] [xgmi_d2d_bidir_bandwidth] p2p-bandwidth[30/56] [GPU:: 6 - 57875 - 0000:f5:00.0] [GPU:: 3 - 42583 - 0000:05:00.0] bidirectional: true 122.718 GBps
[INFO  ] [645361.256530] [xgmi_d2d_bidir_bandwidth] p2p-bandwidth[31/56] [GPU:: 6 - 57875 - 0000:f5:00.0] [GPU:: 4 - 36479 - 0000:65:00.0] bidirectional: true 122.745 GBps
[INFO  ] [645361.256531] [xgmi_d2d_bidir_bandwidth] p2p-bandwidth[32/56] [GPU:: 6 - 57875 - 0000:f5:00.0] [GPU:: 5 - 27226 - 0000:15:00.0] bidirectional: true 122.617 GBps
[INFO  ] [645361.256533] [xgmi_d2d_bidir_bandwidth] p2p-bandwidth[33/56] [GPU:: 6 - 57875 - 0000:f5:00.0] [GPU:: 7 -  1590 - 0000:85:00.0] bidirectional: true 122.750 GBps
[INFO  ] [645361.256535] [xgmi_d2d_bidir_bandwidth] p2p-bandwidth[34/56] [GPU:: 6 - 57875 - 0000:f5:00.0] [GPU:: 8 - 11806 - 0000:e5:00.0] bidirectional: true 122.746 GBps
[INFO  ] [645361.256536] [xgmi_d2d_bidir_bandwidth] p2p-bandwidth[35/56] [GPU:: 6 - 57875 - 0000:f5:00.0] [GPU:: 9 - 51771 - 0000:95:00.0] bidirectional: true 122.769 GBps
[INFO  ] [645361.256538] [xgmi_d2d_bidir_bandwidth] p2p-bandwidth[36/56] [GPU:: 7 -  1590 - 0000:85:00.0] [GPU:: 2 - 17010 - 0000:75:00.0] bidirectional: true 122.748 GBps
[INFO  ] [645361.256539] [xgmi_d2d_bidir_bandwidth] p2p-bandwidth[37/56] [GPU:: 7 -  1590 - 0000:85:00.0] [GPU:: 3 - 42583 - 0000:05:00.0] bidirectional: true 122.698 GBps
[INFO  ] [645361.256541] [xgmi_d2d_bidir_bandwidth] p2p-bandwidth[38/56] [GPU:: 7 -  1590 - 0000:85:00.0] [GPU:: 4 - 36479 - 0000:65:00.0] bidirectional: true 122.726 GBps
[INFO  ] [645361.256542] [xgmi_d2d_bidir_bandwidth] p2p-bandwidth[39/56] [GPU:: 7 -  1590 - 0000:85:00.0] [GPU:: 5 - 27226 - 0000:15:00.0] bidirectional: true 122.603 GBps
[INFO  ] [645361.256544] [xgmi_d2d_bidir_bandwidth] p2p-bandwidth[40/56] [GPU:: 7 -  1590 - 0000:85:00.0] [GPU:: 6 - 57875 - 0000:f5:00.0] bidirectional: true 122.745 GBps
[INFO  ] [645361.256546] [xgmi_d2d_bidir_bandwidth] p2p-bandwidth[41/56] [GPU:: 7 -  1590 - 0000:85:00.0] [GPU:: 8 - 11806 - 0000:e5:00.0] bidirectional: true 122.763 GBps
[INFO  ] [645361.256547] [xgmi_d2d_bidir_bandwidth] p2p-bandwidth[42/56] [GPU:: 7 -  1590 - 0000:85:00.0] [GPU:: 9 - 51771 - 0000:95:00.0] bidirectional: true 122.746 GBps
[INFO  ] [645361.256549] [xgmi_d2d_bidir_bandwidth] p2p-bandwidth[43/56] [GPU:: 8 - 11806 - 0000:e5:00.0] [GPU:: 2 - 17010 - 0000:75:00.0] bidirectional: true 122.741 GBps
[INFO  ] [645361.256553] [xgmi_d2d_bidir_bandwidth] p2p-bandwidth[44/56] [GPU:: 8 - 11806 - 0000:e5:00.0] [GPU:: 3 - 42583 - 0000:05:00.0] bidirectional: true 122.699 GBps
[INFO  ] [645361.256555] [xgmi_d2d_bidir_bandwidth] p2p-bandwidth[45/56] [GPU:: 8 - 11806 - 0000:e5:00.0] [GPU:: 4 - 36479 - 0000:65:00.0] bidirectional: true 122.746 GBps
[INFO  ] [645361.256557] [xgmi_d2d_bidir_bandwidth] p2p-bandwidth[46/56] [GPU:: 8 - 11806 - 0000:e5:00.0] [GPU:: 5 - 27226 - 0000:15:00.0] bidirectional: true 122.616 GBps
[INFO  ] [645361.256558] [xgmi_d2d_bidir_bandwidth] p2p-bandwidth[47/56] [GPU:: 8 - 11806 - 0000:e5:00.0] [GPU:: 6 - 57875 - 0000:f5:00.0] bidirectional: true 122.746 GBps
[INFO  ] [645361.256560] [xgmi_d2d_bidir_bandwidth] p2p-bandwidth[48/56] [GPU:: 8 - 11806 - 0000:e5:00.0] [GPU:: 7 -  1590 - 0000:85:00.0] bidirectional: true 122.761 GBps
[INFO  ] [645361.256561] [xgmi_d2d_bidir_bandwidth] p2p-bandwidth[49/56] [GPU:: 8 - 11806 - 0000:e5:00.0] [GPU:: 9 - 51771 - 0000:95:00.0] bidirectional: true 122.748 GBps
[INFO  ] [645361.256563] [xgmi_d2d_bidir_bandwidth] p2p-bandwidth[50/56] [GPU:: 9 - 51771 - 0000:95:00.0] [GPU:: 2 - 17010 - 0000:75:00.0] bidirectional: true 122.750 GBps
[INFO  ] [645361.256564] [xgmi_d2d_bidir_bandwidth] p2p-bandwidth[51/56] [GPU:: 9 - 51771 - 0000:95:00.0] [GPU:: 3 - 42583 - 0000:05:00.0] bidirectional: true 122.689 GBps
[INFO  ] [645361.256566] [xgmi_d2d_bidir_bandwidth] p2p-bandwidth[52/56] [GPU:: 9 - 51771 - 0000:95:00.0] [GPU:: 4 - 36479 - 0000:65:00.0] bidirectional: true 122.743 GBps
[INFO  ] [645361.256568] [xgmi_d2d_bidir_bandwidth] p2p-bandwidth[53/56] [GPU:: 9 - 51771 - 0000:95:00.0] [GPU:: 5 - 27226 - 0000:15:00.0] bidirectional: true 122.623 GBps
[INFO  ] [645361.256569] [xgmi_d2d_bidir_bandwidth] p2p-bandwidth[54/56] [GPU:: 9 - 51771 - 0000:95:00.0] [GPU:: 6 - 57875 - 0000:f5:00.0] bidirectional: true 122.745 GBps
[INFO  ] [645361.256571] [xgmi_d2d_bidir_bandwidth] p2p-bandwidth[55/56] [GPU:: 9 - 51771 - 0000:95:00.0] [GPU:: 7 -  1590 - 0000:85:00.0] bidirectional: true 122.741 GBps
[INFO  ] [645361.256572] [xgmi_d2d_bidir_bandwidth] p2p-bandwidth[56/56] [GPU:: 9 - 51771 - 0000:95:00.0] [GPU:: 8 - 11806 - 0000:e5:00.0] bidirectional: true 122.746 GBps
[INFO  ] [645366.255872] [xgmi_d2d_bidir_bandwidth] p2p-bandwidth[ 1/56] [GPU:: 2 - 17010 - 0000:75:00.0] [GPU:: 3 - 42583 - 0000:05:00.0] bidirectional: true 122.687 GBps
[INFO  ] [645366.255890] [xgmi_d2d_bidir_bandwidth] p2p-bandwidth[ 2/56] [GPU:: 2 - 17010 - 0000:75:00.0] [GPU:: 4 - 36479 - 0000:65:00.0] bidirectional: true 122.716 GBps
[INFO  ] [645366.255894] [xgmi_d2d_bidir_bandwidth] p2p-bandwidth[ 3/56] [GPU:: 2 - 17010 - 0000:75:00.0] [GPU:: 5 - 27226 - 0000:15:00.0] bidirectional: true 122.631 GBps
[INFO  ] [645366.255897] [xgmi_d2d_bidir_bandwidth] p2p-bandwidth[ 4/56] [GPU:: 2 - 17010 - 0000:75:00.0] [GPU:: 6 - 57875 - 0000:f5:00.0] bidirectional: true 122.750 GBps
[INFO  ] [645366.255901] [xgmi_d2d_bidir_bandwidth] p2p-bandwidth[ 5/56] [GPU:: 2 - 17010 - 0000:75:00.0] [GPU:: 7 -  1590 - 0000:85:00.0] bidirectional: true 122.745 GBps
[INFO  ] [645366.255904] [xgmi_d2d_bidir_bandwidth] p2p-bandwidth[ 6/56] [GPU:: 2 - 17010 - 0000:75:00.0] [GPU:: 8 - 11806 - 0000:e5:00.0] bidirectional: true 122.753 GBps
[INFO  ] [645366.255907] [xgmi_d2d_bidir_bandwidth] p2p-bandwidth[ 7/56] [GPU:: 2 - 17010 - 0000:75:00.0] [GPU:: 9 - 51771 - 0000:95:00.0] bidirectional: true 122.754 GBps
[INFO  ] [645366.255910] [xgmi_d2d_bidir_bandwidth] p2p-bandwidth[ 8/56] [GPU:: 3 - 42583 - 0000:05:00.0] [GPU:: 2 - 17010 - 0000:75:00.0] bidirectional: true 122.694 GBps
[INFO  ] [645366.255914] [xgmi_d2d_bidir_bandwidth] p2p-bandwidth[ 9/56] [GPU:: 3 - 42583 - 0000:05:00.0] [GPU:: 4 - 36479 - 0000:65:00.0] bidirectional: true 122.716 GBps
[INFO  ] [645366.255917] [xgmi_d2d_bidir_bandwidth] p2p-bandwidth[10/56] [GPU:: 3 - 42583 - 0000:05:00.0] [GPU:: 5 - 27226 - 0000:15:00.0] bidirectional: true 122.617 GBps
[INFO  ] [645366.255920] [xgmi_d2d_bidir_bandwidth] p2p-bandwidth[11/56] [GPU:: 3 - 42583 - 0000:05:00.0] [GPU:: 6 - 57875 - 0000:f5:00.0] bidirectional: true 122.714 GBps
[INFO  ] [645366.255966] [xgmi_d2d_bidir_bandwidth] p2p-bandwidth[12/56] [GPU:: 3 - 42583 - 0000:05:00.0] [GPU:: 7 -  1590 - 0000:85:00.0] bidirectional: true 122.693 GBps
[INFO  ] [645366.255969] [xgmi_d2d_bidir_bandwidth] p2p-bandwidth[13/56] [GPU:: 3 - 42583 - 0000:05:00.0] [GPU:: 8 - 11806 - 0000:e5:00.0] bidirectional: true 122.694 GBps
[INFO  ] [645366.255972] [xgmi_d2d_bidir_bandwidth] p2p-bandwidth[14/56] [GPU:: 3 - 42583 - 0000:05:00.0] [GPU:: 9 - 51771 - 0000:95:00.0] bidirectional: true 122.712 GBps
[INFO  ] [645366.255975] [xgmi_d2d_bidir_bandwidth] p2p-bandwidth[15/56] [GPU:: 4 - 36479 - 0000:65:00.0] [GPU:: 2 - 17010 - 0000:75:00.0] bidirectional: true 122.748 GBps
[INFO  ] [645366.255977] [xgmi_d2d_bidir_bandwidth] p2p-bandwidth[16/56] [GPU:: 4 - 36479 - 0000:65:00.0] [GPU:: 3 - 42583 - 0000:05:00.0] bidirectional: true 122.731 GBps
[INFO  ] [645366.255980] [xgmi_d2d_bidir_bandwidth] p2p-bandwidth[17/56] [GPU:: 4 - 36479 - 0000:65:00.0] [GPU:: 5 - 27226 - 0000:15:00.0] bidirectional: true 122.610 GBps
[INFO  ] [645366.255983] [xgmi_d2d_bidir_bandwidth] p2p-bandwidth[18/56] [GPU:: 4 - 36479 - 0000:65:00.0] [GPU:: 6 - 57875 - 0000:f5:00.0] bidirectional: true 122.743 GBps
[INFO  ] [645366.255986] [xgmi_d2d_bidir_bandwidth] p2p-bandwidth[19/56] [GPU:: 4 - 36479 - 0000:65:00.0] [GPU:: 7 -  1590 - 0000:85:00.0] bidirectional: true 122.756 GBps
[INFO  ] [645366.255988] [xgmi_d2d_bidir_bandwidth] p2p-bandwidth[20/56] [GPU:: 4 - 36479 - 0000:65:00.0] [GPU:: 8 - 11806 - 0000:e5:00.0] bidirectional: true 122.749 GBps
[INFO  ] [645366.255991] [xgmi_d2d_bidir_bandwidth] p2p-bandwidth[21/56] [GPU:: 4 - 36479 - 0000:65:00.0] [GPU:: 9 - 51771 - 0000:95:00.0] bidirectional: true 122.756 GBps
[INFO  ] [645366.255994] [xgmi_d2d_bidir_bandwidth] p2p-bandwidth[22/56] [GPU:: 5 - 27226 - 0000:15:00.0] [GPU:: 2 - 17010 - 0000:75:00.0] bidirectional: true 122.641 GBps
[INFO  ] [645366.255996] [xgmi_d2d_bidir_bandwidth] p2p-bandwidth[23/56] [GPU:: 5 - 27226 - 0000:15:00.0] [GPU:: 3 - 42583 - 0000:05:00.0] bidirectional: true 122.622 GBps
[INFO  ] [645366.255999] [xgmi_d2d_bidir_bandwidth] p2p-bandwidth[24/56] [GPU:: 5 - 27226 - 0000:15:00.0] [GPU:: 4 - 36479 - 0000:65:00.0] bidirectional: true 122.617 GBps
[INFO  ] [645366.256010] [xgmi_d2d_bidir_bandwidth] p2p-bandwidth[25/56] [GPU:: 5 - 27226 - 0000:15:00.0] [GPU:: 6 - 57875 - 0000:f5:00.0] bidirectional: true 122.650 GBps
[INFO  ] [645366.256015] [xgmi_d2d_bidir_bandwidth] p2p-bandwidth[26/56] [GPU:: 5 - 27226 - 0000:15:00.0] [GPU:: 7 -  1590 - 0000:85:00.0] bidirectional: true 122.615 GBps
[INFO  ] [645366.256019] [xgmi_d2d_bidir_bandwidth] p2p-bandwidth[27/56] [GPU:: 5 - 27226 - 0000:15:00.0] [GPU:: 8 - 11806 - 0000:e5:00.0] bidirectional: true 122.605 GBps
[INFO  ] [645366.256023] [xgmi_d2d_bidir_bandwidth] p2p-bandwidth[28/56] [GPU:: 5 - 27226 - 0000:15:00.0] [GPU:: 9 - 51771 - 0000:95:00.0] bidirectional: true 122.661 GBps
[INFO  ] [645366.256027] [xgmi_d2d_bidir_bandwidth] p2p-bandwidth[29/56] [GPU:: 6 - 57875 - 0000:f5:00.0] [GPU:: 2 - 17010 - 0000:75:00.0] bidirectional: true 122.744 GBps
[INFO  ] [645366.256031] [xgmi_d2d_bidir_bandwidth] p2p-bandwidth[30/56] [GPU:: 6 - 57875 - 0000:f5:00.0] [GPU:: 3 - 42583 - 0000:05:00.0] bidirectional: true 122.712 GBps
[INFO  ] [645366.256036] [xgmi_d2d_bidir_bandwidth] p2p-bandwidth[31/56] [GPU:: 6 - 57875 - 0000:f5:00.0] [GPU:: 4 - 36479 - 0000:65:00.0] bidirectional: true 122.740 GBps
[INFO  ] [645366.256040] [xgmi_d2d_bidir_bandwidth] p2p-bandwidth[32/56] [GPU:: 6 - 57875 - 0000:f5:00.0] [GPU:: 5 - 27226 - 0000:15:00.0] bidirectional: true 122.623 GBps
[INFO  ] [645366.256043] [xgmi_d2d_bidir_bandwidth] p2p-bandwidth[33/56] [GPU:: 6 - 57875 - 0000:f5:00.0] [GPU:: 7 -  1590 - 0000:85:00.0] bidirectional: true 122.745 GBps
[INFO  ] [645366.256047] [xgmi_d2d_bidir_bandwidth] p2p-bandwidth[34/56] [GPU:: 6 - 57875 - 0000:f5:00.0] [GPU:: 8 - 11806 - 0000:e5:00.0] bidirectional: true 122.745 GBps
[INFO  ] [645366.256051] [xgmi_d2d_bidir_bandwidth] p2p-bandwidth[35/56] [GPU:: 6 - 57875 - 0000:f5:00.0] [GPU:: 9 - 51771 - 0000:95:00.0] bidirectional: true 122.764 GBps
[INFO  ] [645366.256062] [xgmi_d2d_bidir_bandwidth] p2p-bandwidth[36/56] [GPU:: 7 -  1590 - 0000:85:00.0] [GPU:: 2 - 17010 - 0000:75:00.0] bidirectional: true 122.740 GBps
[INFO  ] [645366.256065] [xgmi_d2d_bidir_bandwidth] p2p-bandwidth[37/56] [GPU:: 7 -  1590 - 0000:85:00.0] [GPU:: 3 - 42583 - 0000:05:00.0] bidirectional: true 122.691 GBps
[INFO  ] [645366.256068] [xgmi_d2d_bidir_bandwidth] p2p-bandwidth[38/56] [GPU:: 7 -  1590 - 0000:85:00.0] [GPU:: 4 - 36479 - 0000:65:00.0] bidirectional: true 122.746 GBps
[INFO  ] [645366.256071] [xgmi_d2d_bidir_bandwidth] p2p-bandwidth[39/56] [GPU:: 7 -  1590 - 0000:85:00.0] [GPU:: 5 - 27226 - 0000:15:00.0] bidirectional: true 122.604 GBps
[INFO  ] [645366.256073] [xgmi_d2d_bidir_bandwidth] p2p-bandwidth[40/56] [GPU:: 7 -  1590 - 0000:85:00.0] [GPU:: 6 - 57875 - 0000:f5:00.0] bidirectional: true 122.746 GBps
[INFO  ] [645366.256076] [xgmi_d2d_bidir_bandwidth] p2p-bandwidth[41/56] [GPU:: 7 -  1590 - 0000:85:00.0] [GPU:: 8 - 11806 - 0000:e5:00.0] bidirectional: true 122.768 GBps
[INFO  ] [645366.256078] [xgmi_d2d_bidir_bandwidth] p2p-bandwidth[42/56] [GPU:: 7 -  1590 - 0000:85:00.0] [GPU:: 9 - 51771 - 0000:95:00.0] bidirectional: true 122.746 GBps
[INFO  ] [645366.256080] [xgmi_d2d_bidir_bandwidth] p2p-bandwidth[43/56] [GPU:: 8 - 11806 - 0000:e5:00.0] [GPU:: 2 - 17010 - 0000:75:00.0] bidirectional: true 122.732 GBps
[INFO  ] [645366.256083] [xgmi_d2d_bidir_bandwidth] p2p-bandwidth[44/56] [GPU:: 8 - 11806 - 0000:e5:00.0] [GPU:: 3 - 42583 - 0000:05:00.0] bidirectional: true 122.693 GBps
[INFO  ] [645366.256086] [xgmi_d2d_bidir_bandwidth] p2p-bandwidth[45/56] [GPU:: 8 - 11806 - 0000:e5:00.0] [GPU:: 4 - 36479 - 0000:65:00.0] bidirectional: true 122.731 GBps
[INFO  ] [645366.256088] [xgmi_d2d_bidir_bandwidth] p2p-bandwidth[46/56] [GPU:: 8 - 11806 - 0000:e5:00.0] [GPU:: 5 - 27226 - 0000:15:00.0] bidirectional: true 122.609 GBps
[INFO  ] [645366.256091] [xgmi_d2d_bidir_bandwidth] p2p-bandwidth[47/56] [GPU:: 8 - 11806 - 0000:e5:00.0] [GPU:: 6 - 57875 - 0000:f5:00.0] bidirectional: true 122.746 GBps
[INFO  ] [645366.256094] [xgmi_d2d_bidir_bandwidth] p2p-bandwidth[48/56] [GPU:: 8 - 11806 - 0000:e5:00.0] [GPU:: 7 -  1590 - 0000:85:00.0] bidirectional: true 122.769 GBps
[INFO  ] [645366.256096] [xgmi_d2d_bidir_bandwidth] p2p-bandwidth[49/56] [GPU:: 8 - 11806 - 0000:e5:00.0] [GPU:: 9 - 51771 - 0000:95:00.0] bidirectional: true 122.749 GBps
[INFO  ] [645366.256099] [xgmi_d2d_bidir_bandwidth] p2p-bandwidth[50/56] [GPU:: 9 - 51771 - 0000:95:00.0] [GPU:: 2 - 17010 - 0000:75:00.0] bidirectional: true 122.754 GBps
[INFO  ] [645366.256101] [xgmi_d2d_bidir_bandwidth] p2p-bandwidth[51/56] [GPU:: 9 - 51771 - 0000:95:00.0] [GPU:: 3 - 42583 - 0000:05:00.0] bidirectional: true 122.685 GBps
[INFO  ] [645366.256104] [xgmi_d2d_bidir_bandwidth] p2p-bandwidth[52/56] [GPU:: 9 - 51771 - 0000:95:00.0] [GPU:: 4 - 36479 - 0000:65:00.0] bidirectional: true 122.747 GBps
[INFO  ] [645366.256107] [xgmi_d2d_bidir_bandwidth] p2p-bandwidth[53/56] [GPU:: 9 - 51771 - 0000:95:00.0] [GPU:: 5 - 27226 - 0000:15:00.0] bidirectional: true 122.597 GBps
[INFO  ] [645366.256110] [xgmi_d2d_bidir_bandwidth] p2p-bandwidth[54/56] [GPU:: 9 - 51771 - 0000:95:00.0] [GPU:: 6 - 57875 - 0000:f5:00.0] bidirectional: true 122.760 GBps
[INFO  ] [645366.256112] [xgmi_d2d_bidir_bandwidth] p2p-bandwidth[55/56] [GPU:: 9 - 51771 - 0000:95:00.0] [GPU:: 7 -  1590 - 0000:85:00.0] bidirectional: true 122.749 GBps
[INFO  ] [645366.256115] [xgmi_d2d_bidir_bandwidth] p2p-bandwidth[56/56] [GPU:: 9 - 51771 - 0000:95:00.0] [GPU:: 8 - 11806 - 0000:e5:00.0] bidirectional: true 122.743 GBps
[INFO  ] [645371.255513] [xgmi_d2d_bidir_bandwidth] p2p-bandwidth[ 1/56] [GPU:: 2 - 17010 - 0000:75:00.0] [GPU:: 3 - 42583 - 0000:05:00.0] bidirectional: true 122.687 GBps
[INFO  ] [645371.255528] [xgmi_d2d_bidir_bandwidth] p2p-bandwidth[ 2/56] [GPU:: 2 - 17010 - 0000:75:00.0] [GPU:: 4 - 36479 - 0000:65:00.0] bidirectional: true 122.745 GBps
[INFO  ] [645371.255574] [xgmi_d2d_bidir_bandwidth] p2p-bandwidth[ 3/56] [GPU:: 2 - 17010 - 0000:75:00.0] [GPU:: 5 - 27226 - 0000:15:00.0] bidirectional: true 122.629 GBps
[INFO  ] [645371.255576] [xgmi_d2d_bidir_bandwidth] p2p-bandwidth[ 4/56] [GPU:: 2 - 17010 - 0000:75:00.0] [GPU:: 6 - 57875 - 0000:f5:00.0] bidirectional: true 122.746 GBps
[INFO  ] [645371.255579] [xgmi_d2d_bidir_bandwidth] p2p-bandwidth[ 5/56] [GPU:: 2 - 17010 - 0000:75:00.0] [GPU:: 7 -  1590 - 0000:85:00.0] bidirectional: true 122.747 GBps
[INFO  ] [645371.255583] [xgmi_d2d_bidir_bandwidth] p2p-bandwidth[ 6/56] [GPU:: 2 - 17010 - 0000:75:00.0] [GPU:: 8 - 11806 - 0000:e5:00.0] bidirectional: true 122.749 GBps
[INFO  ] [645371.255586] [xgmi_d2d_bidir_bandwidth] p2p-bandwidth[ 7/56] [GPU:: 2 - 17010 - 0000:75:00.0] [GPU:: 9 - 51771 - 0000:95:00.0] bidirectional: true 122.747 GBps
[INFO  ] [645371.255589] [xgmi_d2d_bidir_bandwidth] p2p-bandwidth[ 8/56] [GPU:: 3 - 42583 - 0000:05:00.0] [GPU:: 2 - 17010 - 0000:75:00.0] bidirectional: true 122.696 GBps
[INFO  ] [645371.255592] [xgmi_d2d_bidir_bandwidth] p2p-bandwidth[ 9/56] [GPU:: 3 - 42583 - 0000:05:00.0] [GPU:: 4 - 36479 - 0000:65:00.0] bidirectional: true 122.715 GBps
[INFO  ] [645371.255595] [xgmi_d2d_bidir_bandwidth] p2p-bandwidth[10/56] [GPU:: 3 - 42583 - 0000:05:00.0] [GPU:: 5 - 27226 - 0000:15:00.0] bidirectional: true 122.613 GBps
[INFO  ] [645371.255598] [xgmi_d2d_bidir_bandwidth] p2p-bandwidth[11/56] [GPU:: 3 - 42583 - 0000:05:00.0] [GPU:: 6 - 57875 - 0000:f5:00.0] bidirectional: true 122.714 GBps
[INFO  ] [645371.255601] [xgmi_d2d_bidir_bandwidth] p2p-bandwidth[12/56] [GPU:: 3 - 42583 - 0000:05:00.0] [GPU:: 7 -  1590 - 0000:85:00.0] bidirectional: true 122.699 GBps
[INFO  ] [645371.255604] [xgmi_d2d_bidir_bandwidth] p2p-bandwidth[13/56] [GPU:: 3 - 42583 - 0000:05:00.0] [GPU:: 8 - 11806 - 0000:e5:00.0] bidirectional: true 122.704 GBps
[INFO  ] [645371.255606] [xgmi_d2d_bidir_bandwidth] p2p-bandwidth[14/56] [GPU:: 3 - 42583 - 0000:05:00.0] [GPU:: 9 - 51771 - 0000:95:00.0] bidirectional: true 122.716 GBps
[INFO  ] [645371.255608] [xgmi_d2d_bidir_bandwidth] p2p-bandwidth[15/56] [GPU:: 4 - 36479 - 0000:65:00.0] [GPU:: 2 - 17010 - 0000:75:00.0] bidirectional: true 122.743 GBps
[INFO  ] [645371.255611] [xgmi_d2d_bidir_bandwidth] p2p-bandwidth[16/56] [GPU:: 4 - 36479 - 0000:65:00.0] [GPU:: 3 - 42583 - 0000:05:00.0] bidirectional: true 122.726 GBps
[INFO  ] [645371.255613] [xgmi_d2d_bidir_bandwidth] p2p-bandwidth[17/56] [GPU:: 4 - 36479 - 0000:65:00.0] [GPU:: 5 - 27226 - 0000:15:00.0] bidirectional: true 122.618 GBps
[INFO  ] [645371.255616] [xgmi_d2d_bidir_bandwidth] p2p-bandwidth[18/56] [GPU:: 4 - 36479 - 0000:65:00.0] [GPU:: 6 - 57875 - 0000:f5:00.0] bidirectional: true 122.743 GBps
[INFO  ] [645371.255618] [xgmi_d2d_bidir_bandwidth] p2p-bandwidth[19/56] [GPU:: 4 - 36479 - 0000:65:00.0] [GPU:: 7 -  1590 - 0000:85:00.0] bidirectional: true 122.755 GBps
[INFO  ] [645371.255621] [xgmi_d2d_bidir_bandwidth] p2p-bandwidth[20/56] [GPU:: 4 - 36479 - 0000:65:00.0] [GPU:: 8 - 11806 - 0000:e5:00.0] bidirectional: true 122.748 GBps
[INFO  ] [645371.255623] [xgmi_d2d_bidir_bandwidth] p2p-bandwidth[21/56] [GPU:: 4 - 36479 - 0000:65:00.0] [GPU:: 9 - 51771 - 0000:95:00.0] bidirectional: true 122.758 GBps
[INFO  ] [645371.255626] [xgmi_d2d_bidir_bandwidth] p2p-bandwidth[22/56] [GPU:: 5 - 27226 - 0000:15:00.0] [GPU:: 2 - 17010 - 0000:75:00.0] bidirectional: true 122.647 GBps
[INFO  ] [645371.255628] [xgmi_d2d_bidir_bandwidth] p2p-bandwidth[23/56] [GPU:: 5 - 27226 - 0000:15:00.0] [GPU:: 3 - 42583 - 0000:05:00.0] bidirectional: true 122.617 GBps
[INFO  ] [645371.255631] [xgmi_d2d_bidir_bandwidth] p2p-bandwidth[24/56] [GPU:: 5 - 27226 - 0000:15:00.0] [GPU:: 4 - 36479 - 0000:65:00.0] bidirectional: true 122.618 GBps
[INFO  ] [645371.255633] [xgmi_d2d_bidir_bandwidth] p2p-bandwidth[25/56] [GPU:: 5 - 27226 - 0000:15:00.0] [GPU:: 6 - 57875 - 0000:f5:00.0] bidirectional: true 122.670 GBps
[INFO  ] [645371.255636] [xgmi_d2d_bidir_bandwidth] p2p-bandwidth[26/56] [GPU:: 5 - 27226 - 0000:15:00.0] [GPU:: 7 -  1590 - 0000:85:00.0] bidirectional: true 122.611 GBps
[INFO  ] [645371.255642] [xgmi_d2d_bidir_bandwidth] p2p-bandwidth[27/56] [GPU:: 5 - 27226 - 0000:15:00.0] [GPU:: 8 - 11806 - 0000:e5:00.0] bidirectional: true 122.612 GBps
[INFO  ] [645371.255645] [xgmi_d2d_bidir_bandwidth] p2p-bandwidth[28/56] [GPU:: 5 - 27226 - 0000:15:00.0] [GPU:: 9 - 51771 - 0000:95:00.0] bidirectional: true 122.660 GBps
[INFO  ] [645371.255647] [xgmi_d2d_bidir_bandwidth] p2p-bandwidth[29/56] [GPU:: 6 - 57875 - 0000:f5:00.0] [GPU:: 2 - 17010 - 0000:75:00.0] bidirectional: true 122.751 GBps
[INFO  ] [645371.255650] [xgmi_d2d_bidir_bandwidth] p2p-bandwidth[30/56] [GPU:: 6 - 57875 - 0000:f5:00.0] [GPU:: 3 - 42583 - 0000:05:00.0] bidirectional: true 122.699 GBps
[INFO  ] [645371.255652] [xgmi_d2d_bidir_bandwidth] p2p-bandwidth[31/56] [GPU:: 6 - 57875 - 0000:f5:00.0] [GPU:: 4 - 36479 - 0000:65:00.0] bidirectional: true 122.739 GBps
[INFO  ] [645371.255655] [xgmi_d2d_bidir_bandwidth] p2p-bandwidth[32/56] [GPU:: 6 - 57875 - 0000:f5:00.0] [GPU:: 5 - 27226 - 0000:15:00.0] bidirectional: true 122.618 GBps
[INFO  ] [645371.255657] [xgmi_d2d_bidir_bandwidth] p2p-bandwidth[33/56] [GPU:: 6 - 57875 - 0000:f5:00.0] [GPU:: 7 -  1590 - 0000:85:00.0] bidirectional: true 122.754 GBps
[INFO  ] [645371.255660] [xgmi_d2d_bidir_bandwidth] p2p-bandwidth[34/56] [GPU:: 6 - 57875 - 0000:f5:00.0] [GPU:: 8 - 11806 - 0000:e5:00.0] bidirectional: true 122.750 GBps
[INFO  ] [645371.255662] [xgmi_d2d_bidir_bandwidth] p2p-bandwidth[35/56] [GPU:: 6 - 57875 - 0000:f5:00.0] [GPU:: 9 - 51771 - 0000:95:00.0] bidirectional: true 122.763 GBps
[INFO  ] [645371.255665] [xgmi_d2d_bidir_bandwidth] p2p-bandwidth[36/56] [GPU:: 7 -  1590 - 0000:85:00.0] [GPU:: 2 - 17010 - 0000:75:00.0] bidirectional: true 122.745 GBps
[INFO  ] [645371.255667] [xgmi_d2d_bidir_bandwidth] p2p-bandwidth[37/56] [GPU:: 7 -  1590 - 0000:85:00.0] [GPU:: 3 - 42583 - 0000:05:00.0] bidirectional: true 122.693 GBps
[INFO  ] [645371.255670] [xgmi_d2d_bidir_bandwidth] p2p-bandwidth[38/56] [GPU:: 7 -  1590 - 0000:85:00.0] [GPU:: 4 - 36479 - 0000:65:00.0] bidirectional: true 122.747 GBps
[INFO  ] [645371.255673] [xgmi_d2d_bidir_bandwidth] p2p-bandwidth[39/56] [GPU:: 7 -  1590 - 0000:85:00.0] [GPU:: 5 - 27226 - 0000:15:00.0] bidirectional: true 122.609 GBps
[INFO  ] [645371.255675] [xgmi_d2d_bidir_bandwidth] p2p-bandwidth[40/56] [GPU:: 7 -  1590 - 0000:85:00.0] [GPU:: 6 - 57875 - 0000:f5:00.0] bidirectional: true 122.743 GBps
[INFO  ] [645371.255677] [xgmi_d2d_bidir_bandwidth] p2p-bandwidth[41/56] [GPU:: 7 -  1590 - 0000:85:00.0] [GPU:: 8 - 11806 - 0000:e5:00.0] bidirectional: true 122.762 GBps
[INFO  ] [645371.255680] [xgmi_d2d_bidir_bandwidth] p2p-bandwidth[42/56] [GPU:: 7 -  1590 - 0000:85:00.0] [GPU:: 9 - 51771 - 0000:95:00.0] bidirectional: true 122.737 GBps
[INFO  ] [645371.255682] [xgmi_d2d_bidir_bandwidth] p2p-bandwidth[43/56] [GPU:: 8 - 11806 - 0000:e5:00.0] [GPU:: 2 - 17010 - 0000:75:00.0] bidirectional: true 122.737 GBps
[INFO  ] [645371.255685] [xgmi_d2d_bidir_bandwidth] p2p-bandwidth[44/56] [GPU:: 8 - 11806 - 0000:e5:00.0] [GPU:: 3 - 42583 - 0000:05:00.0] bidirectional: true 122.698 GBps
[INFO  ] [645371.255687] [xgmi_d2d_bidir_bandwidth] p2p-bandwidth[45/56] [GPU:: 8 - 11806 - 0000:e5:00.0] [GPU:: 4 - 36479 - 0000:65:00.0] bidirectional: true 122.743 GBps
[INFO  ] [645371.255690] [xgmi_d2d_bidir_bandwidth] p2p-bandwidth[46/56] [GPU:: 8 - 11806 - 0000:e5:00.0] [GPU:: 5 - 27226 - 0000:15:00.0] bidirectional: true 122.615 GBps
[INFO  ] [645371.255692] [xgmi_d2d_bidir_bandwidth] p2p-bandwidth[47/56] [GPU:: 8 - 11806 - 0000:e5:00.0] [GPU:: 6 - 57875 - 0000:f5:00.0] bidirectional: true 122.752 GBps
[INFO  ] [645371.255695] [xgmi_d2d_bidir_bandwidth] p2p-bandwidth[48/56] [GPU:: 8 - 11806 - 0000:e5:00.0] [GPU:: 7 -  1590 - 0000:85:00.0] bidirectional: true 122.764 GBps
[INFO  ] [645371.255697] [xgmi_d2d_bidir_bandwidth] p2p-bandwidth[49/56] [GPU:: 8 - 11806 - 0000:e5:00.0] [GPU:: 9 - 51771 - 0000:95:00.0] bidirectional: true 122.748 GBps
[INFO  ] [645371.255700] [xgmi_d2d_bidir_bandwidth] p2p-bandwidth[50/56] [GPU:: 9 - 51771 - 0000:95:00.0] [GPU:: 2 - 17010 - 0000:75:00.0] bidirectional: true 122.750 GBps
[INFO  ] [645371.255705] [xgmi_d2d_bidir_bandwidth] p2p-bandwidth[51/56] [GPU:: 9 - 51771 - 0000:95:00.0] [GPU:: 3 - 42583 - 0000:05:00.0] bidirectional: true 122.686 GBps
[INFO  ] [645371.255708] [xgmi_d2d_bidir_bandwidth] p2p-bandwidth[52/56] [GPU:: 9 - 51771 - 0000:95:00.0] [GPU:: 4 - 36479 - 0000:65:00.0] bidirectional: true 122.743 GBps
[INFO  ] [645371.255711] [xgmi_d2d_bidir_bandwidth] p2p-bandwidth[53/56] [GPU:: 9 - 51771 - 0000:95:00.0] [GPU:: 5 - 27226 - 0000:15:00.0] bidirectional: true 122.610 GBps
[INFO  ] [645371.255713] [xgmi_d2d_bidir_bandwidth] p2p-bandwidth[54/56] [GPU:: 9 - 51771 - 0000:95:00.0] [GPU:: 6 - 57875 - 0000:f5:00.0] bidirectional: true 122.759 GBps
[INFO  ] [645371.255716] [xgmi_d2d_bidir_bandwidth] p2p-bandwidth[55/56] [GPU:: 9 - 51771 - 0000:95:00.0] [GPU:: 7 -  1590 - 0000:85:00.0] bidirectional: true 122.746 GBps
[INFO  ] [645371.255719] [xgmi_d2d_bidir_bandwidth] p2p-bandwidth[56/56] [GPU:: 9 - 51771 - 0000:95:00.0] [GPU:: 8 - 11806 - 0000:e5:00.0] bidirectional: true 122.748 GBps
[RESULT] [645371.293800] [xgmi_d2d_bidir_bandwidth] p2p-bandwidth[ 1/56] [GPU:: 2 - 17010 - 0000:75:00.0] [GPU:: 3 - 42583 - 0000:05:00.0] bidirectional: true 122.688 GBps duration: 0.245051 secs
[RESULT] [645371.294864] [xgmi_d2d_bidir_bandwidth] p2p-bandwidth[ 2/56] [GPU:: 2 - 17010 - 0000:75:00.0] [GPU:: 4 - 36479 - 0000:65:00.0] bidirectional: true 122.740 GBps duration: 0.244947 secs
[RESULT] [645371.295920] [xgmi_d2d_bidir_bandwidth] p2p-bandwidth[ 3/56] [GPU:: 2 - 17010 - 0000:75:00.0] [GPU:: 5 - 27226 - 0000:15:00.0] bidirectional: true 122.630 GBps duration: 0.245167 secs
[RESULT] [645371.296975] [xgmi_d2d_bidir_bandwidth] p2p-bandwidth[ 4/56] [GPU:: 2 - 17010 - 0000:75:00.0] [GPU:: 6 - 57875 - 0000:f5:00.0] bidirectional: true 122.742 GBps duration: 0.244943 secs
[RESULT] [645371.298012] [xgmi_d2d_bidir_bandwidth] p2p-bandwidth[ 5/56] [GPU:: 2 - 17010 - 0000:75:00.0] [GPU:: 7 -  1590 - 0000:85:00.0] bidirectional: true 122.746 GBps duration: 0.244934 secs
[RESULT] [645371.299066] [xgmi_d2d_bidir_bandwidth] p2p-bandwidth[ 6/56] [GPU:: 2 - 17010 - 0000:75:00.0] [GPU:: 8 - 11806 - 0000:e5:00.0] bidirectional: true 122.749 GBps duration: 0.244929 secs
[RESULT] [645371.300123] [xgmi_d2d_bidir_bandwidth] p2p-bandwidth[ 7/56] [GPU:: 2 - 17010 - 0000:75:00.0] [GPU:: 9 - 51771 - 0000:95:00.0] bidirectional: true 122.752 GBps duration: 0.244922 secs
[RESULT] [645371.301178] [xgmi_d2d_bidir_bandwidth] p2p-bandwidth[ 8/56] [GPU:: 3 - 42583 - 0000:05:00.0] [GPU:: 2 - 17010 - 0000:75:00.0] bidirectional: true 122.696 GBps duration: 0.245034 secs
[RESULT] [645371.302233] [xgmi_d2d_bidir_bandwidth] p2p-bandwidth[ 9/56] [GPU:: 3 - 42583 - 0000:05:00.0] [GPU:: 4 - 36479 - 0000:65:00.0] bidirectional: true 122.715 GBps duration: 0.244997 secs
[RESULT] [645371.303289] [xgmi_d2d_bidir_bandwidth] p2p-bandwidth[10/56] [GPU:: 3 - 42583 - 0000:05:00.0] [GPU:: 5 - 27226 - 0000:15:00.0] bidirectional: true 122.611 GBps duration: 0.245205 secs
[RESULT] [645371.304344] [xgmi_d2d_bidir_bandwidth] p2p-bandwidth[11/56] [GPU:: 3 - 42583 - 0000:05:00.0] [GPU:: 6 - 57875 - 0000:f5:00.0] bidirectional: true 122.715 GBps duration: 0.244997 secs
[RESULT] [645371.305401] [xgmi_d2d_bidir_bandwidth] p2p-bandwidth[12/56] [GPU:: 3 - 42583 - 0000:05:00.0] [GPU:: 7 -  1590 - 0000:85:00.0] bidirectional: true 122.700 GBps duration: 0.245026 secs
[RESULT] [645371.306456] [xgmi_d2d_bidir_bandwidth] p2p-bandwidth[13/56] [GPU:: 3 - 42583 - 0000:05:00.0] [GPU:: 8 - 11806 - 0000:e5:00.0] bidirectional: true 122.704 GBps duration: 0.245019 secs
[RESULT] [645371.307513] [xgmi_d2d_bidir_bandwidth] p2p-bandwidth[14/56] [GPU:: 3 - 42583 - 0000:05:00.0] [GPU:: 9 - 51771 - 0000:95:00.0] bidirectional: true 122.713 GBps duration: 0.245001 secs
[RESULT] [645371.308568] [xgmi_d2d_bidir_bandwidth] p2p-bandwidth[15/56] [GPU:: 4 - 36479 - 0000:65:00.0] [GPU:: 2 - 17010 - 0000:75:00.0] bidirectional: true 122.742 GBps duration: 0.244942 secs
[RESULT] [645371.309626] [xgmi_d2d_bidir_bandwidth] p2p-bandwidth[16/56] [GPU:: 4 - 36479 - 0000:65:00.0] [GPU:: 3 - 42583 - 0000:05:00.0] bidirectional: true 122.730 GBps duration: 0.244966 secs
[RESULT] [645371.310717] [xgmi_d2d_bidir_bandwidth] p2p-bandwidth[17/56] [GPU:: 4 - 36479 - 0000:65:00.0] [GPU:: 5 - 27226 - 0000:15:00.0] bidirectional: true 122.616 GBps duration: 0.245195 secs
[RESULT] [645371.311777] [xgmi_d2d_bidir_bandwidth] p2p-bandwidth[18/56] [GPU:: 4 - 36479 - 0000:65:00.0] [GPU:: 6 - 57875 - 0000:f5:00.0] bidirectional: true 122.741 GBps duration: 0.244944 secs
[RESULT] [645371.312834] [xgmi_d2d_bidir_bandwidth] p2p-bandwidth[19/56] [GPU:: 4 - 36479 - 0000:65:00.0] [GPU:: 7 -  1590 - 0000:85:00.0] bidirectional: true 122.750 GBps duration: 0.244927 secs
[RESULT] [645371.313892] [xgmi_d2d_bidir_bandwidth] p2p-bandwidth[20/56] [GPU:: 4 - 36479 - 0000:65:00.0] [GPU:: 8 - 11806 - 0000:e5:00.0] bidirectional: true 122.749 GBps duration: 0.244928 secs
[RESULT] [645371.314950] [xgmi_d2d_bidir_bandwidth] p2p-bandwidth[21/56] [GPU:: 4 - 36479 - 0000:65:00.0] [GPU:: 9 - 51771 - 0000:95:00.0] bidirectional: true 122.754 GBps duration: 0.244920 secs
[RESULT] [645371.316010] [xgmi_d2d_bidir_bandwidth] p2p-bandwidth[22/56] [GPU:: 5 - 27226 - 0000:15:00.0] [GPU:: 2 - 17010 - 0000:75:00.0] bidirectional: true 122.640 GBps duration: 0.245147 secs
[RESULT] [645371.317068] [xgmi_d2d_bidir_bandwidth] p2p-bandwidth[23/56] [GPU:: 5 - 27226 - 0000:15:00.0] [GPU:: 3 - 42583 - 0000:05:00.0] bidirectional: true 122.622 GBps duration: 0.245183 secs
[RESULT] [645371.318125] [xgmi_d2d_bidir_bandwidth] p2p-bandwidth[24/56] [GPU:: 5 - 27226 - 0000:15:00.0] [GPU:: 4 - 36479 - 0000:65:00.0] bidirectional: true 122.621 GBps duration: 0.245184 secs
[RESULT] [645371.319181] [xgmi_d2d_bidir_bandwidth] p2p-bandwidth[25/56] [GPU:: 5 - 27226 - 0000:15:00.0] [GPU:: 6 - 57875 - 0000:f5:00.0] bidirectional: true 122.664 GBps duration: 0.245099 secs
[RESULT] [645371.320242] [xgmi_d2d_bidir_bandwidth] p2p-bandwidth[26/56] [GPU:: 5 - 27226 - 0000:15:00.0] [GPU:: 7 -  1590 - 0000:85:00.0] bidirectional: true 122.615 GBps duration: 0.245197 secs
[RESULT] [645371.321302] [xgmi_d2d_bidir_bandwidth] p2p-bandwidth[27/56] [GPU:: 5 - 27226 - 0000:15:00.0] [GPU:: 8 - 11806 - 0000:e5:00.0] bidirectional: true 122.608 GBps duration: 0.245211 secs
[RESULT] [645371.322360] [xgmi_d2d_bidir_bandwidth] p2p-bandwidth[28/56] [GPU:: 5 - 27226 - 0000:15:00.0] [GPU:: 9 - 51771 - 0000:95:00.0] bidirectional: true 122.660 GBps duration: 0.245106 secs
[RESULT] [645371.323417] [xgmi_d2d_bidir_bandwidth] p2p-bandwidth[29/56] [GPU:: 6 - 57875 - 0000:f5:00.0] [GPU:: 2 - 17010 - 0000:75:00.0] bidirectional: true 122.748 GBps duration: 0.244930 secs
[RESULT] [645371.324476] [xgmi_d2d_bidir_bandwidth] p2p-bandwidth[30/56] [GPU:: 6 - 57875 - 0000:f5:00.0] [GPU:: 3 - 42583 - 0000:05:00.0] bidirectional: true 122.712 GBps duration: 0.245003 secs
[RESULT] [645371.325534] [xgmi_d2d_bidir_bandwidth] p2p-bandwidth[31/56] [GPU:: 6 - 57875 - 0000:f5:00.0] [GPU:: 4 - 36479 - 0000:65:00.0] bidirectional: true 122.743 GBps duration: 0.244942 secs
[RESULT] [645371.326592] [xgmi_d2d_bidir_bandwidth] p2p-bandwidth[32/56] [GPU:: 6 - 57875 - 0000:f5:00.0] [GPU:: 5 - 27226 - 0000:15:00.0] bidirectional: true 122.622 GBps duration: 0.245183 secs
[RESULT] [645371.327650] [xgmi_d2d_bidir_bandwidth] p2p-bandwidth[33/56] [GPU:: 6 - 57875 - 0000:f5:00.0] [GPU:: 7 -  1590 - 0000:85:00.0] bidirectional: true 122.746 GBps duration: 0.244934 secs
[RESULT] [645371.328709] [xgmi_d2d_bidir_bandwidth] p2p-bandwidth[34/56] [GPU:: 6 - 57875 - 0000:f5:00.0] [GPU:: 8 - 11806 - 0000:e5:00.0] bidirectional: true 122.747 GBps duration: 0.244933 secs
[RESULT] [645371.329766] [xgmi_d2d_bidir_bandwidth] p2p-bandwidth[35/56] [GPU:: 6 - 57875 - 0000:f5:00.0] [GPU:: 9 - 51771 - 0000:95:00.0] bidirectional: true 122.763 GBps duration: 0.244901 secs
[RESULT] [645371.330825] [xgmi_d2d_bidir_bandwidth] p2p-bandwidth[36/56] [GPU:: 7 -  1590 - 0000:85:00.0] [GPU:: 2 - 17010 - 0000:75:00.0] bidirectional: true 122.744 GBps duration: 0.244938 secs
[RESULT] [645371.331882] [xgmi_d2d_bidir_bandwidth] p2p-bandwidth[37/56] [GPU:: 7 -  1590 - 0000:85:00.0] [GPU:: 3 - 42583 - 0000:05:00.0] bidirectional: true 122.696 GBps duration: 0.245035 secs
[RESULT] [645371.332951] [xgmi_d2d_bidir_bandwidth] p2p-bandwidth[38/56] [GPU:: 7 -  1590 - 0000:85:00.0] [GPU:: 4 - 36479 - 0000:65:00.0] bidirectional: true 122.741 GBps duration: 0.244944 secs
[RESULT] [645371.334009] [xgmi_d2d_bidir_bandwidth] p2p-bandwidth[39/56] [GPU:: 7 -  1590 - 0000:85:00.0] [GPU:: 5 - 27226 - 0000:15:00.0] bidirectional: true 122.608 GBps duration: 0.245210 secs
[RESULT] [645371.335067] [xgmi_d2d_bidir_bandwidth] p2p-bandwidth[40/56] [GPU:: 7 -  1590 - 0000:85:00.0] [GPU:: 6 - 57875 - 0000:f5:00.0] bidirectional: true 122.743 GBps duration: 0.244940 secs
[RESULT] [645371.336125] [xgmi_d2d_bidir_bandwidth] p2p-bandwidth[41/56] [GPU:: 7 -  1590 - 0000:85:00.0] [GPU:: 8 - 11806 - 0000:e5:00.0] bidirectional: true 122.761 GBps duration: 0.244905 secs
[RESULT] [645371.337185] [xgmi_d2d_bidir_bandwidth] p2p-bandwidth[42/56] [GPU:: 7 -  1590 - 0000:85:00.0] [GPU:: 9 - 51771 - 0000:95:00.0] bidirectional: true 122.744 GBps duration: 0.244939 secs
[RESULT] [645371.338243] [xgmi_d2d_bidir_bandwidth] p2p-bandwidth[43/56] [GPU:: 8 - 11806 - 0000:e5:00.0] [GPU:: 2 - 17010 - 0000:75:00.0] bidirectional: true 122.740 GBps duration: 0.244947 secs
[RESULT] [645371.339301] [xgmi_d2d_bidir_bandwidth] p2p-bandwidth[44/56] [GPU:: 8 - 11806 - 0000:e5:00.0] [GPU:: 3 - 42583 - 0000:05:00.0] bidirectional: true 122.696 GBps duration: 0.245034 secs
[RESULT] [645371.340359] [xgmi_d2d_bidir_bandwidth] p2p-bandwidth[45/56] [GPU:: 8 - 11806 - 0000:e5:00.0] [GPU:: 4 - 36479 - 0000:65:00.0] bidirectional: true 122.742 GBps duration: 0.244942 secs
[RESULT] [645371.341421] [xgmi_d2d_bidir_bandwidth] p2p-bandwidth[46/56] [GPU:: 8 - 11806 - 0000:e5:00.0] [GPU:: 5 - 27226 - 0000:15:00.0] bidirectional: true 122.612 GBps duration: 0.245203 secs
[RESULT] [645371.342479] [xgmi_d2d_bidir_bandwidth] p2p-bandwidth[47/56] [GPU:: 8 - 11806 - 0000:e5:00.0] [GPU:: 6 - 57875 - 0000:f5:00.0] bidirectional: true 122.746 GBps duration: 0.244935 secs
[RESULT] [645371.343540] [xgmi_d2d_bidir_bandwidth] p2p-bandwidth[48/56] [GPU:: 8 - 11806 - 0000:e5:00.0] [GPU:: 7 -  1590 - 0000:85:00.0] bidirectional: true 122.763 GBps duration: 0.244900 secs
[RESULT] [645371.344597] [xgmi_d2d_bidir_bandwidth] p2p-bandwidth[49/56] [GPU:: 8 - 11806 - 0000:e5:00.0] [GPU:: 9 - 51771 - 0000:95:00.0] bidirectional: true 122.748 GBps duration: 0.244930 secs
[RESULT] [645371.345656] [xgmi_d2d_bidir_bandwidth] p2p-bandwidth[50/56] [GPU:: 9 - 51771 - 0000:95:00.0] [GPU:: 2 - 17010 - 0000:75:00.0] bidirectional: true 122.750 GBps duration: 0.244926 secs
[RESULT] [645371.346716] [xgmi_d2d_bidir_bandwidth] p2p-bandwidth[51/56] [GPU:: 9 - 51771 - 0000:95:00.0] [GPU:: 3 - 42583 - 0000:05:00.0] bidirectional: true 122.688 GBps duration: 0.245050 secs
[RESULT] [645371.347773] [xgmi_d2d_bidir_bandwidth] p2p-bandwidth[52/56] [GPU:: 9 - 51771 - 0000:95:00.0] [GPU:: 4 - 36479 - 0000:65:00.0] bidirectional: true 122.743 GBps duration: 0.244941 secs
[RESULT] [645371.348832] [xgmi_d2d_bidir_bandwidth] p2p-bandwidth[53/56] [GPU:: 9 - 51771 - 0000:95:00.0] [GPU:: 5 - 27226 - 0000:15:00.0] bidirectional: true 122.613 GBps duration: 0.245201 secs
[RESULT] [645371.349889] [xgmi_d2d_bidir_bandwidth] p2p-bandwidth[54/56] [GPU:: 9 - 51771 - 0000:95:00.0] [GPU:: 6 - 57875 - 0000:f5:00.0] bidirectional: true 122.759 GBps duration: 0.244910 secs
[RESULT] [645371.350948] [xgmi_d2d_bidir_bandwidth] p2p-bandwidth[55/56] [GPU:: 9 - 51771 - 0000:95:00.0] [GPU:: 7 -  1590 - 0000:85:00.0] bidirectional: true 122.743 GBps duration: 0.244940 secs
[RESULT] [645371.352009] [xgmi_d2d_bidir_bandwidth] p2p-bandwidth[56/56] [GPU:: 9 - 51771 - 0000:95:00.0] [GPU:: 8 - 11806 - 0000:e5:00.0] bidirectional: true 122.745 GBps duration: 0.227441 secs
[RESULT] [645371.353116] Action name :xgmi_d2d_unidir_tb_dma
[RESULT] [645371.353123] Module name :pbqt
[INFO  ] [645371.353157] Missing 'device_index' key.
[RESULT] [645371.353857] [xgmi_d2d_unidir_tb_dma] p2p [GPU:: 2 - 17010 - 0000:75:00.0] [GPU:: 3 - 42583 - 0000:05:00.0] peers:true distance:15 xGMI:15
[RESULT] [645371.353870] [xgmi_d2d_unidir_tb_dma] p2p [GPU:: 2 - 17010 - 0000:75:00.0] [GPU:: 4 - 36479 - 0000:65:00.0] peers:true distance:15 xGMI:15
[RESULT] [645371.353872] [xgmi_d2d_unidir_tb_dma] p2p [GPU:: 2 - 17010 - 0000:75:00.0] [GPU:: 5 - 27226 - 0000:15:00.0] peers:true distance:15 xGMI:15
[RESULT] [645371.353874] [xgmi_d2d_unidir_tb_dma] p2p [GPU:: 2 - 17010 - 0000:75:00.0] [GPU:: 6 - 57875 - 0000:f5:00.0] peers:true distance:15 xGMI:15
[RESULT] [645371.353877] [xgmi_d2d_unidir_tb_dma] p2p [GPU:: 2 - 17010 - 0000:75:00.0] [GPU:: 7 -  1590 - 0000:85:00.0] peers:true distance:15 xGMI:15
[RESULT] [645371.353879] [xgmi_d2d_unidir_tb_dma] p2p [GPU:: 2 - 17010 - 0000:75:00.0] [GPU:: 8 - 11806 - 0000:e5:00.0] peers:true distance:15 xGMI:15
[RESULT] [645371.353881] [xgmi_d2d_unidir_tb_dma] p2p [GPU:: 2 - 17010 - 0000:75:00.0] [GPU:: 9 - 51771 - 0000:95:00.0] peers:true distance:15 xGMI:15
[RESULT] [645371.353883] [xgmi_d2d_unidir_tb_dma] p2p [GPU:: 3 - 42583 - 0000:05:00.0] [GPU:: 2 - 17010 - 0000:75:00.0] peers:true distance:15 xGMI:15
[RESULT] [645371.353885] [xgmi_d2d_unidir_tb_dma] p2p [GPU:: 3 - 42583 - 0000:05:00.0] [GPU:: 4 - 36479 - 0000:65:00.0] peers:true distance:15 xGMI:15
[RESULT] [645371.353887] [xgmi_d2d_unidir_tb_dma] p2p [GPU:: 3 - 42583 - 0000:05:00.0] [GPU:: 5 - 27226 - 0000:15:00.0] peers:true distance:15 xGMI:15
[RESULT] [645371.353889] [xgmi_d2d_unidir_tb_dma] p2p [GPU:: 3 - 42583 - 0000:05:00.0] [GPU:: 6 - 57875 - 0000:f5:00.0] peers:true distance:15 xGMI:15
[RESULT] [645371.353891] [xgmi_d2d_unidir_tb_dma] p2p [GPU:: 3 - 42583 - 0000:05:00.0] [GPU:: 7 -  1590 - 0000:85:00.0] peers:true distance:15 xGMI:15
[RESULT] [645371.353893] [xgmi_d2d_unidir_tb_dma] p2p [GPU:: 3 - 42583 - 0000:05:00.0] [GPU:: 8 - 11806 - 0000:e5:00.0] peers:true distance:15 xGMI:15
[RESULT] [645371.353895] [xgmi_d2d_unidir_tb_dma] p2p [GPU:: 3 - 42583 - 0000:05:00.0] [GPU:: 9 - 51771 - 0000:95:00.0] peers:true distance:15 xGMI:15
[RESULT] [645371.353897] [xgmi_d2d_unidir_tb_dma] p2p [GPU:: 4 - 36479 - 0000:65:00.0] [GPU:: 2 - 17010 - 0000:75:00.0] peers:true distance:15 xGMI:15
[RESULT] [645371.353899] [xgmi_d2d_unidir_tb_dma] p2p [GPU:: 4 - 36479 - 0000:65:00.0] [GPU:: 3 - 42583 - 0000:05:00.0] peers:true distance:15 xGMI:15
[RESULT] [645371.353901] [xgmi_d2d_unidir_tb_dma] p2p [GPU:: 4 - 36479 - 0000:65:00.0] [GPU:: 5 - 27226 - 0000:15:00.0] peers:true distance:15 xGMI:15
[RESULT] [645371.353903] [xgmi_d2d_unidir_tb_dma] p2p [GPU:: 4 - 36479 - 0000:65:00.0] [GPU:: 6 - 57875 - 0000:f5:00.0] peers:true distance:15 xGMI:15
[RESULT] [645371.353905] [xgmi_d2d_unidir_tb_dma] p2p [GPU:: 4 - 36479 - 0000:65:00.0] [GPU:: 7 -  1590 - 0000:85:00.0] peers:true distance:15 xGMI:15
[RESULT] [645371.353907] [xgmi_d2d_unidir_tb_dma] p2p [GPU:: 4 - 36479 - 0000:65:00.0] [GPU:: 8 - 11806 - 0000:e5:00.0] peers:true distance:15 xGMI:15
[RESULT] [645371.353909] [xgmi_d2d_unidir_tb_dma] p2p [GPU:: 4 - 36479 - 0000:65:00.0] [GPU:: 9 - 51771 - 0000:95:00.0] peers:true distance:15 xGMI:15
[RESULT] [645371.353911] [xgmi_d2d_unidir_tb_dma] p2p [GPU:: 5 - 27226 - 0000:15:00.0] [GPU:: 2 - 17010 - 0000:75:00.0] peers:true distance:15 xGMI:15
[RESULT] [645371.353912] [xgmi_d2d_unidir_tb_dma] p2p [GPU:: 5 - 27226 - 0000:15:00.0] [GPU:: 3 - 42583 - 0000:05:00.0] peers:true distance:15 xGMI:15
[RESULT] [645371.353914] [xgmi_d2d_unidir_tb_dma] p2p [GPU:: 5 - 27226 - 0000:15:00.0] [GPU:: 4 - 36479 - 0000:65:00.0] peers:true distance:15 xGMI:15
[RESULT] [645371.353916] [xgmi_d2d_unidir_tb_dma] p2p [GPU:: 5 - 27226 - 0000:15:00.0] [GPU:: 6 - 57875 - 0000:f5:00.0] peers:true distance:15 xGMI:15
[RESULT] [645371.353918] [xgmi_d2d_unidir_tb_dma] p2p [GPU:: 5 - 27226 - 0000:15:00.0] [GPU:: 7 -  1590 - 0000:85:00.0] peers:true distance:15 xGMI:15
[RESULT] [645371.353920] [xgmi_d2d_unidir_tb_dma] p2p [GPU:: 5 - 27226 - 0000:15:00.0] [GPU:: 8 - 11806 - 0000:e5:00.0] peers:true distance:15 xGMI:15
[RESULT] [645371.353921] [xgmi_d2d_unidir_tb_dma] p2p [GPU:: 5 - 27226 - 0000:15:00.0] [GPU:: 9 - 51771 - 0000:95:00.0] peers:true distance:15 xGMI:15
[RESULT] [645371.353925] [xgmi_d2d_unidir_tb_dma] p2p [GPU:: 6 - 57875 - 0000:f5:00.0] [GPU:: 2 - 17010 - 0000:75:00.0] peers:true distance:15 xGMI:15
[RESULT] [645371.353927] [xgmi_d2d_unidir_tb_dma] p2p [GPU:: 6 - 57875 - 0000:f5:00.0] [GPU:: 3 - 42583 - 0000:05:00.0] peers:true distance:15 xGMI:15
[RESULT] [645371.353929] [xgmi_d2d_unidir_tb_dma] p2p [GPU:: 6 - 57875 - 0000:f5:00.0] [GPU:: 4 - 36479 - 0000:65:00.0] peers:true distance:15 xGMI:15
[RESULT] [645371.353931] [xgmi_d2d_unidir_tb_dma] p2p [GPU:: 6 - 57875 - 0000:f5:00.0] [GPU:: 5 - 27226 - 0000:15:00.0] peers:true distance:15 xGMI:15
[RESULT] [645371.353933] [xgmi_d2d_unidir_tb_dma] p2p [GPU:: 6 - 57875 - 0000:f5:00.0] [GPU:: 7 -  1590 - 0000:85:00.0] peers:true distance:15 xGMI:15
[RESULT] [645371.353935] [xgmi_d2d_unidir_tb_dma] p2p [GPU:: 6 - 57875 - 0000:f5:00.0] [GPU:: 8 - 11806 - 0000:e5:00.0] peers:true distance:15 xGMI:15
[RESULT] [645371.353937] [xgmi_d2d_unidir_tb_dma] p2p [GPU:: 6 - 57875 - 0000:f5:00.0] [GPU:: 9 - 51771 - 0000:95:00.0] peers:true distance:15 xGMI:15
[RESULT] [645371.353939] [xgmi_d2d_unidir_tb_dma] p2p [GPU:: 7 -  1590 - 0000:85:00.0] [GPU:: 2 - 17010 - 0000:75:00.0] peers:true distance:15 xGMI:15
[RESULT] [645371.353941] [xgmi_d2d_unidir_tb_dma] p2p [GPU:: 7 -  1590 - 0000:85:00.0] [GPU:: 3 - 42583 - 0000:05:00.0] peers:true distance:15 xGMI:15
[RESULT] [645371.353943] [xgmi_d2d_unidir_tb_dma] p2p [GPU:: 7 -  1590 - 0000:85:00.0] [GPU:: 4 - 36479 - 0000:65:00.0] peers:true distance:15 xGMI:15
[RESULT] [645371.353945] [xgmi_d2d_unidir_tb_dma] p2p [GPU:: 7 -  1590 - 0000:85:00.0] [GPU:: 5 - 27226 - 0000:15:00.0] peers:true distance:15 xGMI:15
[RESULT] [645371.353946] [xgmi_d2d_unidir_tb_dma] p2p [GPU:: 7 -  1590 - 0000:85:00.0] [GPU:: 6 - 57875 - 0000:f5:00.0] peers:true distance:15 xGMI:15
[RESULT] [645371.353948] [xgmi_d2d_unidir_tb_dma] p2p [GPU:: 7 -  1590 - 0000:85:00.0] [GPU:: 8 - 11806 - 0000:e5:00.0] peers:true distance:15 xGMI:15
[RESULT] [645371.353950] [xgmi_d2d_unidir_tb_dma] p2p [GPU:: 7 -  1590 - 0000:85:00.0] [GPU:: 9 - 51771 - 0000:95:00.0] peers:true distance:15 xGMI:15
[RESULT] [645371.353952] [xgmi_d2d_unidir_tb_dma] p2p [GPU:: 8 - 11806 - 0000:e5:00.0] [GPU:: 2 - 17010 - 0000:75:00.0] peers:true distance:15 xGMI:15
[RESULT] [645371.353954] [xgmi_d2d_unidir_tb_dma] p2p [GPU:: 8 - 11806 - 0000:e5:00.0] [GPU:: 3 - 42583 - 0000:05:00.0] peers:true distance:15 xGMI:15
[RESULT] [645371.353956] [xgmi_d2d_unidir_tb_dma] p2p [GPU:: 8 - 11806 - 0000:e5:00.0] [GPU:: 4 - 36479 - 0000:65:00.0] peers:true distance:15 xGMI:15
[RESULT] [645371.353957] [xgmi_d2d_unidir_tb_dma] p2p [GPU:: 8 - 11806 - 0000:e5:00.0] [GPU:: 5 - 27226 - 0000:15:00.0] peers:true distance:15 xGMI:15
[RESULT] [645371.353959] [xgmi_d2d_unidir_tb_dma] p2p [GPU:: 8 - 11806 - 0000:e5:00.0] [GPU:: 6 - 57875 - 0000:f5:00.0] peers:true distance:15 xGMI:15
[RESULT] [645371.353961] [xgmi_d2d_unidir_tb_dma] p2p [GPU:: 8 - 11806 - 0000:e5:00.0] [GPU:: 7 -  1590 - 0000:85:00.0] peers:true distance:15 xGMI:15
[RESULT] [645371.353963] [xgmi_d2d_unidir_tb_dma] p2p [GPU:: 8 - 11806 - 0000:e5:00.0] [GPU:: 9 - 51771 - 0000:95:00.0] peers:true distance:15 xGMI:15
[RESULT] [645371.353965] [xgmi_d2d_unidir_tb_dma] p2p [GPU:: 9 - 51771 - 0000:95:00.0] [GPU:: 2 - 17010 - 0000:75:00.0] peers:true distance:15 xGMI:15
[RESULT] [645371.353967] [xgmi_d2d_unidir_tb_dma] p2p [GPU:: 9 - 51771 - 0000:95:00.0] [GPU:: 3 - 42583 - 0000:05:00.0] peers:true distance:15 xGMI:15
[RESULT] [645371.353968] [xgmi_d2d_unidir_tb_dma] p2p [GPU:: 9 - 51771 - 0000:95:00.0] [GPU:: 4 - 36479 - 0000:65:00.0] peers:true distance:15 xGMI:15
[RESULT] [645371.353970] [xgmi_d2d_unidir_tb_dma] p2p [GPU:: 9 - 51771 - 0000:95:00.0] [GPU:: 5 - 27226 - 0000:15:00.0] peers:true distance:15 xGMI:15
[RESULT] [645371.353972] [xgmi_d2d_unidir_tb_dma] p2p [GPU:: 9 - 51771 - 0000:95:00.0] [GPU:: 6 - 57875 - 0000:f5:00.0] peers:true distance:15 xGMI:15
[RESULT] [645371.353974] [xgmi_d2d_unidir_tb_dma] p2p [GPU:: 9 - 51771 - 0000:95:00.0] [GPU:: 7 -  1590 - 0000:85:00.0] peers:true distance:15 xGMI:15
[RESULT] [645371.353978] [xgmi_d2d_unidir_tb_dma] p2p [GPU:: 9 - 51771 - 0000:95:00.0] [GPU:: 8 - 11806 - 0000:e5:00.0] peers:true distance:15 xGMI:15
[RESULT] [645479.241738] [xgmi_d2d_unidir_tb_dma] p2p-bandwidth[ 1/56] [GPU:: 2 - 17010 - 0000:75:00.0] [GPU:: 3 - 42583 - 0000:05:00.0] bidirectional: false 61.245 GBps duration: 0.087660 secs
[RESULT] [645479.242808] [xgmi_d2d_unidir_tb_dma] p2p-bandwidth[ 2/56] [GPU:: 2 - 17010 - 0000:75:00.0] [GPU:: 4 - 36479 - 0000:65:00.0] bidirectional: false 61.268 GBps duration: 0.087627 secs
[RESULT] [645479.243865] [xgmi_d2d_unidir_tb_dma] p2p-bandwidth[ 3/56] [GPU:: 2 - 17010 - 0000:75:00.0] [GPU:: 5 - 27226 - 0000:15:00.0] bidirectional: false 61.273 GBps duration: 0.087620 secs
[RESULT] [645479.244922] [xgmi_d2d_unidir_tb_dma] p2p-bandwidth[ 4/56] [GPU:: 2 - 17010 - 0000:75:00.0] [GPU:: 6 - 57875 - 0000:f5:00.0] bidirectional: false 61.239 GBps duration: 0.087669 secs
[RESULT] [645479.245978] [xgmi_d2d_unidir_tb_dma] p2p-bandwidth[ 5/56] [GPU:: 2 - 17010 - 0000:75:00.0] [GPU:: 7 -  1590 - 0000:85:00.0] bidirectional: false 61.279 GBps duration: 0.087610 secs
[RESULT] [645479.247009] [xgmi_d2d_unidir_tb_dma] p2p-bandwidth[ 6/56] [GPU:: 2 - 17010 - 0000:75:00.0] [GPU:: 8 - 11806 - 0000:e5:00.0] bidirectional: false 61.236 GBps duration: 0.087673 secs
[RESULT] [645479.248065] [xgmi_d2d_unidir_tb_dma] p2p-bandwidth[ 7/56] [GPU:: 2 - 17010 - 0000:75:00.0] [GPU:: 9 - 51771 - 0000:95:00.0] bidirectional: false 61.256 GBps duration: 0.087644 secs
[RESULT] [645479.249120] [xgmi_d2d_unidir_tb_dma] p2p-bandwidth[ 8/56] [GPU:: 3 - 42583 - 0000:05:00.0] [GPU:: 2 - 17010 - 0000:75:00.0] bidirectional: false 61.221 GBps duration: 0.087694 secs
[RESULT] [645479.250176] [xgmi_d2d_unidir_tb_dma] p2p-bandwidth[ 9/56] [GPU:: 3 - 42583 - 0000:05:00.0] [GPU:: 4 - 36479 - 0000:65:00.0] bidirectional: false 61.235 GBps duration: 0.087674 secs
[RESULT] [645479.251232] [xgmi_d2d_unidir_tb_dma] p2p-bandwidth[10/56] [GPU:: 3 - 42583 - 0000:05:00.0] [GPU:: 5 - 27226 - 0000:15:00.0] bidirectional: false 61.251 GBps duration: 0.087651 secs
[RESULT] [645479.252290] [xgmi_d2d_unidir_tb_dma] p2p-bandwidth[11/56] [GPU:: 3 - 42583 - 0000:05:00.0] [GPU:: 6 - 57875 - 0000:f5:00.0] bidirectional: false 61.223 GBps duration: 0.087691 secs
[RESULT] [645479.253348] [xgmi_d2d_unidir_tb_dma] p2p-bandwidth[12/56] [GPU:: 3 - 42583 - 0000:05:00.0] [GPU:: 7 -  1590 - 0000:85:00.0] bidirectional: false 61.208 GBps duration: 0.087712 secs
[RESULT] [645479.254403] [xgmi_d2d_unidir_tb_dma] p2p-bandwidth[13/56] [GPU:: 3 - 42583 - 0000:05:00.0] [GPU:: 8 - 11806 - 0000:e5:00.0] bidirectional: false 61.239 GBps duration: 0.087668 secs
[RESULT] [645479.255460] [xgmi_d2d_unidir_tb_dma] p2p-bandwidth[14/56] [GPU:: 3 - 42583 - 0000:05:00.0] [GPU:: 9 - 51771 - 0000:95:00.0] bidirectional: false 61.223 GBps duration: 0.087691 secs
[RESULT] [645479.256515] [xgmi_d2d_unidir_tb_dma] p2p-bandwidth[15/56] [GPU:: 4 - 36479 - 0000:65:00.0] [GPU:: 2 - 17010 - 0000:75:00.0] bidirectional: false 61.250 GBps duration: 0.087652 secs
[RESULT] [645479.257570] [xgmi_d2d_unidir_tb_dma] p2p-bandwidth[16/56] [GPU:: 4 - 36479 - 0000:65:00.0] [GPU:: 3 - 42583 - 0000:05:00.0] bidirectional: false 61.229 GBps duration: 0.087682 secs
[RESULT] [645479.258630] [xgmi_d2d_unidir_tb_dma] p2p-bandwidth[17/56] [GPU:: 4 - 36479 - 0000:65:00.0] [GPU:: 5 - 27226 - 0000:15:00.0] bidirectional: false 61.264 GBps duration: 0.087632 secs
[RESULT] [645479.259687] [xgmi_d2d_unidir_tb_dma] p2p-bandwidth[18/56] [GPU:: 4 - 36479 - 0000:65:00.0] [GPU:: 6 - 57875 - 0000:f5:00.0] bidirectional: false 61.237 GBps duration: 0.087671 secs
[RESULT] [645479.260747] [xgmi_d2d_unidir_tb_dma] p2p-bandwidth[19/56] [GPU:: 4 - 36479 - 0000:65:00.0] [GPU:: 7 -  1590 - 0000:85:00.0] bidirectional: false 61.246 GBps duration: 0.087658 secs
[RESULT] [645479.261805] [xgmi_d2d_unidir_tb_dma] p2p-bandwidth[20/56] [GPU:: 4 - 36479 - 0000:65:00.0] [GPU:: 8 - 11806 - 0000:e5:00.0] bidirectional: false 61.276 GBps duration: 0.087615 secs
[RESULT] [645479.262864] [xgmi_d2d_unidir_tb_dma] p2p-bandwidth[21/56] [GPU:: 4 - 36479 - 0000:65:00.0] [GPU:: 9 - 51771 - 0000:95:00.0] bidirectional: false 61.220 GBps duration: 0.087695 secs
[RESULT] [645479.263980] [xgmi_d2d_unidir_tb_dma] p2p-bandwidth[22/56] [GPU:: 5 - 27226 - 0000:15:00.0] [GPU:: 2 - 17010 - 0000:75:00.0] bidirectional: false 61.197 GBps duration: 0.087728 secs
[RESULT] [645479.265011] [xgmi_d2d_unidir_tb_dma] p2p-bandwidth[23/56] [GPU:: 5 - 27226 - 0000:15:00.0] [GPU:: 3 - 42583 - 0000:05:00.0] bidirectional: false 61.197 GBps duration: 0.087728 secs
[RESULT] [645479.266068] [xgmi_d2d_unidir_tb_dma] p2p-bandwidth[24/56] [GPU:: 5 - 27226 - 0000:15:00.0] [GPU:: 4 - 36479 - 0000:65:00.0] bidirectional: false 61.169 GBps duration: 0.087768 secs
[RESULT] [645479.267126] [xgmi_d2d_unidir_tb_dma] p2p-bandwidth[25/56] [GPU:: 5 - 27226 - 0000:15:00.0] [GPU:: 6 - 57875 - 0000:f5:00.0] bidirectional: false 61.204 GBps duration: 0.087719 secs
[RESULT] [645479.268183] [xgmi_d2d_unidir_tb_dma] p2p-bandwidth[26/56] [GPU:: 5 - 27226 - 0000:15:00.0] [GPU:: 7 -  1590 - 0000:85:00.0] bidirectional: false 61.188 GBps duration: 0.087741 secs
[RESULT] [645479.269239] [xgmi_d2d_unidir_tb_dma] p2p-bandwidth[27/56] [GPU:: 5 - 27226 - 0000:15:00.0] [GPU:: 8 - 11806 - 0000:e5:00.0] bidirectional: false 61.138 GBps duration: 0.087813 secs
[RESULT] [645479.270299] [xgmi_d2d_unidir_tb_dma] p2p-bandwidth[28/56] [GPU:: 5 - 27226 - 0000:15:00.0] [GPU:: 9 - 51771 - 0000:95:00.0] bidirectional: false 61.188 GBps duration: 0.087741 secs
[RESULT] [645479.271359] [xgmi_d2d_unidir_tb_dma] p2p-bandwidth[29/56] [GPU:: 6 - 57875 - 0000:f5:00.0] [GPU:: 2 - 17010 - 0000:75:00.0] bidirectional: false 61.245 GBps duration: 0.087660 secs
[RESULT] [645479.272422] [xgmi_d2d_unidir_tb_dma] p2p-bandwidth[30/56] [GPU:: 6 - 57875 - 0000:f5:00.0] [GPU:: 3 - 42583 - 0000:05:00.0] bidirectional: false 61.309 GBps duration: 0.087568 secs
[RESULT] [645479.273482] [xgmi_d2d_unidir_tb_dma] p2p-bandwidth[31/56] [GPU:: 6 - 57875 - 0000:f5:00.0] [GPU:: 4 - 36479 - 0000:65:00.0] bidirectional: false 61.256 GBps duration: 0.087644 secs
[RESULT] [645479.274545] [xgmi_d2d_unidir_tb_dma] p2p-bandwidth[32/56] [GPU:: 6 - 57875 - 0000:f5:00.0] [GPU:: 5 - 27226 - 0000:15:00.0] bidirectional: false 61.232 GBps duration: 0.087678 secs
[RESULT] [645479.275605] [xgmi_d2d_unidir_tb_dma] p2p-bandwidth[33/56] [GPU:: 6 - 57875 - 0000:f5:00.0] [GPU:: 7 -  1590 - 0000:85:00.0] bidirectional: false 61.233 GBps duration: 0.087676 secs
[RESULT] [645479.276669] [xgmi_d2d_unidir_tb_dma] p2p-bandwidth[34/56] [GPU:: 6 - 57875 - 0000:f5:00.0] [GPU:: 8 - 11806 - 0000:e5:00.0] bidirectional: false 61.223 GBps duration: 0.087691 secs
[RESULT] [645479.277728] [xgmi_d2d_unidir_tb_dma] p2p-bandwidth[35/56] [GPU:: 6 - 57875 - 0000:f5:00.0] [GPU:: 9 - 51771 - 0000:95:00.0] bidirectional: false 61.252 GBps duration: 0.087650 secs
[RESULT] [645479.278791] [xgmi_d2d_unidir_tb_dma] p2p-bandwidth[36/56] [GPU:: 7 -  1590 - 0000:85:00.0] [GPU:: 2 - 17010 - 0000:75:00.0] bidirectional: false 61.237 GBps duration: 0.087671 secs
[RESULT] [645479.279851] [xgmi_d2d_unidir_tb_dma] p2p-bandwidth[37/56] [GPU:: 7 -  1590 - 0000:85:00.0] [GPU:: 3 - 42583 - 0000:05:00.0] bidirectional: false 61.240 GBps duration: 0.087667 secs
[RESULT] [645479.280914] [xgmi_d2d_unidir_tb_dma] p2p-bandwidth[38/56] [GPU:: 7 -  1590 - 0000:85:00.0] [GPU:: 4 - 36479 - 0000:65:00.0] bidirectional: false 61.265 GBps duration: 0.087631 secs
[RESULT] [645479.281975] [xgmi_d2d_unidir_tb_dma] p2p-bandwidth[39/56] [GPU:: 7 -  1590 - 0000:85:00.0] [GPU:: 5 - 27226 - 0000:15:00.0] bidirectional: false 61.234 GBps duration: 0.087676 secs
[RESULT] [645479.283015] [xgmi_d2d_unidir_tb_dma] p2p-bandwidth[40/56] [GPU:: 7 -  1590 - 0000:85:00.0] [GPU:: 6 - 57875 - 0000:f5:00.0] bidirectional: false 61.237 GBps duration: 0.087671 secs
[RESULT] [645479.284074] [xgmi_d2d_unidir_tb_dma] p2p-bandwidth[41/56] [GPU:: 7 -  1590 - 0000:85:00.0] [GPU:: 8 - 11806 - 0000:e5:00.0] bidirectional: false 61.287 GBps duration: 0.087600 secs
[RESULT] [645479.285142] [xgmi_d2d_unidir_tb_dma] p2p-bandwidth[42/56] [GPU:: 7 -  1590 - 0000:85:00.0] [GPU:: 9 - 51771 - 0000:95:00.0] bidirectional: false 61.232 GBps duration: 0.087678 secs
[RESULT] [645479.286209] [xgmi_d2d_unidir_tb_dma] p2p-bandwidth[43/56] [GPU:: 8 - 11806 - 0000:e5:00.0] [GPU:: 2 - 17010 - 0000:75:00.0] bidirectional: false 61.235 GBps duration: 0.087674 secs
[RESULT] [645479.287271] [xgmi_d2d_unidir_tb_dma] p2p-bandwidth[44/56] [GPU:: 8 - 11806 - 0000:e5:00.0] [GPU:: 3 - 42583 - 0000:05:00.0] bidirectional: false 61.225 GBps duration: 0.087689 secs
[RESULT] [645479.288332] [xgmi_d2d_unidir_tb_dma] p2p-bandwidth[45/56] [GPU:: 8 - 11806 - 0000:e5:00.0] [GPU:: 4 - 36479 - 0000:65:00.0] bidirectional: false 61.217 GBps duration: 0.087699 secs
[RESULT] [645479.289393] [xgmi_d2d_unidir_tb_dma] p2p-bandwidth[46/56] [GPU:: 8 - 11806 - 0000:e5:00.0] [GPU:: 5 - 27226 - 0000:15:00.0] bidirectional: false 61.252 GBps duration: 0.087649 secs
[RESULT] [645479.290459] [xgmi_d2d_unidir_tb_dma] p2p-bandwidth[47/56] [GPU:: 8 - 11806 - 0000:e5:00.0] [GPU:: 6 - 57875 - 0000:f5:00.0] bidirectional: false 61.272 GBps duration: 0.087621 secs
[RESULT] [645479.291519] [xgmi_d2d_unidir_tb_dma] p2p-bandwidth[48/56] [GPU:: 8 - 11806 - 0000:e5:00.0] [GPU:: 7 -  1590 - 0000:85:00.0] bidirectional: false 61.278 GBps duration: 0.087612 secs
[RESULT] [645479.292584] [xgmi_d2d_unidir_tb_dma] p2p-bandwidth[49/56] [GPU:: 8 - 11806 - 0000:e5:00.0] [GPU:: 9 - 51771 - 0000:95:00.0] bidirectional: false 61.262 GBps duration: 0.087636 secs
[RESULT] [645479.293644] [xgmi_d2d_unidir_tb_dma] p2p-bandwidth[50/56] [GPU:: 9 - 51771 - 0000:95:00.0] [GPU:: 2 - 17010 - 0000:75:00.0] bidirectional: false 61.263 GBps duration: 0.087634 secs
[RESULT] [645479.294708] [xgmi_d2d_unidir_tb_dma] p2p-bandwidth[51/56] [GPU:: 9 - 51771 - 0000:95:00.0] [GPU:: 3 - 42583 - 0000:05:00.0] bidirectional: false 61.215 GBps duration: 0.087702 secs
[RESULT] [645479.295769] [xgmi_d2d_unidir_tb_dma] p2p-bandwidth[52/56] [GPU:: 9 - 51771 - 0000:95:00.0] [GPU:: 4 - 36479 - 0000:65:00.0] bidirectional: false 61.229 GBps duration: 0.087682 secs
[RESULT] [645479.296830] [xgmi_d2d_unidir_tb_dma] p2p-bandwidth[53/56] [GPU:: 9 - 51771 - 0000:95:00.0] [GPU:: 5 - 27226 - 0000:15:00.0] bidirectional: false 61.271 GBps duration: 0.087622 secs
[RESULT] [645479.297896] [xgmi_d2d_unidir_tb_dma] p2p-bandwidth[54/56] [GPU:: 9 - 51771 - 0000:95:00.0] [GPU:: 6 - 57875 - 0000:f5:00.0] bidirectional: false 61.274 GBps duration: 0.087617 secs
[RESULT] [645479.298957] [xgmi_d2d_unidir_tb_dma] p2p-bandwidth[55/56] [GPU:: 9 - 51771 - 0000:95:00.0] [GPU:: 7 -  1590 - 0000:85:00.0] bidirectional: false 61.219 GBps duration: 0.087697 secs
[RESULT] [645479.300014] [xgmi_d2d_unidir_tb_dma] p2p-bandwidth[56/56] [GPU:: 9 - 51771 - 0000:95:00.0] [GPU:: 8 - 11806 - 0000:e5:00.0] bidirectional: false 61.227 GBps duration: 0.087686 secs
[RESULT] [645479.301123] Action name :xgmi_d2d_unidir_tb_gfx
[RESULT] [645479.301133] Module name :pbqt
[INFO  ] [645479.301193] Missing 'device_index' key.
[RESULT] [645479.302289] [xgmi_d2d_unidir_tb_gfx] p2p [GPU:: 2 - 17010 - 0000:75:00.0] [GPU:: 3 - 42583 - 0000:05:00.0] peers:true distance:15 xGMI:15
[RESULT] [645479.302297] [xgmi_d2d_unidir_tb_gfx] p2p [GPU:: 2 - 17010 - 0000:75:00.0] [GPU:: 4 - 36479 - 0000:65:00.0] peers:true distance:15 xGMI:15
[RESULT] [645479.302301] [xgmi_d2d_unidir_tb_gfx] p2p [GPU:: 2 - 17010 - 0000:75:00.0] [GPU:: 5 - 27226 - 0000:15:00.0] peers:true distance:15 xGMI:15
[RESULT] [645479.302305] [xgmi_d2d_unidir_tb_gfx] p2p [GPU:: 2 - 17010 - 0000:75:00.0] [GPU:: 6 - 57875 - 0000:f5:00.0] peers:true distance:15 xGMI:15
[RESULT] [645479.302310] [xgmi_d2d_unidir_tb_gfx] p2p [GPU:: 2 - 17010 - 0000:75:00.0] [GPU:: 7 -  1590 - 0000:85:00.0] peers:true distance:15 xGMI:15
[RESULT] [645479.302314] [xgmi_d2d_unidir_tb_gfx] p2p [GPU:: 2 - 17010 - 0000:75:00.0] [GPU:: 8 - 11806 - 0000:e5:00.0] peers:true distance:15 xGMI:15
[RESULT] [645479.302317] [xgmi_d2d_unidir_tb_gfx] p2p [GPU:: 2 - 17010 - 0000:75:00.0] [GPU:: 9 - 51771 - 0000:95:00.0] peers:true distance:15 xGMI:15
[RESULT] [645479.302335] [xgmi_d2d_unidir_tb_gfx] p2p [GPU:: 3 - 42583 - 0000:05:00.0] [GPU:: 2 - 17010 - 0000:75:00.0] peers:true distance:15 xGMI:15
[RESULT] [645479.302338] [xgmi_d2d_unidir_tb_gfx] p2p [GPU:: 3 - 42583 - 0000:05:00.0] [GPU:: 4 - 36479 - 0000:65:00.0] peers:true distance:15 xGMI:15
[RESULT] [645479.302342] [xgmi_d2d_unidir_tb_gfx] p2p [GPU:: 3 - 42583 - 0000:05:00.0] [GPU:: 5 - 27226 - 0000:15:00.0] peers:true distance:15 xGMI:15
[RESULT] [645479.302345] [xgmi_d2d_unidir_tb_gfx] p2p [GPU:: 3 - 42583 - 0000:05:00.0] [GPU:: 6 - 57875 - 0000:f5:00.0] peers:true distance:15 xGMI:15
[RESULT] [645479.302348] [xgmi_d2d_unidir_tb_gfx] p2p [GPU:: 3 - 42583 - 0000:05:00.0] [GPU:: 7 -  1590 - 0000:85:00.0] peers:true distance:15 xGMI:15
[RESULT] [645479.302350] [xgmi_d2d_unidir_tb_gfx] p2p [GPU:: 3 - 42583 - 0000:05:00.0] [GPU:: 8 - 11806 - 0000:e5:00.0] peers:true distance:15 xGMI:15
[RESULT] [645479.302353] [xgmi_d2d_unidir_tb_gfx] p2p [GPU:: 3 - 42583 - 0000:05:00.0] [GPU:: 9 - 51771 - 0000:95:00.0] peers:true distance:15 xGMI:15
[RESULT] [645479.302357] [xgmi_d2d_unidir_tb_gfx] p2p [GPU:: 4 - 36479 - 0000:65:00.0] [GPU:: 2 - 17010 - 0000:75:00.0] peers:true distance:15 xGMI:15
[RESULT] [645479.302360] [xgmi_d2d_unidir_tb_gfx] p2p [GPU:: 4 - 36479 - 0000:65:00.0] [GPU:: 3 - 42583 - 0000:05:00.0] peers:true distance:15 xGMI:15
[RESULT] [645479.302363] [xgmi_d2d_unidir_tb_gfx] p2p [GPU:: 4 - 36479 - 0000:65:00.0] [GPU:: 5 - 27226 - 0000:15:00.0] peers:true distance:15 xGMI:15
[RESULT] [645479.302366] [xgmi_d2d_unidir_tb_gfx] p2p [GPU:: 4 - 36479 - 0000:65:00.0] [GPU:: 6 - 57875 - 0000:f5:00.0] peers:true distance:15 xGMI:15
[RESULT] [645479.302369] [xgmi_d2d_unidir_tb_gfx] p2p [GPU:: 4 - 36479 - 0000:65:00.0] [GPU:: 7 -  1590 - 0000:85:00.0] peers:true distance:15 xGMI:15
[RESULT] [645479.302372] [xgmi_d2d_unidir_tb_gfx] p2p [GPU:: 4 - 36479 - 0000:65:00.0] [GPU:: 8 - 11806 - 0000:e5:00.0] peers:true distance:15 xGMI:15
[RESULT] [645479.302375] [xgmi_d2d_unidir_tb_gfx] p2p [GPU:: 4 - 36479 - 0000:65:00.0] [GPU:: 9 - 51771 - 0000:95:00.0] peers:true distance:15 xGMI:15
[RESULT] [645479.302378] [xgmi_d2d_unidir_tb_gfx] p2p [GPU:: 5 - 27226 - 0000:15:00.0] [GPU:: 2 - 17010 - 0000:75:00.0] peers:true distance:15 xGMI:15
[RESULT] [645479.302381] [xgmi_d2d_unidir_tb_gfx] p2p [GPU:: 5 - 27226 - 0000:15:00.0] [GPU:: 3 - 42583 - 0000:05:00.0] peers:true distance:15 xGMI:15
[RESULT] [645479.302384] [xgmi_d2d_unidir_tb_gfx] p2p [GPU:: 5 - 27226 - 0000:15:00.0] [GPU:: 4 - 36479 - 0000:65:00.0] peers:true distance:15 xGMI:15
[RESULT] [645479.302387] [xgmi_d2d_unidir_tb_gfx] p2p [GPU:: 5 - 27226 - 0000:15:00.0] [GPU:: 6 - 57875 - 0000:f5:00.0] peers:true distance:15 xGMI:15
[RESULT] [645479.302390] [xgmi_d2d_unidir_tb_gfx] p2p [GPU:: 5 - 27226 - 0000:15:00.0] [GPU:: 7 -  1590 - 0000:85:00.0] peers:true distance:15 xGMI:15
[RESULT] [645479.302393] [xgmi_d2d_unidir_tb_gfx] p2p [GPU:: 5 - 27226 - 0000:15:00.0] [GPU:: 8 - 11806 - 0000:e5:00.0] peers:true distance:15 xGMI:15
[RESULT] [645479.302396] [xgmi_d2d_unidir_tb_gfx] p2p [GPU:: 5 - 27226 - 0000:15:00.0] [GPU:: 9 - 51771 - 0000:95:00.0] peers:true distance:15 xGMI:15
[RESULT] [645479.302399] [xgmi_d2d_unidir_tb_gfx] p2p [GPU:: 6 - 57875 - 0000:f5:00.0] [GPU:: 2 - 17010 - 0000:75:00.0] peers:true distance:15 xGMI:15
[RESULT] [645479.302402] [xgmi_d2d_unidir_tb_gfx] p2p [GPU:: 6 - 57875 - 0000:f5:00.0] [GPU:: 3 - 42583 - 0000:05:00.0] peers:true distance:15 xGMI:15
[RESULT] [645479.302405] [xgmi_d2d_unidir_tb_gfx] p2p [GPU:: 6 - 57875 - 0000:f5:00.0] [GPU:: 4 - 36479 - 0000:65:00.0] peers:true distance:15 xGMI:15
[RESULT] [645479.302407] [xgmi_d2d_unidir_tb_gfx] p2p [GPU:: 6 - 57875 - 0000:f5:00.0] [GPU:: 5 - 27226 - 0000:15:00.0] peers:true distance:15 xGMI:15
[RESULT] [645479.302411] [xgmi_d2d_unidir_tb_gfx] p2p [GPU:: 6 - 57875 - 0000:f5:00.0] [GPU:: 7 -  1590 - 0000:85:00.0] peers:true distance:15 xGMI:15
[RESULT] [645479.302414] [xgmi_d2d_unidir_tb_gfx] p2p [GPU:: 6 - 57875 - 0000:f5:00.0] [GPU:: 8 - 11806 - 0000:e5:00.0] peers:true distance:15 xGMI:15
[RESULT] [645479.302417] [xgmi_d2d_unidir_tb_gfx] p2p [GPU:: 6 - 57875 - 0000:f5:00.0] [GPU:: 9 - 51771 - 0000:95:00.0] peers:true distance:15 xGMI:15
[RESULT] [645479.302423] [xgmi_d2d_unidir_tb_gfx] p2p [GPU:: 7 -  1590 - 0000:85:00.0] [GPU:: 2 - 17010 - 0000:75:00.0] peers:true distance:15 xGMI:15
[RESULT] [645479.302426] [xgmi_d2d_unidir_tb_gfx] p2p [GPU:: 7 -  1590 - 0000:85:00.0] [GPU:: 3 - 42583 - 0000:05:00.0] peers:true distance:15 xGMI:15
[RESULT] [645479.302429] [xgmi_d2d_unidir_tb_gfx] p2p [GPU:: 7 -  1590 - 0000:85:00.0] [GPU:: 4 - 36479 - 0000:65:00.0] peers:true distance:15 xGMI:15
[RESULT] [645479.302432] [xgmi_d2d_unidir_tb_gfx] p2p [GPU:: 7 -  1590 - 0000:85:00.0] [GPU:: 5 - 27226 - 0000:15:00.0] peers:true distance:15 xGMI:15
[RESULT] [645479.302435] [xgmi_d2d_unidir_tb_gfx] p2p [GPU:: 7 -  1590 - 0000:85:00.0] [GPU:: 6 - 57875 - 0000:f5:00.0] peers:true distance:15 xGMI:15
[RESULT] [645479.302438] [xgmi_d2d_unidir_tb_gfx] p2p [GPU:: 7 -  1590 - 0000:85:00.0] [GPU:: 8 - 11806 - 0000:e5:00.0] peers:true distance:15 xGMI:15
[RESULT] [645479.302441] [xgmi_d2d_unidir_tb_gfx] p2p [GPU:: 7 -  1590 - 0000:85:00.0] [GPU:: 9 - 51771 - 0000:95:00.0] peers:true distance:15 xGMI:15
[RESULT] [645479.302444] [xgmi_d2d_unidir_tb_gfx] p2p [GPU:: 8 - 11806 - 0000:e5:00.0] [GPU:: 2 - 17010 - 0000:75:00.0] peers:true distance:15 xGMI:15
[RESULT] [645479.302447] [xgmi_d2d_unidir_tb_gfx] p2p [GPU:: 8 - 11806 - 0000:e5:00.0] [GPU:: 3 - 42583 - 0000:05:00.0] peers:true distance:15 xGMI:15
[RESULT] [645479.302450] [xgmi_d2d_unidir_tb_gfx] p2p [GPU:: 8 - 11806 - 0000:e5:00.0] [GPU:: 4 - 36479 - 0000:65:00.0] peers:true distance:15 xGMI:15
[RESULT] [645479.302453] [xgmi_d2d_unidir_tb_gfx] p2p [GPU:: 8 - 11806 - 0000:e5:00.0] [GPU:: 5 - 27226 - 0000:15:00.0] peers:true distance:15 xGMI:15
[RESULT] [645479.302456] [xgmi_d2d_unidir_tb_gfx] p2p [GPU:: 8 - 11806 - 0000:e5:00.0] [GPU:: 6 - 57875 - 0000:f5:00.0] peers:true distance:15 xGMI:15
[RESULT] [645479.302459] [xgmi_d2d_unidir_tb_gfx] p2p [GPU:: 8 - 11806 - 0000:e5:00.0] [GPU:: 7 -  1590 - 0000:85:00.0] peers:true distance:15 xGMI:15
[RESULT] [645479.302462] [xgmi_d2d_unidir_tb_gfx] p2p [GPU:: 8 - 11806 - 0000:e5:00.0] [GPU:: 9 - 51771 - 0000:95:00.0] peers:true distance:15 xGMI:15
[RESULT] [645479.302465] [xgmi_d2d_unidir_tb_gfx] p2p [GPU:: 9 - 51771 - 0000:95:00.0] [GPU:: 2 - 17010 - 0000:75:00.0] peers:true distance:15 xGMI:15
[RESULT] [645479.302468] [xgmi_d2d_unidir_tb_gfx] p2p [GPU:: 9 - 51771 - 0000:95:00.0] [GPU:: 3 - 42583 - 0000:05:00.0] peers:true distance:15 xGMI:15
[RESULT] [645479.302471] [xgmi_d2d_unidir_tb_gfx] p2p [GPU:: 9 - 51771 - 0000:95:00.0] [GPU:: 4 - 36479 - 0000:65:00.0] peers:true distance:15 xGMI:15
[RESULT] [645479.302474] [xgmi_d2d_unidir_tb_gfx] p2p [GPU:: 9 - 51771 - 0000:95:00.0] [GPU:: 5 - 27226 - 0000:15:00.0] peers:true distance:15 xGMI:15
[RESULT] [645479.302477] [xgmi_d2d_unidir_tb_gfx] p2p [GPU:: 9 - 51771 - 0000:95:00.0] [GPU:: 6 - 57875 - 0000:f5:00.0] peers:true distance:15 xGMI:15
[RESULT] [645479.302480] [xgmi_d2d_unidir_tb_gfx] p2p [GPU:: 9 - 51771 - 0000:95:00.0] [GPU:: 7 -  1590 - 0000:85:00.0] peers:true distance:15 xGMI:15
[RESULT] [645479.302482] [xgmi_d2d_unidir_tb_gfx] p2p [GPU:: 9 - 51771 - 0000:95:00.0] [GPU:: 8 - 11806 - 0000:e5:00.0] peers:true distance:15 xGMI:15
[RESULT] [645585.567319] [xgmi_d2d_unidir_tb_gfx] p2p-bandwidth[ 1/56] [GPU:: 2 - 17010 - 0000:75:00.0] [GPU:: 3 - 42583 - 0000:05:00.0] bidirectional: false 61.196 GBps duration: 0.087729 secs
[RESULT] [645585.568402] [xgmi_d2d_unidir_tb_gfx] p2p-bandwidth[ 2/56] [GPU:: 2 - 17010 - 0000:75:00.0] [GPU:: 4 - 36479 - 0000:65:00.0] bidirectional: false 61.356 GBps duration: 0.087501 secs
[RESULT] [645585.569473] [xgmi_d2d_unidir_tb_gfx] p2p-bandwidth[ 3/56] [GPU:: 2 - 17010 - 0000:75:00.0] [GPU:: 5 - 27226 - 0000:15:00.0] bidirectional: false 59.897 GBps duration: 0.089632 secs
[RESULT] [645585.570536] [xgmi_d2d_unidir_tb_gfx] p2p-bandwidth[ 4/56] [GPU:: 2 - 17010 - 0000:75:00.0] [GPU:: 6 - 57875 - 0000:f5:00.0] bidirectional: false 61.137 GBps duration: 0.087814 secs
[RESULT] [645585.571602] [xgmi_d2d_unidir_tb_gfx] p2p-bandwidth[ 5/56] [GPU:: 2 - 17010 - 0000:75:00.0] [GPU:: 7 -  1590 - 0000:85:00.0] bidirectional: false 60.949 GBps duration: 0.088085 secs
[RESULT] [645585.572707] [xgmi_d2d_unidir_tb_gfx] p2p-bandwidth[ 6/56] [GPU:: 2 - 17010 - 0000:75:00.0] [GPU:: 8 - 11806 - 0000:e5:00.0] bidirectional: false 61.180 GBps duration: 0.087753 secs
[RESULT] [645585.573771] [xgmi_d2d_unidir_tb_gfx] p2p-bandwidth[ 7/56] [GPU:: 2 - 17010 - 0000:75:00.0] [GPU:: 9 - 51771 - 0000:95:00.0] bidirectional: false 61.223 GBps duration: 0.087691 secs
[RESULT] [645585.574832] [xgmi_d2d_unidir_tb_gfx] p2p-bandwidth[ 8/56] [GPU:: 3 - 42583 - 0000:05:00.0] [GPU:: 2 - 17010 - 0000:75:00.0] bidirectional: false 61.255 GBps duration: 0.087645 secs
[RESULT] [645585.575893] [xgmi_d2d_unidir_tb_gfx] p2p-bandwidth[ 9/56] [GPU:: 3 - 42583 - 0000:05:00.0] [GPU:: 4 - 36479 - 0000:65:00.0] bidirectional: false 59.976 GBps duration: 0.089514 secs
[RESULT] [645585.576953] [xgmi_d2d_unidir_tb_gfx] p2p-bandwidth[10/56] [GPU:: 3 - 42583 - 0000:05:00.0] [GPU:: 5 - 27226 - 0000:15:00.0] bidirectional: false 61.233 GBps duration: 0.087677 secs
[RESULT] [645585.578011] [xgmi_d2d_unidir_tb_gfx] p2p-bandwidth[11/56] [GPU:: 3 - 42583 - 0000:05:00.0] [GPU:: 6 - 57875 - 0000:f5:00.0] bidirectional: false 61.225 GBps duration: 0.087687 secs
[RESULT] [645585.579075] [xgmi_d2d_unidir_tb_gfx] p2p-bandwidth[12/56] [GPU:: 3 - 42583 - 0000:05:00.0] [GPU:: 7 -  1590 - 0000:85:00.0] bidirectional: false 61.832 GBps duration: 0.086827 secs
[RESULT] [645585.580136] [xgmi_d2d_unidir_tb_gfx] p2p-bandwidth[13/56] [GPU:: 3 - 42583 - 0000:05:00.0] [GPU:: 8 - 11806 - 0000:e5:00.0] bidirectional: false 61.130 GBps duration: 0.087825 secs
[RESULT] [645585.581197] [xgmi_d2d_unidir_tb_gfx] p2p-bandwidth[14/56] [GPU:: 3 - 42583 - 0000:05:00.0] [GPU:: 9 - 51771 - 0000:95:00.0] bidirectional: false 61.272 GBps duration: 0.087621 secs
[RESULT] [645585.582257] [xgmi_d2d_unidir_tb_gfx] p2p-bandwidth[15/56] [GPU:: 4 - 36479 - 0000:65:00.0] [GPU:: 2 - 17010 - 0000:75:00.0] bidirectional: false 61.222 GBps duration: 0.087693 secs
[RESULT] [645585.583321] [xgmi_d2d_unidir_tb_gfx] p2p-bandwidth[16/56] [GPU:: 4 - 36479 - 0000:65:00.0] [GPU:: 3 - 42583 - 0000:05:00.0] bidirectional: false 60.158 GBps duration: 0.089243 secs
[RESULT] [645585.584381] [xgmi_d2d_unidir_tb_gfx] p2p-bandwidth[17/56] [GPU:: 4 - 36479 - 0000:65:00.0] [GPU:: 5 - 27226 - 0000:15:00.0] bidirectional: false 61.164 GBps duration: 0.087776 secs
[RESULT] [645585.585444] [xgmi_d2d_unidir_tb_gfx] p2p-bandwidth[18/56] [GPU:: 4 - 36479 - 0000:65:00.0] [GPU:: 6 - 57875 - 0000:f5:00.0] bidirectional: false 61.160 GBps duration: 0.087781 secs
[RESULT] [645585.586505] [xgmi_d2d_unidir_tb_gfx] p2p-bandwidth[19/56] [GPU:: 4 - 36479 - 0000:65:00.0] [GPU:: 7 -  1590 - 0000:85:00.0] bidirectional: false 61.251 GBps duration: 0.087651 secs
[RESULT] [645585.587567] [xgmi_d2d_unidir_tb_gfx] p2p-bandwidth[20/56] [GPU:: 4 - 36479 - 0000:65:00.0] [GPU:: 8 - 11806 - 0000:e5:00.0] bidirectional: false 61.844 GBps duration: 0.086811 secs
[RESULT] [645585.588627] [xgmi_d2d_unidir_tb_gfx] p2p-bandwidth[21/56] [GPU:: 4 - 36479 - 0000:65:00.0] [GPU:: 9 - 51771 - 0000:95:00.0] bidirectional: false 61.193 GBps duration: 0.087734 secs
[RESULT] [645585.589688] [xgmi_d2d_unidir_tb_gfx] p2p-bandwidth[22/56] [GPU:: 5 - 27226 - 0000:15:00.0] [GPU:: 2 - 17010 - 0000:75:00.0] bidirectional: false 60.095 GBps duration: 0.089338 secs
[RESULT] [645585.590747] [xgmi_d2d_unidir_tb_gfx] p2p-bandwidth[23/56] [GPU:: 5 - 27226 - 0000:15:00.0] [GPU:: 3 - 42583 - 0000:05:00.0] bidirectional: false 62.003 GBps duration: 0.086588 secs
[RESULT] [645585.591811] [xgmi_d2d_unidir_tb_gfx] p2p-bandwidth[24/56] [GPU:: 5 - 27226 - 0000:15:00.0] [GPU:: 4 - 36479 - 0000:65:00.0] bidirectional: false 61.322 GBps duration: 0.087549 secs
[RESULT] [645585.592871] [xgmi_d2d_unidir_tb_gfx] p2p-bandwidth[25/56] [GPU:: 5 - 27226 - 0000:15:00.0] [GPU:: 6 - 57875 - 0000:f5:00.0] bidirectional: false 61.225 GBps duration: 0.087688 secs
[RESULT] [645585.593933] [xgmi_d2d_unidir_tb_gfx] p2p-bandwidth[26/56] [GPU:: 5 - 27226 - 0000:15:00.0] [GPU:: 7 -  1590 - 0000:85:00.0] bidirectional: false 61.536 GBps duration: 0.087245 secs
[RESULT] [645585.595009] [xgmi_d2d_unidir_tb_gfx] p2p-bandwidth[27/56] [GPU:: 5 - 27226 - 0000:15:00.0] [GPU:: 8 - 11806 - 0000:e5:00.0] bidirectional: false 61.218 GBps duration: 0.087699 secs
[RESULT] [645585.596068] [xgmi_d2d_unidir_tb_gfx] p2p-bandwidth[28/56] [GPU:: 5 - 27226 - 0000:15:00.0] [GPU:: 9 - 51771 - 0000:95:00.0] bidirectional: false 61.156 GBps duration: 0.087787 secs
[RESULT] [645585.597133] [xgmi_d2d_unidir_tb_gfx] p2p-bandwidth[29/56] [GPU:: 6 - 57875 - 0000:f5:00.0] [GPU:: 2 - 17010 - 0000:75:00.0] bidirectional: false 61.374 GBps duration: 0.087475 secs
[RESULT] [645585.598196] [xgmi_d2d_unidir_tb_gfx] p2p-bandwidth[30/56] [GPU:: 6 - 57875 - 0000:f5:00.0] [GPU:: 3 - 42583 - 0000:05:00.0] bidirectional: false 61.141 GBps duration: 0.087808 secs
[RESULT] [645585.599257] [xgmi_d2d_unidir_tb_gfx] p2p-bandwidth[31/56] [GPU:: 6 - 57875 - 0000:f5:00.0] [GPU:: 4 - 36479 - 0000:65:00.0] bidirectional: false 60.950 GBps duration: 0.088084 secs
[RESULT] [645585.600320] [xgmi_d2d_unidir_tb_gfx] p2p-bandwidth[32/56] [GPU:: 6 - 57875 - 0000:f5:00.0] [GPU:: 5 - 27226 - 0000:15:00.0] bidirectional: false 61.378 GBps duration: 0.087470 secs
[RESULT] [645585.601382] [xgmi_d2d_unidir_tb_gfx] p2p-bandwidth[33/56] [GPU:: 6 - 57875 - 0000:f5:00.0] [GPU:: 7 -  1590 - 0000:85:00.0] bidirectional: false 61.160 GBps duration: 0.087781 secs
[RESULT] [645585.602448] [xgmi_d2d_unidir_tb_gfx] p2p-bandwidth[34/56] [GPU:: 6 - 57875 - 0000:f5:00.0] [GPU:: 8 - 11806 - 0000:e5:00.0] bidirectional: false 60.981 GBps duration: 0.088038 secs
[RESULT] [645585.603509] [xgmi_d2d_unidir_tb_gfx] p2p-bandwidth[35/56] [GPU:: 6 - 57875 - 0000:f5:00.0] [GPU:: 9 - 51771 - 0000:95:00.0] bidirectional: false 59.984 GBps duration: 0.089503 secs
[RESULT] [645585.604572] [xgmi_d2d_unidir_tb_gfx] p2p-bandwidth[36/56] [GPU:: 7 -  1590 - 0000:85:00.0] [GPU:: 2 - 17010 - 0000:75:00.0] bidirectional: false 61.895 GBps duration: 0.086739 secs
[RESULT] [645585.605634] [xgmi_d2d_unidir_tb_gfx] p2p-bandwidth[37/56] [GPU:: 7 -  1590 - 0000:85:00.0] [GPU:: 3 - 42583 - 0000:05:00.0] bidirectional: false 61.165 GBps duration: 0.087774 secs
[RESULT] [645585.606696] [xgmi_d2d_unidir_tb_gfx] p2p-bandwidth[38/56] [GPU:: 7 -  1590 - 0000:85:00.0] [GPU:: 4 - 36479 - 0000:65:00.0] bidirectional: false 61.367 GBps duration: 0.087485 secs
[RESULT] [645585.607757] [xgmi_d2d_unidir_tb_gfx] p2p-bandwidth[39/56] [GPU:: 7 -  1590 - 0000:85:00.0] [GPU:: 5 - 27226 - 0000:15:00.0] bidirectional: false 61.203 GBps duration: 0.087720 secs
[RESULT] [645585.608820] [xgmi_d2d_unidir_tb_gfx] p2p-bandwidth[40/56] [GPU:: 7 -  1590 - 0000:85:00.0] [GPU:: 6 - 57875 - 0000:f5:00.0] bidirectional: false 60.954 GBps duration: 0.088078 secs
[RESULT] [645585.609880] [xgmi_d2d_unidir_tb_gfx] p2p-bandwidth[41/56] [GPU:: 7 -  1590 - 0000:85:00.0] [GPU:: 8 - 11806 - 0000:e5:00.0] bidirectional: false 60.720 GBps duration: 0.088418 secs
[RESULT] [645585.610945] [xgmi_d2d_unidir_tb_gfx] p2p-bandwidth[42/56] [GPU:: 7 -  1590 - 0000:85:00.0] [GPU:: 9 - 51771 - 0000:95:00.0] bidirectional: false 60.993 GBps duration: 0.088022 secs
[RESULT] [645585.612019] [xgmi_d2d_unidir_tb_gfx] p2p-bandwidth[43/56] [GPU:: 8 - 11806 - 0000:e5:00.0] [GPU:: 2 - 17010 - 0000:75:00.0] bidirectional: false 61.233 GBps duration: 0.087677 secs
[RESULT] [645585.613079] [xgmi_d2d_unidir_tb_gfx] p2p-bandwidth[44/56] [GPU:: 8 - 11806 - 0000:e5:00.0] [GPU:: 3 - 42583 - 0000:05:00.0] bidirectional: false 61.257 GBps duration: 0.087642 secs
[RESULT] [645585.614139] [xgmi_d2d_unidir_tb_gfx] p2p-bandwidth[45/56] [GPU:: 8 - 11806 - 0000:e5:00.0] [GPU:: 4 - 36479 - 0000:65:00.0] bidirectional: false 61.817 GBps duration: 0.086848 secs
[RESULT] [645585.615203] [xgmi_d2d_unidir_tb_gfx] p2p-bandwidth[46/56] [GPU:: 8 - 11806 - 0000:e5:00.0] [GPU:: 5 - 27226 - 0000:15:00.0] bidirectional: false 60.883 GBps duration: 0.088181 secs
[RESULT] [645585.616263] [xgmi_d2d_unidir_tb_gfx] p2p-bandwidth[47/56] [GPU:: 8 - 11806 - 0000:e5:00.0] [GPU:: 6 - 57875 - 0000:f5:00.0] bidirectional: false 61.175 GBps duration: 0.087760 secs
[RESULT] [645585.617330] [xgmi_d2d_unidir_tb_gfx] p2p-bandwidth[48/56] [GPU:: 8 - 11806 - 0000:e5:00.0] [GPU:: 7 -  1590 - 0000:85:00.0] bidirectional: false 60.306 GBps duration: 0.089025 secs
[RESULT] [645585.618393] [xgmi_d2d_unidir_tb_gfx] p2p-bandwidth[49/56] [GPU:: 8 - 11806 - 0000:e5:00.0] [GPU:: 9 - 51771 - 0000:95:00.0] bidirectional: false 61.250 GBps duration: 0.087652 secs
[RESULT] [645585.619453] [xgmi_d2d_unidir_tb_gfx] p2p-bandwidth[50/56] [GPU:: 9 - 51771 - 0000:95:00.0] [GPU:: 2 - 17010 - 0000:75:00.0] bidirectional: false 61.974 GBps duration: 0.086628 secs
[RESULT] [645585.620518] [xgmi_d2d_unidir_tb_gfx] p2p-bandwidth[51/56] [GPU:: 9 - 51771 - 0000:95:00.0] [GPU:: 3 - 42583 - 0000:05:00.0] bidirectional: false 61.192 GBps duration: 0.087735 secs
[RESULT] [645585.621578] [xgmi_d2d_unidir_tb_gfx] p2p-bandwidth[52/56] [GPU:: 9 - 51771 - 0000:95:00.0] [GPU:: 4 - 36479 - 0000:65:00.0] bidirectional: false 61.310 GBps duration: 0.087567 secs
[RESULT] [645585.622641] [xgmi_d2d_unidir_tb_gfx] p2p-bandwidth[53/56] [GPU:: 9 - 51771 - 0000:95:00.0] [GPU:: 5 - 27226 - 0000:15:00.0] bidirectional: false 61.180 GBps duration: 0.087752 secs
[RESULT] [645585.623700] [xgmi_d2d_unidir_tb_gfx] p2p-bandwidth[54/56] [GPU:: 9 - 51771 - 0000:95:00.0] [GPU:: 6 - 57875 - 0000:f5:00.0] bidirectional: false 60.106 GBps duration: 0.089321 secs
[RESULT] [645585.624760] [xgmi_d2d_unidir_tb_gfx] p2p-bandwidth[55/56] [GPU:: 9 - 51771 - 0000:95:00.0] [GPU:: 7 -  1590 - 0000:85:00.0] bidirectional: false 61.338 GBps duration: 0.087527 secs
[RESULT] [645585.625824] [xgmi_d2d_unidir_tb_gfx] p2p-bandwidth[56/56] [GPU:: 9 - 51771 - 0000:95:00.0] [GPU:: 8 - 11806 - 0000:e5:00.0] bidirectional: false 61.204 GBps duration: 0.087718 secs
[RESULT] [645585.626933] Action name :xgmi_d2d_unidir_tb_a2a
[RESULT] [645585.626945] Module name :pbqt
[INFO  ] [645585.626996] Missing 'device_index' key.
[RESULT] [645585.628100] [xgmi_d2d_unidir_tb_a2a] p2p [GPU:: 2 - 17010 - 0000:75:00.0] [GPU:: 3 - 42583 - 0000:05:00.0] peers:true distance:15 xGMI:15
[RESULT] [645585.628108] [xgmi_d2d_unidir_tb_a2a] p2p [GPU:: 2 - 17010 - 0000:75:00.0] [GPU:: 4 - 36479 - 0000:65:00.0] peers:true distance:15 xGMI:15
[RESULT] [645585.628112] [xgmi_d2d_unidir_tb_a2a] p2p [GPU:: 2 - 17010 - 0000:75:00.0] [GPU:: 5 - 27226 - 0000:15:00.0] peers:true distance:15 xGMI:15
[RESULT] [645585.628117] [xgmi_d2d_unidir_tb_a2a] p2p [GPU:: 2 - 17010 - 0000:75:00.0] [GPU:: 6 - 57875 - 0000:f5:00.0] peers:true distance:15 xGMI:15
[RESULT] [645585.628121] [xgmi_d2d_unidir_tb_a2a] p2p [GPU:: 2 - 17010 - 0000:75:00.0] [GPU:: 7 -  1590 - 0000:85:00.0] peers:true distance:15 xGMI:15
[RESULT] [645585.628125] [xgmi_d2d_unidir_tb_a2a] p2p [GPU:: 2 - 17010 - 0000:75:00.0] [GPU:: 8 - 11806 - 0000:e5:00.0] peers:true distance:15 xGMI:15
[RESULT] [645585.628129] [xgmi_d2d_unidir_tb_a2a] p2p [GPU:: 2 - 17010 - 0000:75:00.0] [GPU:: 9 - 51771 - 0000:95:00.0] peers:true distance:15 xGMI:15
[RESULT] [645585.628132] [xgmi_d2d_unidir_tb_a2a] p2p [GPU:: 3 - 42583 - 0000:05:00.0] [GPU:: 2 - 17010 - 0000:75:00.0] peers:true distance:15 xGMI:15
[RESULT] [645585.628135] [xgmi_d2d_unidir_tb_a2a] p2p [GPU:: 3 - 42583 - 0000:05:00.0] [GPU:: 4 - 36479 - 0000:65:00.0] peers:true distance:15 xGMI:15
[RESULT] [645585.628139] [xgmi_d2d_unidir_tb_a2a] p2p [GPU:: 3 - 42583 - 0000:05:00.0] [GPU:: 5 - 27226 - 0000:15:00.0] peers:true distance:15 xGMI:15
[RESULT] [645585.628142] [xgmi_d2d_unidir_tb_a2a] p2p [GPU:: 3 - 42583 - 0000:05:00.0] [GPU:: 6 - 57875 - 0000:f5:00.0] peers:true distance:15 xGMI:15
[RESULT] [645585.628145] [xgmi_d2d_unidir_tb_a2a] p2p [GPU:: 3 - 42583 - 0000:05:00.0] [GPU:: 7 -  1590 - 0000:85:00.0] peers:true distance:15 xGMI:15
[RESULT] [645585.628148] [xgmi_d2d_unidir_tb_a2a] p2p [GPU:: 3 - 42583 - 0000:05:00.0] [GPU:: 8 - 11806 - 0000:e5:00.0] peers:true distance:15 xGMI:15
[RESULT] [645585.628150] [xgmi_d2d_unidir_tb_a2a] p2p [GPU:: 3 - 42583 - 0000:05:00.0] [GPU:: 9 - 51771 - 0000:95:00.0] peers:true distance:15 xGMI:15
[RESULT] [645585.628166] [xgmi_d2d_unidir_tb_a2a] p2p [GPU:: 4 - 36479 - 0000:65:00.0] [GPU:: 2 - 17010 - 0000:75:00.0] peers:true distance:15 xGMI:15
[RESULT] [645585.628169] [xgmi_d2d_unidir_tb_a2a] p2p [GPU:: 4 - 36479 - 0000:65:00.0] [GPU:: 3 - 42583 - 0000:05:00.0] peers:true distance:15 xGMI:15
[RESULT] [645585.628172] [xgmi_d2d_unidir_tb_a2a] p2p [GPU:: 4 - 36479 - 0000:65:00.0] [GPU:: 5 - 27226 - 0000:15:00.0] peers:true distance:15 xGMI:15
[RESULT] [645585.628176] [xgmi_d2d_unidir_tb_a2a] p2p [GPU:: 4 - 36479 - 0000:65:00.0] [GPU:: 6 - 57875 - 0000:f5:00.0] peers:true distance:15 xGMI:15
[RESULT] [645585.628179] [xgmi_d2d_unidir_tb_a2a] p2p [GPU:: 4 - 36479 - 0000:65:00.0] [GPU:: 7 -  1590 - 0000:85:00.0] peers:true distance:15 xGMI:15
[RESULT] [645585.628182] [xgmi_d2d_unidir_tb_a2a] p2p [GPU:: 4 - 36479 - 0000:65:00.0] [GPU:: 8 - 11806 - 0000:e5:00.0] peers:true distance:15 xGMI:15
[RESULT] [645585.628185] [xgmi_d2d_unidir_tb_a2a] p2p [GPU:: 4 - 36479 - 0000:65:00.0] [GPU:: 9 - 51771 - 0000:95:00.0] peers:true distance:15 xGMI:15
[RESULT] [645585.628188] [xgmi_d2d_unidir_tb_a2a] p2p [GPU:: 5 - 27226 - 0000:15:00.0] [GPU:: 2 - 17010 - 0000:75:00.0] peers:true distance:15 xGMI:15
[RESULT] [645585.628191] [xgmi_d2d_unidir_tb_a2a] p2p [GPU:: 5 - 27226 - 0000:15:00.0] [GPU:: 3 - 42583 - 0000:05:00.0] peers:true distance:15 xGMI:15
[RESULT] [645585.628194] [xgmi_d2d_unidir_tb_a2a] p2p [GPU:: 5 - 27226 - 0000:15:00.0] [GPU:: 4 - 36479 - 0000:65:00.0] peers:true distance:15 xGMI:15
[RESULT] [645585.628197] [xgmi_d2d_unidir_tb_a2a] p2p [GPU:: 5 - 27226 - 0000:15:00.0] [GPU:: 6 - 57875 - 0000:f5:00.0] peers:true distance:15 xGMI:15
[RESULT] [645585.628200] [xgmi_d2d_unidir_tb_a2a] p2p [GPU:: 5 - 27226 - 0000:15:00.0] [GPU:: 7 -  1590 - 0000:85:00.0] peers:true distance:15 xGMI:15
[RESULT] [645585.628203] [xgmi_d2d_unidir_tb_a2a] p2p [GPU:: 5 - 27226 - 0000:15:00.0] [GPU:: 8 - 11806 - 0000:e5:00.0] peers:true distance:15 xGMI:15
[RESULT] [645585.628206] [xgmi_d2d_unidir_tb_a2a] p2p [GPU:: 5 - 27226 - 0000:15:00.0] [GPU:: 9 - 51771 - 0000:95:00.0] peers:true distance:15 xGMI:15
[RESULT] [645585.628209] [xgmi_d2d_unidir_tb_a2a] p2p [GPU:: 6 - 57875 - 0000:f5:00.0] [GPU:: 2 - 17010 - 0000:75:00.0] peers:true distance:15 xGMI:15
[RESULT] [645585.628212] [xgmi_d2d_unidir_tb_a2a] p2p [GPU:: 6 - 57875 - 0000:f5:00.0] [GPU:: 3 - 42583 - 0000:05:00.0] peers:true distance:15 xGMI:15
[RESULT] [645585.628215] [xgmi_d2d_unidir_tb_a2a] p2p [GPU:: 6 - 57875 - 0000:f5:00.0] [GPU:: 4 - 36479 - 0000:65:00.0] peers:true distance:15 xGMI:15
[RESULT] [645585.628218] [xgmi_d2d_unidir_tb_a2a] p2p [GPU:: 6 - 57875 - 0000:f5:00.0] [GPU:: 5 - 27226 - 0000:15:00.0] peers:true distance:15 xGMI:15
[RESULT] [645585.628221] [xgmi_d2d_unidir_tb_a2a] p2p [GPU:: 6 - 57875 - 0000:f5:00.0] [GPU:: 7 -  1590 - 0000:85:00.0] peers:true distance:15 xGMI:15
[RESULT] [645585.628225] [xgmi_d2d_unidir_tb_a2a] p2p [GPU:: 6 - 57875 - 0000:f5:00.0] [GPU:: 8 - 11806 - 0000:e5:00.0] peers:true distance:15 xGMI:15
[RESULT] [645585.628228] [xgmi_d2d_unidir_tb_a2a] p2p [GPU:: 6 - 57875 - 0000:f5:00.0] [GPU:: 9 - 51771 - 0000:95:00.0] peers:true distance:15 xGMI:15
[RESULT] [645585.628231] [xgmi_d2d_unidir_tb_a2a] p2p [GPU:: 7 -  1590 - 0000:85:00.0] [GPU:: 2 - 17010 - 0000:75:00.0] peers:true distance:15 xGMI:15
[RESULT] [645585.628234] [xgmi_d2d_unidir_tb_a2a] p2p [GPU:: 7 -  1590 - 0000:85:00.0] [GPU:: 3 - 42583 - 0000:05:00.0] peers:true distance:15 xGMI:15
[RESULT] [645585.628237] [xgmi_d2d_unidir_tb_a2a] p2p [GPU:: 7 -  1590 - 0000:85:00.0] [GPU:: 4 - 36479 - 0000:65:00.0] peers:true distance:15 xGMI:15
[RESULT] [645585.628240] [xgmi_d2d_unidir_tb_a2a] p2p [GPU:: 7 -  1590 - 0000:85:00.0] [GPU:: 5 - 27226 - 0000:15:00.0] peers:true distance:15 xGMI:15
[RESULT] [645585.628243] [xgmi_d2d_unidir_tb_a2a] p2p [GPU:: 7 -  1590 - 0000:85:00.0] [GPU:: 6 - 57875 - 0000:f5:00.0] peers:true distance:15 xGMI:15
[RESULT] [645585.628246] [xgmi_d2d_unidir_tb_a2a] p2p [GPU:: 7 -  1590 - 0000:85:00.0] [GPU:: 8 - 11806 - 0000:e5:00.0] peers:true distance:15 xGMI:15
[RESULT] [645585.628252] [xgmi_d2d_unidir_tb_a2a] p2p [GPU:: 7 -  1590 - 0000:85:00.0] [GPU:: 9 - 51771 - 0000:95:00.0] peers:true distance:15 xGMI:15
[RESULT] [645585.628255] [xgmi_d2d_unidir_tb_a2a] p2p [GPU:: 8 - 11806 - 0000:e5:00.0] [GPU:: 2 - 17010 - 0000:75:00.0] peers:true distance:15 xGMI:15
[RESULT] [645585.628258] [xgmi_d2d_unidir_tb_a2a] p2p [GPU:: 8 - 11806 - 0000:e5:00.0] [GPU:: 3 - 42583 - 0000:05:00.0] peers:true distance:15 xGMI:15
[RESULT] [645585.628260] [xgmi_d2d_unidir_tb_a2a] p2p [GPU:: 8 - 11806 - 0000:e5:00.0] [GPU:: 4 - 36479 - 0000:65:00.0] peers:true distance:15 xGMI:15
[RESULT] [645585.628263] [xgmi_d2d_unidir_tb_a2a] p2p [GPU:: 8 - 11806 - 0000:e5:00.0] [GPU:: 5 - 27226 - 0000:15:00.0] peers:true distance:15 xGMI:15
[RESULT] [645585.628266] [xgmi_d2d_unidir_tb_a2a] p2p [GPU:: 8 - 11806 - 0000:e5:00.0] [GPU:: 6 - 57875 - 0000:f5:00.0] peers:true distance:15 xGMI:15
[RESULT] [645585.628269] [xgmi_d2d_unidir_tb_a2a] p2p [GPU:: 8 - 11806 - 0000:e5:00.0] [GPU:: 7 -  1590 - 0000:85:00.0] peers:true distance:15 xGMI:15
[RESULT] [645585.628272] [xgmi_d2d_unidir_tb_a2a] p2p [GPU:: 8 - 11806 - 0000:e5:00.0] [GPU:: 9 - 51771 - 0000:95:00.0] peers:true distance:15 xGMI:15
[RESULT] [645585.628275] [xgmi_d2d_unidir_tb_a2a] p2p [GPU:: 9 - 51771 - 0000:95:00.0] [GPU:: 2 - 17010 - 0000:75:00.0] peers:true distance:15 xGMI:15
[RESULT] [645585.628278] [xgmi_d2d_unidir_tb_a2a] p2p [GPU:: 9 - 51771 - 0000:95:00.0] [GPU:: 3 - 42583 - 0000:05:00.0] peers:true distance:15 xGMI:15
[RESULT] [645585.628281] [xgmi_d2d_unidir_tb_a2a] p2p [GPU:: 9 - 51771 - 0000:95:00.0] [GPU:: 4 - 36479 - 0000:65:00.0] peers:true distance:15 xGMI:15
[RESULT] [645585.628284] [xgmi_d2d_unidir_tb_a2a] p2p [GPU:: 9 - 51771 - 0000:95:00.0] [GPU:: 5 - 27226 - 0000:15:00.0] peers:true distance:15 xGMI:15
[RESULT] [645585.628287] [xgmi_d2d_unidir_tb_a2a] p2p [GPU:: 9 - 51771 - 0000:95:00.0] [GPU:: 6 - 57875 - 0000:f5:00.0] peers:true distance:15 xGMI:15
[RESULT] [645585.628290] [xgmi_d2d_unidir_tb_a2a] p2p [GPU:: 9 - 51771 - 0000:95:00.0] [GPU:: 7 -  1590 - 0000:85:00.0] peers:true distance:15 xGMI:15
[RESULT] [645585.628293] [xgmi_d2d_unidir_tb_a2a] p2p [GPU:: 9 - 51771 - 0000:95:00.0] [GPU:: 8 - 11806 - 0000:e5:00.0] peers:true distance:15 xGMI:15
[INFO  ] [645586.627688] [xgmi_d2d_unidir_tb_a2a] p2p-bandwidth[ 1/1] [GPU:: 2 - 17010 - 0000:75:00.0] [GPU:: 3 - 42583 - 0000:05:00.0] bidirectional: false (pending)
[INFO  ] [645587.627452] [xgmi_d2d_unidir_tb_a2a] p2p-bandwidth[ 1/1] [GPU:: 2 - 17010 - 0000:75:00.0] [GPU:: 3 - 42583 - 0000:05:00.0] bidirectional: false (pending)
[RESULT] [645588.172794] [xgmi_d2d_unidir_tb_a2a] a2a-p2p-bandwidth[ 1/56] [GPU:: 2 - 17010 - 0000:75:00.0] [GPU:: 3 - 42583 - 0000:05:00.0] 53.244 GBps
[RESULT] [645588.172803] [xgmi_d2d_unidir_tb_a2a] a2a-p2p-bandwidth[ 2/56] [GPU:: 2 - 17010 - 0000:75:00.0] [GPU:: 4 - 36479 - 0000:65:00.0] 53.947 GBps
[RESULT] [645588.172806] [xgmi_d2d_unidir_tb_a2a] a2a-p2p-bandwidth[ 3/56] [GPU:: 2 - 17010 - 0000:75:00.0] [GPU:: 5 - 27226 - 0000:15:00.0] 54.261 GBps
[RESULT] [645588.172807] [xgmi_d2d_unidir_tb_a2a] a2a-p2p-bandwidth[ 4/56] [GPU:: 2 - 17010 - 0000:75:00.0] [GPU:: 6 - 57875 - 0000:f5:00.0] 53.339 GBps
[RESULT] [645588.172809] [xgmi_d2d_unidir_tb_a2a] a2a-p2p-bandwidth[ 5/56] [GPU:: 2 - 17010 - 0000:75:00.0] [GPU:: 7 -  1590 - 0000:85:00.0] 53.279 GBps
[RESULT] [645588.172812] [xgmi_d2d_unidir_tb_a2a] a2a-p2p-bandwidth[ 6/56] [GPU:: 2 - 17010 - 0000:75:00.0] [GPU:: 8 - 11806 - 0000:e5:00.0] 53.428 GBps
[RESULT] [645588.172813] [xgmi_d2d_unidir_tb_a2a] a2a-p2p-bandwidth[ 7/56] [GPU:: 2 - 17010 - 0000:75:00.0] [GPU:: 9 - 51771 - 0000:95:00.0] 53.636 GBps
[RESULT] [645588.172815] [xgmi_d2d_unidir_tb_a2a] a2a-p2p-bandwidth[ 8/56] [GPU:: 3 - 42583 - 0000:05:00.0] [GPU:: 2 - 17010 - 0000:75:00.0] 53.207 GBps
[RESULT] [645588.172816] [xgmi_d2d_unidir_tb_a2a] a2a-p2p-bandwidth[ 9/56] [GPU:: 3 - 42583 - 0000:05:00.0] [GPU:: 4 - 36479 - 0000:65:00.0] 54.338 GBps
[RESULT] [645588.172818] [xgmi_d2d_unidir_tb_a2a] a2a-p2p-bandwidth[10/56] [GPU:: 3 - 42583 - 0000:05:00.0] [GPU:: 5 - 27226 - 0000:15:00.0] 53.614 GBps
[RESULT] [645588.172852] [xgmi_d2d_unidir_tb_a2a] a2a-p2p-bandwidth[11/56] [GPU:: 3 - 42583 - 0000:05:00.0] [GPU:: 6 - 57875 - 0000:f5:00.0] 53.290 GBps
[RESULT] [645588.172853] [xgmi_d2d_unidir_tb_a2a] a2a-p2p-bandwidth[12/56] [GPU:: 3 - 42583 - 0000:05:00.0] [GPU:: 7 -  1590 - 0000:85:00.0] 53.135 GBps
[RESULT] [645588.172855] [xgmi_d2d_unidir_tb_a2a] a2a-p2p-bandwidth[13/56] [GPU:: 3 - 42583 - 0000:05:00.0] [GPU:: 8 - 11806 - 0000:e5:00.0] 53.526 GBps
[RESULT] [645588.172856] [xgmi_d2d_unidir_tb_a2a] a2a-p2p-bandwidth[14/56] [GPU:: 3 - 42583 - 0000:05:00.0] [GPU:: 9 - 51771 - 0000:95:00.0] 53.597 GBps
[RESULT] [645588.172857] [xgmi_d2d_unidir_tb_a2a] a2a-p2p-bandwidth[15/56] [GPU:: 4 - 36479 - 0000:65:00.0] [GPU:: 2 - 17010 - 0000:75:00.0] 53.451 GBps
[RESULT] [645588.172859] [xgmi_d2d_unidir_tb_a2a] a2a-p2p-bandwidth[16/56] [GPU:: 4 - 36479 - 0000:65:00.0] [GPU:: 3 - 42583 - 0000:05:00.0] 54.495 GBps
[RESULT] [645588.172860] [xgmi_d2d_unidir_tb_a2a] a2a-p2p-bandwidth[17/56] [GPU:: 4 - 36479 - 0000:65:00.0] [GPU:: 5 - 27226 - 0000:15:00.0] 53.303 GBps
[RESULT] [645588.172861] [xgmi_d2d_unidir_tb_a2a] a2a-p2p-bandwidth[18/56] [GPU:: 4 - 36479 - 0000:65:00.0] [GPU:: 6 - 57875 - 0000:f5:00.0] 52.958 GBps
[RESULT] [645588.172863] [xgmi_d2d_unidir_tb_a2a] a2a-p2p-bandwidth[19/56] [GPU:: 4 - 36479 - 0000:65:00.0] [GPU:: 7 -  1590 - 0000:85:00.0] 53.532 GBps
[RESULT] [645588.172864] [xgmi_d2d_unidir_tb_a2a] a2a-p2p-bandwidth[20/56] [GPU:: 4 - 36479 - 0000:65:00.0] [GPU:: 8 - 11806 - 0000:e5:00.0] 53.376 GBps
[RESULT] [645588.172865] [xgmi_d2d_unidir_tb_a2a] a2a-p2p-bandwidth[21/56] [GPU:: 4 - 36479 - 0000:65:00.0] [GPU:: 9 - 51771 - 0000:95:00.0] 53.550 GBps
[RESULT] [645588.172866] [xgmi_d2d_unidir_tb_a2a] a2a-p2p-bandwidth[22/56] [GPU:: 5 - 27226 - 0000:15:00.0] [GPU:: 2 - 17010 - 0000:75:00.0] 54.659 GBps
[RESULT] [645588.172868] [xgmi_d2d_unidir_tb_a2a] a2a-p2p-bandwidth[23/56] [GPU:: 5 - 27226 - 0000:15:00.0] [GPU:: 3 - 42583 - 0000:05:00.0] 53.383 GBps
[RESULT] [645588.172869] [xgmi_d2d_unidir_tb_a2a] a2a-p2p-bandwidth[24/56] [GPU:: 5 - 27226 - 0000:15:00.0] [GPU:: 4 - 36479 - 0000:65:00.0] 53.502 GBps
[RESULT] [645588.172870] [xgmi_d2d_unidir_tb_a2a] a2a-p2p-bandwidth[25/56] [GPU:: 5 - 27226 - 0000:15:00.0] [GPU:: 6 - 57875 - 0000:f5:00.0] 53.277 GBps
[RESULT] [645588.172872] [xgmi_d2d_unidir_tb_a2a] a2a-p2p-bandwidth[26/56] [GPU:: 5 - 27226 - 0000:15:00.0] [GPU:: 7 -  1590 - 0000:85:00.0] 53.002 GBps
[RESULT] [645588.172873] [xgmi_d2d_unidir_tb_a2a] a2a-p2p-bandwidth[27/56] [GPU:: 5 - 27226 - 0000:15:00.0] [GPU:: 8 - 11806 - 0000:e5:00.0] 53.353 GBps
[RESULT] [645588.172874] [xgmi_d2d_unidir_tb_a2a] a2a-p2p-bandwidth[28/56] [GPU:: 5 - 27226 - 0000:15:00.0] [GPU:: 9 - 51771 - 0000:95:00.0] 53.360 GBps
[RESULT] [645588.172876] [xgmi_d2d_unidir_tb_a2a] a2a-p2p-bandwidth[29/56] [GPU:: 6 - 57875 - 0000:f5:00.0] [GPU:: 2 - 17010 - 0000:75:00.0] 53.183 GBps
[RESULT] [645588.172877] [xgmi_d2d_unidir_tb_a2a] a2a-p2p-bandwidth[30/56] [GPU:: 6 - 57875 - 0000:f5:00.0] [GPU:: 3 - 42583 - 0000:05:00.0] 53.179 GBps
[RESULT] [645588.172878] [xgmi_d2d_unidir_tb_a2a] a2a-p2p-bandwidth[31/56] [GPU:: 6 - 57875 - 0000:f5:00.0] [GPU:: 4 - 36479 - 0000:65:00.0] 53.289 GBps
[RESULT] [645588.172879] [xgmi_d2d_unidir_tb_a2a] a2a-p2p-bandwidth[32/56] [GPU:: 6 - 57875 - 0000:f5:00.0] [GPU:: 5 - 27226 - 0000:15:00.0] 53.229 GBps
[RESULT] [645588.172880] [xgmi_d2d_unidir_tb_a2a] a2a-p2p-bandwidth[33/56] [GPU:: 6 - 57875 - 0000:f5:00.0] [GPU:: 7 -  1590 - 0000:85:00.0] 52.922 GBps
[RESULT] [645588.172882] [xgmi_d2d_unidir_tb_a2a] a2a-p2p-bandwidth[34/56] [GPU:: 6 - 57875 - 0000:f5:00.0] [GPU:: 8 - 11806 - 0000:e5:00.0] 53.151 GBps
[RESULT] [645588.172883] [xgmi_d2d_unidir_tb_a2a] a2a-p2p-bandwidth[35/56] [GPU:: 6 - 57875 - 0000:f5:00.0] [GPU:: 9 - 51771 - 0000:95:00.0] 54.134 GBps
[RESULT] [645588.172884] [xgmi_d2d_unidir_tb_a2a] a2a-p2p-bandwidth[36/56] [GPU:: 7 -  1590 - 0000:85:00.0] [GPU:: 2 - 17010 - 0000:75:00.0] 53.783 GBps
[RESULT] [645588.172886] [xgmi_d2d_unidir_tb_a2a] a2a-p2p-bandwidth[37/56] [GPU:: 7 -  1590 - 0000:85:00.0] [GPU:: 3 - 42583 - 0000:05:00.0] 53.411 GBps
[RESULT] [645588.172890] [xgmi_d2d_unidir_tb_a2a] a2a-p2p-bandwidth[38/56] [GPU:: 7 -  1590 - 0000:85:00.0] [GPU:: 4 - 36479 - 0000:65:00.0] 53.500 GBps
[RESULT] [645588.172891] [xgmi_d2d_unidir_tb_a2a] a2a-p2p-bandwidth[39/56] [GPU:: 7 -  1590 - 0000:85:00.0] [GPU:: 5 - 27226 - 0000:15:00.0] 53.458 GBps
[RESULT] [645588.172893] [xgmi_d2d_unidir_tb_a2a] a2a-p2p-bandwidth[40/56] [GPU:: 7 -  1590 - 0000:85:00.0] [GPU:: 6 - 57875 - 0000:f5:00.0] 53.739 GBps
[RESULT] [645588.172894] [xgmi_d2d_unidir_tb_a2a] a2a-p2p-bandwidth[41/56] [GPU:: 7 -  1590 - 0000:85:00.0] [GPU:: 8 - 11806 - 0000:e5:00.0] 54.803 GBps
[RESULT] [645588.172895] [xgmi_d2d_unidir_tb_a2a] a2a-p2p-bandwidth[42/56] [GPU:: 7 -  1590 - 0000:85:00.0] [GPU:: 9 - 51771 - 0000:95:00.0] 53.478 GBps
[RESULT] [645588.172897] [xgmi_d2d_unidir_tb_a2a] a2a-p2p-bandwidth[43/56] [GPU:: 8 - 11806 - 0000:e5:00.0] [GPU:: 2 - 17010 - 0000:75:00.0] 53.207 GBps
[RESULT] [645588.172898] [xgmi_d2d_unidir_tb_a2a] a2a-p2p-bandwidth[44/56] [GPU:: 8 - 11806 - 0000:e5:00.0] [GPU:: 3 - 42583 - 0000:05:00.0] 53.649 GBps
[RESULT] [645588.172899] [xgmi_d2d_unidir_tb_a2a] a2a-p2p-bandwidth[45/56] [GPU:: 8 - 11806 - 0000:e5:00.0] [GPU:: 4 - 36479 - 0000:65:00.0] 53.333 GBps
[RESULT] [645588.172900] [xgmi_d2d_unidir_tb_a2a] a2a-p2p-bandwidth[46/56] [GPU:: 8 - 11806 - 0000:e5:00.0] [GPU:: 5 - 27226 - 0000:15:00.0] 53.653 GBps
[RESULT] [645588.172902] [xgmi_d2d_unidir_tb_a2a] a2a-p2p-bandwidth[47/56] [GPU:: 8 - 11806 - 0000:e5:00.0] [GPU:: 6 - 57875 - 0000:f5:00.0] 53.683 GBps
[RESULT] [645588.172903] [xgmi_d2d_unidir_tb_a2a] a2a-p2p-bandwidth[48/56] [GPU:: 8 - 11806 - 0000:e5:00.0] [GPU:: 7 -  1590 - 0000:85:00.0] 54.503 GBps
[RESULT] [645588.172904] [xgmi_d2d_unidir_tb_a2a] a2a-p2p-bandwidth[49/56] [GPU:: 8 - 11806 - 0000:e5:00.0] [GPU:: 9 - 51771 - 0000:95:00.0] 53.735 GBps
[RESULT] [645588.172906] [xgmi_d2d_unidir_tb_a2a] a2a-p2p-bandwidth[50/56] [GPU:: 9 - 51771 - 0000:95:00.0] [GPU:: 2 - 17010 - 0000:75:00.0] 53.719 GBps
[RESULT] [645588.172907] [xgmi_d2d_unidir_tb_a2a] a2a-p2p-bandwidth[51/56] [GPU:: 9 - 51771 - 0000:95:00.0] [GPU:: 3 - 42583 - 0000:05:00.0] 53.286 GBps
[RESULT] [645588.172908] [xgmi_d2d_unidir_tb_a2a] a2a-p2p-bandwidth[52/56] [GPU:: 9 - 51771 - 0000:95:00.0] [GPU:: 4 - 36479 - 0000:65:00.0] 53.630 GBps
[RESULT] [645588.172909] [xgmi_d2d_unidir_tb_a2a] a2a-p2p-bandwidth[53/56] [GPU:: 9 - 51771 - 0000:95:00.0] [GPU:: 5 - 27226 - 0000:15:00.0] 53.380 GBps
[RESULT] [645588.172910] [xgmi_d2d_unidir_tb_a2a] a2a-p2p-bandwidth[54/56] [GPU:: 9 - 51771 - 0000:95:00.0] [GPU:: 6 - 57875 - 0000:f5:00.0] 54.797 GBps
[RESULT] [645588.172912] [xgmi_d2d_unidir_tb_a2a] a2a-p2p-bandwidth[55/56] [GPU:: 9 - 51771 - 0000:95:00.0] [GPU:: 7 -  1590 - 0000:85:00.0] 53.691 GBps
[RESULT] [645588.172913] [xgmi_d2d_unidir_tb_a2a] a2a-p2p-bandwidth[56/56] [GPU:: 9 - 51771 - 0000:95:00.0] [GPU:: 8 - 11806 - 0000:e5:00.0] 53.814 GBps
[RESULT] [645588.172960] [xgmi_d2d_unidir_tb_a2a] a2a-gpu-bandwidth [GPU:: 2 - 17010 - 0000:75:00.0] Aggregate peer bandwidth: 375.134 GBps
[RESULT] [645588.173014] [xgmi_d2d_unidir_tb_a2a] a2a-gpu-bandwidth [GPU:: 3 - 42583 - 0000:05:00.0] Aggregate peer bandwidth: 374.707 GBps
[RESULT] [645588.173076] [xgmi_d2d_unidir_tb_a2a] a2a-gpu-bandwidth [GPU:: 4 - 36479 - 0000:65:00.0] Aggregate peer bandwidth: 374.664 GBps
[RESULT] [645588.173151] [xgmi_d2d_unidir_tb_a2a] a2a-gpu-bandwidth [GPU:: 5 - 27226 - 0000:15:00.0] Aggregate peer bandwidth: 374.535 GBps
[RESULT] [645588.173241] [xgmi_d2d_unidir_tb_a2a] a2a-gpu-bandwidth [GPU:: 6 - 57875 - 0000:f5:00.0] Aggregate peer bandwidth: 373.088 GBps
[RESULT] [645588.173345] [xgmi_d2d_unidir_tb_a2a] a2a-gpu-bandwidth [GPU:: 7 -  1590 - 0000:85:00.0] Aggregate peer bandwidth: 376.171 GBps
[RESULT] [645588.173466] [xgmi_d2d_unidir_tb_a2a] a2a-gpu-bandwidth [GPU:: 8 - 11806 - 0000:e5:00.0] Aggregate peer bandwidth: 375.762 GBps
[RESULT] [645588.173599] [xgmi_d2d_unidir_tb_a2a] a2a-gpu-bandwidth [GPU:: 9 - 51771 - 0000:95:00.0] Aggregate peer bandwidth: 376.317 GBps
[RESULT] [645588.173605] [xgmi_d2d_unidir_tb_a2a] a2a-bandwidth [8 GPUs][56 p2p transfers] Aggregate bandwidth: 3000.378 GBps
+=====================================================================+
|                 ROCm Validation Suite (RVS) Summary                 |
+=====================================================================+
|                           System Overview                           |
+---------------------------------------------------------------------+
| Operating System                 | Ubuntu 22.04.5 LTS               |
| RVS version                      | 1.7.8                            |
| ROCm version                     | N/A                              |
| amdgpu version                   | 6.19.14                          |
| GPUs                             | 8                                |
+---------------------------------------------------------------------+
| GPU Name - GPU ID                |                                  |
| ID - Node ID - BDF               |                                  |
+---------------------------------------------------------------------+
| AMD Instinct MI355X - 42583      | AMD Instinct MI355X - 27226      |
| 0 - 3 - 0000:05:00.0             | 1 - 5 - 0000:15:00.0             |
+---------------------------------------------------------------------+
| AMD Instinct MI355X - 36479      | AMD Instinct MI355X - 17010      |
| 2 - 4 - 0000:65:00.0             | 3 - 2 - 0000:75:00.0             |
+---------------------------------------------------------------------+
| AMD Instinct MI355X - 1590       | AMD Instinct MI355X - 51771      |
| 4 - 7 - 0000:85:00.0             | 5 - 9 - 0000:95:00.0             |
+---------------------------------------------------------------------+
| AMD Instinct MI355X - 11806      | AMD Instinct MI355X - 57875      |
| 6 - 8 - 0000:e5:00.0             | 7 - 6 - 0000:f5:00.0             |
+=====================================================================+
| Action Name                      | Module         | Result          |
+=====================================================================+
| xgmi_d2d_unidir_bandwidth        | PBQT           | [32mPASS          [0m  |
| xgmi_d2d_bidir_bandwidth         | PBQT           | [32mPASS          [0m  |
| xgmi_d2d_unidir_tb_dma           | PBQT           | [32mPASS          [0m  |
| xgmi_d2d_unidir_tb_gfx           | PBQT           | [32mPASS          [0m  |
| xgmi_d2d_unidir_tb_a2a           | PBQT           | [32mPASS          [0m  |
+---------------------------------------------------------------------+
